date,ticker,target,ret_1d,log_return_1d,volatility_5d,volatility_10d,price_vs_sma_5d,price_vs_sma_10d,high_low_range,open_close_return,volume_change_1d,volume_vs_sma_10d,day_of_week,month
2015-01-16,QQQ,1,0.011741035186889848,0.011672644034694812,0.009802842050250705,0.012364090445432754,-0.0007928764617400885,-0.0050134540203037314,0.015976651844083443,0.01306273207002147,-0.3066969379712736,-0.21406993986764478,4,1
2015-01-20,QQQ,1,0.007935220713138014,0.007903902418544995,0.009994194095341358,0.011848206725283578,0.006996305690280646,0.002693975149946848,0.015675799399652475,0.0018732371175646594,-0.1243729179745604,-0.30321235977205274,1,1
2015-01-21,QQQ,1,0.00511689479040256,0.005103847971462017,0.010220646375107839,0.01088432804221495,0.010906780642448544,0.005770354620348694,0.016383770895275415,0.008093167166344822,0.2959782457749458,-0.040685200268032906,2,1
2015-01-22,QQQ,1,0.018503902567280406,0.01833478835856095,0.011767288875374857,0.011622170873408263,0.023393427023565616,0.021694859025251922,0.024380729253742694,0.014530893802087972,0.018899144753892427,-0.030228166958282232,3,1
2015-01-23,QQQ,0,0.0022110445843881443,0.002208603822404953,0.006326293975432948,0.010087264601081333,0.01643693784178546,0.022989350929889074,0.008267646972750474,0.002307301489228229,-0.1492936664775284,-0.1642460806690068,4,1
2015-01-26,QQQ,0,-0.0011511057450489526,-0.0011517687761291029,0.007499973063935324,0.009776784625389402,0.008736984102166723,0.020290121251056448,0.006913781687372407,0.0,-0.42613058103096335,-0.494325221875072,0,1
2015-01-27,QQQ,0,-0.025926301531135287,-0.026268312422990547,0.01617601317992888,0.012678262097412997,-0.017073086421340977,-0.006055125928099869,0.014243893507050305,-0.010341439596036586,1.2670921651829326,0.11499174718062544,1,1
2015-01-28,QQQ,1,-0.00512630141850845,-0.005139485979616332,0.01597389997596156,0.012780882829233606,-0.019794394080129618,-0.010568734605180041,0.02212087693846542,-0.02085962483986377,-0.036715635579362305,0.10838369684307314,2,1
2015-01-29,QQQ,0,0.00961119602606253,0.009565302309550106,0.013360015725147851,0.013016729791216482,-0.006242333224366625,-0.00196908647675742,0.021023431411861727,0.010412565349958009,0.06762755295159395,0.19800646732026306,3,1
2015-01-30,QQQ,1,-0.007753285585147096,-0.007783498571758862,0.012923739337334747,0.012488045354499327,-0.007831422237317365,-0.011111619281227947,0.015913582495261605,-0.006876272658664046,-0.07761330648886866,0.12849055095920492,4,1
2015-02-02,QQQ,1,0.00870446973708594,0.008666804254604976,0.014514979773414588,0.012246376185854373,0.005065840572094027,-0.003634397705360226,0.02289548655779464,0.006414699636171325,0.016238969800314917,0.12243603614358944,0,2
2015-02-03,QQQ,0,0.009609487361403213,0.009563609909434057,0.008683370909716073,0.012359420282252473,0.011692966846327257,0.004624933221843985,0.013190019484586871,0.005959947429855599,-0.29511492342640755,-0.20837632501920467,1,2
2015-02-04,QQQ,1,-0.0008740286030635147,-0.0008744107887732611,0.00785622644221518,0.012303227102951252,0.006949939016175355,0.0030324100957874744,0.012092895280794677,0.0032182741184734695,0.10805713096415004,-0.10894486175951568,2,2
2015-02-05,QQQ,0,0.008651718431917699,0.008614506791727372,0.007690587373511028,0.011057743070830343,0.01195703342389609,0.011976766926717008,0.009308630951610344,0.006108842233985614,-0.30721211978915985,-0.35346864053809557,3,2
2015-02-06,QQQ,0,-0.006071747170074748,-0.006090255182266802,0.0070787187226232,0.011166395730382528,0.0018457053095262133,0.006942051465044452,0.013568091392982689,-0.007602010483516558,0.4475143504691703,-0.06256087169084346,4,2
2015-02-09,QQQ,1,-0.003199622616040232,-0.003204752353554774,0.007104379596264653,0.011187581832468515,-0.0029482991698324135,0.005035124940090396,0.0072033275536692205,0.0006813948460704906,-0.3384500121454054,-0.3843029906847524,0,2
2015-02-10,QQQ,1,0.01556419636823847,0.015444316552520654,0.009018982461748579,0.008347101773788237,0.009749420630303485,0.01773250271388216,0.012866419616097616,0.009964194175577036,0.047857304011997615,-0.31457378217587995,1,2
2015-02-11,QQQ,1,0.0036396437232137924,0.003633036247715715,0.008780272365140583,0.007854968961890129,0.009694057478121687,0.017607564448613333,0.006697253833949712,0.0024875827074351195,-0.14281974964642308,-0.3700114060465699,2,2
2015-02-12,QQQ,1,0.011643642280413813,0.011576376718217318,0.009287943694583896,0.008046341005595762,0.017059817133379118,0.02536336781679993,0.007016858241927336,0.005120433531341178,0.10917768277546847,-0.24495869120764102,3,2
2015-02-13,QQQ,1,0.008584634893562093,0.008547996451211404,0.007287668145787655,0.0069853679322660275,0.01840367483308536,0.02838605397307714,0.00780810731162968,0.005738481588326495,0.28906808523865135,0.02086589086551105,4,2
2015-02-17,QQQ,1,0.0009351672471853423,0.0009347302507176636,0.005910426863323244,0.007036706917505929,0.01124522741217615,0.024391348412081015,0.004115633956920291,0.0009353518912705343,-0.3911409497695504,-0.31602165475448785,1,2
2015-02-18,QQQ,1,0.001402099280258362,0.001401117256884632,0.0046908266548074985,0.006896928635785721,0.007408066826138926,0.021719701268312352,0.004491049487917567,0.002619820507924384,-0.14289432145423275,-0.3760928958372972,2,2
2015-02-19,QQQ,1,0.004945805788999724,0.0049336154689960665,0.004615108523307369,0.00667947983556194,0.006881491380073879,0.02207583373455657,0.00653660100452392,0.005602821216115128,0.3088200348524053,-0.13252696839654365,3,2
2015-02-20,QQQ,1,0.006685729129976892,0.00666347876121165,0.003315299653925346,0.0065754083578163655,0.009065822978194582,0.024388266092968847,0.011057446673815885,0.007340651322854885,0.4291182715439199,0.21458112859471523,4,2
2015-02-23,QQQ,1,0.0010146726921036464,0.0010141582597258392,0.002651841355264849,0.0056344334781137,0.007071373354113009,0.02023153050137716,0.004060936295364532,0.0015689725089005496,-0.3694396312908701,-0.17660124514407638,0,2
2015-02-24,QQQ,0,0.0007375085116982927,0.0007372366859366153,0.002691433788151653,0.005100642686642669,0.004848633425559079,0.01544696157910841,0.0062742233106518755,0.0020299061291606264,0.10504813073651209,-0.07795387481186666,1,2
2015-02-25,QQQ,1,-0.0024862159968233044,-0.0024893117640436557,0.0036456692308365797,0.004276701278476411,0.00018479969431983712,0.009213801039184233,0.00710074008783794,-0.0010143914411197058,-0.01381109141554826,-0.07243445525179693,2,2
2015-02-26,QQQ,0,0.005076725644448832,0.005063882521815444,0.0036708874019427064,0.004298155425017936,0.003058383937625253,0.010477695884743232,0.007377379507069643,0.004057495408573627,0.14293124078819663,0.05037733444716608,3,2
2015-02-27,QQQ,1,-0.004408210687676495,-0.004417955497070913,0.0036386589434141037,0.0040563519551637655,-0.001344959741014451,0.0037875079083589114,0.006247706064457591,-0.004042583855348245,0.24722428163824683,0.2784551094956067,4,2
2015-03-02,QQQ,0,0.00904051762787672,0.008999896787112327,0.005499733115469435,0.00413722625683141,0.006089132412943954,0.010550891457222988,0.0076420387293099825,0.007089555646250667,-0.17180880191371017,0.08911120933764827,0,3
2015-03-03,QQQ,0,-0.004662781710518482,-0.0046736863877825385,0.006195733839992228,0.0046841423447681226,0.000900868481698458,0.004113388602164925,0.008986733879030338,-0.0016506217344198393,-0.09568655768511347,-0.029419166040665745,1,3
2015-03-04,QQQ,1,-0.003857890688016896,-0.0038653515432542918,0.006389030395336694,0.00500964840161199,-0.0031803758908615087,-0.0009489926409984584,0.007464727146321744,-0.0005529922293517869,0.010510416616559715,-0.04532690807146256,2,3
2015-03-05,QQQ,0,0.0017522830513163612,0.0017507495944757423,0.005914939994825471,0.004843989748521023,-0.000992980552121936,-7.347305624971767e-05,0.007173721651937532,-0.0008277748965912894,-0.26782943153365,-0.2865988562205185,3,3
2015-03-06,QQQ,1,-0.011321653807428,-0.011386231610914344,0.007635891748771538,0.005717982964555395,-0.010501824597577536,-0.010483583332870916,0.014470043270269297,-0.010046049197148618,1.014849489630063,0.41991902121695435,4,3
2015-03-09,QQQ,0,0.0028857462010893897,0.0028815904286041416,0.00570018851956938,0.005817758498160793,-0.004601933044627082,-0.006896175412249295,0.0074328295343134565,0.0008362349677779818,-0.15337975631163203,0.15773806634607657,0,3
2015-03-10,QQQ,0,-0.018566247838991412,-0.01874076406831282,0.009079019454433089,0.008052244621769497,-0.017362313947447583,-0.022739616121489226,0.011781226481383064,-0.011500661642228112,0.3048126507883875,0.4198511654064707,1,3
2015-03-11,QQQ,1,-0.0057701333740561855,-0.0057868449098332775,0.009015676879293569,0.008111353084010094,-0.01692856316707836,-0.025477852221091446,0.008877998354650555,-0.007272352314322992,-0.2563145365055719,0.030337024541007063,2,3
2015-03-12,QQQ,0,0.006564266446421163,0.006542815471536123,0.010249693662310653,0.008287318093373493,-0.005190554349968957,-0.016271694506944434,0.009140237033515873,0.007331279457395537,-0.15658079238954115,-0.12823402555391716,3,3
2015-03-13,QQQ,1,-0.004347638572941959,-0.004357117036120073,0.009673800676702558,0.00828606203141447,-0.005644817168769634,-0.017753907816673076,0.013623486120925546,-0.0034058715302313866,0.9569090773615483,0.6125870599608032,4,3
2015-03-16,QQQ,1,0.01291045776455424,0.01282782823482087,0.012141964913128123,0.008964571307801582,0.009136004995073721,-0.002580123365279574,0.010592973438263422,0.009174251021576112,-0.38901885005390147,-0.024790004383375974,0,3
2015-03-17,QQQ,1,0.0015930142499664957,0.001591746748685452,0.007754406087099417,0.009010486496354593,0.008549831532565166,0.0008800250946463528,0.008269873349617405,0.004322893230351925,-0.2364367202745179,-0.2519983226642929,1,3
2015-03-18,QQQ,1,0.009825456244278108,0.009777500319107624,0.006834022416654002,0.009680016985883347,0.013086203045225231,0.011216030862364557,0.022330689077911307,0.01257268075501369,1.0721594792846285,0.4420524740936276,2,3
2015-03-19,QQQ,1,0.0014825253807038141,0.0014814275248831166,0.006977069150478215,0.00967357951038188,0.010263506467387717,0.013246866242415445,0.004720860062933501,0.00046286265225243346,-0.2291407161601292,0.052111328793693845,3,3
2015-03-20,QQQ,0,0.006473079166261719,0.006452218761624273,0.005034819465457184,0.009074649072663485,0.010306483467896088,0.018497959065349567,0.005150823696708272,-0.001747630971973063,0.014287539119882453,0.06438615675344361,4,3
2015-03-23,QQQ,0,-0.0019352764245884613,-0.001937151491580913,0.0046394739897776495,0.009109337186635974,0.004862459023460275,0.015719369692759333,0.004517358331844545,-0.0013828848915904337,-0.45630545253043,-0.4033669335682758,0,3
2015-03-24,QQQ,0,-0.0036002132588012214,-0.00360670962344134,0.00564256709756873,0.006394836180537606,-0.001174140025543391,0.00974039679050609,0.008309425877306428,-0.0035084226939659665,0.29978284159017865,-0.19157782665744139,1,3
2015-03-25,QQQ,0,-0.022885219665760514,-0.023151151409742,0.011188997296259058,0.010047610637457766,-0.020019622490045852,-0.01391310929786116,0.025716917840312464,-0.024421826335922176,0.8525660160479032,0.415464742225929,2,3
2015-03-26,QQQ,1,-0.0034137238858246155,-0.0034195639358758356,0.010786040957183303,0.009884512803691452,-0.018380910569581355,-0.016859021757525516,0.013959261263916223,0.004876203787050964,0.1506659227443039,0.4945518824532287,3,3
2015-03-27,QQQ,1,0.0039962414444307814,0.0039882776812856235,0.010162068951694102,0.009865441427321956,-0.008885453016466927,-0.013319373039378135,0.008089060328412466,0.004187236432667109,-0.2919327095303085,0.08586216335240837,4,3
2015-03-30,QQQ,0,0.011466976483610614,0.011401729029046237,0.012787988060114408,0.00967143169438626,0.005482857216736248,-0.0022615322526149395,0.0062169933114877,0.005369250896396333,-0.0976492396335128,-0.03531019292092086,0,3
2015-03-31,QQQ,0,-0.010587578006997833,-0.010644025190526207,0.013258520898290422,0.010240806565776469,-0.0007760337178434051,-0.01187856815135091,0.010147531973671959,-0.007798570221504771,-0.0026856219455547725,-0.06984896383442585,1,3
2015-04-01,QQQ,1,-0.00520817166798504,-0.005221781469401776,0.008595492714946225,0.00956995654110951,-0.005208280832925571,-0.01460689438072893,0.011837121383163009,-0.005208290059758534,0.0814219318356999,0.02992870577379203,2,4
2015-04-02,QQQ,1,0.0006661996309151874,0.0006659778184499032,0.008472085201297903,0.009536380888571776,-0.004583236520694367,-0.011435571750564866,0.006466954781816371,-0.00028529509140798136,-0.41874706176733745,-0.37773379142350516,3,4
2015-04-06,QQQ,0,0.008181437790663049,0.008148151259712577,0.009137958324178042,0.009728409818022657,0.0026871508714136905,-0.0009519154832446919,0.018468902441873505,0.014162711549603768,0.2758737646236211,-0.18676329723545215,0,4
2015-04-07,QQQ,1,-0.00169848690410912,-0.0016999309683720654,0.006973767432555267,0.009729770630852168,0.002748670020646715,-0.00027391958464961785,0.008496921375025517,-0.001132884434118895,-0.20742216096617327,-0.359940338515511,1,4
2015-04-08,QQQ,1,0.007939288383775889,0.007907938057290842,0.0059350235904751455,0.010230905687084202,0.008721201081044239,0.008893000739526924,0.009070286448309121,0.0075586080823720906,0.334762686151274,-0.15521895253538165,2,4
2015-04-09,QQQ,1,0.006283084029612418,0.006263427748894657,0.004511808133144839,0.006992423761703691,0.010737616118899673,0.013458159136983783,0.010507506854931414,0.006754866736468579,-0.10639852475557565,-0.19665255388910008,3,4
2015-04-10,QQQ,0,0.004100218829520497,0.0040918358392127985,0.004064450683440918,0.006774717796282496,0.009878551618471398,0.015073105205115178,0.006805289268001286,0.004474721468769801,-0.25742925497627056,-0.3322526004890919,4,4
2015-04-13,QQQ,0,-0.0025057639330545722,-0.002508908613815919,0.004706895019623131,0.006926948715184345,0.004523593242275803,0.010663424378804631,0.009459302844717661,-0.003245835743093675,0.03607487634217543,-0.261951194611063,0,4
2015-04-14,QQQ,1,-0.002884412191081265,-0.002888580124547069,0.005011747545250201,0.006160533602036426,-0.0009322975664936006,0.007331474637933821,0.010431244462436087,-0.001862760291706201,0.33582815531250887,0.014600766042648372,1,4
2015-04-15,QQQ,0,0.006251933768907314,0.0062324715067099135,0.004601196166566091,0.005008529511388396,0.0030695397930737833,0.011499538482787397,0.0069799908915890345,0.0036295895832951686,-0.11058819567514322,-0.06002743140036726,2,4
2015-04-16,QQQ,0,-0.0013911082820909915,-0.0013920767715038807,0.004179776285888428,0.004509177069957009,0.0009665963248750575,0.0075973973713123755,0.004463000594319531,0.0013017144181861494,-0.23348920420662045,-0.22139365790127774,3,4
2015-04-17,QQQ,1,-0.015600133955023576,-0.015723096543083237,0.00785736389400596,0.0073075254069220694,-0.011451056083999545,-0.008946567042253606,0.013125762689071783,-0.006094144979950129,1.8720678221459313,0.9763462196228228,4,4
2015-04-20,QQQ,1,0.014998468850835556,0.0148871039712688,0.011371916643177346,0.00831425355580995,0.003151166394114835,0.004396579286234159,0.012108136891702773,0.009949291810445854,-0.37769488756073444,0.20684199137538184,0,4
2015-04-21,QQQ,1,0.004275175939932874,0.004266063338026704,0.011325306346977256,0.008269455302165303,0.005770710219247688,0.006567084140531199,0.004435440320820901,-0.0014785036065843747,-0.2137124774147634,-0.06426338668093035,1,4
2015-04-22,QQQ,1,0.005459807093658897,0.005444956377083976,0.011251129835592365,0.008112149402625599,0.009739542741071583,0.010171392980905747,0.010983962355830917,0.0028614103605969997,-0.05846272814348108,-0.10259599398637298,2,4
2015-04-23,QQQ,1,0.003773563919447831,0.003766461888160322,0.011150416303255549,0.007999481714069891,0.010975484518702672,0.012336220053158264,0.011913566033157286,0.0072035351689162625,0.37537565564743436,0.2022541347218738,3,4
2015-04-24,QQQ,0,0.013570584548959985,0.013479328835094506,0.005416095227442024,0.008838649301560073,0.01616077495556345,0.02342376732473017,0.005988600558861288,0.002994300279430644,0.10297151310342945,0.24794380508059133,4,4
2015-04-27,QQQ,0,-0.0025329744572211155,-0.0025361878644876157,0.005753267917877806,0.008840398044843063,0.008654016407509069,0.018210752137098662,0.010274962148712615,-0.006218970986845535,-0.042660137012006216,0.13651444266191826,0,4
2015-04-28,QQQ,0,-0.001995446529299838,-0.001997440085189872,0.006553792352570262,0.008783495422630653,0.003007851035021547,0.01349286606981015,0.013050593521832073,-0.0027188275541048137,0.18405079479327657,0.2842816544834428,1,4
2015-04-29,QQQ,0,-0.00627023102549551,-0.006289971485477608,0.0077386272756836474,0.009104579500957985,-0.004551553149225729,0.005739301717047507,0.012062502888997852,-0.0007310776828253706,-0.07612919683466668,0.1354025931838958,2,4
2015-04-30,QQQ,1,-0.015729297248656016,-0.015854315342068936,0.010579537566074177,0.010603613222786598,-0.017651700093572864,-0.010025660278114579,0.019405872760115298,-0.010116858912480469,0.2948134614424316,0.34504497824548674,3,4
2015-05-01,QQQ,1,0.013193324571826759,0.013107050663184516,0.010435824424081055,0.009775329173763333,-0.001976783119734149,0.00023855288374119432,0.01008795869041323,0.009254974287423045,-0.2542212542961173,0.04666756238908265,4,5
2015-05-04,QQQ,0,0.0016503670497383105,0.0016490066905614498,0.010615398294251302,0.00879835109870573,0.0015586088854064872,0.0003936565202220521,0.006764218307519968,-0.0015539137712452307,-0.28493382368597964,-0.2383753857159705,0,5
2015-05-05,QQQ,0,-0.016295974322670714,-0.016430214088622996,0.012440612979546052,0.010354823453087211,-0.010060846300235737,-0.01535860775823994,0.01470586791583039,-0.012408143985744252,1.0352528788929396,0.43359173560207154,1,5
2015-05-06,QQQ,1,-0.00688673126194983,-0.006910554233624744,0.012463220312941881,0.010298831501774516,-0.012072510776482193,-0.020398069585716994,0.018115913780186396,-0.008639913697966984,-0.10777057602631923,0.20249596958547644,2,5
2015-05-07,QQQ,1,0.005997312584660408,0.005979400286961756,0.011452558845350902,0.010454239478547737,-0.005631987157519891,-0.01297364735444062,0.009842548263536794,0.006280447759923809,-0.3127729155343991,-0.17329221935184613,3,5
2015-05-08,QQQ,0,0.012482441169726188,0.012405177793590738,0.011243053400029962,0.01028387496754225,0.007452147552450938,0.0010496534242405708,0.005716348169103568,0.002120628424074194,0.12569965707429143,-0.07072452887318181,4,5
2015-05-11,QQQ,0,-0.003863866870416288,-0.003871350888398517,0.011236284228511669,0.010305323417809941,0.005348641086293515,-0.0009872503533362442,0.007263708164861981,-0.004505383261672724,-0.40407833257124515,-0.42780107587691585,0,5
2015-05-12,QQQ,1,-0.004525852364402394,-0.004536125041011196,0.008254797691838555,0.010342424261463047,0.0001856086101257315,-0.003430467748141597,0.014215356483698947,0.0013936776893687295,0.7106807660841594,-0.012002997007394822,1,5
2015-05-13,QQQ,1,0.0020412083086909227,0.0020391278735978347,0.007105016246608822,0.010297212335834091,-0.0001665905234053966,-0.0001481640815093055,0.008960750306726328,-0.0023094688221709007,-0.3839774246249814,-0.36663954673058174,2,5
2015-05-14,QQQ,0,0.014629912748429064,0.014523928022607713,0.008988848474623222,0.010006823350367839,0.010289376425497654,0.012651453957996717,0.01092941625670699,0.006429138457888271,0.15265401381013,-0.222015627903707,3,5
2015-05-15,QQQ,1,0.0,0.0,0.007744310201275197,0.009179495787588773,0.008634008707240959,0.012155714995877975,0.006371787490876464,-0.0025486872177433078,0.0013888772684298445,-0.1975964162117878,4,5
2015-05-18,QQQ,0,0.004380120791535269,0.0043705559823035145,0.007128323376462227,0.009257010561687375,0.009724691816954012,0.015810311344851335,0.008775128620501577,0.006032870415990987,-0.2634496645416795,-0.397113987245465,0,5
2015-05-19,QQQ,1,-0.0010901983452540343,-0.001090793043735161,0.006302503816294264,0.0071455902715891265,0.00464215689314873,0.012376239189682892,0.0053548405904561384,-0.0021782343719802767,-0.19387332611124664,-0.45084628146943795,1,5
2015-05-20,QQQ,1,0.0006364925241491015,0.0006362900486935885,0.006441001487704322,0.006429093557172407,0.0016022173668261974,0.009951601109976949,0.011270658985678831,-9.084263898282318e-05,0.48681127707927296,-0.10933312203146517,2,5
2015-05-21,QQQ,0,0.005181473461623787,0.005168095818710583,0.0027855005927613094,0.006392875978414102,0.004962070775732519,0.012183176654709138,0.009743213420120302,0.006920434696252211,-0.20632787397252494,-0.2535758424853568,3,5
2015-05-22,QQQ,0,-0.0009945741924501927,-0.0009950691095443887,0.0029770280810490963,0.005531234261489388,0.0023410992356065474,0.009531603231039965,0.00443644641650541,0.00018111609790547728,-0.19246592494544412,-0.3400215772859595,4,5
2015-05-26,QQQ,1,-0.011496531709140556,-0.011563127737399093,0.006114467625460161,0.006764228325516887,-0.007633632574041038,-0.0029218999686119185,0.014696498846523898,-0.009344156557413528,0.8819238323070335,0.2078385062615833,1,5
2015-05-27,QQQ,0,0.016117395869432727,0.01598888959682032,0.010029255513732072,0.007974197027449436,0.0064948038400847175,0.010215139157969233,0.016342563092091315,0.013055786735259938,0.19947505531928256,0.4703177856670864,2,5
2015-05-28,QQQ,0,-0.002253122380486028,-0.0022556644798754633,0.010201242971010124,0.008141877217099866,0.0029533419040426168,0.005458247729039023,0.005778775527299661,-0.00036118208151100453,-0.43405718173403074,-0.15390280327399086,3,5
2015-05-29,QQQ,1,-0.005961633600352512,-0.005979475082873442,0.010360220803044976,0.007296359572256449,-0.0020675971396715287,-0.0009623420326234644,0.009038322537206746,-0.0053325771976262815,0.7559991677455151,0.44012050694061955,4,5
2015-06-01,QQQ,0,0.0033622015944545502,0.0033565620320352707,0.01053389754657743,0.007350485130035284,0.0013784780865686574,0.0016328375289116348,0.010846028418805217,-0.00198844199129405,-0.19131751308297407,0.1611175748387823,0,6
2015-06-02,QQQ,1,-0.003169677838124385,-0.0031747119073228802,0.008783976996923643,0.007328248791653858,-0.0033682547498410376,-0.0015510869546935258,0.010362688551143955,0.0005453827600098785,-0.20840693197450566,-0.08869883664977252,1,6
2015-06-03,QQQ,0,0.0029982238512880066,0.0029937381420275244,0.004059251995169286,0.00737252435995495,0.0006346027193269155,0.0010247755178574014,0.006149953034752627,-0.0015374710085422033,0.054376439618295525,-0.06667091447790607,2,6
2015-06-04,QQQ,0,-0.007608933535456441,-0.007638029155287107,0.0050554282080246555,0.007797210652137615,-0.004904711101314407,-0.006186466732925666,0.011568630775940985,-0.0020040191578560526,0.5299309510805961,0.3643283700862354,3,6
2015-06-05,QQQ,0,-0.002373254009800485,-0.0023760746406980005,0.004600110767101123,0.007560614951775114,-0.005911961469309834,-0.007392528657153008,0.009686604998923183,-0.0011879489450373345,-0.27834299082697467,-0.03992900078699557,4,6
2015-06-08,QQQ,0,-0.010155364198168537,-0.010207281702360405,0.005079485388527036,0.008078548667246268,-0.011999568660692739,-0.015434183084785724,0.012448518172554348,-0.009702494815503433,0.08424720758600279,-0.005456998286332393,0,6
2015-06-09,QQQ,1,-0.0016637920534592343,-0.001665177692614428,0.00518906813554607,0.007368781642117745,-0.009918270627510384,-0.016006691970434805,0.011118359809540115,0.0007412381249743313,0.12242354129666144,0.10703191415848279,1,6
2015-06-10,QQQ,1,0.013702432455153346,0.013609402984233299,0.009274508239529737,0.006757067264955017,0.005325508922953581,-0.0011859623610404046,0.014301489773422183,0.010241747909959064,0.09955869437407916,0.21859193405150767,2,6
2015-06-11,QQQ,0,0.001461316318662309,0.0014602496350191174,0.008678066625979121,0.00680154931542901,0.006628240344932701,0.001241808823418289,0.00628074310552329,-0.0019115154133074806,-0.4193161902310061,-0.29321091187382364,3,6
2015-06-12,QQQ,0,-0.008207966555774715,-0.008241837380996486,0.009466149694416797,0.0070193999445969215,-0.0006249365901355164,-0.005796165950673227,0.006417938751217734,-0.002933892873563508,0.5461278313013329,0.10693280670691774,4,6
2015-06-15,QQQ,1,-0.004965597784448272,-0.004977967330241917,0.008436036902907292,0.006915791328348516,-0.005623948940939538,-0.00873019637778183,0.009912911530690889,0.002501358504350324,0.14840929644361767,0.23762672393881523,0,6
2015-06-16,QQQ,1,0.005452546354905108,0.00543773503922651,0.008668497423764408,0.007281342755290834,-0.0016515945712202162,-0.0021643669503942364,0.00860314818041761,0.006475528099145148,-0.4731903914362907,-0.3401831957988294,1,6
2015-06-17,QQQ,1,0.002757591803074222,0.002753796622236848,0.005679897475445198,0.007266544433602294,0.0018184108604346605,0.0017816419097751446,0.009359484415922542,0.001101074632880029,0.4156189804884274,-0.07628178110169592,2,6
2015-06-18,QQQ,0,0.014573367837351636,0.014468196877648332,0.008989929157705362,0.008379692469348596,0.014480668532893537,0.015327490370208086,0.013150637552618437,0.010867602204623288,0.8471457330866603,0.6308583794272418,3,6
2015-06-19,QQQ,1,-0.00494370128441568,-0.004955961800520825,0.008149630779625522,0.008534635742775533,0.006894804878412764,0.009527588678228893,0.006968995269692439,-0.0054303419831799775,-0.35217185190693523,0.035959203179196875,4,6
2015-06-22,QQQ,1,0.007370593213339882,0.007343563128427988,0.007095255781748348,0.007802840409709624,0.009251715554017714,0.014398010158372498,0.0052394024123222655,0.0,-0.31411240565902376,-0.27482003147102585,0,6
2015-06-23,QQQ,0,0.0008132943411589544,0.0008129637965241798,0.007327691114059618,0.007692616567976076,0.005964366678190336,0.012413992893624437,0.005053217470996838,-0.000270698243814163,-0.051932701912566825,-0.28698921195511096,1,6
2015-06-24,QQQ,0,-0.005144591280492494,-0.005157870253050589,0.008458377801555858,0.007002951129170136,-0.0016952434539301287,0.006303169475074366,0.008494440456390284,-0.003976165071797385,-0.1275382145753231,-0.3403511142697938,2,6
2015-06-25,QQQ,0,-0.001996384853848787,-0.001998380286300616,0.005168085090398637,0.0070582159035291565,-0.002900754700461694,0.003742873876451558,0.008495277256606287,-0.005874392380617215,0.15875163601186149,-0.23796111030721556,3,6
2015-06-26,QQQ,0,-0.0066364213760080615,-0.006658540335149787,0.005550317150501092,0.0068556194788250546,-0.008403312349071324,-0.003618052774876368,0.012456834922397377,-0.006455780070881638,0.7630942832042866,0.3155935025885006,4,6
2015-06-29,QQQ,1,-0.023611007088116365,-0.02389421366095501,0.009553635773117297,0.01026430355109215,-0.024717934048679613,-0.02601423370890088,0.018693358486942622,-0.0126780968734026,0.5745039722453475,0.9180588565292926,0,6
2015-06-30,QQQ,1,0.0035615285561645393,0.0035552013319453124,0.010195674247237746,0.01014616403109659,-0.014542216549119802,-0.02122261232513345,0.009117158586007496,-0.003907323260696395,-0.315774576461084,0.2274528499484827,1,6
2015-07-01,QQQ,1,0.007938876918368365,0.007907529832811733,0.012197948141687724,0.010503835421121864,-0.00249552577160439,-0.01261308629350022,0.008600761387205011,-0.0019420983058058684,-0.38830620024763074,-0.24383209826738006,2,7
2015-07-02,QQQ,0,0.00027800494225904693,0.0002779663060454851,0.012339857758476973,0.009050157145619034,0.0015773617541234852,-0.010087054508746585,0.006467679262040263,-0.00258714219723313,-0.037270464471892195,-0.20869427259311524,3,7
2015-07-06,QQQ,1,-0.0023159874740528164,-0.002318673521078729,0.012233095542018225,0.00900084883332926,0.002177384217890488,-0.010392280613726435,0.011932495752339619,0.004008579459609549,0.18593714937998196,-0.04846074993551641,0,7
2015-07-07,QQQ,0,0.0025069255985827876,0.0025037885024890016,0.003833502059650162,0.008560420719879568,0.0023021685406812153,-0.005416538953750494,0.020775346597195918,0.001391221724202128,0.8193739459503928,0.5762869153802621,1,7
2015-07-08,QQQ,0,-0.017412582951753852,-0.017565965101773884,0.009509632238479481,0.009656047295877272,-0.013355240901325116,-0.018485313683160975,0.013432858977612708,-0.010354483600288608,-0.10262758078081335,0.31357126971771687,2,7
2015-07-09,QQQ,1,-0.0005651339885203166,-0.0005652937369218236,0.007967618051382143,0.00971904082379883,-0.010434070824929531,-0.015222510798630795,0.014697691451671512,-0.01367442996002907,-0.28496025597420105,-0.0982426518738766,3,7
2015-07-10,QQQ,1,0.015278928654015811,0.015163381297025325,0.011697795665650625,0.011459677810897944,0.00524831407141324,0.0020108058551731034,0.009307520265046183,0.001954570734370393,-0.06924350798069134,-0.18171483091143958,4,7
2015-07-13,QQQ,1,0.017556394994837632,0.01740406185505261,0.014063866529278938,0.012862829842565772,0.019393825279503174,0.019346335938084103,0.009762364530469024,0.00884139867640055,-0.024042429152249745,-0.18489794111695668,0,7
2015-07-14,QQQ,1,0.00657321967667146,0.006551710274114164,0.014111531105028824,0.009799524642537335,0.021739636839958942,0.02264935083636077,0.008478441831310605,0.00519645986085832,-0.14753284433704283,-0.23528386309489224,1,7
2015-07-15,QQQ,1,0.0010881951905652443,0.001087603535363968,0.008177359294349693,0.009824493471322197,0.01478311745734917,0.020628876731594525,0.006698631805852181,-0.0008147367275333084,0.3027819740458293,0.01814681384393757,2,7
2015-07-16,QQQ,1,0.014133254885495328,0.01403431160924029,0.0068725124511844005,0.010345464028120737,0.018062233470184985,0.031220531208286495,0.007997119079224155,0.005840610302198471,0.04217033686673766,0.029787636432910602,3,7
2015-07-17,QQQ,1,0.014739836866360934,0.01463226128032069,0.0067908936806770235,0.010812341261142088,0.022025868711466945,0.041011767431756496,0.008330333591973693,0.006646579442932479,0.2040256175663313,0.17721304964985185,4,7
2015-07-20,QQQ,0,0.003433518268960656,0.003427637203095024,0.006198861089118155,0.010519635977582665,0.017406100640438682,0.03860848803270578,0.007994342599286351,0.001317767929948178,-0.26130353941904094,-0.13669940002576342,0,7
2015-07-21,QQQ,0,-0.0006141173226368313,-0.0006143059699175168,0.007339062293226942,0.010671199648811212,0.01019871421463403,0.03238272250747354,0.00543759985477251,-0.000964681496188414,0.3364821583330193,0.18763588171221746,1,7
2015-07-22,QQQ,0,-0.01132487042578989,-0.01138948506903592,0.010891080697632088,0.009310772227986396,-0.005194069995094863,0.01468594057632,0.008915039817454984,0.00401180872766836,0.002991352988110707,0.2078369007669043,2,7
2015-07-23,QQQ,0,-0.0037293475409023724,-0.0037363188952417303,0.00962204080473815,0.009608801945068959,-0.009359042165504872,0.005313234477928974,0.010556149885349283,-0.004701555867192366,-0.2776303583977512,-0.11947524105531537,3,7
2015-07-24,QQQ,0,-0.009803494381873556,-0.009851865026779372,0.006190678057248712,0.010095811202942962,-0.01473871331532528,-0.0076100423016507435,0.01835106062784775,-0.015070962159962698,0.20026227415821274,0.04106236984484335,4,7
2015-07-27,QQQ,1,-0.00828130972098351,-0.008315790260972733,0.0044545362371502875,0.009288918689877999,-0.016267718999168124,-0.016390648361759408,0.009142703862364536,-0.0026251553573169947,0.1669687174782053,0.17440050428212395,0,7
2015-07-28,QQQ,1,0.008622165444840402,0.008585206866402295,0.008077372735595103,0.00945588589974831,-0.0028356412191815616,-0.008679717723533598,0.01409593913801559,0.004156493106383143,-0.06782368564348185,0.054904653483463184,1,7
2015-07-29,QQQ,1,0.0037795730355432156,0.003772448395799266,0.00789786095801743,0.009502353141041723,0.0028589003104497746,-0.0059704155836304285,0.007632203045331975,0.0016162368747118083,-0.2038356654298359,-0.15502887833144607,2,7
2015-07-30,QQQ,0,0.004751077757884525,0.004739827009334618,0.008302326807362568,0.008480241747454612,0.007841034628579102,-0.0013722602668185813,0.014826074965501824,0.007098579468311619,-0.04776503793876641,-0.18403082951514216,3,7
2015-07-31,QQQ,0,-0.0011596799492596954,-0.0011603528983732403,0.0065044243332362285,0.00675800096828589,0.0051358052416594635,-0.0010706938707897296,0.006848675984847071,-0.004269352980794189,-0.13194381655862664,-0.2587747698031708,4,7
2015-08-03,QQQ,0,-0.0031266346412528456,-0.003131532775792145,0.004722578162003465,0.006548296160126702,-0.000555333978126682,-0.0020746917229162998,0.012681951893046479,-0.003304481044460489,0.13224072421960265,-0.15640165751765778,0,8
2015-08-04,QQQ,1,-0.0018816426915334583,-0.0018834152049826969,0.0035497439713986388,0.006528821161594233,-0.002900293001017906,-0.0017028704261261574,0.00735096075652951,-0.0014343671692696887,-0.11477173643497673,-0.21803470462767238,1,8
2015-08-05,QQQ,0,0.007720545278662394,0.007690894385219416,0.004714170124625498,0.006351709694244567,0.003540260897389791,0.00633824081583656,0.009999131552732628,0.0021426467207601467,0.30984579099325416,0.04865197656567655,2,8
2015-08-06,QQQ,0,-0.01603531906318756,-0.016165275930963396,0.008506610047662582,0.008052097337613265,-0.00966554094099259,-0.00824276478710917,0.022696956710196885,-0.016911451283344307,0.45310608177330725,0.43833420457715433,3,8
2015-08-07,QQQ,1,-0.001267937714784173,-0.0012687422279284988,0.008501220137213984,0.007513356080931687,-0.008003734877245705,-0.008797070367546955,0.010618970463828824,0.0011798625254846912,-0.2876791674381727,0.027495014354276703,4,8
2015-08-10,QQQ,0,0.011422632770943242,0.011357887078925266,0.010634410108343184,0.007875672201794654,0.003381572900110319,0.001274470494206703,0.007296617809264865,0.005044568487680291,-0.2834690803417892,-0.22532034514117383,0,8
2015-08-11,QQQ,1,-0.012817009267293011,-0.012899855788295334,0.012134649940475079,0.008545282147522955,-0.007246783946251445,-0.010679924347244185,0.016940032672066455,-0.0075689668577819166,0.6800909733591307,0.28959188788001455,1,8
2015-08-12,QQQ,0,0.0034502679963575034,0.003444329477468422,0.011389680736825508,0.008526022928912854,-0.0007051017166908036,-0.00634720967643021,0.02303891667896033,0.010422375372776984,0.15961166338623545,0.418575897315546,2,8
2015-08-13,QQQ,1,-0.0016288634696488558,-0.0016301915100767062,0.00881442073616081,0.008292135757119248,-0.002134292540157068,-0.006411395704753686,0.00958153497518533,-0.0026213587880965445,-0.46261548377855766,-0.23004567974921464,3,8
2015-08-14,QQQ,1,0.0015407354096412806,0.0015395496945993514,0.008816309579956185,0.008349394265486592,-0.0009582984871336908,-0.00358849936931549,0.0073582625828521875,0.003906252707333021,-0.20370938006707984,-0.37804969870373384,4,8
2015-08-17,QQQ,0,0.008325226513925088,0.00829076296147413,0.007909824832750658,0.008836429559534615,0.007613964530694295,0.004860836749182029,0.013606676606195547,0.01079465225386534,0.1841014454752885,-0.25376844316905733,0,8
2015-08-18,QQQ,0,-0.005115560910044392,-0.005128690186638529,0.005093428250520026,0.008966402279359128,0.0011558384886236617,0.0001984434534805235,0.005931017876971487,-0.003774246706978318,-0.3411323492690189,-0.4938321607905606,1,8
2015-08-19,QQQ,0,-0.006584715168272859,-0.006606490045409252,0.005946956695097678,0.008655449104120394,-0.00473541073676198,-0.004483484984022845,0.014658005752696192,-0.003528767657385778,2.0399159062955867,0.46691492863733575,2,8
2015-08-20,QQQ,0,-0.027694782248434135,-0.02808551378005486,0.013544539086775931,0.011189754310032876,-0.026563306644643347,-0.029096411241265496,0.021904494329383146,-0.018605066152884646,0.35839563034856536,0.8907300130671105,3,8
2015-08-21,QQQ,0,-0.043705748590876614,-0.04468961892869494,0.020601897804054276,0.016988937947920307,-0.05517644321455817,-0.06482333594601086,0.038552616335981275,-0.030027452667509367,0.6929518782696333,1.619739166016176,4,8
2015-08-24,QQQ,0,-0.03847661017949722,-0.0392363878628057,0.017825239986126902,0.018171970695718395,-0.06925318601043695,-0.08990938849026331,0.1887933808952616,0.044890115428694956,0.5428053852464214,2.0015362908923024,0,8
2015-08-25,QQQ,1,-0.0037577402428716766,-0.0037648182859335577,0.018197333369247636,0.01836648449315393,-0.04981015944897549,-0.0831168987359503,0.046340704826894515,-0.03899288105058565,-0.5021656846553635,0.3867387907821982,1,8
2015-08-26,QQQ,1,0.05036198235210265,0.049134849855735574,0.03842980902068136,0.02668038467409406,0.011963315794659701,-0.0301507357994103,0.042591155811719295,0.02050316673529545,0.3864183900820768,0.7244613449843695,2,8
2015-08-27,QQQ,0,0.025332523029456988,0.025016972691611628,0.040502574468251826,0.028543996563651593,0.040542299089154854,-0.001162918226845444,0.023249142587271423,0.010715679128911734,-0.33357187729938775,0.06643701695165372,3,8
2015-08-28,QQQ,0,-0.00018933670084786414,-0.0001893546273041835,0.033358966227161876,0.02851205926129867,0.03378758455577313,0.003286708996897092,0.010944056964595921,0.0051389503817819236,-0.28046620167575464,-0.2686316195998334,4,8
2015-08-31,QQQ,0,-0.012403198722962805,-0.012480760401496482,0.02569880477795386,0.028256631903620436,0.009405867871284057,-0.0024102062942235047,0.014852876099444943,-0.006855195935173608,-0.20773804277277863,-0.4357140900405664,0,8
2015-09-01,QQQ,1,-0.031252939203728736,-0.03175173233593487,0.032038317813584266,0.029331200183166473,-0.027711046886651047,-0.024435060569820255,0.026152823577357192,-0.006488998512001763,0.8497246481615397,-0.03748626892861662,1,9
2015-09-02,QQQ,0,0.02820406012740695,0.02781364940350617,0.025244027063953598,0.03160312771659206,-0.0019594909083744394,0.009149493157633914,0.021578550544035617,0.009914505245839225,-0.399039033292097,-0.4226699067693501,2,9
2015-09-03,QQQ,0,-0.0049086233186195205,-0.004920710179514565,0.021597014698237896,0.030619849202635406,-0.0025468909850923094,0.007807921327753542,0.018406655295594244,-0.008819846519778936,0.026571982276246686,-0.3973451126544467,3,9
2015-09-04,QQQ,1,-0.01189673352225884,-0.011968065969720776,0.021700074818848634,0.02741502161700421,-0.007789252383875733,-0.003948695740358055,0.012356596265045925,0.001863317045520183,0.09411988885885347,-0.29507985162581196,4,9
2015-09-08,QQQ,0,0.028191129165703765,0.02780107306431745,0.026070486540128522,0.024990154014813755,0.018737674827073558,0.01760271745363373,0.014214326627912489,0.008835940690325362,-0.2437464053981806,-0.3638384035237392,1,9
2015-09-09,QQQ,1,-0.011233888845604056,-0.01129746556587552,0.020743818197974336,0.025447679162463894,0.0018326875573686507,0.0005780073237491301,0.025592785584722604,-0.022770024433014232,0.26251422603665975,-0.1566959628755693,2,9
2015-09-10,QQQ,1,0.01087998926249889,0.010821228009648465,0.017179934492968126,0.02035742826810813,0.010607514997487355,0.009557997507113392,0.019857312521819413,0.012049354402739522,0.011453611811643283,-0.051301879363960246,3,9
2015-09-11,QQQ,0,0.005524286938536571,0.005509084029900357,0.01672734902357533,0.018742303646396005,0.011943477660975699,0.01520344054981071,0.01301311436754905,0.010142546521164798,-0.38963903981613324,-0.3705189967180851,4,9
2015-09-14,QQQ,1,-0.0030308489498258595,-0.0030354512741563866,0.014958510128490112,0.0187685556878592,0.002935147702810781,0.012486749385219431,0.010664447834806471,-0.006700633169189026,-0.32252002157623316,-0.5437382008539464,0,9
2015-09-15,QQQ,1,0.011781116725077423,0.011712259650619394,0.009801989592932693,0.01857751003932688,0.011954418100253328,0.02227114520569251,0.016208522127702903,0.009383866007294135,0.5224151571089519,-0.28971909547441455,1,9
2015-09-16,QQQ,1,0.005634763996758441,0.005618948098862653,0.0058954842334047325,0.01437916330946242,0.01144738917672572,0.0221049775313793,0.009858257728835808,0.005445443526687014,0.04360064223422899,-0.1773384229704844,2,9
2015-09-17,QQQ,0,0.0003730833977888537,0.0003730138194830701,0.005659352707904763,0.012098075688935176,0.007751040704728984,0.019343872926311567,0.019536398408139505,0.001402074142622034,0.7919378469218714,0.4284852785848836,3,9
2015-09-18,QQQ,1,-0.01422268179452324,-0.01432479349100202,0.009773661709101442,0.013102664876566729,-0.006649758097047154,0.0027314905932749323,0.013589283089969213,0.001140312775439948,-0.13815154311201683,0.2210334519860342,4,9
2015-09-21,QQQ,0,0.0031327160071457083,0.0031278192764006008,0.009667054089656412,0.012132057713386086,-0.004824272669084806,0.002278197278650307,0.01718115443765644,-0.0023600490822219405,-0.2606522817460317,-0.0651291332100693,0,9
2015-09-22,QQQ,1,-0.014951115551395944,-0.015064010159688834,0.009839437322694529,0.009926735871484205,-0.015752017432890897,-0.012065088551946768,0.012396703303793319,0.0003844024261563159,0.32390991988281526,0.20611352666416582,1,9
2015-09-23,QQQ,0,0.0007686638393955558,0.0007683685686465935,0.008836983518430843,0.009198541755306426,-0.010034485696675977,-0.01184219432265865,0.009772028159615007,-0.001916046690024592,-0.540218793615669,-0.40714488550121275,2,9
2015-09-24,QQQ,0,-0.003647577883976183,-0.0036542465173647898,0.008400251263562098,0.008514416332490329,-0.00785685961938043,-0.014572484300676924,0.0186101175963554,0.006106473722921269,0.7581687340127026,0.0697234371371962,3,9
2015-09-25,QQQ,0,-0.00847791302067602,-0.008514054942287075,0.007274995151820329,0.008498494051845338,-0.011677118161133149,-0.020701371517363953,0.026022335922571284,-0.018968691485069484,0.16758044420297624,0.19683970059194023,4,9
2015-09-28,QQQ,0,-0.02846887039512358,-0.028881967852601775,0.011398281304257395,0.011885652152882576,-0.02920460290693494,-0.044028618246639284,0.0279078895068953,-0.024297476693979768,-0.01392617449664435,0.10791386436283923,0,9
2015-09-29,QQQ,1,-0.005200325145967133,-0.005213893898505795,0.01137785237371795,0.010368457264288313,-0.025491789198108128,-0.04281226705897667,0.02503992607463609,-0.007681530920549947,0.11883614088820837,0.18223578982091282,1,9
2015-09-30,QQQ,1,0.023022063573570062,0.022761054257510516,0.018364345465424318,0.013588467898181604,0.00169318810650676,-0.015974865074254385,0.013579172909803754,0.008623280323572841,-0.16027618091675033,-0.03067717585252938,2,9
2015-10-01,QQQ,1,0.004520419200734871,0.00451023279221463,0.01882276251272503,0.013824034707198231,0.00936098585398959,-0.00706186666184816,0.016087963309453744,0.0027467017126845228,-0.050041775936094934,-0.04148977435753498,3,10
2015-10-02,QQQ,1,0.017511268930311852,0.017359713389070386,0.020424816277482195,0.014906495810900566,0.024830092755667277,0.011642524048534275,0.03501982809945279,0.03184522804849933,0.5092083957182549,0.4088761410905062,4,10
2015-10-05,QQQ,0,0.014325453118304576,0.014223813355196846,0.011205868200903987,0.01566703365611359,0.028345227444666055,0.026314473663763716,0.011738840827149285,0.006871552100508209,-0.44663968375079377,-0.21494574502911679,0,10
2015-10-06,QQQ,1,-0.004739284311221281,-0.004750550328445513,0.011041618774073968,0.01490272719605894,0.012555681199544422,0.020556940657597167,0.01349166906361342,-0.0023752969121140144,0.006026755140243756,-0.1822554770314524,1,10
2015-10-07,QQQ,1,0.005999861440868948,0.005981933944803508,0.008771230561168436,0.014986786815079622,0.011084197438238741,0.025235257837200376,0.014858978235936165,-0.00028399022952302637,0.1312436651891744,-0.10933960309009438,2,10
2015-10-08,QQQ,1,0.003976077864084715,0.003968194157073057,0.008821060562697334,0.014890308518155442,0.007715711683423443,0.027068754288507746,0.019196086743523227,0.007792451474536507,0.3423332343745402,0.16259390832842247,3,10
2015-10-09,QQQ,1,0.004526481302250751,0.004516267595597867,0.006780928408113109,0.014409702311147752,0.007452268306340493,0.028123222813325466,0.0086711198074545,0.00405278333044145,-0.5234763065139901,-0.4179752541773968,4,10
2015-10-12,QQQ,0,0.0024405348250453596,0.0024375615565235265,0.004210928452233549,0.009125090048839022,0.007452891057418309,0.02391274632542606,0.005996433706725454,0.0005621433215278947,-0.32422374791982,-0.5780137927505161,0,10
2015-10-13,QQQ,0,-0.006461442066920897,-0.006482407543986213,0.004950519790926968,0.009313648632099235,-0.0011298051951587063,0.010870795974011527,0.011866661636928339,-0.0007534548015139512,0.6705605741863632,-0.2514300670063191,1,10
2015-10-14,QQQ,1,-0.0016023004300883548,-0.0016035854863032384,0.00460743707607492,0.007552242207522474,-0.003293291165100798,0.005257233051990884,0.010744574986271044,-0.0016022447821879737,0.14455769715106892,-0.11750628830956988,2,10
2015-10-15,QQQ,1,0.016426139378568738,0.016292689742948063,0.008567127840024263,0.008512129598411343,0.009999673419868849,0.01651237221204327,0.014108352184965457,0.01269750261471091,0.24241325972571892,0.09938971154399567,3,10
2015-10-16,QQQ,1,0.004179329679040444,0.004170620537906622,0.00855372770623154,0.007340008416659991,0.01120441173644715,0.016815228563242135,0.007414300652868281,0.0020389362149393444,-0.2943886773385286,-0.14525230439645553,4,10
2015-10-19,QQQ,0,0.0057343764358037674,0.0057179974847993975,0.008626736588409071,0.006431670365988471,0.013307004045860937,0.019539435686667606,0.009909239318017784,0.00703828934255295,-0.12235752701071567,-0.22771950487102888,0,10
2015-10-20,QQQ,0,-0.005149612017660399,-0.0051629169661637775,0.008254034936898847,0.006487934474417906,0.004195983729654129,0.011274020365689141,0.008935985199748156,-0.003408592687055107,-0.015629008718766157,-0.2151986171491611,1,10
2015-10-21,QQQ,1,-0.006101221424655523,-0.006119909930005996,0.009197495235487428,0.006977719789589486,-0.0048683662528196114,0.0033313379228465667,0.012507982516035727,-0.011128544803728517,0.2901340329079203,0.037527351094593486,2,10
2015-10-22,QQQ,1,0.02036831282830409,0.02016365312665247,0.010683213931642456,0.009137695243723274,0.011580902225565515,0.02028286028055093,0.015025855755638827,0.011338455839570605,0.4167384220008479,0.5083093517316468,3,10
2015-10-23,QQQ,1,0.02798279065733489,0.02759842628714182,0.015228015568009368,0.012008378550861485,0.0310276283598363,0.04277225454829314,0.010385213304753466,0.0010651084083699318,0.24292930827725012,0.6994300277842678,4,10
2015-10-26,QQQ,1,0.0006207524603836223,0.0006205598732709205,0.01563216534202027,0.01207822282387589,0.023972816601056435,0.0376057359757167,0.007098518841355571,0.0013309807448157688,-0.5125529189838802,-0.19666715122451073,0,10
2015-10-27,QQQ,1,0.00203783890523912,0.0020357653281362076,0.014459543278019734,0.01141608472829347,0.017016029439610447,0.033090063845323536,0.006397167491608344,0.00470900724056975,0.21114669341770198,-0.04010986423535068,1,10
2015-10-28,QQQ,0,0.008312758400874198,0.00827839771481731,0.011913376113906592,0.011064204184874903,0.013619134414772915,0.034035385357340076,0.0148344397808016,0.006799087355994757,0.3450534397349516,0.24790928444696791,2,10
2015-10-29,QQQ,0,-0.0015785724540406942,-0.0015798197123011448,0.012039330556597347,0.01090340312551684,0.004641991773549181,0.026658428141603352,0.0057268856905630505,0.0029955624483755505,-0.4099436548331553,-0.23310798539435074,3,10
2015-10-30,QQQ,1,-0.004479934696264176,-0.004489999675254097,0.004779502448300395,0.011366376965972282,-0.0008286892096899257,0.01727927725735534,0.006848702989524906,-0.004917003789576354,0.09175420357800856,-0.16302093093888737,4,10
2015-11-02,QQQ,1,0.01129457942330081,0.011231271903021423,0.006610505202820059,0.011553000799244727,0.007330369542501325,0.023376773326137634,0.01196867590622646,0.008624512722181866,-0.18464881320038828,-0.3141927820606347,0,11
2015-11-03,QQQ,1,0.003490015148101877,0.0034839391779488693,0.006583064157385184,0.010991573117210175,0.007428087287548513,0.02072336782477935,0.010578764762441873,0.005507998758005512,-0.07929422056283786,-0.36268778305965044,1,11
2015-11-04,QQQ,0,8.688783740051775e-05,8.688406287138406e-05,0.006057707463917093,0.010379563988477877,0.005753620063696063,0.014062148815338515,0.008059626571583213,-0.0032065408487663444,0.40231359949849166,-0.10190928571787039,2,11
2015-11-05,QQQ,1,-0.0026950795531216487,-0.0026987178184336713,0.006229795819972381,0.009563287680811598,0.001519212729946151,0.00689059355390409,0.011205706087126066,-0.0035615327686529977,-0.12673837879369954,-0.1694264866987193,3,11
2015-11-06,QQQ,0,0.0006974951077669544,0.0006972519711050396,0.005346909926487378,0.004854210061440601,-0.00033084057626731056,0.005818292710665363,0.010131854785211116,0.0026203428889463604,0.19679972484512542,0.07720944765338533,4,11
2015-11-09,QQQ,0,-0.010628094627863849,-0.010684976213142683,0.005397175977652277,0.0062539202691977306,-0.009160618364128403,-0.005499062910417241,0.014340673145291931,-0.006908017762425886,0.11879404776624147,0.17323960443226505,0,11
2015-11-10,QQQ,0,-0.0025535093017172716,-0.002556775067220407,0.004518816238491845,0.006309312273031508,-0.00869834627867938,-0.008212261772786222,0.006727468602445134,0.0027440697109325975,0.05891014880614587,0.22492084266797874,1,11
2015-11-11,QQQ,0,-0.0012359521798865902,-0.0012367165987043904,0.0043261694459374575,0.005630196660493298,-0.006655128703110136,-0.008674312792667171,0.010476296150819547,-0.003961589600756774,-0.35832292022193324,-0.15729735636718578,2,11
2015-11-12,QQQ,0,-0.009722622802851189,-0.009770196109284868,0.005150446382683576,0.006309732289630839,-0.011679367884587677,-0.016761882838742026,0.011270893406295118,-0.0056797957748944035,0.37136464340976216,0.1293645498510141,3,11
2015-11-13,QQQ,1,-0.019635645882933428,-0.01983098649889037,0.007379495224426084,0.008518637677866831,-0.02254966733027597,-0.03310706279128095,0.01711933017239204,-0.015505990514167308,0.6936298157829783,0.7502846415470985,4,11
2015-11-16,QQQ,1,0.014384346288740302,0.014281873084065033,0.012496324201443207,0.009132286246416856,-0.0046810359655186096,-0.016437002616616403,0.017862016080479853,0.015401392147181883,-0.3568665303959422,0.08330735099367303,0,11
2015-11-17,QQQ,1,0.0006286252051053154,0.000628427703047052,0.012652717915560057,0.008957106368615441,-0.0008601020723365549,-0.012751065866702382,0.009676568633174256,-0.0010751970784498076,-0.1000894628111334,-0.05570942301914217,1,11
2015-11-18,QQQ,1,0.019194496755917,0.019012606248888453,0.01621047755033782,0.011407592569126336,0.01742430341342649,0.007438660848222423,0.01706267635392102,0.015097326917572007,0.0780588302621037,0.0045580145851591425,2,11
2015-11-19,QQQ,1,0.0007038343602538966,0.0007035867850122557,0.015125459727506627,0.01140729546771449,0.015104627203937904,0.009042348117616505,0.00650897596334777,0.00017588743633559296,-0.20561479077245082,-0.2048627430976836,3,11
2015-11-20,QQQ,0,0.006771633371552843,0.006748808843911824,0.008285382677228628,0.011655890465305477,0.013581659725085515,0.016154756933066672,0.0037636788199193107,0.0020131584851955688,-0.13214017053547222,-0.29451548147961903,4,11
2015-11-23,QQQ,0,-0.0028828039449365628,-0.0028869672274387526,0.008721506700885314,0.011132211818204792,0.005797522126607113,0.012704051585666898,0.01117707664004173,-0.003230834160261926,-0.08938031292349391,-0.3310260808740796,0,11
2015-11-24,QQQ,1,-0.0008757854734795512,-0.0008761691976335584,0.008928471934008551,0.011092558769759233,0.00040354336569325966,0.011126423921694606,0.013050024769799627,0.005643235772703385,0.2743595442641644,-0.12171580840947527,1,11
2015-11-25,QQQ,1,0.0008765531459915543,0.0008761691976335584,0.0036047324106389203,0.011070989388595763,0.00036794358048264364,0.011107377872302537,0.003939738604735916,-0.0006128497117502293,-0.46311954016015533,-0.5145826769925991,2,11
2015-11-27,QQQ,0,0.0014021949702704983,0.0014012128129134993,0.003607854653061796,0.01041981202653266,0.000718194471992506,0.010493302120853976,0.005419604355877372,-0.0007867479552856132,-0.3765492694157445,-0.672231941569069,4,11
2015-11-30,QQQ,1,-0.0025374828061018873,-0.0025407076721144506,0.001937981896587828,0.007442107952472245,-0.001016483110773847,0.004218539023800538,0.008722197877810573,-0.005495027251877486,1.836610783869506,0.03673723536737228,0,11
2015-12-01,QQQ,0,0.009998516656331002,0.009948862194992358,0.004852745715070125,0.006852745559568697,0.007189272530606194,0.0109292490490005,0.0071628869686706335,0.0059399046578958396,0.1436729282473963,0.21250019051554347,1,12
2015-12-02,QQQ,0,-0.006165507382069446,-0.00618459260988935,0.006012529500717162,0.0074600032306348825,0.0002795948708338436,0.0020925246785088447,0.012754891285927331,-0.006941458149742408,-0.21801783556918097,-0.017815322703725878,2,12
2015-12-03,QQQ,1,-0.01695052384191531,-0.01709582830291101,0.009913129798100832,0.007307340340496354,-0.013848728122105136,-0.013926467057110647,0.02718719665827739,-0.019606134176688557,0.9090576231832288,0.7978722062193815,3,12
2015-12-04,QQQ,0,0.023375595223102064,0.023106570341863808,0.015542199168038694,0.010640051119645779,0.007736980753726641,0.007860447094297118,0.024014170324460543,0.020292431958273262,-0.06354916347595452,0.5909649034270041,4,12
2015-12-07,QQQ,1,-0.004516429448525261,-0.004526659329317617,0.01569655495962449,0.01059388820472699,0.002133111634316398,0.0031856077774825575,0.010588449989392216,-0.005207415967404832,-0.35330054723969895,0.016098896980480726,0,12
2015-12-08,QQQ,0,8.761474638840916e-05,8.761090844089381e-05,0.01490538051217052,0.010540211836360473,0.003150597796030663,0.002852164942404034,0.014283219650285554,0.010668304567156632,0.18926622406062088,0.16235729862133197,1,12
2015-12-09,QQQ,1,-0.015179380328382064,-0.015295766402963373,0.016200302151348135,0.011654671179518713,-0.00937183565270705,-0.011367200466866567,0.02243060763686835,-0.010864784838434715,0.5753525197612412,0.6899222051636318,2,12
2015-12-10,QQQ,0,0.004517707190807352,0.004507532982896301,0.014176732062487877,0.011774715071893099,-0.006448375277012364,-0.006248160732801988,0.011931118738932238,0.0022094564439119487,-0.37837358686599654,-0.004945146687979296,3,12
2015-12-11,QQQ,1,-0.023015820375257845,-0.023284819880344365,0.011297554150280961,0.013690180061200456,-0.021859953356906603,-0.026116046485125,0.014898726233438108,-0.011597782717777054,0.8578326358167576,0.5995429404166528,4,12
2015-12-14,QQQ,1,0.007581860642125182,0.007553262795688909,0.01325481175602931,0.014099218415758842,-0.00921292478917013,-0.016666333451996418,0.020731954219782675,0.006219531249570184,-0.05218823966213393,0.4036242019140053,0,12
2015-12-15,QQQ,1,0.006091697972988586,0.00607321859012977,0.014098875537378559,0.013779487012217841,0.0009448219543952696,-0.008186195396905904,0.0098526591005685,-0.0031067467791441373,-0.087959170221381,0.21652624833483758,1,12
2015-12-16,QQQ,0,0.014869371190297187,0.014759905876727153,0.014540027443266944,0.014717346048130306,0.013858427214256785,0.006979399656429575,0.020164489125768008,0.008048144198863303,-0.07193978690014047,0.06848751013056753,2,12
2015-12-17,QQQ,0,-0.014563983954320459,-0.01467107986932259,0.01613378590505256,0.014434219465204332,0.0010159055950225149,-0.007519629367617964,0.019042629640556762,-0.01886795596410639,0.016124474625145435,0.07824531563645531,3,12
2015-12-18,QQQ,1,-0.019182264925920456,-0.019368631710328543,0.014919329785688811,0.012949239332298423,-0.017091627324147263,-0.022259894458514395,0.0183641984484642,-0.016124657051428598,0.1768669200854851,0.22916724794296806,4,12
2015-12-21,QQQ,1,0.011108120721760484,0.01104687865428211,0.015500836595917883,0.013836599761577547,-0.005746092734886354,-0.00855617970615652,0.009199933415694366,0.0016235257573431459,-0.5081912920193279,-0.3962314488750377,0,12
2015-12-22,QQQ,1,0.006573694335897384,0.006552181833563431,0.015552212737716295,0.014134181646791357,0.0011269053850244681,0.00019453603105157313,0.007972047604032508,0.001254025353044015,0.004066916860869796,-0.3878299948840327,1,12
2015-12-23,QQQ,0,0.007424891962796165,0.0073974631394913,0.014025631923827088,0.013611406657809065,0.010411635376750716,0.007563434854713336,0.004716970242238028,0.00222499108794921,-0.03328523038548925,-0.37527681916607636,2,12
2015-12-24,QQQ,0,-0.000177376515276495,-0.00017739224835100487,0.012073916322098267,0.013524342253180941,0.009124132887380343,0.00780376036656083,0.003196879570201066,-0.00017764205978610596,-0.5530013368723423,-0.707438375352641,3,12
2015-12-28,QQQ,1,-0.000533026370835965,-0.0005331684798930425,0.005074753006485394,0.010959378767553832,0.003728309457230461,0.005397112255091763,0.009259267435479415,0.0018696499736754642,0.6727063460230542,-0.4598720548067856,0,12
2015-12-29,QQQ,0,0.015729415975584082,0.015606990827382816,0.006664614945811478,0.011704644451025219,0.013639505189462442,0.018472545128620066,0.012544221171570395,0.009717368667585519,0.4452813861840321,-0.15930476790271775,1,12
2015-12-30,QQQ,0,-0.009011678039078208,-0.009052528817523608,0.009327171646667156,0.012187724097538882,0.0018573357563342885,0.008124884645880348,0.008668983276927921,-0.008143610595692718,-0.2959564591696513,-0.35124814299055795,2,12
2015-12-31,QQQ,0,-0.012447986256850063,-0.012526111449027155,0.010904086525372328,0.011846018211817777,-0.0092994229937442,-0.002850781471964492,0.0109861385929807,-0.00894836636531449,0.5310782219353385,0.0456156235688594,3,12
2016-01-04,QQQ,0,-0.02109777847905303,-0.021323517311926388,0.013957544175194537,0.012788817735885024,-0.024863710249959703,-0.0217274596330993,0.013522117577024125,0.00045685749796282264,0.7000013383835004,0.7461546524795639,0,1
2016-01-05,QQQ,0,-0.0017349608908118208,-0.0017364676785227573,0.013861229407499598,0.011313786349761504,-0.020940645873131825,-0.022970843399964136,0.012540869156092876,-0.0066339817417302984,-0.23642919563214948,0.4055335601787713,1,1
2016-01-06,QQQ,0,-0.009606092286228773,-0.009652528409808347,0.006992075600422475,0.010856297409328463,-0.019739372947755185,-0.02993716243482225,0.013778937501900068,0.007913587609539804,0.0798011094155977,0.4372063007610578,2,1
2016-01-07,QQQ,0,-0.031313278521882815,-0.031814020212533656,0.011342246132928752,0.01360541580782485,-0.03576678890022833,-0.0544584888385925,0.023407299937395036,-0.01019343306057617,0.46537808746965337,0.8811578383185437,3,1
2016-01-08,QQQ,1,-0.008200690461625304,-0.008234501097566849,0.011755158303010323,0.012725807422808313,-0.029666970565991768,-0.05488414258506591,0.022626142684777,-0.015336506289032213,0.12963315919024287,0.8741165755427571,4,1
2016-01-11,QQQ,1,0.0030767109649452173,0.0030719875756206605,0.013190646121036107,0.012982514653260453,-0.0172010555864901,-0.04480692909453399,0.02224338140009696,-0.004009529059143794,-0.2786095408398708,0.2243868471196102,0,1
2016-01-12,QQQ,0,0.011597905377006779,0.011531165207541605,0.01617660014565135,0.014215502578967427,0.0013094182362354267,-0.027505050089729255,0.018987942326327154,0.001993725252274151,-0.06576630064309008,0.07160242789116911,1,1
2016-01-13,QQQ,1,-0.03448943773906843,-0.035098237493517814,0.02047736883295604,0.01443681956299356,-0.02141558269428878,-0.05019340943732842,0.04237053356084005,-0.038407093025767294,0.4950657120481361,0.4609351689593173,2,1
2016-01-14,QQQ,0,0.021295334394620724,0.021071757290904713,0.02147794979187462,0.017771829807705593,0.0009617363751879271,-0.021576710363023,0.042131036748920436,0.01730201945517921,0.12272669373571476,0.4603087907961809,3,1
2016-01-15,QQQ,1,-0.031036875649753437,-0.03152872318159705,0.02537499791863842,0.019171862657436547,-0.02415434732280597,-0.04201868968176703,0.024150270710048514,0.0021863802952049385,0.1656967813404686,0.5272651295347519,4,1
2016-01-19,QQQ,0,0.0021816469944322403,0.002179270658218435,0.02529878133776446,0.01910819493180218,-0.015796459679377928,-0.032168615291990554,0.024361662415300172,-0.011251360299186325,-0.381437143428922,-0.06428629327757363,1,1
2016-01-20,QQQ,1,-0.0030673729786733217,-0.003072087009430291,0.023523207581079928,0.0190656244697866,-0.00957489609029516,-0.027162218502482016,0.04604405121995145,0.012868189037786634,0.5323404721747831,0.3285992739187724,2,1
2016-01-21,QQQ,1,0.0009922618736581956,0.0009917699072579111,0.01879737478760018,0.019257330378662174,-0.0065411626399519696,-0.01917905866440439,0.025004929547993437,-0.003261532220392833,-0.28860571098932797,-0.0826407525249655,3,1
2016-01-22,QQQ,0,0.02895400678958837,0.02854275885548674,0.021307240113938156,0.02017549019148107,0.02282803148049939,0.010300493978477876,0.012441668093593867,0.008650849663770468,-0.3151195019145282,-0.3532869427203701,4,1
2016-01-25,QQQ,1,-0.014840330824249293,-0.014951550260903446,0.01607233638375571,0.02054934687356469,0.0048953351257168265,-0.0029648348735468177,0.0178916677642222,-0.011315262588777485,-0.07928761206541357,-0.3754264862926824,0,1
2016-01-26,QQQ,0,0.008999349407839086,0.008959096582205284,0.016289818992045024,0.020781031367883524,0.00978964991695519,0.007166925582200667,0.017825775729400115,0.0047730162311535535,-0.0704088062446151,-0.40616145342320675,1,1
2016-01-27,QQQ,1,-0.024915085732794773,-0.02523072022043138,0.020983166728892024,0.021527368936086918,-0.015041532614062603,-0.013147396521195232,0.02769377136397798,-0.01921015272626418,0.5085450103613611,-0.1154892673096174,2,1
2016-01-28,QQQ,1,0.01411790048623951,0.014019171078723858,0.021961892254061557,0.019410329446288,-0.003380753580216056,0.0006867197271389625,0.01985328879507946,-0.0024449877750611247,-0.12624003433306374,-0.1982378617387559,3,1
2016-01-29,QQQ,1,0.020882563551015698,0.020667511559285145,0.01970900047835357,0.019361021760550646,0.01671589329428591,0.021523479390609168,0.021869135047988045,0.02118266163437386,0.1386102452693554,-0.04834710591564029,4,1
2016-02-01,QQQ,0,0.0026887334897141013,0.0026851253119959395,0.01767455039508821,0.015946243276063577,0.015128125644309431,0.020695407839809832,0.015150050530107838,0.007526840001587279,-0.39625330214157595,-0.3594896460249509,0,2
2016-02-02,QQQ,0,-0.021645383628413173,-0.021883081241449,0.020713341709406655,0.01784830789237068,-0.004909740309480326,-0.0024608873703603207,0.020494610570172628,-0.017126900549121138,0.37183781522612014,-0.1008625520333013,1,2
2016-02-03,QQQ,0,-0.004796990620453023,-0.004808533107555135,0.016649785336787355,0.017902733384630547,-0.01176252840987746,-0.00812748913825656,0.028688170038968303,-0.011377984519222024,0.37047638337699573,0.2974245113394449,2,2
2016-02-04,QQQ,0,-9.816025068920542e-05,-9.816506872173392e-05,0.015273267994213354,0.017906401915663825,-0.011186701328690152,-0.008998402099018588,0.01992303634704076,0.002564376543994871,-0.1989722751405245,0.0670141922129528,3,2
2016-02-05,QQQ,0,-0.03472717336010234,-0.03534449569482856,0.015956581687372108,0.018156438691513066,-0.03423301045340421,-0.03811476628445887,0.035640246596129355,-0.03129625965339847,0.4344607636410822,0.44164096670568775,4,2
2016-02-08,QQQ,0,-0.015287648818255506,-0.015405709716007188,0.013775772533919052,0.01818272136112117,-0.03418656609652959,-0.0475818060420945,0.022951570182307587,0.003427166143078442,0.29573469361794147,0.6865590006165014,0,2
2016-02-09,QQQ,1,-0.0031046238604918175,-0.0031094532032680533,0.014135147052735315,0.017502019781355096,-0.02583077785310084,-0.04410304501233997,0.02727366436779107,0.01038495588748672,-0.195201209515114,0.2694464556589151,1,2
2016-02-10,QQQ,0,0.0038410432602975497,0.003833685289138522,0.015624353736508674,0.016508794365144224,-0.012157938409971036,-0.03671258006056666,0.02124601958678485,-0.007595174601782489,-0.19459218416230228,0.013879272307350643,2,2
2016-02-11,QQQ,1,-0.0014472602415662728,-0.0014483085342265056,0.015423659285787374,0.015321428502400739,-0.003200073831812089,-0.032855497489840846,0.02231298212702822,0.011418436808496201,0.2931168243251203,0.24884869546448996,3,2
2016-02-12,QQQ,1,0.015225062610846551,0.015110324476243164,0.011089206067882638,0.014315803588856322,0.012185222382246286,-0.012084213142098621,0.014235962703168573,0.003891819498088354,-0.3598775104373809,-0.193956884850211,4,2
2016-02-16,QQQ,1,0.02254651000081287,0.022296094453699844,0.011089803218568684,0.01680570053004346,0.027346866446133156,0.014463649133782175,0.013873578625484861,0.0076405160038571125,-0.17526353775934456,-0.34363346678266826,1,2
2016-02-17,QQQ,0,0.02264755713308486,0.022394908677717318,0.010963750069948621,0.017448188382828963,0.0374702167761809,0.03707140666364084,0.01921555525949501,0.015253574975162528,0.0295962865362287,-0.32073262937533553,2,2
2016-02-18,QQQ,1,-0.011414348436385446,-0.011479992109391546,0.015273325106600441,0.017792636504200748,0.016084091855823157,0.025576308492610833,0.015950198351644154,-0.014491323363080453,-0.06644080782445261,-0.34168706333996457,3,2
2016-02-19,QQQ,1,0.0029603949505991878,0.002956021610550863,0.014594818160764534,0.01782050248332415,0.00881446663744545,0.028633257386904143,0.013090041082520636,0.007834202144159549,-0.275280509854712,-0.5053153665087269,4,2
2016-02-22,QQQ,0,0.016235405869387876,0.0161050210086362,0.014685158459460097,0.013512925526178143,0.01459805321530383,0.03990251434655989,0.008773580429123313,0.006823912417110847,-0.15141960301367052,-0.5427847854115797,0,2
2016-02-23,QQQ,1,-0.01646000605170672,-0.016596977060354234,0.01693706530063683,0.0137142037372016,-0.004742047701319141,0.01770314957309349,0.014121512893773313,-0.01071287953692815,0.24565559174447738,-0.3543869705466087,1,2
2016-02-24,QQQ,1,0.00954901208208514,0.009503708441219949,0.013825733105611785,0.013454060151739264,0.004663228519423468,0.021048163656757657,0.028986987546584603,0.021516123869327372,0.3638938456027345,-0.051734672572390616,2,2
2016-02-25,QQQ,0,0.009849045533335099,0.00980085981494394,0.012584613488525742,0.013462805217011565,0.010144498295243887,0.024099443009953037,0.016738041893215354,0.007785085692220164,-0.27859721986985475,-0.2645038711442155,3,2
2016-02-26,QQQ,0,-0.0012552879639947667,-0.0012560764978912786,0.012845924656046734,0.013449600806935436,0.005346143197143771,0.015902130237425816,0.011403952647889801,-0.0088164655716164,0.05225371138475565,-0.1255985444078599,4,2
2016-02-29,QQQ,1,-0.00899189413741397,-0.009032565207713894,0.011520246949299028,0.013971812012591919,-0.0021807797282948904,0.002356591275626929,0.01548435542212709,-0.008032534756089007,-0.10900889248181078,-0.17015798497701617,0,2
2016-03-01,QQQ,1,0.032097771841877565,0.03159340272866373,0.01549672556693555,0.01557229960275361,0.02147425442086348,0.028935516744776013,0.02541551186799172,0.02232312991550527,0.3682201067725439,0.14529251898248874,1,3
2016-03-02,QQQ,0,0.0003782440130386533,0.00037817249680482945,0.01584333900892657,0.014399226287821986,0.015428718157698862,0.026001628184735948,0.007949993458043531,0.0016089169321718978,-0.22520013368771186,-0.07743503073605773,2,3
2016-03-03,QQQ,1,-0.0018901945652483043,-0.0018919832373089918,0.01607545271902236,0.013611649365933818,0.009499400591849394,0.019810964005230636,0.008323848309279428,-0.0008513428513613259,-0.12787489130360363,-0.15952651648871552,3,3
2016-03-04,QQQ,0,0.0003787392825957969,0.00037866757897742076,0.015956353364822495,0.013663153477112444,0.005576409384168146,0.016233450494099744,0.013049619417664008,-0.0007565184969710401,0.24262598823926584,0.03281709988100978,4,3
2016-03-07,QQQ,0,-0.006151114557241377,-0.006170110600342227,0.015401469851555766,0.013261772321155016,-0.00537939609481608,0.008295230957801714,0.013982700077121258,-0.0010463294323731771,-0.18303986049773502,-0.161379321079533,0,3
2016-03-08,QQQ,1,-0.008284076237557447,-0.008318579883130894,0.003932125643662853,0.012225920424249645,-0.010545252253534976,-0.0025188007034075977,0.011888761529126657,-0.0014381737439112972,0.1174462128594187,-0.05992584414257862,1,3
2016-03-09,QQQ,0,0.006433221506306985,0.0064126166599791645,0.005776324477548123,0.01206691029840385,-0.0022651697019003825,0.0017203882565768325,0.008417804148758742,0.002678388911849404,0.07436026091319614,0.04285677337613936,2,3
2016-03-10,QQQ,1,-0.001526585012168069,-0.0015277514303093653,0.005778809363220521,0.011804971477492567,-0.001945342652569404,-0.0008591379324647264,0.024225755272715335,-0.005700156393162132,0.42479241417960933,0.41527576795237553,3,3
2016-03-11,QQQ,1,0.017485299760888084,0.0173341908208009,0.010526783438198233,0.012829298643287435,0.01392017761683828,0.013650019894920318,0.009736258345619286,0.0066168535984901895,-0.28895178372415287,0.004629010060024141,4,3
2016-03-14,QQQ,0,0.001690060894792067,0.001688634348951723,0.009630938069373809,0.012147102699939193,0.012452626977162984,0.011348782024001691,0.008106330851520715,0.005467073721139687,-0.19326953646595024,-0.18385509454935278,0,3
2016-03-15,QQQ,1,-0.00037504664021803524,-0.0003751169877990179,0.007746702101446296,0.007119202156341544,0.007330672918630432,0.010164987648616952,0.007526606876159546,0.003198761265989948,0.04530855294011005,-0.11506940262530585,1,3
2016-03-16,QQQ,0,0.008909216907508899,0.008869763991130597,0.007958139699850864,0.007558767788818346,0.01103302649296567,0.01747795879124281,0.014289783145744814,0.011375378896580286,0.19485684986766993,0.04867715483896151,2,3
2016-03-17,QQQ,1,-0.0005576205056543326,-0.0005577760337880378,0.007761644674454121,0.0075006117513046625,0.005066417771039555,0.015096060811986334,0.008389987178605432,0.0023305677992314843,-0.06529496956750835,-0.03307091548783181,3,3
2016-03-18,QQQ,1,0.00156715842156685,0.001565931710273638,0.0038697068468604846,0.007484985644761672,0.004391085521107341,0.014753094005202083,0.00781682807600172,-0.0008374868663443805,0.27203219044211213,0.2062358072675754,4,3
2016-03-21,QQQ,1,0.003911765697361291,0.0039041346360679796,0.003917068018139859,0.0069357549106786095,0.00561928340740292,0.01576519216679073,0.007184144811289226,0.005691366006854781,-0.5412010413377103,-0.4309651139215175,0,3
2016-03-22,QQQ,0,0.0030615324026044277,0.003056855455596974,0.0035266015220607135,0.0057197273622561174,0.005311493622724983,0.014783965157255663,0.011289411093743248,0.008770315718695298,0.08975278507224416,-0.3586608343403741,1,3
2016-03-23,QQQ,1,-0.00823149337874618,-0.008265559190839156,0.0048781895929069855,0.006818095611503477,-0.0029047772505863545,0.0038679863696731154,0.009266981429555189,-0.006301550200155826,0.1100088639777499,-0.26267097508906834,2,3
2016-03-24,QQQ,0,0.0002798856813999162,0.00027984652070944804,0.00487076348463419,0.00672003210990142,-0.002733337976682626,0.0014212090973284575,0.007122126724308598,0.005154184766906659,-0.09064261771442506,-0.26406969963047344,3,3
2016-03-28,QQQ,1,-0.0013987314534095185,-0.001399710591390324,0.004830556272562541,0.0043685878110833526,-0.0036465384819530655,-0.0008516533082401079,0.006136144264505355,-0.004183683139236311,-0.269491463036288,-0.4231970105875026,0,3
2016-03-29,QQQ,1,0.01605851570369854,0.015930941694362488,0.008915600562506457,0.006503707552054422,0.010398404859417232,0.012854281806893075,0.02029742862794789,0.017959013218384078,1.1568710724646025,0.22082880063885524,1,3
2016-03-30,QQQ,0,0.004869443020443676,0.004857625629991702,0.009007932835226686,0.006473393487710413,0.012986170534992514,0.014909833149248763,0.008312053655520305,-0.0010961156640705494,-0.20547058293479825,-0.019156103123908252,2,3
2016-03-31,QQQ,1,-0.0014628518302420845,-0.0014639228425963324,0.007389943566351075,0.006220120558123185,0.007826237189235474,0.011605570412233313,0.00603956505748436,-0.0007320811854716443,-0.09912967505628545,-0.07744336289771359,3,3
2016-04-01,QQQ,0,0.01062286279920821,0.010566836615231168,0.007647132191011912,0.006731146998267504,0.0127372989779444,0.01936953376048378,0.018518538043820167,0.016768008839806968,0.23041702413368648,0.15114660989962525,4,4
2016-04-04,QQQ,0,-0.003805709016151959,-0.003812969152541257,0.008259911127255663,0.007058306221769436,0.0036700396325584084,0.013085185647443875,0.006886572417789403,-0.0038057100998775953,-0.3496153700405472,-0.17770888221013914,0,4
2016-04-05,QQQ,1,-0.009641677011976157,-0.009688458926710553,0.007843376520255352,0.00797542913661554,-0.006097716038935053,0.0023105998905670333,0.006966744538852775,-0.0019250077140181964,0.1715842218726329,-0.049456133799121726,1,4
2016-04-06,QQQ,0,0.016440204679198267,0.016306527642986346,0.010760722357097371,0.009355788969056882,0.00783178246016858,0.01640283907492579,0.015781275845633245,0.015414261290982622,0.246077412360316,0.15064197795062095,2,4
2016-04-07,QQQ,0,-0.014367228609704297,-0.014471436562581097,0.013199196888073925,0.01028371358416884,-0.006430814347839875,0.00010074175452623457,0.014723282418929276,-0.008633981266761024,0.1401340996168583,0.2673383286529938,3,4
2016-04-08,QQQ,0,-0.0007331531305098116,-0.0007334220186976381,0.01178305819023211,0.010304876214207923,-0.004693354795004767,-0.002224249889574592,0.012755046184736303,-0.006924217578705759,-0.19845137080287878,-0.0013594037638519074,4,4
2016-04-11,QQQ,1,-0.0036698826064287537,-0.003676633146455721,0.011779225138503113,0.010404282975716158,-0.005913295039632893,-0.007240029080787247,0.013062942260252185,-0.007947407845808035,0.12551751244650178,0.0686212923168783,0,4
2016-04-12,QQQ,1,0.008379247335851714,0.008344336325981416,0.011764314592242925,0.009443748973346312,0.0012616157990261723,0.0004566860289723085,0.015642294560756987,0.007637116569046968,0.10833420637045488,0.19130406132166566,1,4
2016-04-13,QQQ,1,0.012784213271820555,0.01270318507442525,0.010641020005235168,0.010141350194589067,0.013617160088095881,0.011813948816319364,0.007884030435995532,0.005074809204638202,-0.11228780182116715,0.05074481645209783,2,4
2016-04-14,QQQ,0,9.037198704664462e-05,9.036790374494785e-05,0.006907817001414456,0.010103526273043334,0.01031086268909176,0.010320048782698876,0.01198955942843022,-9.016619672723528e-05,-0.3216901252923291,-0.27449987071530924,3,4
2016-04-15,QQQ,1,-0.002524354673861917,-0.002527546229331712,0.0072134974985848714,0.009645410396651087,0.004758705478856928,0.007512685991687862,0.006315951788119953,-0.001714359273366096,0.2414925841729798,-0.0797498685560124,4,4
2016-04-18,QQQ,0,0.005332745764929703,0.005318577026098836,0.006177954438215597,0.00964660961499474,0.005314620258520586,0.011697038167624685,0.00924579990833938,0.00824876418262054,-0.19796471739731092,-0.26180953452375877,0,4
2016-04-19,QQQ,1,-0.006113478349790813,-0.006132242172460778,0.007370793361753337,0.009262529225690173,-0.0027062586425263824,0.0039870223894846735,0.013998610497236056,-0.007986354721379228,1.480506361635165,0.6700330929267309,1,4
2016-04-20,QQQ,1,0.0008139962616466878,0.0008136651463619415,0.004233887932597507,0.007651627404771481,-0.0014080455564932093,0.004831644555433723,0.008864797194756939,0.0008140781131275961,-0.5744419910831564,-0.2692592348570253,2,4
2016-04-21,QQQ,0,9.037046784876601e-05,9.036638468362668e-05,0.004233887881419637,0.005770009257070162,-0.0008308199567987895,0.003491585815937892,0.008138917625032582,0.0006330230933723896,0.11824673780167383,-0.1543039678187058,3,4
2016-04-22,QQQ,0,-0.01509265059199516,-0.01520770374882563,0.007897109643311764,0.0078014763556958884,-0.012951795482723405,-0.01163582284086262,0.014650659166140214,-0.0021059951420855107,0.932825484764543,0.5309826711443424,4,4
2016-04-25,QQQ,0,0.0,0.0,0.006771284338586906,0.007694774381322551,-0.008912369556075883,-0.01197632930855752,0.004970095793314123,0.003037292465901031,-0.6326994932691816,-0.4113284782907406,0,4
2016-04-26,QQQ,0,-0.004863267654198089,-0.00487513182171373,0.006699214652949573,0.007293442523073559,-0.009950704065625482,-0.015835580836824015,0.011628941065040012,-0.006959089301361646,0.3321093374396422,-0.1842186897950423,1,4
2016-04-27,QQQ,0,-0.008022055007039675,-0.008054404814417992,0.006329639201857743,0.005743776170428113,-0.012375084256214253,-0.02077148061849321,0.010620453032808815,0.0022359372214673856,0.7292227865448289,0.36577558841074986,2,4
2016-04-28,QQQ,0,-0.012084227189103958,-0.01215783505967405,0.005933494050849699,0.006274882379598473,-0.016417825455655843,-0.02850158145420134,0.02098423584279735,-0.013184755888412203,-0.0980526197980629,0.17082284129759495,3,4
2016-04-29,QQQ,1,-0.005268896888713459,-0.0052828264765105715,0.004441897898308159,0.006251175363021488,-0.01566071310065098,-0.029254539932586976,0.015242781004788687,-0.005269077578337688,1.2638120342609547,1.243909119799167,4,4
2016-05-02,QQQ,0,0.009458851833448412,0.009414397002361241,0.00813796849823437,0.00705793583215432,-0.0021505557141260345,-0.015997448185869012,0.012454002466542487,0.006887474022519347,-0.6324033965998448,-0.1957006882982809,0,5
2016-05-03,QQQ,0,-0.009276530381970183,-0.009319825349334288,0.008466567582340422,0.007226652355862277,-0.0063529750708298804,-0.02077365447364732,0.009343200280464495,-0.0021705901238797385,0.5543528198018843,0.26622073029604154,1,5
2016-05-04,QQQ,0,-0.006431420282886791,-0.006452190970891891,0.00835559538154357,0.007002838111091232,-0.008026343266753888,-0.02200820169042239,0.006565824202597929,-0.0003805622564132944,-0.28766068437673387,-0.12501230100634175,2,5
2016-05-05,QQQ,1,-0.00028553795842467533,-0.00028557873214918317,0.007363171627759199,0.006972531956915916,-0.005944187977862225,-0.017135884394263168,0.008062279247417363,-0.003888870918358966,-0.24336748621448978,-0.3391598965956154,3,5
2016-05-06,QQQ,1,0.005331876151386528,0.00531771202501119,0.007827965402622513,0.006735784239318854,-0.00037900383860400844,-0.00874116218089993,0.011483224385092703,0.010334945751719497,0.4796205521428125,0.004341802411256257,4,5
2016-05-09,QQQ,1,0.00284182263210786,0.0028377922880480355,0.006159824495203608,0.006940025064750344,0.004058782495711233,-0.003022490771551145,0.007860610472971898,0.002746480969649185,-0.37286928816424725,-0.38014029878564104,0,5
2016-05-10,QQQ,0,0.013694438897385197,0.013601517446002909,0.007409041216296685,0.008622134088874701,0.014729606755619074,0.011697518092833592,0.012328228235063177,0.010069637430012728,0.09794396980756459,-0.32390561513099925,1,5
2016-05-11,QQQ,0,-0.009037266038190772,-0.009078349837712274,0.00828129135161197,0.008719375788625265,0.003074592342893867,0.0037087811425629003,0.010823887772081498,-0.007558062633507287,-0.010038292829183781,-0.30381547887651783,2,5
2016-05-12,QQQ,0,-0.004419023450943471,-0.004428816195300556,0.008818880648715182,0.00794999633599258,-0.0029940570368776065,-0.00035873771789085573,0.015007958587008374,-0.0067535992550516386,0.3925346866161412,-0.028532812135029784,3,5
2016-05-13,QQQ,1,-0.0036830888638568204,-0.003689888135661512,0.00880775158440153,0.007855996142644537,-0.006516504186669492,-0.003833603967689503,0.01096404536158065,-0.002835567515163962,-0.27869969824943575,-0.17120270513316493,4,5
2016-05-16,QQQ,0,0.012511790395182354,0.012434164765504185,0.010516725817705637,0.008317957165255014,0.0041360865080315445,0.008534997559835444,0.015616141100614135,0.010978572709730358,-0.13046017673901789,-0.26040256421026786,0,5
2016-05-17,QQQ,1,-0.012544384395581809,-0.012623729440345954,0.009613743302429896,0.008779714132920658,-0.004999517984731194,-0.003881327828791692,0.01723980051918196,-0.011711795752686962,0.6346037276306664,0.25264431416481936,1,5
2016-05-18,QQQ,0,0.003602613663023835,0.003596139794328046,0.009432261699077968,0.008559291493708009,-0.0004720477919084587,-0.0010568188150238411,0.013207900207749491,0.005891322302995567,-0.08045715889311689,0.15161962461193434,2,5
2016-05-19,QQQ,1,-0.005195271939737567,-0.005208814289491492,0.009510594105196682,0.00876686047981511,-0.004574669744920823,-0.006518489029772256,0.011095288789051179,-0.0013276376832628372,-0.0068956998154364735,0.11318760753810286,3,5
2016-05-20,QQQ,0,0.011014862167451955,0.010954640392649928,0.010695447492734225,0.00929672462565412,0.004547691492945871,0.0035819145871158753,0.011633437225772416,0.006998939187312562,0.08103283018591823,0.20934618299804053,4,5
2016-05-23,QQQ,1,-0.0013150463592682682,-0.0013159117915373386,0.008894520710010416,0.009292123869619725,0.00415513268700507,0.0018372239813446711,0.0069424701115828515,-0.002439201761596408,-0.4676814576170236,-0.3467251534364023,0,5
2016-05-24,QQQ,1,0.02003176809674434,0.019833772004064443,0.010073953012689821,0.010439998435171939,0.01853736916819604,0.02081895135075862,0.01589970985180907,0.01440330099046554,0.9028404684102787,0.199477270231734,1,5
2016-05-25,QQQ,1,0.007191786200081651,0.007166048631429334,0.010021308113405337,0.009939018798355423,0.019391139784430855,0.02538103786139745,0.008174881668002704,0.003398503792167085,0.2679602957439202,0.42396338608202866,2,5
2016-05-26,QQQ,1,0.0029292914603398224,0.002925009446250293,0.008169820668404867,0.009619084597789087,0.014331720778584245,0.024854223750520044,0.005578423583571663,0.0019204306118244243,-0.42332227541849243,-0.15567305733702863,3,5
2016-05-27,QQQ,1,0.0052027170907478215,0.005189229718612687,0.00804084152591764,0.00929131994970975,0.012745615702211444,0.025743722814782988,0.004834432113244909,0.004560795516980744,-0.09210953170762914,-0.2299103293170076,4,5
2016-05-31,QQQ,1,0.0019068656905527614,0.00190504993007945,0.007324291024740092,0.008850091504692969,0.007248195575875638,0.024341359300068977,0.006619544477820932,0.0005440475086858043,0.22627579265223963,-0.07730763972960819,1,5
2016-06-01,QQQ,1,9.061617215921913e-05,9.061206676186373e-05,0.002784323332481799,0.007060453997886711,0.0038754390341331213,0.01982349313122511,0.006272680109197443,0.0031818043101917615,-0.19677338597477645,-0.2286026559732992,2,6
2016-06-02,QQQ,0,0.0020842799490665698,0.0020821108510959974,0.0018575755199424983,0.007099215225974307,0.0035211500492311476,0.017510620088573292,0.009624966721415697,0.004086121754831448,-0.1979868686610633,-0.3510774241371284,3,6
2016-06-03,QQQ,1,-0.004702554643445045,-0.00471364644038097,0.0036390950206163673,0.007026603575813054,-0.002103566574407356,0.008318648997764688,0.009785284082437276,-0.00280878119302105,0.29135608985385364,-0.13679870404186312,4,6
2016-06-06,QQQ,0,0.0036344637759704312,0.0036278750719453967,0.003220849094565917,0.006636452531141025,0.0009242826265452031,0.008297567945665385,0.00616724371486602,0.0018138667183688567,-0.38320366652030846,-0.42590340865259224,0,6
2016-06-07,QQQ,1,-0.0025348671183409444,-0.002538085333643636,0.0033798469077752765,0.0067492371692678835,-0.001323342170459263,0.0022195175331471972,0.004524068179397362,-0.0030763332267252203,-0.02544311492193496,-0.43125066225644715,1,6
2016-06-08,QQQ,0,0.0017244304797434662,0.0017229453565859032,0.0035020820590422846,0.003485880367627471,0.000362542085787787,0.0022065442781706857,0.005798671502418325,0.0,0.1956944592631502,-0.26741527381854513,2,6
2016-06-09,QQQ,0,-0.0016309445878748274,-0.001632276025863355,0.003351091623397583,0.0030449163983844473,-0.0005624024179441411,-0.0002903862090517517,0.0054585014930486585,0.0024563707874698574,0.20611996952370504,-0.01552494019172268,3,6
2016-06-10,QQQ,0,-0.011344299911036582,-0.011409137304216443,0.0057739115134797965,0.004807757771902534,-0.00988864952099211,-0.011075096149886332,0.007693048342369264,-0.0022895869073192437,0.8760386077534204,0.7389712612117885,4,6
2016-06-13,QQQ,0,-0.008352872755459595,-0.00838795348358623,0.005303293836897546,0.004913231783982678,-0.01380283195777221,-0.017462432232682512,0.009601190163011397,-0.0026772610445382106,-0.2369270438343698,0.2909723747605861,0,6
2016-06-14,QQQ,0,0.0,0.0,0.005639954730250247,0.004783828685200465,-0.009916323329286603,-0.015393817507665442,0.010952295605832642,0.0026916736706643686,-0.02250871606498983,0.26047555481737117,1,6
2016-06-15,QQQ,1,-0.002869623057345838,-0.002873748319446534,0.004802400786110921,0.004724211563821996,-0.007938651914272454,-0.015860246174017933,0.008311030734785578,-0.005263641056470694,0.000699514000447321,0.22962469154064258,2,6
2016-06-16,QQQ,0,0.0029708537053720896,0.0029664494402981134,0.0058890606902155945,0.004824945077281563,-0.0010353880156452888,-0.01064064914875218,0.015299928652813658,0.0079298297859983,0.30375888513637084,0.48181423035723947,3,6
2016-06-17,QQQ,1,-0.011721411101850654,-0.011790648412085325,0.006009120127299889,0.005651323949318511,-0.008773730447991346,-0.019285945844211172,0.013391634499706687,-0.00967172814408679,-0.08949840866087488,0.29569497528274913,4,6
2016-06-20,QQQ,1,0.006291787935194915,0.006272077271159304,0.006862223191202477,0.006047205811397012,-0.0014533597708048518,-0.010375351191672433,0.010767622728753822,-0.005291002293350742,-0.2960066829174769,-0.11932845089725475,0,6
2016-06-21,QQQ,0,0.0031727150015712358,0.003167692561706126,0.007126982412629325,0.0063320627969619256,0.0021686474873376937,-0.005041978999037244,0.005778217417971213,0.0018639044040447592,0.10899780185577845,-0.06582611595273935,1,6
2016-06-22,QQQ,1,-0.002418676963340305,-0.0024216066874576114,0.0070911730741114775,0.006182274845577331,0.0001062049009996624,-0.004835562602244048,0.009669030672493266,-0.002975080904496094,-0.0035037559035436816,-0.09919437988498614,2,6
2016-06-23,QQQ,0,0.014267064471348512,0.014166247681987265,0.009721677141917294,0.00817828238983953,0.012454324809507478,0.010419512202819892,0.010826299363831192,0.006477255021919949,-0.17646385791358987,-0.26149895090089925,3,6
2016-06-24,QQQ,0,-0.04118772774041046,-0.042059976900579166,0.02165917200459105,0.014984873822001294,-0.025254192874837877,-0.02725702936184271,0.023260270790408898,-0.005815067697602224,2.6342830577849976,1.3578221396984493,4,6
2016-06-27,QQQ,1,-0.01984865846255246,-0.02004828910037304,0.021716250481313083,0.01577721592014771,-0.03569684543192908,-0.04162761655407676,0.01785712839159179,-0.01332043700524462,-0.2909765382053646,0.5479602662399465,0,6
2016-06-28,QQQ,1,0.02191358789140674,0.021676936241438405,0.02564772857097734,0.017942793393429274,-0.008880795042633283,-0.017602381778155873,0.011707780380622267,0.010740209257279355,-0.4139552823779722,-0.10339484434427382,1,6
2016-06-29,QQQ,1,0.01771023792796167,0.017555239033441694,0.02773803132516745,0.01909535330700635,0.010455362418558156,0.0008539372940252754,0.012347980978690162,0.009783423169068486,0.10955535268182559,-0.02602791891574563,2,6
2016-06-30,QQQ,1,0.011569839182438812,0.011503420405219345,0.027380382427476303,0.01947806232772561,0.024541728094593873,0.012636740353543452,0.013898050395558574,0.00986010961424809,0.15767284184879138,0.11294963477354436,3,6
2016-07-01,QQQ,0,0.0050213917409311914,0.005008826598868588,0.016449921530597354,0.01907641434703713,0.02230377905999892,0.016200132263748834,0.009582346536063885,0.005488919704258571,-0.4517255818053597,-0.37187698726415164,4,7
2016-07-05,QQQ,1,-0.006106735711202682,-0.0061254580823559834,0.01104600458524934,0.019143939416922447,0.00616310733080172,0.009747655402942978,0.007627265444378692,-0.0008371683145453612,0.06356392065438032,-0.33322434549020274,1,7
2016-07-06,QQQ,1,0.008192342753655657,0.008158967669941397,0.008836443340058321,0.019289701731067168,0.007160844379526354,0.01725487868815545,0.01664950629805034,0.013001583968152791,0.16115911356346158,-0.2300726283337583,2,7
2016-07-07,QQQ,1,0.002955011876606406,0.0029506544111415067,0.006682569944135326,0.019261458506807896,0.005815511402357254,0.018940069213909894,0.006918819090799999,0.002029531527733447,-0.22041311184614698,-0.39300106152034675,3,7
2016-07-08,QQQ,1,0.015466656521079702,0.01534826695574143,0.007861743848843519,0.019353675919827385,0.016177889746329832,0.03321670846496505,0.012271098944446689,0.010073316247774236,0.5373322826262805,-0.09755440027203965,4,7
2016-07-11,QQQ,1,0.005711637463182262,0.005695387906948568,0.007865951686163468,0.012202866708345588,0.01664317523604275,0.032694794988382236,0.006144327162120259,0.002349346169081504,-0.3136476123552595,-0.27435713752490765,0,7
2016-07-12,QQQ,0,0.005048169536980174,0.005035470249980634,0.004842788464972877,0.008151918833525219,0.01420922675583891,0.02902765455371048,0.004031937775968275,-0.0010751970784498076,0.08346811088854267,-0.13178628231758815,1,7
2016-07-13,QQQ,1,-0.002421926884501935,-0.0024248644934932173,0.006494371020797683,0.007380961031806844,0.006406315613757041,0.020170257660252267,0.005458618437150447,-0.004742718382969799,-0.036441904309758466,-0.13901765993159554,2,7
2016-07-14,QQQ,0,0.006833503059027857,0.006810260502308374,0.00636688465298578,0.0062261722728261795,0.007159316152661077,0.021827241109427797,0.004376612157654257,0.00017867338892924145,-0.011218601654364724,-0.11063783004323446,3,7
2016-07-15,QQQ,1,-0.0016073825089739646,-0.0016086757342295144,0.004371972317924517,0.0061282583864194036,0.0028345586179761018,0.016234364371130683,0.006682109891968342,-0.003920124914344343,-0.13759283215945572,-0.1681328894687536,4,7
2016-07-18,QQQ,0,0.006618856267247342,0.006597047816545576,0.004543022336337358,0.006181062670329985,0.006564928965316019,0.018830301951537454,0.007955657171695472,0.00598907796992776,0.15081697621574164,-0.046248470186948,0,7
2016-07-19,QQQ,1,-0.003643191081823538,-0.003649843665121999,0.005136801492648142,0.005765560059465477,0.0017509933145125611,0.010808420801661445,0.0049041733773931145,-0.0001783706838053093,-0.08579745967683539,-0.11902739306692367,1,7
2016-07-20,QQQ,0,0.011682893068897915,0.01161517499205278,0.006398680378830511,0.0061210587822003015,0.00945020984469691,0.017901134784489958,0.009313491854298186,0.006209017127023331,0.32007688773651166,0.16069123576640854,2,7
2016-07-21,QQQ,1,-0.0022920291009077554,-0.0022946598201665225,0.006675652002439745,0.006497206564388778,0.004990242963848424,0.011429640138124197,0.007663804993960398,-0.002995034777526056,-0.24452053972533694,-0.12199521605619856,3,7
2016-07-22,QQQ,1,0.004152679599712439,0.004144081022322332,0.006354002354734041,0.005151302715221634,0.0058589912794735355,0.012598374523376643,0.007681397675951477,0.0034433991020002067,0.05919916972899708,-0.02726123322310836,4,7
2016-07-25,QQQ,1,8.817449898623764e-05,8.817061184362984e-05,0.0061707904163901895,0.0051303051505227765,0.003957305024491875,0.010230401070067341,0.003610458532264627,0.0008806455236495111,-0.3517052101142806,-0.346331662546827,0,7
2016-07-26,QQQ,1,0.0011436524808299264,0.0011429990085138897,0.005400035566837997,0.005058330619002194,0.0021665716005843105,0.009322420366976614,0.00862520422328139,0.0014961993032553986,0.6366160038864599,0.07349602164411739,1,7
2016-07-27,QQQ,1,0.006942644625809624,0.00691865543688408,0.0036011609331774133,0.005003856949581104,0.007101956731428771,0.013309768172975245,0.006797374982979303,-0.0014814655245778867,0.3025989690818798,0.353571386605146,2,7
2016-07-28,QQQ,1,0.00349108208790061,0.003485002406497628,0.002688174624067665,0.004827259236652748,0.007430062361396761,0.014156646485208979,0.006186816584665303,0.0019170548676181072,-0.38726619667873585,-0.15434394848495592,3,7
2016-07-29,QQQ,1,0.0021741757022919472,0.0021718156025283264,0.002651560970375014,0.004598725028345148,0.0068327380559385364,0.013296030415353322,0.00581393770709149,-8.672775964255452e-05,0.32146968364256745,0.09356459174705645,4,7
2016-08-01,QQQ,0,0.005293766099597974,0.005279803375093373,0.0023399817665918513,0.0045020887485794905,0.008321407162686256,0.015712672091787727,0.00832537598472189,0.004596295122004151,-0.37503182892344533,-0.29334542231022365,0,8
2016-08-02,QQQ,1,-0.007596446014442759,-0.007625445968205469,0.005692219205571407,0.005251932943479062,-0.0013723405067418426,0.005501775101670159,0.013400150833402699,-0.006138143820454165,0.5209612511704707,0.06222999208259661,1,8
2016-08-03,QQQ,1,0.003305344305396085,0.003299893662439324,0.005115606255176797,0.004185755649703171,0.0006072716583107596,0.007151569325208218,0.00478798127633584,0.004091525899459234,-0.2945287239642078,-0.21130805394374874,2,8
2016-08-04,QQQ,1,0.0028609628962767975,0.0028568781309834534,0.005056589469099547,0.003954564186794984,0.002270098014530486,0.007841667607646707,0.006504769992619405,0.0032089775142626004,-0.14495746537608334,-0.30349492488394114,3,8
2016-08-05,QQQ,0,0.00959632482619055,0.009550572570561577,0.006338291355552627,0.004580554001287661,0.009177431586165019,0.01474582823488424,0.007827315030005385,0.004472704571750202,0.8072503174838142,0.23731895557107174,4,8
2016-08-08,QQQ,1,-0.001112957881740595,-0.0011135776792787766,0.006328406626517742,0.004672353790849893,0.0066449510739481354,0.010989767357302505,0.005049674647189465,-0.0016261110746894501,-0.4672408887509376,-0.33865554133255704,0,8
2016-08-09,QQQ,0,0.0023143726912984164,0.0023116986558360253,0.0038806919170799835,0.00464612755256565,0.005573087009190569,0.010588123742727662,0.005310971029017383,0.0015418905985062098,0.07430693790357812,-0.2579540849833024,1,8
2016-08-10,QQQ,1,-0.0025657349523358075,-0.002569032091189527,0.004712795480530092,0.004660443196324549,0.0007895722081010526,0.006220987170201475,0.00606888706246002,-0.0031626217962525773,0.10634579896810159,-0.11494229325414951,2,8
2016-08-11,QQQ,1,0.0042874815860363125,0.0042783165242124,0.004803707767875026,0.004699645888873572,0.0025852854189052366,0.008672684837470523,0.005041907231332285,0.0008546069593615092,-0.11700389422946,-0.1993451443577655,3,8
2016-08-12,QQQ,1,0.0006826834858306707,0.0006824505634615008,0.002712292554661672,0.004712067435838711,0.0025488737316150534,0.007651703161741574,0.0035921841902394644,0.002394789460159643,0.4941633641228085,0.2189307576378947,4,8
2016-08-15,QQQ,0,0.004266613482950099,0.00425753729487699,0.002865498268655853,0.004635761691486345,0.0050209750198992875,0.010335240071700502,0.005624232387654645,0.002982517926476821,-0.3922390216213427,-0.24872728618057005,0,8
2016-08-16,QQQ,1,-0.005522817775046596,-0.0055381249181918335,0.004297481041760629,0.004204844714536935,-0.0007513943185888383,0.002956020306023488,0.003915552190401835,-0.003660199973516624,0.20238075022499968,-0.05372582010673932,1,8
2016-08-17,QQQ,1,0.0017941804194450128,0.0017925728003751473,0.004021977789754346,0.0041722098447856135,-5.120368639788264e-05,0.0031052331608414363,0.007430839878508345,0.0015374129002450815,0.12844069089214338,0.06094475423125112,2,8
2016-08-18,QQQ,0,0.0002557529437707817,0.0002557202445609974,0.0036062479694687877,0.004170231523651799,-8.531938798361782e-05,0.001973216220622742,0.004353411264086132,0.0011950438568070446,-0.3719579732545697,-0.32106561641083364,3,8
2016-08-19,QQQ,1,-0.0002556875509268641,-0.0002557202445609974,0.003605463844057994,0.003025167461059823,-0.00044327568085400504,0.0013064415780343897,0.0064912409886412736,0.0015374129002450815,0.8675208991361358,0.30731035002270346,4,8
2016-08-22,QQQ,1,0.0007673284808065173,0.0007670342348200521,0.0028586004290305053,0.002977750361557473,0.0009210470679292815,0.0014761933126008486,0.005807501293393852,0.002220532448221893,-0.22634583577869072,-0.003484909606076725,0,8
2016-08-23,QQQ,0,0.0017899418754323548,0.0017883418385045147,0.0009158896482870079,0.00294872657090144,0.00184098000186661,0.002721089383139752,0.004244121979132722,-0.002122060989566361,-0.17259285822655612,-0.1681671167439136,1,8
2016-08-24,QQQ,0,-0.00646510969379499,-0.0064860990299528964,0.0032659981062087514,0.0035937931320528566,-0.003855014402408985,-0.003914516050709582,0.010469830544710049,-0.005788221703652582,0.4776502554613724,0.2037836751433375,2,8
2016-08-25,QQQ,1,-0.0016264976543010068,-0.0016278218376593045,0.0032247605403200852,0.0033148911604598615,-0.004320398228883859,-0.005101921897488593,0.0052360567412151286,0.000944211247652897,0.3687580025608195,0.5303084479978408,3,8
2016-08-26,QQQ,1,0.001457765152311108,0.0014567036441857084,0.003429184106089519,0.0033526798286852345,-0.002050917699476962,-0.0032944571138604495,0.012516065712598848,0.0011144213606300618,-0.015259845959210927,0.4652185349899409,4,8
2016-08-29,QQQ,0,0.0013701816525739652,0.001369243810271925,0.003508424240789683,0.0030175194254454824,1.713904907729713e-05,-0.0012809561258297908,0.0039380112497811965,0.0011129602391035706,-0.5319342149313693,-0.3116789767587267,0,8
2016-08-30,QQQ,0,-0.003249589026056321,-0.003254880406793781,0.003335804257039478,0.0026753191980963256,-0.001524770549827692,-0.0041096334994426,0.00796567602382227,-0.0016274299049785868,0.7741151016102066,0.17990358984238664,1,8
2016-08-31,QQQ,1,-0.0010295057482547776,-0.001030036053297323,0.0020231968531692077,0.0025627499953644484,-0.001937167645877036,-0.004437413900727605,0.005241455789204767,0.0005155970906032905,-0.18512545796314117,-0.03960875897148364,2,8
2016-09-01,QQQ,1,0.0025764518765389877,0.002573138514328832,0.002345582572611029,0.0027565181206725678,0.0004113504677709656,-0.0014028207455670794,0.008327554630439096,0.0022320956330953014,0.29529740627589707,0.16829879425598193,3,9
2016-09-02,QQQ,1,0.0032552263242799917,0.0032499395450704682,0.002693659232248569,0.0029992496561971533,0.0030833526307509906,0.001967810477686127,0.007500828978068873,-0.0017047131670851062,-0.13638295129555444,0.01266148771360931,4,9
2016-09-06,QQQ,1,0.0062325724817748895,0.006213230327885455,0.003727517366012035,0.00361309241418665,0.007764338447635133,0.0077815610072706765,0.006733727562072233,0.004517548420350506,0.024159396733782312,0.014273590845629514,1,9
2016-09-07,QQQ,0,0.0005941851766253503,0.0005940087185081211,0.0027588991210107626,0.003582785971091687,0.006023185214154125,0.008070051504475373,0.00551035546730915,-0.00033910576329098296,-0.05280914645995727,-0.06761639584683887,2,9
2016-09-08,QQQ,0,-0.00585147168813982,-0.005868658627318446,0.004511246699387414,0.0034568649933010265,-0.0012098540536310542,0.0018030864696334525,0.005783790992097084,-0.002891863049869453,0.14694333472009302,0.055943997238058873,3,9
2016-09-09,QQQ,1,-0.02516418322420766,-0.02548621521446126,0.012546181059661744,0.008821019745987924,-0.022245032212247606,-0.021458059330319634,0.01935483870967742,-0.016946247059811827,1.5248468345813477,1.3401428403003441,4,9
2016-09-12,QQQ,0,0.017938317674723647,0.01777932461745735,0.01597375304998293,0.01084272091449823,-0.0033584313413997924,-0.003520693457330748,0.025167200155864152,0.023671264131063383,-0.21977120163421782,0.7023662917218434,0,9
2016-09-13,QQQ,1,-0.008939860853902526,-0.008980061179505228,0.015634450349298782,0.011148659143865204,-0.007916569394951889,-0.011031293779121043,0.01174939940351647,-0.003974074163910637,0.15683549412298836,0.7141115520397538,1,9
2016-09-14,QQQ,1,0.004770409899919947,0.0047590675520750025,0.01606585401848486,0.01128555354602445,0.000397232183198426,-0.005699402094920036,0.009444622933003327,0.0037257833995063138,-0.3846620108625738,0.02273242032563716,2,9
2016-09-15,QQQ,0,0.015538428586314934,0.015418943357087045,0.017997964943480348,0.0123730081061457,0.015222947810741516,0.00871151448498031,0.016915500457520036,0.015275710719862032,0.3649519166034767,0.2913786843769979,3,9
2016-09-16,QQQ,0,-0.0004771547828883449,-0.00047726865745723046,0.011179179339176552,0.012370064818650049,0.008984927912097485,0.007501225501773456,0.005971716177674682,0.0005971651091559242,-0.28360599562840394,-0.09504391725160155,4,9
2016-09-19,QQQ,1,-0.004348050163440864,-0.004357530423965805,0.009416603824492898,0.012435175919525162,0.0033191583503160427,0.0031613387637976498,0.011905722766259324,-0.006888320297810463,-0.4121392205533311,-0.4647377353809119,0,9
2016-09-20,QQQ,1,0.0018841049434175083,0.0018823322439844858,0.007525871608801932,0.012269072971370486,0.0017700395043622752,0.005531166162799472,0.005802050536537835,-0.0017064586471833277,0.1143876865418636,-0.40263008505911047,1,9
2016-09-21,QQQ,1,0.009828803984161638,0.009780815480468164,0.008064504551612638,0.012692892412603459,0.007133044021602197,0.014956659257082894,0.012851082010472074,0.0055319278798204785,0.7449802528956888,-0.003690351554542781,2,9
2016-09-22,QQQ,0,0.0079559677480745,0.007924485905447476,0.005884703918514629,0.01267401596853489,0.012136407735974242,0.021143032161524244,0.004207337726419816,0.002103668863209908,-0.2831475775672968,-0.2913636511768407,3,9
2016-09-23,QQQ,0,-0.00638163036125905,-0.006402080012127165,0.007195511843013316,0.009107766724233511,0.003902614288773698,0.010868486336469418,0.007058792755383404,-0.005630236713826156,-0.017732064525258218,-0.23540671272799618,4,9
2016-09-26,QQQ,1,-0.008366448834141615,-0.008401644010429088,0.008205676154330661,0.008328569303579031,-0.005441520113458886,0.0012984750665772093,0.0053544523474750114,-0.002719762997269084,-0.261531327937191,-0.38627360601249006,0,9
2016-09-27,QQQ,1,0.009885792227639634,0.009837247457144649,0.009150904985300197,0.007912628795870465,0.0018430711137027433,0.008187620849475552,0.012024526752751862,0.010574772652049973,0.2337553874383531,-0.16251927826958834,1,9
2016-09-28,QQQ,0,0.0016879114206744816,0.001686488499144545,0.008216223328075497,0.007897279547300866,0.002601652909667962,0.007190502346799521,0.005731144512690676,0.0004213689146255652,-0.2689985374337892,-0.35178280213082735,2,9
2016-09-29,QQQ,1,-0.007245267251503207,-0.00727164167063421,0.0077794715667232174,0.00702711556407495,-0.0025562543310873043,-0.0005258359972518667,0.011729952655261076,-0.005569651157041139,0.8390528784734661,0.25428332627225103,3,9
2016-09-30,QQQ,0,0.00746759040048528,0.007439845984301918,0.008313870969056269,0.007353147126304948,0.004229262952631929,0.005718016855601915,0.008802377503986302,0.004824373148225218,-0.06117063309749149,0.18881112371860453,4,9
2016-10-03,QQQ,0,-0.0014318466127625218,-0.001432872684692832,0.006881200393285526,0.007162395638454301,0.0007428174768295825,0.002774396034240789,0.0051446454577176665,-0.00016864841964977367,-0.24769018760374584,-0.11793475441907053,0,10
2016-10-04,QQQ,1,-0.0015180810455029947,-0.0015192344980370365,0.005367644067434575,0.007224163931469834,-0.0005570806158273767,9.315496440520654e-05,0.010428977941553449,-0.004457517010052513,0.10529027289190473,-0.039005872824837806,1,10
2016-10-05,QQQ,0,0.003548010496748244,0.003541731155900507,0.00559167515165405,0.006638789437302657,0.002836561213539923,0.003099082253583463,0.004211590253191531,0.0005896200648961228,-0.318196584697524,-0.28996702663610396,2,10
2016-10-06,QQQ,0,-0.0005051646328521064,-0.0005052922714927632,0.0039220840406378465,0.006109557801517412,0.00082604093498162,0.002897222753160733,0.006995969616694947,0.0007586308812220819,-0.17223591804603178,-0.3799515014079903,3,10
2016-10-07,QQQ,1,-0.002189855797498308,-0.0021922570379260264,0.0022975184186157342,0.005779757808401211,-0.000944568483894459,0.0005827034932046615,0.009424459618776785,-0.003113388830268179,0.6671421778411792,0.04576757231967177,4,10
2016-10-10,QQQ,0,0.006330652015691829,0.006310697610206084,0.00366063679015679,0.005219753340678893,0.004245300666719798,0.005320782641854649,0.003779010503167147,0.0011756750713445762,-0.014856736822089434,0.012828519894597878,0,10
2016-10-11,QQQ,0,-0.014259303486054753,-0.014361944246169323,0.007921977849559425,0.006411106984364485,-0.008654886429398378,-0.00819477501963195,0.017965071694978966,-0.013431884373941006,0.41077750631117516,0.37554639220188246,1,10
2016-10-12,QQQ,0,-0.0008508548616573686,-0.0008512170441123956,0.007464022904621386,0.006351118998707168,-0.007203681196977008,-0.007966999560870547,0.00646095514729246,-0.0017852511211085174,-0.4862967336828158,-0.2915299701224844,2,10
2016-10-13,QQQ,1,-0.0035767168719712528,-0.0035831286169925036,0.007406070719000821,0.0060534712578995805,-0.007852187677392375,-0.010813229617973819,0.011833280920227165,0.003258422607343884,0.5994757425811967,0.15841228330213242,3,10
2016-10-14,QQQ,0,0.0011965185654645438,0.0011958033076151509,0.007639463390558175,0.00540342835380601,-0.004419415783978309,-0.008304944769064737,0.008334779228373508,-0.003742153721331535,-0.06606634240392617,0.10561931810813263,4,10
2016-10-17,QQQ,1,-0.002731790094478992,-0.0027355282424821326,0.005998997488286751,0.005421872080679955,-0.0030721593281399784,-0.009563469483576559,0.005382816796688175,-0.001879709663210863,-0.3345610487348275,-0.24455147257785814,0,10
2016-10-18,QQQ,0,0.008902637945210401,0.008863243103384377,0.0049984916525891605,0.006333346872457308,0.005219750036874249,-0.00031370730956692405,0.005160313129819561,-0.002960819531611581,0.35916997468747125,0.03763245804889559,1,10
2016-10-19,QQQ,0,-8.508885253089016e-05,-8.509247279242516e-05,0.00495492693862377,0.006183268293122047,0.004397520097498608,0.00039886637221342447,0.00322660494395404,0.000679305708882327,-0.28914700130209003,-0.25929229275654686,2,10
2016-10-20,QQQ,1,-0.0011878889249197222,-0.0011885950242023213,0.004531591933748361,0.006183703728674266,0.001991817972211596,7.64204106546984e-05,0.007984391528099702,-0.00016991651992303598,0.323238146669683,-0.05137789868815146,3,10
2016-10-21,QQQ,1,0.0037379535968866673,0.0037309848089455144,0.004668906904046125,0.0063230325389654896,0.004010858485323343,0.004087647980363984,0.006876040217400174,0.0029711244911200456,-0.13370688609214543,-0.15940879592392632,4,10
2016-10-24,QQQ,0,0.012018693738543584,0.01194704276832681,0.005694574240909151,0.007178937671508917,0.011350955514633831,0.015853297538310107,0.006391406213307881,0.005550382746520352,0.21869389729943078,0.02741600821803991,0,10
2016-10-25,QQQ,0,-0.0031782101254270723,-0.0031832713618547004,0.006007868871099493,0.005284317083641993,0.005873627191018471,0.011190021344391399,0.005432978344992754,-0.0037612583629043584,0.06262341325811005,0.1371172770631206,1,10
2016-10-26,QQQ,0,-0.006795811648584116,-0.006819008329816079,0.0072782918838140195,0.0058706274341793615,-0.0018549997577973487,0.0035008723987641766,0.008444519637412407,-0.0003377885166851292,0.0059925866934096295,0.1056373527636747,2,10
2016-10-27,QQQ,0,-0.00456147165078713,-0.004571906908109824,0.007668346498496715,0.005960334587659126,-0.0066257897809453015,-0.0017873428209628228,0.011102697464889962,-0.008831718875837042,-0.06664972610036313,0.05312027365975247,3,10
2016-10-28,QQQ,0,-0.006279739059852463,-0.006299539559354805,0.00783421027040574,0.006351578062003857,-0.011113334330800972,-0.008022232102322335,0.01165959784325133,-0.0034042683053523938,0.8518152022534267,0.8099129106094107,4,10
2016-10-31,QQQ,0,-0.000939408532303343,-0.0009398500530322096,0.0023851535108051695,0.006291432053472597,-0.0077184040991099545,-0.009096788652426246,0.005105066624290518,-0.004594579436194684,-0.46989620942455745,-0.06246718530141515,0,10
2016-11-01,QQQ,0,-0.007521777717736211,-0.007550208946399906,0.0026297115881249483,0.0058873020036008,-0.01000972165211933,-0.01509026426828064,0.018004954060876825,-0.009215818828868759,0.2533041057313834,0.1507203908160577,1,11
2016-11-02,QQQ,0,-0.008009938523418358,-0.00804219042025256,0.0028578031744738264,0.006203658526770962,-0.012551127553423358,-0.020761506592087864,0.012152061337097597,-0.007325678557817569,0.14730176562958808,0.2397397659769951,2,11
2016-11-03,QQQ,0,-0.009810685305077893,-0.009859127170479098,0.0033634995143195295,0.00662146149145312,-0.0158432099205279,-0.027341918445762725,0.012609832199097544,-0.008174578915336145,0.34291786751532816,0.53712254626414,3,11
2016-11-04,QQQ,1,-0.0035071836584484872,-0.003513348244833736,0.0036294557915574335,0.006166752398229339,-0.013420608333528872,-0.02701914955935336,0.009580768211718018,-0.0010547167155499162,-0.2543198214621104,0.09377563774037445,4,11
2016-11-07,QQQ,1,0.02375707799596194,0.02347926995461158,0.014040104767463287,0.009655261472437147,0.011141171226638047,-0.0011504215378639326,0.010130731583573383,0.007446537589913265,-0.01504954162422445,0.045758419863086264,0,11
2016-11-08,QQQ,1,0.006532055489912869,0.006510814065383563,0.013817691826206001,0.01007909309443832,0.015980170443258945,0.0071725698189233356,0.014454101838202884,0.007571171195061945,-0.218617437347694,-0.1842616468430326,1,11
2016-11-09,QQQ,0,0.004611147072050903,0.004600548302557961,0.012685808670251873,0.010085505284516547,0.01630940928010638,0.01245241119253504,0.01935370576389759,0.016502537561453246,2.3802453568454944,1.3066734322221074,2,11
2016-11-10,QQQ,1,-0.01614969299137603,-0.01628152052612908,0.014619933562932909,0.011198976635028895,-0.003031835252508608,-0.0021035838772957005,0.03535780969391298,-0.02089325998307103,0.03689075438816314,1.033041594979022,3,11
2016-11-11,QQQ,0,0.00043200326346171103,0.00043190997691766597,0.014280528994881612,0.011096783519792973,-0.00628151859170023,-0.0005523610315740779,0.010498973656114425,0.004772260752779284,-0.435427749109514,0.12967811954774633,4,11
2016-11-14,QQQ,1,-0.010103512193721742,-0.01015489909148215,0.009796962059573639,0.011458176100205497,-0.013409207732637096,-0.008631017535996266,0.01648971451192097,-0.01036004971654063,-0.1266976689885979,-0.05786126688350601,0,11
2016-11-15,QQQ,1,0.01387061911203169,0.01377530246404124,0.011894993249956387,0.0122757637037873,0.0018101786036990308,0.00502429050278641,0.011168839095474838,0.006233776802624459,-0.11444883863421151,-0.18346624825537128,1,11
2016-11-16,QQQ,1,0.0059371569402573154,0.0059196014760836135,0.012077787650591301,0.012034043419199484,0.009045353981492088,0.00948103147945445,0.011411772419121623,0.010720199816662355,-0.47987835177346005,-0.563624130083446,2,11
2016-11-17,QQQ,0,0.007270279231180066,0.007243978151657338,0.0089745596195952,0.011438767559511271,0.012867120730708725,0.013573296508652133,0.010012821431096839,0.007787793530103593,0.24552397191938624,-0.43314026686598006,3,11
2016-11-18,QQQ,1,-0.0037361593270015536,-0.0037431562033267696,0.00950644191350148,0.011454048991414844,0.0064512506586580365,0.006606730291547347,0.007548764869634745,-0.004919438706939947,-0.2024360878894682,-0.5343498706535292,4,11
2016-11-21,QQQ,1,0.010398692585799063,0.010344998096259772,0.006612622364815256,0.00938831972889304,0.010140506392050774,0.015166603127021228,0.009182908132385726,0.007907493413395377,0.23372512736856832,-0.4150326099442003,0,11
2016-11-22,QQQ,0,0.00303703685376977,0.0030324343735905757,0.005349670366371577,0.009261173883343528,0.008601519870253371,0.016691167987339828,0.004873555336893119,-0.0009242971882787219,-0.06995584281027212,-0.45291139100905176,1,11
2016-11-23,QQQ,1,-0.004037098745608647,-0.004045269827807729,0.006461795525166368,0.00934764845081999,0.001962917221581151,0.011920438112451803,0.00624418066349272,-0.0007594630466860868,0.21619470998270618,-0.22873962544452764,2,11
2016-11-25,QQQ,0,0.0032088682651019163,0.0032037308346213322,0.005961756354316822,0.00723898406126239,0.003412174294830761,0.01252863240301183,0.0036268582492443966,0.0020243378720166466,-0.6875686992933787,-0.6907135032391141,4,11
2016-11-28,QQQ,1,-0.0022728441616418626,-0.002275430992318306,0.00565146451807897,0.007379318851477506,-0.000910475202958283,0.007882226156470828,0.005646845009093222,-0.0010114011381268907,0.8818059976545485,-0.3391185992589538,0,11
2016-11-29,QQQ,0,0.0034591647555999305,0.003453195606748949,0.0035582600607780303,0.005940788019366054,0.001869968517784093,0.007675676934448372,0.010198913441483302,0.002528683861271061,0.3764374211736776,-0.005744314500549019,1,11
2016-11-30,QQQ,0,-0.012106813828550278,-0.012180698241202492,0.00637759912714999,0.0066439022736718084,-0.007919632278466815,-0.005602422432436027,0.01402299286505203,-0.01335121661587237,0.6388346898075783,0.6416608984582957,2,11
2016-12-01,QQQ,1,-0.017276665290627435,-0.017427648389038985,0.009322065913077417,0.008553254034216957,-0.020178486387815386,-0.021589920796574957,0.01855951236308124,-0.016941919626088216,0.30887049297326463,0.90899274760624,3,12
2016-12-02,QQQ,1,0.001991836237083211,0.0019898551615016302,0.009066605957900924,0.008124180306294896,-0.01303441141710715,-0.017926886098556305,0.008135731642355593,0.001384767452371917,-0.1738791756079665,0.48934097948196875,4,12
2016-12-05,QQQ,1,0.007778926591639257,0.007748826737778103,0.010831846455308944,0.008610292954056666,-0.002071039194887825,-0.009682181764483544,0.011092011020440348,0.0025794962552990832,-0.34848586237103363,-0.05112690225805727,0,12
2016-12-06,QQQ,1,0.0024011069993394862,0.002398228948013781,0.010677717816805342,0.0078114107963490696,0.003864859814114663,-0.005902750172493643,0.005900987253958878,-0.0004276323580544724,0.2742148582846631,0.1725784714157872,1,12
2016-12-07,QQQ,1,0.012662777844265172,0.012583275317978426,0.011375949543850327,0.008929469840143114,0.015077012907166232,0.00714784642558941,0.019032932375856525,0.014746238251916278,-0.024581124305232405,0.10679988641980853,2,12
2016-12-08,QQQ,1,0.0017740177772080923,0.001772446066224731,0.004799304422042651,0.008856645509591986,0.011499423361575944,0.008805792510686361,0.0058272309776732775,0.0013512036801502246,-0.30215157160887074,-0.21340393831505755,3,12
2016-12-09,QQQ,0,0.007843757242237182,0.00781315489913581,0.004487668900056317,0.009150221295876856,0.012866495696359115,0.01611343150650879,0.004537441440503513,0.004117283043223811,0.1768020927528744,-0.12856992533708322,4,12
2016-12-12,QQQ,1,-0.004518855253331955,-0.00452909614277619,0.00651719339821831,0.009256220743350134,0.004271801942160147,0.011152019979718597,0.006220037456305893,-8.407275891267438e-05,0.063861026112491,-0.10770371035328863,0,12
2016-12-13,QQQ,0,0.012609287073714004,0.012530452024268612,0.007415396831151928,0.010013420975515674,0.010824930242142816,0.022580740151707968,0.015001683876177459,0.009554135036574993,1.3421986044291963,0.8367910481980683,1,12
2016-12-14,QQQ,1,-0.0020755591447452204,-0.0020777161027396573,0.007062539398624966,0.008967142398270534,0.005604722827760478,0.018116138148926098,0.009451947466042837,-0.003316487222076802,-0.47233648874130607,-0.025339610454560124,2,12
2016-12-15,QQQ,0,0.0015806109197085139,0.001579363069006412,0.0070723218623325364,0.00581836023535908,0.004119816775943974,0.015485270701536935,0.008556939069490238,0.00024922138915317777,-0.20815765671745634,-0.18091523833102074,3,12
2016-12-16,QQQ,1,-0.003706878877543174,-0.003713766379074279,0.007016714894329946,0.006316905486221339,-0.0003587763465813243,0.008104235337321963,0.010137952948557566,-0.006149226244712235,0.15471195793043768,-0.031209374791517974,4,12
2016-12-19,QQQ,1,0.004096989546343632,0.004088619737563803,0.0064236753490265,0.006153722445170616,0.0012583528036647085,0.008973944157570912,0.010691603460120292,0.0030905037872946237,-0.1957548156856479,-0.22004698454350946,0,12
2016-12-20,QQQ,0,0.0038304849433710153,0.003823167316673093,0.003508171753534911,0.006147979946742208,0.004348101663380399,0.00943395231845412,0.003652318482222314,0.0006640809350381159,-0.45778122590320125,-0.5508589942232138,1,12
2016-12-21,QQQ,0,-0.0007466385934329356,-0.0007469174668477407,0.003284241081164959,0.005310915238964003,0.0025884316125546203,0.006616035110742935,0.004063000580175606,-0.0011608573086216017,-0.38235704688617844,-0.6995850213897095,2,12
2016-12-22,QQQ,1,-0.0028222327803274494,-0.002826222788182342,0.0036618440510208833,0.005533478092792934,-0.0003659675339344748,0.002184227553267748,0.007055685776609912,-0.00290527492798718,1.351221165934485,-0.2878148087454373,3,12
2016-12-23,QQQ,1,0.0006656637081012828,0.0006654422522860415,0.0029738385147911562,0.005082005143679104,-0.0006984667765571606,0.0019716401537983597,0.003669133156476263,0.002334879782956701,-0.4588465004505857,-0.5921655950307364,4,12
2016-12-27,QQQ,0,0.005158029832494693,0.005144772763980399,0.003272509333715954,0.004853546564000383,0.003238262168023809,0.005287259867991612,0.009214618872598928,0.0029885490045464124,0.7885761865112406,-0.24615722955552544,1,12
2016-12-28,QQQ,0,-0.007779933081092705,-0.007810354648360551,0.004743227688084827,0.00405215395024449,-0.003458048813307024,-0.002347185136388208,0.01148000799990019,-0.009910840431858506,0.11573746477474467,0.014342845760094036,2,12
2016-12-29,QQQ,0,-0.0014180789241653446,-0.0014190853496565126,0.004740048388640904,0.004023209900225701,-0.003628854136370485,-0.003641261934739237,0.006674972319970636,-0.0011681217474413838,-0.26189972851484267,-0.17966040073751732,3,12
2016-12-30,QQQ,1,-0.010274892334457664,-0.01032804343538718,0.006282911504699985,0.005077050648799995,-0.011166895710022162,-0.012592589027376588,0.015090858110312112,-0.012172745162198101,2.146711889956661,1.310167470402864,4,12
2017-01-03,QQQ,1,0.008946246354723186,0.008906465774675354,0.008200425004389765,0.0059176193567090024,-0.0012201715759813103,-0.0037091452929675084,0.009222759328257604,0.002263807160731012,-0.46567342930369593,0.2621547089489664,1,1
2017-01-04,QQQ,1,0.005437922313997756,0.005423190198385441,0.008254377563644041,0.006035655063568371,0.005269380515572575,0.0016251225313226314,0.006267234991858026,0.004345318629710483,-0.1146918538973265,0.12625076560028203,2,1
2017-01-05,QQQ,1,0.005657753268378585,0.005641808295898443,0.007669091533745261,0.006186918582548987,0.00928549875507323,0.0070235122027475505,0.007077422855290458,0.00641135955240546,0.04532864788775193,0.11871941977434108,3,1
2017-01-06,QQQ,1,0.008769685052598675,0.008731454714072662,0.007990233496945328,0.006719962007652256,0.014375856447458757,0.014612164200502598,0.012892541806559916,0.0076859529353370355,0.16614755646837143,0.19457589709924217,4,1
2017-01-09,QQQ,1,0.0032804439494618087,0.0032750750316274946,0.0024137748812454686,0.0065864460755392295,0.011225695446584139,0.016072020942187848,0.004916873797571648,0.002458436898785824,-0.21454829423908484,-0.0721428420716379,0,1
2017-01-10,QQQ,1,0.0022071906701059962,0.0022047584031055223,0.002528175060448014,0.006573823274776788,0.008356305604507286,0.01628877266129991,0.007109027341947688,0.0017976893744127008,-0.14451166627884837,-0.2332034845854779,1,1
2017-01-11,QQQ,0,0.0026917436719047227,0.0026881274178061076,0.0027194854133106073,0.006487815598267433,0.006533928672876055,0.017245106036354985,0.007419516109156884,0.0022829088937091927,0.2787606790054771,-0.0402656041510856,2,1
2017-01-12,QQQ,1,-0.0015454411501375498,-0.0015466365761103162,0.0036986462417560465,0.005724767194854876,0.001910265106653375,0.013274941570462051,0.009960006873867215,0.0020409829729774675,-0.05141158271294599,-0.09651216168990562,3,1
2017-01-13,QQQ,0,0.003421923166085028,0.0034160817092248053,0.002046482858080005,0.005570958253332741,0.0033239465720207306,0.013854686335143862,0.004641691210577372,0.002931600988640279,-0.13717416231367052,-0.23337803951471003,4,1
2017-01-17,QQQ,1,-0.0030045159412601663,-0.003009038560406019,0.0028459751932916316,0.0038860475865481092,-0.00043971003470533176,0.007234890032122188,0.004884390198699649,-0.0004069962866635149,-0.14129869823044394,-0.24919528049374373,1,1
2017-01-18,QQQ,0,0.0020359923061215035,0.0020339224827390368,0.002825077000569056,0.0034125828161564835,0.000878407315427765,0.0063962039347309485,0.004066032325254791,0.0005692420438264879,-0.14023454964404858,-0.32004395341373326,2,1
2017-01-19,QQQ,1,-0.0004875317630079756,-0.00048765064525824187,0.002620718543012127,0.0034363846712473574,0.000309071261341165,0.0036152457497617974,0.00754747846098483,-0.0019477184011681976,0.01688040512972311,-0.2810389122621648,3,1
2017-01-20,QQQ,1,0.0021955244615941005,0.002193117819680346,0.0025727668321409588,0.003228952809849801,0.001674242339624099,0.003868923779690059,0.007367257827402609,-0.0021858537111736722,0.7379845327165302,0.2394011870558288,4,1
2017-01-23,QQQ,1,0.0008114099849956258,0.0008110809698793631,0.002145211912168726,0.0021703449691916647,0.002177523314476293,0.0035228008128338484,0.0077940983903878915,0.001461397319571971,-0.21080077859761892,0.015983757500035,0,1
2017-01-24,QQQ,1,0.006728544684776239,0.006706009059484153,0.0027234867530111177,0.0027429180622819188,0.006647063136004938,0.00875679303968746,0.008010401509013908,0.004773881258739635,0.011856007158344006,0.03568407141628449,1,1
2017-01-25,QQQ,1,0.01006601353028147,0.010015688648272736,0.004407621974862285,0.0038633111767758387,0.012855353120203139,0.01657395539502282,0.004881567020012569,0.0037612133814550154,-0.14765119693439677,-0.11128579914356895,2,1
2017-01-26,QQQ,1,0.0010364611557283077,0.001035924400716759,0.004071450713823195,0.0038796770782237853,0.00969803000110847,0.015463110091456622,0.003821682824562253,-0.0003184786306791686,0.06757026376345077,-0.024518600579617855,3,1
2017-01-27,QQQ,0,0.0019116348566530217,0.0019098100079997238,0.004107645814615646,0.0036642340827317973,0.007496268512582338,0.014892691811665415,0.004212022344309241,-0.00023840720702804073,-0.06224691942537475,-0.05911222897831825,4,1
2017-01-30,QQQ,0,-0.007790270916788966,-0.007820773596631803,0.0067720559860977815,0.004861067953072385,-0.0027005644280637675,0.0056396722690499335,0.00996969235430354,-0.004466402702672606,0.6612436059257292,0.4879351862484984,0,1
2017-01-31,QQQ,1,-0.002002880091854786,-0.0020048885384191806,0.006493807873429425,0.004770847230262236,-0.0053179494605997135,0.002188261138695191,0.0060299084785466976,0.001527596443173492,-0.23656060175872862,0.10598862096553208,1,1
2017-02-01,QQQ,0,0.006903648797643491,0.0068799277263345004,0.005410363417699238,0.005075798474071595,0.0015489860816442214,0.007170439641569715,0.006536466438995068,-0.00015939931090358183,0.19751612007689445,0.24943504106233605,2,2
2017-02-02,QQQ,1,-0.0008770255190271303,-0.0008774103309168169,0.005387383697407696,0.005097918803739998,0.0010542962914517062,0.004399922569331194,0.006708700136032452,0.0008785289605932416,-0.3394512267134403,-0.1853312804865549,3,2
2017-02-03,QQQ,1,0.0028730735638926586,0.002868954176356908,0.005505095133957433,0.005106802769606151,0.0041228688135308555,0.0053276788565603805,0.0038261916238794156,0.0018334265645975894,0.12288926854463833,-0.05916060605388085,4,2
2017-02-06,QQQ,1,0.001193388222082259,0.0011926767003824779,0.003501053876925585,0.005098628620230477,0.0037012869756956057,0.004534654008250483,0.00398501629979659,0.002869216600375395,-0.31414974170263954,-0.3332538366239429,0,2
2017-02-07,QQQ,1,0.0036556843790904736,0.003649018605321075,0.0029011447598661505,0.00486972742465364,0.0046138511681173,0.006511457388330477,0.004599903623602488,0.0015862049603106892,0.5082501440228373,0.0061956887734762045,1,2
2017-02-08,QQQ,1,0.0016626738311309452,0.0016612931192341307,0.001739245532427184,0.003891970773850525,0.004574067521608827,0.007325931390722795,0.006343189298570589,0.003012981645596,-0.2834485864626506,-0.26865925226836596,2,2
2017-02-09,QQQ,1,0.0036364514300681883,0.003629855526185999,0.0011314058502977051,0.00399090571218162,0.00560776226748505,0.009863188217804852,0.005369978045683222,0.0026060320477956905,0.3957005672641638,0.011956438346207632,3,2
2017-02-10,QQQ,1,0.003308055132801968,0.0033025955554961683,0.0011731950847723197,0.004045865463311562,0.006224641204980008,0.011932129885542597,0.004243955710416624,0.0011002781515159165,-0.20675266635124578,-0.19196711126079302,4,2
2017-02-13,QQQ,1,0.005652390333450219,0.005636475518211448,0.0014189576886171774,0.0027230790925401945,0.008296174818165358,0.015007164824679675,0.004226291776787927,0.0025828400181548187,0.37400202648806746,0.1495306032267083,0,2
2017-02-14,QQQ,1,0.0033568624407358527,0.0033512407553164536,0.0014214245009402983,0.0021920116683305435,0.008125955883972802,0.015228883325854481,0.006242648930670203,0.0029653133118325097,-0.1457463834060313,-0.00145439739712383,1,2
2017-02-15,QQQ,0,0.005912869868770265,0.00589545745822484,0.0012958766542959838,0.002018330768829312,0.009667886052254548,0.0181276003829427,0.0076301071916843165,0.0066178046447353854,0.09538065938102669,0.12806615788916176,2,2
2017-02-16,QQQ,1,-0.00030935124069075837,-0.0003093990996561047,0.0024993896367160274,0.0019005459754521464,0.005758290014119982,0.014672440836347889,0.00548818691091424,-0.000927534372083763,-0.1561141106900522,-0.04802228004789433,3,2
2017-02-17,QQQ,1,0.004332634626713627,0.004323275787857739,0.002513056460311541,0.0019373647055685498,0.006310212092855094,0.015775293104804522,0.006043809490479868,0.0058112506910555075,0.030824662379208334,-0.00997927557380196,4,2
2017-02-21,QQQ,1,0.0049302930943859735,0.004918179000426903,0.0023972885660564925,0.0018574541499144226,0.007600410222815324,0.017106350371260293,0.004151878335147119,0.002998611386815824,0.18735262180586876,0.12642505301565987,1,2
2017-02-22,QQQ,0,0.00038349956836847277,0.0003834260512043386,0.0028183391785584298,0.002119065819853121,0.004928544597547768,0.014167405486085416,0.0036829258098321485,0.0013043671185217905,-0.34463408298880926,-0.23650796752846803,2,2
2017-02-23,QQQ,1,-0.0037549752893520916,-0.003762042907098362,0.0035773646920663916,0.0030627860309952507,4.612284216065632e-05,0.007610711522672675,0.009257777225176886,-0.0052792842962306585,0.44407104344020665,0.06936928674065235,3,2
2017-02-24,QQQ,1,0.0019230501299434266,0.0019212034361864028,0.00349325268345514,0.0030552837795873758,0.0004147984506355229,0.006972975415078908,0.006799487223564136,0.006490467854852624,0.06492652524443931,0.13131640777807752,4,2
2017-02-27,QQQ,0,0.0012281279270927037,0.001227374394883185,0.0031354549094096185,0.003070483359297822,0.0007058036007712154,0.0058458694477512285,0.004845328436563306,0.0030764027329685008,-0.35522027436978176,-0.2620013053113389,0,2
2017-02-28,QQQ,1,-0.003066709399638712,-0.003071421388909812,0.0025834644764725794,0.00326521215053995,-0.0017043745221909656,0.001278544310534091,0.00605869537411417,-0.0028376034889135344,0.38221456110986196,0.03612899520718704,1,2
2017-03-01,QQQ,0,0.01092136981074221,0.010862162345817161,0.005862428702094154,0.0044176785823966305,0.007743730577572272,0.009950591683134169,0.008253622635762401,0.004508951550402512,0.55517935247551,0.5213359382597087,2,3
2017-03-02,QQQ,1,-0.0050211727601192635,-0.005033821205847389,0.006163123726082753,0.004750938324466663,0.0015011234851345368,0.003730271738200397,0.006163895715857923,-0.004794192719394581,-0.22710333232612012,0.16173135319104337,3,3
2017-03-03,QQQ,0,0.001834773494817643,0.0018330923539569,0.006160649562639223,0.0047257402141705875,0.0021721500555245132,0.0042077115223952966,0.005509229529825217,0.002525073264136184,-0.31219363052216886,-0.19450185457044933,4,3
2017-03-06,QQQ,0,-0.002213492409191553,-0.002215945804564967,0.006343381698364312,0.004723309576326915,-0.0005201319300394136,0.0012788740110485364,0.005666515469227348,0.0010720529410706227,-0.12362727451594802,-0.27911457128231076,0,3
2017-03-07,QQQ,1,-0.0016825042054838812,-0.0016839212053127994,0.006177331808435596,0.00452662283243395,-0.002948798461865909,-0.00045174249140167433,0.006131701113457697,0.00030653242706083704,0.2889275082736027,-0.053938834288392745,1,3
2017-03-08,QQQ,1,0.0017622658276086334,0.0017607148590634836,0.0029048994304279527,0.004558618589903581,-0.00012230343840891056,0.00112570911006582,0.005283614380629154,0.0011487032657945824,0.017747356605100295,-0.05821560033382722,2,3
2017-03-09,QQQ,1,0.0007649870170278739,0.0007646945635988445,0.001919903126905589,0.004342631340435309,0.0005507746250359435,0.0012551671006275633,0.006732498183852814,0.000994488695176899,0.3219637423935091,0.22047822395028982,3,3
2017-03-10,QQQ,1,0.004203436414340622,0.004194626654378197,0.0026212085114633056,0.004475051171388938,0.004188237697854147,0.004595170886546596,0.005934257188138637,-0.0003804249150109612,0.0511764395621257,0.2586449813464755,4,3
2017-03-13,QQQ,0,0.0016743613267291568,0.0016729611465233774,0.0021186932269592336,0.004481205220398712,0.0045183600130223045,0.0053624696026659535,0.0028170787841019537,0.002055765798609538,-0.5104777717971408,-0.3793142937123444,0,3
2017-03-14,QQQ,1,-0.0024313692864519343,-0.002434329864567708,0.0023946676428744026,0.0044225576200036245,0.0008842954025927163,0.001946037059039618,0.004569386297093544,-0.00015234386438862815,0.30639420030563946,-0.17686216902046847,1,3
2017-03-15,QQQ,0,0.006169676211249753,0.006150721681230209,0.003296991694374531,0.0033646399201878474,0.004975512239826507,0.0076201936525832625,0.009653422742694316,0.004104656088043539,0.6197992824382832,0.3580738627698987,2,3
2017-03-16,QQQ,0,-0.0006814185607052492,-0.0006816508318543413,0.0034981220960656526,0.002806012571280172,0.0025060724157282,0.005989774181307306,0.004835658180082526,-0.002569033479407265,-0.1872289082350247,0.11375477156239322,3,3
2017-03-17,QQQ,1,-0.0003490021258856224,-0.00034906304130100096,0.0032986839044487665,0.002813611575328204,0.0012833706158801306,0.004915801847956702,0.0031842167428372185,-0.0015920505291526178,0.15046621120098824,0.22577542872844236,4,3
2017-03-20,QQQ,0,0.0009109107273017614,0.0009104960998982392,0.003270061733175205,0.0026181415155261505,0.0014748698626487755,0.004795034116130692,0.0049372877069440765,0.0012153715877509645,-0.5241140596670513,-0.4101295762940409,0,3
2017-03-21,QQQ,1,-0.015173378901170542,-0.01528967249224955,0.0079540182001531,0.005761895668787266,-0.011907830895935612,-0.010127274392468077,0.02040659812609012,-0.018895019621573722,2.5468768554803467,0.8701435718266117,1,3
2017-03-22,QQQ,0,0.006779319164454067,0.00675644291236388,0.008110337753603912,0.006167042814686304,-0.003486122090085586,-0.0035848065085271053,0.00877947319870503,0.006468974188734231,-0.1859276433448004,0.4229297393724907,2,3
2017-03-23,QQQ,1,-0.0025252113330969106,-0.002528405056919425,0.008094193246788952,0.006220303707107044,-0.003912307479149391,-0.005942970648407986,0.0056696710767745505,-0.0012258937854106014,-0.3038669678078272,-0.006818687457673556,3,3
2017-03-24,QQQ,1,0.0020713464180761587,0.0020692041378440607,0.008292892803754852,0.006089973240120981,-0.00022950121842724158,-0.0035136650309713913,0.008869769186019784,-0.00114691770824607,0.13075714982005437,0.11733756898954795,4,3
2017-03-27,QQQ,1,0.0016076343395112769,0.001606343478728789,0.008351016274696936,0.006087538125700072,0.002866749594026219,-0.0015332759745080304,0.012875971218417277,0.008789509764625232,-0.19571918702868385,-0.13395997042625485,0,3
2017-03-28,QQQ,1,0.0061140489122673,0.006095433951869289,0.0037791534921723605,0.006358547521009093,0.006175685421666799,0.0040944282618677885,0.011311493189873035,0.006114361618383319,0.2841807236742384,0.06376471696124875,1,3
2017-03-29,QQQ,1,0.004633685921290542,0.004622983447215567,0.0033081390171797558,0.006223280426422413,0.008433221065674568,0.008420861235881816,0.005389863636948071,0.0039475008678849215,-0.42205303959632234,-0.3593469918747816,2,3
2017-03-30,QQQ,0,0.0016639437882670638,0.001662560967546689,0.0020441653889591662,0.006224754272538285,0.006871214291291672,0.0095337935917712,0.004009068014611041,0.002042392425823181,0.17377097009482134,-0.23961717197729115,3,3
2017-03-31,QQQ,0,-0.000679634694668918,-0.0006798657510227457,0.0026962166310132672,0.0062310725290736,0.0035173348037949026,0.008317505495166744,0.004611434956008131,0.0007560183280805786,0.23296711491138677,-0.05626077327884382,4,3
2017-04-03,QQQ,1,-0.0006042924665321525,-0.0006044751248142077,0.0030693260839595375,0.006239475027566441,0.0006958925430375906,0.007332227921105217,0.009434673923871902,-0.0014340888635260367,0.19448728416341599,0.058817222315295625,0,4
2017-04-04,QQQ,0,0.0015874030205444978,0.001586144428122438,0.0021720817350103483,0.003010059059545307,0.0009669880069265169,0.006861374842821233,0.005003059970211124,0.004472379821708589,-0.4346063130002574,-0.3346428621082089,1,4
2017-04-05,QQQ,1,-0.004074987202964397,-0.004083312588239352,0.0023362781559404847,0.00307739656966647,-0.002690158659109154,0.00178409018141501,0.013262958156075913,-0.005501098299375148,1.3888955223880597,0.5674177356877503,2,4
2017-04-06,QQQ,0,0.0005303140117389749,0.0005301734449574269,0.00212911969364507,0.002832727770968519,-0.0015123364781508553,0.0010387244089642422,0.005223333910110143,-0.0004542983694927729,-0.4116996551207077,-0.07115878024793165,3,4
2017-04-07,QQQ,1,-0.0005300329278505878,-0.0005301734449574269,0.0021296193126432708,0.0028716647538371844,-0.0014224264929887376,-0.0005072507413155236,0.006590872099905303,-0.0002272634795217803,-0.11093233929121393,-0.14804180030113234,4,4
2017-04-10,QQQ,0,0.0003786026833865197,0.0003785310314743384,0.0021760947482422784,0.0028702491118748254,-0.000620891825681924,-0.0010215938308829609,0.006888748070127127,-0.0006056156499493029,-0.06712018682322862,-0.19351707372988736,0,4
2017-04-11,QQQ,0,-0.0043173474146753765,-0.004326694070566184,0.0024035098473172835,0.0026528332973562714,-0.0033361094296993077,-0.005191530772069686,0.012130448654693008,-0.003411652532716164,1.1626065188580794,0.6580121662037135,1,4
2017-04-12,QQQ,0,-0.004031876390651723,-0.004040026317975176,0.002392475690136834,0.0023133850214607857,-0.005771485549870503,-0.008204242569644915,0.005782504368776265,-0.0038803510253098777,-0.5276508064325132,-0.22537607993261266,2,4
2017-04-13,QQQ,1,-0.003971981842050276,-0.003979891112527056,0.00223512311520297,0.0022763921217712636,-0.007247710117859407,-0.010592097641275222,0.008643028732949844,-0.0026006698974589343,0.484343662254312,0.10894106265987591,3,4
2017-04-17,QQQ,0,0.008281910558871841,0.00824780372140932,0.005401976592001227,0.003871532931979092,0.0017216274801923337,-0.0017161990445748732,0.0059646612664456125,0.005429314306657427,-0.4373390195498881,-0.3564058996890579,0,4
2017-04-18,QQQ,1,-0.001520795059919089,-0.0015219526425056529,0.005371035638258721,0.003880504804392112,0.0013272514648461353,-0.0024618611754744224,0.005418244431048237,0.0018315438450916103,-0.03635135642189791,-0.3454729877821896,1,4
2017-04-19,QQQ,1,0.001599180528032207,0.001597903200455164,0.005134868447280257,0.0038813004381476244,0.002867443704273942,-9.16034895276363e-05,0.0074326559133388774,-0.002730379929364019,0.3834328834757148,-0.11421274490934608,2,4
2017-04-20,QQQ,0,0.008366203408460171,0.008331400704991054,0.005627936875488396,0.004625321922656816,0.008688091766972494,0.007798676962299522,0.008029067749506678,0.0043174674063284095,0.2371600018013149,0.15357140045296958,3,4
2017-04-21,QQQ,1,-0.00022631946171913775,-0.00022634507583330077,0.004718411560527502,0.004630564375208443,0.0051563712425521935,0.007172503577315581,0.00406897188466789,-0.001130353007945125,0.021703620455093553,0.15661532312231374,4,4
2017-04-24,QQQ,1,0.012069557073512538,0.011997300789397869,0.0058794090513494,0.005891126691838604,0.01317034790592686,0.017635401869013245,0.003655825105108387,0.0009699685443299533,0.0006680056468744144,0.124225746735378,0,4
2017-04-25,QQQ,0,0.007230460787202686,0.007204446328023195,0.00504732773109488,0.006119226874434897,0.014596177324619486,0.022581086748463708,0.006612179415236977,0.003937583620087458,-0.13731703300860265,-0.04808159300631376,1,4
2017-04-26,QQQ,1,-0.001406354514949859,-0.001407344359617646,0.005797134361303483,0.005829293442165813,0.007947393543654924,0.018453261744041383,0.004808358719498787,-0.001775338418242099,0.31025463774994333,0.30078481904707277,2,4
2017-04-27,QQQ,1,0.006002949664678736,0.0059850037454936,0.00556690376256473,0.005401355595025863,0.00923372150760482,0.0208455923502735,0.00413985023217566,0.0035484269415136174,-0.3646672047561864,-0.17433539794255426,3,4
2017-04-28,QQQ,1,0.0017679321541108628,0.0017663712015618671,0.005180705001379674,0.0047704065375144804,0.0058879210303679486,0.018369467021231767,0.00418220040728172,-0.0022010991837012077,0.4112044123570786,0.17063889857057224,4,4
2017-05-01,QQQ,1,0.00889767374186956,0.008858322692467446,0.004225015258730113,0.004832286654576949,0.01029440546822502,0.023048388433321243,0.007329228833966395,0.005570173653158024,0.08974218225093211,0.20454587375506872,0,5
2017-05-02,QQQ,0,0.0016765791499204763,0.00167517526003369,0.004053821732620239,0.004500341748101674,0.00857190133962682,0.02008567944528128,0.003421425619926511,0.00043675883181452637,-0.26074026314198784,-0.1326989391989576,1,5
2017-05-03,QQQ,1,-0.0032016259980383044,-0.003206762168214361,0.004624006440492389,0.005075125652371092,0.0023268377420568864,0.012685494365236138,0.004011107579808188,-0.0009479990420969886,0.2988536448424921,0.09510796379483244,2,5
2017-05-04,QQQ,1,0.0003647288072090582,0.00036466230982590275,0.004399387356689859,0.00496034099515081,0.0008031931286702765,0.0097332480516934,0.006351720153566003,0.000511002882426113,-0.38600194732159343,-0.30410532244009547,3,5
2017-05-05,QQQ,1,0.0036490340458212867,0.003642392473067524,0.004465098738305345,0.00480154855147973,0.002186205700464683,0.009712796328976703,0.004803758688785895,0.0010917380970283067,0.3212965051503407,-0.06664664511936158,4,5
2017-05-08,QQQ,1,0.002180918010542543,0.002178543260987098,0.002593506807812704,0.00380166861103089,0.003435987389475592,0.009188468459353727,0.003706086073496999,0.0016713591055805962,-0.31301504860144747,-0.32902755757118274,0,5
2017-05-09,QQQ,1,0.0034822514905830104,0.003476202491550673,0.002837051547511366,0.0034781501624254214,0.005627144374211079,0.010343017618801742,0.005070714897186934,0.0019558440166039495,1.140535696804946,0.3734943484767004,1,5
2017-05-10,QQQ,0,0.0005781659095893676,0.0005779988360741228,0.001551758931176513,0.003292199889982306,0.004149895521002422,0.008378659912869457,0.0039016857655116513,0.0,-0.2788528852005727,0.014506381184463457,2,5
2017-05-11,QQQ,1,-0.0007946505400086012,-0.0007949664421138536,0.001911625817072388,0.0031981325138681293,0.0015352886742838745,0.0057161384166573015,0.006883038101975627,0.00195615856625318,0.32843400294642766,0.2775522803699033,3,5
2017-05-12,QQQ,1,0.00224177291730121,0.002239263893469179,0.001662174275856317,0.0032001248298866173,0.002241749418912864,0.006061084323897514,0.0028912839727245434,0.0018070111237504832,-0.27517158059789737,-0.06062626502021895,4,5
2017-05-15,QQQ,1,0.0031748333952283936,0.0031698042533321313,0.0018110917192149666,0.0021508533362036217,0.0036817796121635382,0.00790895236283884,0.004254985737115259,0.002740441468250693,0.03762678204127945,-0.004751910798776793,0,5
2017-05-16,QQQ,0,0.0041711323223927455,0.004162457264809127,0.001994061353586946,0.002331885739973906,0.0059802050300610254,0.0105088631143746,0.004662797166024608,0.0015782010784483496,0.06370201110281082,0.04123751743281856,1,5
2017-05-17,QQQ,1,-0.025426184886759073,-0.02575501625026444,0.012492936237631687,0.008858286452098076,-0.0162951807228916,-0.014528321616241624,0.019637580886402273,-0.017615964763443594,1.5540347011842468,1.3083605480106733,2,5
2017-05-18,QQQ,1,0.008745362258250955,0.008707343077946739,0.013651129335761885,0.009346647144481733,-0.00621228972011767,-0.006068374430906354,0.013600985483060915,0.009116234343671849,-0.25739995902390633,0.5433064337209537,3,5
2017-05-19,QQQ,1,0.004225816563254492,0.004216912875196321,0.01381201666877063,0.009372039425748376,-0.000913220997836528,-0.0020849594724229314,0.005517201501531306,0.0006533309465744101,-0.11107964927311054,0.28816254441746314,4,5
2017-05-22,QQQ,1,0.00841571552987963,0.008380500829268556,0.014396604641627982,0.009715281618773794,0.007553247404717078,0.005468799930577362,0.007021362747434833,0.0061527769892811834,-0.468836186125276,-0.33040436510306304,0,5
2017-05-23,QQQ,1,0.0010068695256644222,0.0010063629725367562,0.014237527025747087,0.009673095226502176,0.009270051037985949,0.005884543176736923,0.004590770911961354,-0.001936763972227932,0.009113415377991485,-0.30341000924186945,1,5
2017-05-24,QQQ,1,0.0045994673258507035,0.0045889220985984025,0.0032251021031437315,0.009753771960309313,0.00848435026257044,0.009503964935023701,0.0048725132306255145,0.0015763916921162047,-0.19279238095238094,-0.42838860467600626,2,5
2017-05-25,QQQ,1,0.0085137115094287,0.008477674263611235,0.0031661303437782932,0.010000692667501483,0.011654481097804315,0.01613184037467108,0.009407792368234575,0.004703896184117287,0.5057104562701753,-0.12896891988010883,3,5
2017-05-26,QQQ,1,0.0017733073769585772,0.0017717369237555403,0.0035508755026637602,0.010000358961762663,0.008555749966643988,0.016014994084603273,0.003333341990802305,0.001560292345412234,-0.42112785536972497,-0.484742706138628,4,5
2017-05-30,QQQ,0,0.0008503006990212558,0.0008499393981766801,0.0032576753116848275,0.00999496502784778,0.006050721812215443,0.015198997130304592,0.0031880762855165494,0.0013461030791513367,0.46599670796153503,-0.24414274276308667,1,5
2017-05-31,QQQ,1,-0.0003540769836999358,-0.0003541396837558608,0.0035463301893146667,0.009972441132250253,0.0026257021544471293,0.013623673848555118,0.008953673480408958,-0.0038776301886500166,0.6364003466887287,0.18635202838442222,2,5
2017-06-01,QQQ,1,0.003892669444598651,0.00388511261138369,0.0034839876949703474,0.0034210045707554235,0.003594355579099373,0.013374561025131015,0.006498079933938217,0.001836378750342051,-0.39449102300974437,-0.17732253150148136,3,6
2017-06-02,QQQ,0,0.011421394349844904,0.01135666264334656,0.004683950344362583,0.003891281289076465,0.011492655519945938,0.02042859954351539,0.00969513080172214,0.007868557009920464,0.8499803684762459,0.5478661736502344,4,6
2017-06-05,QQQ,0,-0.00020917119051633293,-0.00020919306986044717,0.004945055424217217,0.004161089706028679,0.008139262362427013,0.016174678729238723,0.003136960319382577,-0.00013945118777628965,-0.5774778429407703,-0.2834074947534174,0,6
2017-06-06,QQQ,1,-0.003974405924479174,-0.003982324864725051,0.0058809002002950484,0.004525858368871684,0.001991635580832707,0.009375655436635988,0.007538753821487499,-0.00279208370669935,0.4238117946272453,0.007062886901616494,1,6
2017-06-07,QQQ,1,0.00392047522314809,0.003912810187350679,0.005733773070058149,0.004494706162655033,0.0029232649193811078,0.01027773389097586,0.006561407361860077,0.0011168760871461578,-0.15855847809583357,-0.14938261350052184,2,6
2017-06-08,QQQ,0,0.0010460344454372716,0.0010454877326271372,0.005765481309858813,0.004498476943292304,0.0015489857030901444,0.00864162005903224,0.00702664343277094,-0.00118267818595149,0.3489470555767842,0.10013032380987008,3,6
2017-06-09,QQQ,0,-0.025005422877757755,-0.025323369925662753,0.01162141702709318,0.009444350305578319,-0.018730817377570652,-0.015895454055371183,0.04028101478268116,-0.026158408389679776,3.319234068000661,2.4643557014152955,4,6
2017-06-12,QQQ,1,-0.005358240399529701,-0.00537264725626585,0.011332524300451494,0.009508901548948692,-0.018207418269108655,-0.0197971912643089,0.014481228117022597,0.003097929872673763,-0.04854727978743656,1.5633046983858057,0,6
2017-06-13,QQQ,0,0.008116172204345906,0.008083413211106283,0.013005691207141377,0.00996468031097727,-0.006737034316762869,-0.011159419338093834,0.009142195768276953,0.0024998651328319,-0.5098990943381776,0.16776615934888128,1,6
2017-06-14,QQQ,0,-0.004345697366905821,-0.004355167355469369,0.012342021946871106,0.010031214277126093,-0.005889865366729974,-0.014387313857267658,0.0163910996852746,-0.008372899575010275,0.17386752095012992,0.29164979395952795,2,6
2017-06-15,QQQ,0,-0.004436703600915193,-0.004446574978742568,0.011893829799102447,0.009920436912807126,-0.004008907672755968,-0.016881173669653915,0.012939087274231353,0.005710630084103129,-0.08234792940369884,0.10230236337007259,3,6
2017-06-16,QQQ,1,-0.00433867257476539,-0.004348111927355625,0.005711776305416144,0.008755538205722703,-0.006261949587472837,-0.017722178393038357,0.008220359459591493,-0.003821739308394359,-0.12798575397314726,-0.05920795465172379,4,6
2017-06-19,QQQ,0,0.016721001329099483,0.016582744453397247,0.009687675689468937,0.010841936305409207,0.008022023749686635,0.0005381379643301099,0.009391336346731656,0.006953911982967565,-0.17594837732961233,-0.25936814766247684,0,6
2017-06-20,QQQ,1,-0.007831706255304827,-0.007862535134046666,0.00993402514937259,0.01099676521882121,0.0010164011956004249,-0.005092406003997074,0.00848063269164938,-0.006841552620853474,0.03302335558275393,-0.2605366718541273,1,6
2017-06-21,QQQ,0,0.009902755564506593,0.00985404459849537,0.010693850349416544,0.011514311643357249,0.008943970368176624,0.00640551204961981,0.008734258910901689,0.007588866501756377,-0.1268275880601244,-0.373449878567065,2,6
2017-06-22,QQQ,1,-0.0002844315865642155,-0.00028447204489978617,0.010219408596788918,0.011488600619588995,0.005847704347472726,0.00790668790281046,0.006242940131230342,-0.0018445640837176627,-0.325774828359921,-0.5765856843368803,3,6
2017-06-23,QQQ,0,0.003838276010458941,0.0038309286239561757,0.009406613829126545,0.00810639800823925,0.005267106912498543,0.010587829690240413,0.009036604049605072,0.0049808754836501105,-0.10144777190849452,-0.5498364141414351,4,6
2017-06-26,QQQ,0,-0.004673187112466004,-0.004684140589781727,0.006997695752699863,0.008047514736513571,0.00039844818743461907,0.004622843117551234,0.014220267302182775,-0.010348477220148389,0.5891116314080806,-0.16272434608331277,0,6
2017-06-27,QQQ,1,-0.018139008690213898,-0.018305537358780377,0.010562134150752989,0.00968159470545628,-0.015884997023031255,-0.012224487903885861,0.01570865334025835,-0.014423450399457766,0.9167594177460181,0.5492008642555544,1,6
2017-06-28,QQQ,0,0.014417284014533127,0.014314343213528424,0.01192525125335249,0.010792772582842482,-0.0006707544262234411,0.0015509063687679792,0.017323473457426554,0.01068291510070592,-0.1293342106619687,0.35733753168082893,2,6
2017-06-29,QQQ,1,-0.017354906410079307,-0.017507268187919145,0.0139519030550791,0.012140601348525766,-0.013635316819676335,-0.015012216853389715,0.022877240286529064,-0.013267398674157452,0.5457727348712804,0.9436655059771895,3,6
2017-06-30,QQQ,0,0.00036344429566947944,0.0003633782657894713,0.013519908142088748,0.012078107604052693,-0.008157299797107331,-0.014294341328200844,0.010726161569547534,-0.002464098770969639,-0.22385078641964462,0.44282925484930336,4,6
2017-07-03,QQQ,1,-0.0105349981405648,-0.010590884085562635,0.013728646659518642,0.010819002014914538,-0.012357580243066768,-0.021687081299892275,0.016850990817027737,-0.015043044527257304,-0.5239795466651571,-0.30321842679948086,0,7
2017-07-05,QQQ,0,0.009839796287832492,0.009791700735276798,0.013368367087711388,0.01137634909212342,-0.0019156237581932078,-0.01076030865493105,0.012735985189301916,0.006660838051771324,0.28416013659785966,-0.1074612682787065,2,7
2017-07-06,QQQ,1,-0.009016242449777168,-0.009057134745877882,0.010580834451467255,0.010875337549071707,-0.005530675655046835,-0.01653162386252227,0.009232081962775843,-0.0013921633012471668,0.1499147604507487,-0.0005289320463685021,3,7
2017-07-07,QQQ,1,0.010785732588044272,0.010727981462007818,0.010064182889618425,0.011729792873039857,0.004946038869959368,-0.0038108077609572133,0.01016452935757541,0.007385700232803931,-0.23662980972734127,-0.2567756918223695,4,7
2017-07-10,QQQ,1,0.006533101147526477,0.006511852936490925,0.010446762273406424,0.011909612712123764,0.010008357118452826,0.004571614683642533,0.010808889569763048,0.005875934151105507,-0.32774598056823834,-0.5035573049894153,0,7
2017-07-11,QQQ,1,0.00281224271780256,0.0028082957613850823,0.008018994013240684,0.011942610025805898,0.008646221256235265,0.008514627889201432,0.009244537897084178,0.004261131801834119,0.2681392962761784,-0.3667818275624304,1,7
2017-07-12,QQQ,1,0.011866336889230888,0.01179648396948707,0.008417212768031755,0.010889138214372516,0.015942985442229052,0.0185096520312098,0.006417526106901392,0.0032800302129234234,0.1436684783470874,-0.22950479066593932,2,7
2017-07-13,QQQ,1,0.0022035930620774025,0.002201168711753354,0.00443413331164583,0.009985495277080274,0.011288497232256223,0.020023030969524624,0.005324057826339009,0.0009938197948539307,-0.1379411748386774,-0.29613783680444183,3,7
2017-07-14,QQQ,1,0.007871671179123796,0.007840851206356803,0.003951092095177446,0.007864782063081964,0.012914513504521441,0.0246945163313963,0.007836773617161463,0.0033888430500384646,0.11170897482107,-0.10794162503531324,4,7
2017-07-17,QQQ,1,0.0004922394643178674,0.00049211835421481,0.004698591410556008,0.00785959261835932,0.008339437418860784,0.021846680682201525,0.005412274192290767,-0.0005623239520080156,-0.2663671522197263,-0.2626212164282612,0,7
2017-07-18,QQQ,1,0.0066814754779094265,0.006659253350111527,0.00455447771303613,0.006207968070988641,0.009222236250713944,0.02356179498464872,0.010767814897105996,0.007389704263633738,0.015992455569936004,-0.23514293709152023,1,7
2017-07-19,QQQ,1,0.005868170489362168,0.005851019839499649,0.0031328240806419725,0.005987561913696395,0.01047090988925703,0.024841450727640213,0.00480636983240841,0.002925593313512638,0.310845291958755,0.02815490298991441,2,7
2017-07-20,QQQ,0,0.001319636897730403,0.0013187669422256576,0.0033227063187136145,0.0039034246584164585,0.007336431153989187,0.02047015362671467,0.006373385036683459,-0.0012470240870043748,0.07072406917454521,0.14369098690714743,3,7
2017-07-21,QQQ,1,-0.00041616053053239455,-0.0004162471493582842,0.003253453823768146,0.003870937481765277,0.0041249063327772895,0.015481236147460331,0.005290967070908434,0.0032720775737972896,0.09844380371561234,0.24553246323763567,4,7
2017-07-24,QQQ,0,0.004579896092688829,0.004569440280778991,0.003038489266236178,0.0038070044152795804,0.005109924427033619,0.015758754380489792,0.0065930805218042164,0.004719327863508969,-0.32708686528738873,-0.16672567520060044,0,7
2017-07-25,QQQ,1,-0.0025557427769136165,-0.002559014262724091,0.003477934201810284,0.004379820478880778,0.0007901701302917008,0.009373776277714407,0.005059332041692483,0.0007623578589641133,0.05271649814507695,-0.11340403804421673,1,7
2017-07-26,QQQ,0,0.0032551232670945396,0.0032498368222659835,0.0028448392382638622,0.003338465503849229,0.0028106576686466322,0.009716172000662215,0.002901341426380609,0.0007598826645877497,-0.33819330106788903,-0.3791149821296971,2,7
2017-07-27,QQQ,0,-0.006281435075506714,-0.006301246294306395,0.004396884899284799,0.0044401113711659956,-0.0031987209056901778,0.0013148978051773508,0.025099461516084408,-0.012755455472005324,3.334406198617992,1.3091246979264053,3,7
2017-07-28,QQQ,0,-0.0008336471349008612,-0.0008339948119138185,0.004403988378120084,0.00401143956157894,-0.003657233748361466,-0.0007153501077125091,0.008455671993416222,0.00517114048087256,-0.5287575047200862,0.07746005003347478,4,7
2017-07-31,QQQ,1,-0.004241176401826086,-0.004250195701121839,0.003624665839384704,0.004369000575689605,-0.005761741750168525,-0.00567191061316874,0.010467899527458838,-0.007071086810821057,-0.10955668031104981,-0.06316805661189917,0,7
2017-08-01,QQQ,1,0.002303735225205328,0.0023010856956409143,0.004102439069213919,0.003901570623792537,-0.0023077202764555382,-0.003671698968932935,0.00445309897169862,-0.0011133012854882037,-0.40471984070242195,-0.4335443384936216,1,8
2017-08-02,QQQ,0,0.0027170448786530965,0.0027133603846651866,0.003962349135903808,0.003509414255497002,0.0016839888173889594,-0.0009438470053133585,0.013218932725417737,-0.003737341853360392,1.0729996922985299,0.14837893752878184,2,8
2017-08-03,QQQ,1,-0.003889988191327909,-0.0038975738739264187,0.0032936683468262166,0.003672137046584346,-0.00142039620220058,-0.004291184891885624,0.007217664741235965,-0.004858053758296285,-0.3508978996736869,-0.23561513376481424,3,8
2017-08-04,QQQ,1,0.0018130585542368571,0.0018114169474960917,0.003491406760364651,0.0037471342419043655,0.0006549197512699667,-0.002167194675287698,0.006332221971996922,-0.00041759665005305165,0.08704744622466132,-0.14441528265917547,4,8
2017-08-07,QQQ,0,0.006334783368641572,0.006314802965102118,0.003674901000963411,0.00403202269279533,0.00513137300537525,0.004300348227084028,0.005906405552752827,0.004516669306815635,-0.3915122027353942,-0.46577264856288947,0,8
2017-08-08,QQQ,0,-0.00172949158941893,-0.0017309888866225975,0.003981811297799223,0.003985162328581262,0.0023475384669839894,0.002626112424660265,0.010881669930011356,0.00020792056799753456,0.7179977584351425,-0.08949328491545494,1,8
2017-08-09,QQQ,0,-0.0013166191121291027,-0.0013174866166041355,0.003967985401545797,0.003822107193415836,0.0007915042960158214,0.0018280996523010185,0.009782065420887569,0.006987143894053337,0.17393802092799837,0.01615046988829505,2,8
2017-08-10,QQQ,1,-0.021440430596782245,-0.021673615712638927,0.010658831237665806,0.007551295083877292,-0.017445373763817273,-0.017650698035354906,0.01751566261955602,-0.015840922708431807,0.7509697396978117,0.8703318635098982,3,8
2017-08-11,QQQ,1,0.007587053882848194,0.00755841694498649,0.011616657908464082,0.008145449160394063,-0.007847837353673115,-0.00899643762073754,0.010692605527350962,0.006231446503368884,-0.27583658736462147,0.32374053790696444,4,8
2017-08-14,QQQ,1,0.012878306657978733,0.012796086419343489,0.013082401167990995,0.00916699985799984,0.005814260774526181,0.0032762152412861845,0.006702446999330224,0.004887223131485425,-0.2551430907604252,-0.014890975039060006,0,8
2017-08-15,QQQ,1,0.0006944203404277705,0.0006941793421857412,0.013084453419303381,0.009146421226356434,0.006906815956013279,0.0036440941133399907,0.00457414715378468,-0.001801888688984537,-0.2532654196305729,-0.27558176782902855,1,8
2017-08-16,QQQ,0,0.0017360809045581238,0.0017345756580056104,0.013097507145453173,0.009123622238028276,0.008429276664272622,0.005155364623383729,0.00803382275097189,-0.0007618298415163553,0.25103884088877737,-0.06762624062564548,2,8
2017-08-17,QQQ,0,-0.020446351802441032,-0.020658272094294716,0.01268624893055477,0.011222527256546046,-0.01260350859373982,-0.013981293492562163,0.018160315809791317,-0.016629553084808586,1.1994485006110365,0.8214628533526609,3,8
2017-08-18,QQQ,0,-0.0007075385631396536,-0.0007077889866788922,0.012052674951456493,0.011170806897051007,-0.012101205741668286,-0.013012538127264772,0.010961056584521777,-0.001272950497904169,-0.13447735464660715,0.4581595697519718,4,8
2017-08-21,QQQ,1,-0.001274700104906601,-0.0012755132261492719,0.009269442474969974,0.010820830204787633,-0.009369093602640266,-0.011846723930247771,0.009559595608597909,-0.0012037825200102777,-0.38913021650351676,-0.14845103974950646,0,8
2017-08-22,QQQ,0,0.015243024245170433,0.015128016588166204,0.012743656855459052,0.012183316472935933,0.006904952716635826,0.003996449595376594,0.011212267287591756,0.009801843407226002,-0.022022823114129064,-0.1775533627693915,1,8
2017-08-23,QQQ,0,-0.0035614944028256046,-0.0035678516226402834,0.012669973769666805,0.012216481561361578,0.005567318473098659,0.001424736957411632,0.004421600525789957,0.0014739382381003022,-0.2918345079930127,-0.40342127014404583,2,8
2017-08-24,QQQ,0,-0.0029434519128924697,-0.0029477923868839184,0.00785326584986,0.00995720416433027,0.0012809074739945636,-0.0023910855395482544,0.011887259726878228,-0.005174395236688357,0.48472315707154623,-0.059285002566204836,3,8
2017-08-25,QQQ,1,-0.0021084776164316255,-0.002110703584848217,0.007969213992803677,0.009704783137864008,-0.001869962155181315,-0.004403786149058897,0.009802505424231066,-0.00595158983283069,-0.3087042200373158,-0.3168801836885995,4,8
2017-08-28,QQQ,1,0.003098793325710947,0.0030940019614202896,0.007886979920415715,0.008697856968465974,-0.0006879397417518529,-0.0002529453273532045,0.005547813053251676,7.029330094126587e-05,-0.4176699367712392,-0.5818430361884976,0,8
2017-08-29,QQQ,1,0.003932736257362457,0.003925023265622052,0.003548319531939636,0.00882837138745909,0.003566008031830936,0.004426182028151482,0.015227771925039026,0.012607116286690152,0.5947233776632102,-0.3313153121677669,1,8
2017-08-30,QQQ,1,0.011750634286145978,0.011682131693478759,0.00588540696742818,0.00966424566740969,0.012572324791904288,0.015964728017360708,0.013208466266121223,0.010902212583121426,0.3732667164660406,-0.08603263503571901,2,8
2017-08-31,QQQ,0,0.010715304021281957,0.010658301985703389,0.0057527906522198136,0.006844675394125466,0.01782219174901023,0.02335074627558198,0.008479325844682228,0.007858812965910606,0.1438053426151884,0.1439484947154286,3,8
2017-09-01,QQQ,0,-0.0013678297587735866,-0.0013687660918249023,0.005513159958347181,0.006891879974986767,0.010758397951124321,0.018550201294102786,0.006694417184404744,-0.0026641122431483202,-0.4206550296642213,-0.2517083066768795,4,9
2017-09-05,QQQ,1,-0.008972669386583587,-0.00901316620961623,0.0086482413743328,0.007831508569548336,-0.0014631170476231414,0.006854271465331685,0.015662558663054677,-0.00604523485976422,1.0092896616069185,0.4657369832210658,1,9
2017-09-06,QQQ,1,0.003040987347079138,0.003036372897677886,0.008638842601859027,0.006471573028413197,-0.0014036798929029093,0.00856158369523996,0.00951333866012977,0.0004826094402109176,-0.31413818275986005,0.02396063963919226,2,9
2017-09-07,QQQ,0,0.002342643565595104,0.0023399038541009887,0.007164167097657929,0.006237949972332552,-0.0001925023127168357,0.008975033899800255,0.006189779465363072,0.0004814809295562337,-0.2604458592506518,-0.23512581941427346,3,9
2017-09-08,QQQ,1,-0.008661382318030042,-0.00869911009764568,0.005810411584757239,0.006956861619184723,-0.006133604351298394,-0.0011081790909508449,0.008879464177870765,-0.007365033551901204,0.22749778839932921,-0.02749436862329402,4,9
2017-09-11,QQQ,1,0.011511027042589328,0.01144527923958627,0.00869853903613193,0.0075098465477206455,0.005486970926456225,0.007667992159554382,0.005641888579131007,0.0036466134075352425,-0.027386061720825694,-0.056581200207698745,0,9
2017-09-12,QQQ,1,0.002399476945281531,0.0023966027971926707,0.007165983433374079,0.007509380141902457,0.005778110297747885,0.007434313153677152,0.006015893424638501,-0.00041015558582463906,0.11540092087752485,0.0004645756902916798,1,9
2017-09-13,QQQ,0,0.001367310509295061,0.0013663765914877501,0.00715166564706312,0.007505233821656011,0.0053691859582829515,0.006419576774270519,0.004864059107553712,0.0030828043055353745,-0.059682648801753,-0.07138248007125814,2,9
2017-09-14,QQQ,1,-0.005873416782257168,-0.005890733131990622,0.007898368901174669,0.007128608483345279,-0.00065926341914746,-0.00011693355463160415,0.005622159966504945,-0.0019884026930793836,0.24060750275035225,0.14586498580670626,3,9
2017-09-15,QQQ,0,0.0034353318140227795,0.0034294445409912555,0.006193899613940777,0.006311396850468346,0.00023297086187956673,0.003414468225157785,0.008932887120608917,0.0036418524272830047,0.3152162826803866,0.4691818485352457,4,9
2017-09-18,QQQ,1,-0.0013106954899390066,-0.0013115552025686483,0.0037297256878779193,0.006310125072441367,-0.0010760613387070794,0.00218978330023889,0.008635422350846935,-0.002467278468344314,-0.46452143792651823,-0.21961856487947629,0,9
2017-09-19,QQQ,0,0.0017175232817729924,0.0017160500253217137,0.0036313809788698906,0.005486493789479746,0.0007779407736971944,0.0029263202556197854,0.004800747273594142,-6.854472946494088e-05,-0.16038973055168915,-0.291579547614522,1,9
2017-09-20,QQQ,0,-0.003086373991871949,-0.003091146666784006,0.003716652153623087,0.005574292847877826,-0.0012822973902616441,-0.0005382513068972195,0.011526641060516724,-0.0027443835093267583,0.6403560887730462,0.14836673324847083,2,9
2017-09-21,QQQ,0,-0.00612304514946671,-0.006141867864641881,0.0037988552518845213,0.005878356498112947,-0.006329567760983035,-0.006184924915573098,0.009018916066049914,-0.005438852228108864,-0.15756421565477474,-0.05203677762578296,3,9
2017-09-22,QQQ,0,-0.000969208668314625,-0.0009696786547372938,0.0028951228616405545,0.005143632979936764,-0.005348186600461324,-0.007438302715036316,0.004722171359592014,0.0022222730848524305,-0.2475365615183518,-0.27188425246382886,4,9
2017-09-25,QQQ,1,-0.010532247252390436,-0.010588103912090752,0.004735118472697977,0.004490384527988073,-0.012079274486839209,-0.01603022798209275,0.01203475288722826,-0.0066086744225543476,1.531872051017399,0.6861127536524512,0,9
2017-09-26,QQQ,1,0.0025913294509709583,0.002587977745808878,0.004998409388031684,0.004511145338005898,-0.005901795282484246,-0.011620730110765587,0.007872952640026739,-0.0025081907156226484,-0.460781797964246,-0.08906215411860197,1,9
2017-09-27,QQQ,0,0.009010154071685372,0.008969804821019167,0.007582905053046484,0.005630648093226234,0.004296410731868372,-0.0015847800461812334,0.009935334874937928,0.0036824433061693725,0.12219867156280384,0.007391203573955174,2,9
2017-09-28,QQQ,1,-0.00034629750898074185,-0.00034635748380917875,0.007068826892393536,0.0053771214202712634,0.004018461968053444,-0.0013562241276254827,0.005412523599981491,0.002081764280668964,-0.2736891492778817,-0.24274593730156868,3,9
2017-09-29,QQQ,1,0.007201819289387235,0.007176010030510049,0.007717704676810336,0.0058032139007140535,0.009662760513428292,0.006038297407919835,0.00856938673480783,0.0051831376352293075,0.7848228113327866,0.36578286529092563,4,9
2017-10-02,QQQ,1,0.000893513211650987,0.0008931142663453073,0.004055670113015621,0.005797551849073277,0.006679604543957884,0.006916341737760456,0.00851242883744618,-0.0006178097001569874,-0.36543440736478716,-0.14011417231984602,0,10
2017-10-03,QQQ,1,0.002129618620078544,0.002127354196680642,0.004097109640354,0.0058122804534092775,0.0050427906486711915,0.008997878825560024,0.004184678551640851,0.0008231811324037235,-0.2791859984717363,-0.3779214362028066,1,10
2017-10-04,QQQ,1,0.0009598192885860168,0.0009593589565861649,0.0029473088772175174,0.005707493131923394,0.0038359811859178805,0.009491555802745077,0.005974830805169649,0.0028844046918811315,0.3381096818698264,-0.14643470158006533,2,10
2017-10-05,QQQ,1,0.00979258950100692,0.009744952834850551,0.004062203184253979,0.005877674139801305,0.00943326799533084,0.017267396604266905,0.007710082170079696,0.0061408922643685195,0.19640196959186684,0.012296413516657445,3,10
2017-10-06,QQQ,0,0.0013561336493999043,0.0013552149306716998,0.0038142918332352027,0.005789272788821129,0.00775302874051409,0.016305241107800628,0.004763179887471628,0.004763179887471628,-0.25350733784503077,-0.24880630820203997,4,10
2017-10-09,QQQ,1,-0.0011514146919596735,-0.0011520780791274277,0.004191169462137946,0.003943784564991295,0.0039752043777279145,0.011868733288691313,0.00480210636299218,-0.0024349042643901676,-0.4183293649277835,-0.49689782783706227,0,10
2017-10-10,QQQ,1,0.0007461813986449073,0.0007459031437155872,0.004276219538263004,0.004020124137140586,0.0023906963509527923,0.009555476067978574,0.008041100055646788,-0.0026353089747432456,0.40265454439320525,-0.26629445321034106,1,10
2017-10-11,QQQ,0,0.0029807513543826936,0.002976317723248023,0.0042080390134038555,0.0034385018329782364,0.0026412983268797596,0.010091356009205299,0.004948220649145485,0.0034568868098405073,-0.3529087400055142,-0.48426115687265514,2,10
2017-10-12,QQQ,1,-0.0018236516338273612,-0.0018253165108799152,0.0019392970376640878,0.0036002275375096233,0.00039275639346403324,0.00594308578227376,0.004938512719235405,-0.0003382698503602362,0.16676447652965254,-0.37321315978130376,3,10
2017-10-13,QQQ,1,0.003856916466846716,0.003849497634289989,0.0024859985453548864,0.0032316003623731613,0.0033274697019280985,0.00784015863203491,0.004920103468106795,-0.0002021889889069618,0.26846728907568806,-0.11003739216818986,4,10
2017-10-16,QQQ,1,0.0034383018077728256,0.0034324043623774614,0.00237395326048374,0.003237249666440276,0.004928398990572624,0.00906357375679434,0.003362248520115056,0.0009414254813249402,0.1846560817820846,0.08332223986139442,0,10
2017-10-17,QQQ,0,0.0012761664242402215,0.0012753528159947791,0.0023242324966739046,0.003251366109841225,0.00425831803188137,0.008198416024755906,0.003292945055952481,0.0016128375635282954,-0.3975900299870698,-0.3253556232688688,1,10
2017-10-18,QQQ,0,-0.0012073221261857947,-0.0012080515266834624,0.002596652942713261,0.003407480384977233,0.0019386250464188404,0.005057126235628706,0.0038206804403171585,-0.0022119567374113713,0.31054482349180246,-0.0721937798153569,2,10
2017-10-19,QQQ,1,-0.0036948356614171507,-0.0037016784271628467,0.0031915167535172214,0.0024951141518310795,-0.002488456774000669,0.0007692857758136995,0.007162629361769388,0.002162254568228045,0.6076186825568295,0.523426836678085,3,10
2017-10-20,QQQ,0,0.002696831850744763,0.002693201924464539,0.0029399702534495874,0.0025762872618291955,-0.00029591466413647627,0.0027577387121273667,0.003424850542567727,-0.0013430726165046584,0.09006405277399443,0.6023223432874976,4,10
2017-10-23,QQQ,1,-0.006522767580951272,-0.006544133791304141,0.0037232779069101664,0.0034273002015091708,-0.005332274734608178,-0.003950917274255672,0.010065762696244948,-0.008589442642590369,-0.029038918514050494,0.43682188658184495,0,10
2017-10-24,QQQ,0,0.0016921733841666065,0.001690743271890227,0.003804321640064076,0.003457748229387315,-0.0022384734735108047,-0.002527654137695068,0.005809637353532426,-0.00027017014431270715,-0.30745705206317353,-0.010116188585075236,1,10
2017-10-25,QQQ,0,-0.0037837075363038597,-0.0037908838654709953,0.003942455434758296,0.0035292858440334955,-0.004093372447025678,-0.005893087954940257,0.012525327575834995,-0.0018280587545005421,0.7831439907341236,0.5818869871473951,2,10
2017-10-26,QQQ,1,-0.0031881535846156606,-0.0031932465739572535,0.0038916943598949804,0.003615459659325046,-0.005454527033848855,-0.008520909805478594,0.005361806465029162,-0.002578998462522139,-0.21970972191126925,0.16449115025995642,3,10
2017-10-27,QQQ,1,0.0291236941386408,0.028707657731133374,0.014646460417958387,0.010080722702337862,0.020017378259862495,0.01836215347689829,0.015525713965953793,0.012112781276179296,1.1312318014041698,1.1171446025130516,4,10
2017-10-30,QQQ,1,0.0022478923742326185,0.0022453696440125626,0.013642116412236336,0.010068649803038149,0.017042309647975484,0.01877859219151956,0.0079401634981265,0.002977548691215348,-0.47256133539211276,0.07898419744825302,0,10
2017-10-31,QQQ,0,0.003760505180991469,0.003753452157806869,0.013539433411692198,0.01008317291034323,0.015199622518531353,0.020476633847944514,0.004866115596333958,0.0005259851937475793,-0.170612036529335,-0.1434903371620203,1,10
2017-11-01,QQQ,0,-0.0003287948824629572,-0.00032884894735207837,0.013016844401844163,0.010054822090035088,0.008580438622170616,0.0179290937308485,0.008706479961251705,-0.004320426990397531,0.12015137180700086,-0.07739942149699153,2,11
2017-11-02,QQQ,1,-0.001906067799418154,-0.0019078866582589171,0.012793354181183571,0.009953696948152648,0.00022437804181851817,0.013614548895402923,0.008030022243906828,-0.000789805324637708,0.05209350917182243,-0.0393699324219694,3,11
2017-11-03,QQQ,1,0.009616868253431887,0.00957092052323194,0.004459798081120574,0.010215345503061149,0.007149302481297193,0.02025600840737063,0.009516913510327674,0.0059727202577048825,-0.1553386163895104,-0.178481580649703,4,11
2017-11-06,QQQ,1,0.0033925428472729724,0.0033868011560791444,0.004461573295697523,0.009646000742705453,0.007639506628312587,0.01961105263099916,0.004897159842571933,0.004178905747009167,0.09522046474701518,-0.09855118631693072,0,11
2017-11-07,QQQ,1,0.0005852259555421124,0.0005850547776145021,0.004535093636213642,0.009682509192947008,0.0059487410656147155,0.01623933290312829,0.00481554956713475,0.0013666084230462827,-0.2565283910517566,-0.3319885280300158,1,11
2017-11-08,QQQ,0,0.004029291779160671,0.004021195922798704,0.004324177580238363,0.009296471001971153,0.006842622726081826,0.015592168612586388,0.005981782514241619,0.004551345476934873,-0.18560828009056352,-0.4219367572493725,2,11
2017-11-09,QQQ,0,-0.005242723697810647,-0.005256514997464379,0.005417529124860212,0.00951121475859539,-0.0008840411629935652,0.005818049259621594,0.010833411919302384,0.0030020670018495173,1.3365758194952084,0.29731776767195783,3,11
2017-11-10,QQQ,1,-6.51840325781583e-05,-6.518615714945497e-05,0.0036783265263458207,0.004015384623611431,-0.0014814286223699957,0.0041490306634295315,0.004826227641863795,0.002282598581797428,-0.5036076315757061,-0.2615960544777566,4,11
2017-11-13,QQQ,0,0.0012364778928795062,0.001235714083646755,0.003374091399069694,0.004010237269109105,-0.0003507459970979454,0.0038885134171873226,0.006335736002827311,0.005029320594221673,-0.3785656152609326,-0.506381321454067,0,11
2017-11-14,QQQ,0,-0.0036391158720284755,-0.0036457535626368553,0.003734545112224042,0.004225305500910976,-0.0032504705111391363,-0.0005212090586173002,0.006065301406608957,-0.00013046548113251202,1.0103015396409636,-0.0031765239751928576,1,11
2017-11-15,QQQ,1,-0.00469677915751765,-0.004707843683428692,0.0028954203072472594,0.004563508521257503,-0.005461950028434415,-0.005533231090891433,0.007992147196091192,-0.00039304003270668837,-0.014530980622710965,0.0008609469771239109,2,11
2017-11-16,QQQ,0,0.012779470636830492,0.012698502293995162,0.006961421249504874,0.005923797209063668,0.006132901347235542,0.00538676799860327,0.01017212801503114,0.007694266243381863,0.40239438890680423,0.38255554169094075,3,11
2017-11-17,QQQ,0,-0.003817710682627151,-0.0038250167409277225,0.007314846150534771,0.005459123515984357,0.0019394786407258557,0.0011056022218165484,0.005757532534002333,-0.004075591120131128,-0.17432294930239778,0.13019659561610042,4,11
2017-11-20,QQQ,1,-0.0007794202048393428,-0.0007797241106910491,0.007310873125169408,0.0053684465543070515,0.0012106438888406235,0.0002992646301831492,0.0038296530393376856,-0.0014928971256901913,-0.26394042985748,-0.14264014883032916,0,11
2017-11-21,QQQ,1,0.010856003841622996,0.010797500459702292,0.008325769337627678,0.006373061772562629,0.009202869829765703,0.010094435746269337,0.006987589597012373,0.0060817964302173,-0.04711051414355916,-0.17908529114688398,1,11
2017-11-22,QQQ,1,0.0012217982417599416,0.0012210524536948597,0.0073441851386975955,0.0062893065726818895,0.006386373445280258,0.01054741842009932,0.003212541775641094,0.00032127378536303303,-0.14139509028281005,-0.2949445827012601,2,11
2017-11-24,QQQ,0,0.003660921817440377,0.003654236953372525,0.005547597467445092,0.005962879256147839,0.007829691042126496,0.012557900730076677,0.0035290537710502257,0.0026306601685212516,-0.5213249320769986,-0.6113173556287073,4,11
2017-11-27,QQQ,1,-0.00044785461842078433,-0.0004479549352529588,0.004781202716239988,0.005976504770040402,0.004475977793848118,0.010460936808897259,0.004673168786659163,-0.00012806012163855612,1.7357196338429581,0.050980930690671444,0,11
2017-11-28,QQQ,0,0.0025610831658979816,0.002557809181180204,0.0043522763700425265,0.005981309153152429,0.0034862085837370493,0.011269297218129193,0.006324297531778179,0.0003194266890405064,0.11362091341697056,0.10524766243359251,1,11
2017-11-29,QQQ,1,-0.017433947514468695,-0.017587708505581112,0.008715030435063097,0.008449085671296593,-0.01193166587920913,-0.0067139052723445,0.021290210044674955,-0.016303324544806947,1.8535079061175788,1.617086940541193,2,11
2017-11-30,QQQ,0,0.008384349968314275,0.008349396544709009,0.009902729532511527,0.00858549697782181,-0.002955891303416558,-3.849134233835372e-05,0.008413714956803632,0.004142122920210978,-0.21380179284113787,0.8444016005203843,3,11
2017-12-01,QQQ,0,-0.004254070522555109,-0.004263144824852461,0.009670205527101116,0.0077962014832104595,-0.0049337557601890625,-0.004260313711637154,0.01932562286190172,0.0018807299005279324,0.042764884133897674,0.7825486278956395,4,12
2017-12-04,QQQ,1,-0.01152178925331937,-0.01158867935929564,0.010398404560400195,0.008558251279799587,-0.011969476630101283,-0.0149457361579034,0.019747891365200245,-0.017689437033548625,-0.1304176169771485,0.4510500929259502,0,12
2017-12-05,QQQ,1,0.000655072624218267,0.000654858157801641,0.010107870878579806,0.008570188219891047,-0.00646261590117625,-0.013651499992471394,0.016046614263630472,0.0008514860430244304,-0.2087897098741015,0.08820809961166254,1,12
2017-12-06,QQQ,1,0.004514835689266139,0.004504674391530017,0.007761633636102726,0.007828223634080875,-0.0015094636774101167,-0.007917543458104359,0.011035259287649913,0.008276369294354198,-0.2944621492357934,-0.24932853635336938,2,12
2017-12-07,QQQ,1,0.0033878807069989136,0.0033821547680439323,0.006571134446420534,0.0079339626395557,0.0033483587638223344,-0.0034809121295532597,0.007362074678294455,0.0034529856038117046,0.1402690608004804,-0.17716592753280758,3,12
2017-12-08,QQQ,1,0.004414742594499366,0.004405026204821638,0.0067843799684004745,0.0079870916268946,0.007502297787116641,0.0019297444143919762,0.0068965008541578355,-0.002900399393779056,-0.14034384164671743,-0.3262504339639436,4,12
2017-12-11,QQQ,0,0.007757147990745672,0.007727216009824289,0.0025499985756718335,0.008454887517738452,0.011116430427898116,0.009891536718994454,0.007688844146513948,0.0073010893120748115,-0.2585384787957994,-0.4982352745554207,0,12
2017-12-12,QQQ,1,-0.00134697659787264,-0.0013478845863010847,0.0032861182309045027,0.008405649401146261,0.005996400037667993,0.009119558438881237,0.005069584013669556,-0.0008984110120220613,-0.024551545277717746,-0.5046853005645187,1,12
2017-12-13,QQQ,0,0.0019269809243704916,0.0019251266783113508,0.0033380444441435267,0.005955912156994798,0.004701900720403218,0.009670188331109664,0.004669977943476107,-0.002111065862287483,0.20227175374071282,-0.3263501550151925,2,12
2017-12-14,QQQ,1,-0.0007051076871527062,-0.0007053563924941386,0.0037637434466131193,0.005441566011098858,0.0015936557937750173,0.008481760241098257,0.0060795915886239695,-0.002431778045447288,0.00721584044884005,-0.25578809960548266,3,12
2017-12-15,QQQ,1,0.011354676114476936,0.01129069564248475,0.005545892172976971,0.006127261305784298,0.009140747020475182,0.017851872358314314,0.01016046738364479,0.007412539859428813,1.0254851655031367,0.5505530686298128,4,12
2017-12-18,QQQ,0,0.008383966874678794,0.008349016636286066,0.005663615478588206,0.00414247254327126,0.013615291172182964,0.02225273611242029,0.0044202888705750015,0.0017681155482300007,-0.4611291106106046,-0.09555277932761375,0,12
2017-12-19,QQQ,0,-0.005924941806976336,-0.005942563915807497,0.006952000401782996,0.005141105136055698,0.0046121413380326715,0.012796472003704595,0.007831284083889613,-0.004041931315210509,0.17025833969714466,0.09225343200179137,1,12
2017-12-20,QQQ,1,-0.0010779012581605407,-0.001078482611520215,0.007194373538912681,0.0053050778812783516,0.001149651524670503,0.00888598132375118,0.008657157138625592,-0.004549770746939179,0.2405729746936176,0.30806347024177927,2,12
2017-12-21,QQQ,0,0.00012641373631883113,0.0001264057467764701,0.007113632144387967,0.005365989606334245,-0.00125667423215714,0.006530830711295232,0.00557847786251981,-0.0012678094975732963,-0.5217486131281978,-0.3435082562060232,3,12
2017-12-22,QQQ,0,-0.0011420757802073078,-0.0011427284457274922,0.005192574317093267,0.005431943797034519,-0.0024593322680532825,0.0034626140722213705,0.003051272868784306,0.0003813969838210856,0.251718199230633,-0.16427140617790936,4,12
2017-12-26,QQQ,1,-0.00540121728148113,-0.005415856592738244,0.0027722951850850954,0.005458614837441621,-0.005173601917841775,-0.0025585866630684073,0.004920469329874063,0.00019169773304267303,-0.0605090354215958,-0.2179143908005292,1,12
2017-12-27,QQQ,1,0.00012753803256138063,0.00012752990027831146,0.0022812469262099276,0.005419370702701617,-0.0035773877711764435,-0.0031777187339672164,0.003641521297284651,6.385042428850644e-05,0.021420065971065716,-0.2070412183999646,2,12
2017-12-28,QQQ,0,0.001213616445371768,0.0012128806082225552,0.002589884163581738,0.0054070837584590725,-0.0013509558488072893,-0.002644659218392187,0.0033750258580324305,-0.001974003896121689,0.1342492920377698,-0.10368327869407945,3,12
2017-12-29,QQQ,1,-0.006189223893140583,-0.006208456537165397,0.0033286814438734046,0.0058267498593058565,-0.005262701737499653,-0.008946941690388233,0.007649626987912805,-0.007075926849633369,0.3068544290338586,0.1368802288148745,4,12
2018-01-02,QQQ,1,0.017527382659586754,0.01737554967725341,0.009560122620473684,0.007289364713841741,0.010726579406737491,0.007674107440370115,0.015074097133070756,0.012327593029298513,-0.018462604712830677,0.18594472025899544,1,1
2018-01-03,QQQ,1,0.009716749455228824,0.00966984543687932,0.009234490527473145,0.007454475089524547,0.015999148821611575,0.01656699392185068,0.009833570124783692,0.008761972989134652,-0.09792375964363453,0.0600132828139075,2,1
2018-01-04,QQQ,1,0.0017495890598373531,0.001748060311758337,0.009070430318154231,0.007058574247349515,0.012927844775128428,0.016660003117358935,0.0044214189001262,-0.001681431494470946,-0.15680515661797734,-0.08427070528168468,3,1
2018-01-05,QQQ,1,0.010042867994133786,0.009992773511014796,0.009056230363488016,0.007443918546614489,0.016434105675598554,0.024019295427389897,0.00782265132887023,0.005277151586735891,0.08944910619508306,0.043862061070975455,4,1
2018-01-08,QQQ,1,0.003890925240845222,0.003883375169402292,0.006167041893184824,0.007389964231530583,0.011763938681927932,0.02476323859582119,0.00475546122263122,0.0038908404763885974,-0.14201086976656307,-0.11976556576074249,0,1
2018-01-09,QQQ,0,6.170055443344147e-05,6.169865103178296e-05,0.004577597752358069,0.0073217044883882145,0.0067256701892275395,0.021484246555325548,0.005955584152969013,-0.0019033435739388457,0.07009339741181653,-0.06323673661471119,1,1
2018-01-10,QQQ,1,-0.002337940320924048,-0.0023406775705794303,0.004705821830546637,0.006974257158340168,0.001704559544649653,0.01548445688711797,0.006735118767575563,0.0021008177557096477,0.3721027826199239,0.22918404793543057,2,1
2018-01-11,QQQ,1,0.006844336242522786,0.006821020101767772,0.004996229145693019,0.006928066269172288,0.004861498674495923,0.01813166347395545,0.0067093210196056555,0.005108867031671613,-0.39790906952123284,-0.2547614133598035,3,1
2018-01-12,QQQ,0,0.007349020814108487,0.0073221483379217744,0.004227389115254387,0.006900711400307495,0.009054494734947127,0.020675434783110402,0.0105424534786954,0.008213372030708746,0.8444672381371041,0.3153472916441711,4,1
2018-01-16,QQQ,1,-0.0028572094085711486,-0.002861299023154018,0.004951516860252338,0.0063674622270188394,0.004359991826691223,0.012569275519489276,0.017453794888812567,-0.00942141285990233,0.09186578290217606,0.39703082075281193,1,1
2018-01-17,QQQ,1,0.010790925583708866,0.010733119031877791,0.006176665256351234,0.0051601069253208115,0.01119804610321351,0.01890406153499602,0.012378599807987401,0.0060072221847233785,-0.17903414354939629,0.14197507956739086,2,1
2018-01-18,QQQ,1,0.00018138720623994686,0.00018137075756996524,0.0056115992814042386,0.004971726376181271,0.006910444487109313,0.015475416296919509,0.006403658348400385,0.0017519999218301623,-0.21913506391451676,-0.09930349208080036,3,1
2018-01-19,QQQ,1,0.00313593447323135,0.0031310276862859254,0.005461006714123583,0.004934465678000986,0.006340406798941878,0.014912053898038069,0.006433812398089711,0.00018037868881758557,0.4731123402516628,0.2657468252794388,4,1
2018-01-22,QQQ,1,0.010700909163055217,0.010644059636073955,0.006176701551784129,0.005031728214269466,0.012661316125711197,0.02190675567179068,0.012208316058453239,0.011065650417359268,-0.33017443293885607,-0.14965247823220673,0,1
2018-01-23,QQQ,0,0.008267621985248219,0.008233632412057545,0.004752879061226267,0.0052293033459650485,0.014325203193763514,0.026014863303132296,0.006522806614663367,0.005158889470684513,0.456582085317506,0.18147308683196006,1,1
2018-01-24,QQQ,0,-0.00648901447059913,-0.006510159648880354,0.006799435728959518,0.006138475392196316,0.004593208279148664,0.015760334453694957,0.01648321146901892,-0.008594757738533677,0.429003124531123,0.5464284025475559,2,1
2018-01-25,QQQ,1,-0.0003566525401289544,-0.00035671615577292926,0.006862314442888665,0.005956279573510182,0.0012129716543654023,0.01163336222549538,0.010733073336128874,-0.007194675756370501,-0.46718759785880337,-0.16394775056420885,3,1
2018-01-26,QQQ,0,0.01532556131615892,0.015209311129627423,0.008793280925207175,0.006963451367449273,0.011037342489160773,0.022443201312678074,0.01175491944766949,0.009687515238284176,0.1076300777873811,-0.10391655774986508,4,1
2018-01-29,QQQ,0,-0.004855949458719699,-0.004867777889002056,0.00922983322685438,0.007479505173543112,0.003776681814129823,0.01407534706001945,0.006859342901483172,-0.002755474002001704,0.1635422714135002,0.044046928870105306,0,1
2018-01-30,QQQ,1,-0.008230348685584032,-0.008264404997603947,0.00954178223467647,0.008141417381307355,-0.003532185962455303,0.0029309423185179817,0.009492677637242417,0.0008899074088910894,0.20682282752737557,0.24686362705369547,1,1
2018-01-31,QQQ,0,0.0041493724458270265,0.004140787539768098,0.009168686425086647,0.007679147723532255,-0.0005663230534038721,0.0049356910442583946,0.009725960593197702,-0.0014736222162939948,-0.056426534363837266,0.14911985776091474,2,1
2018-02-01,QQQ,0,-0.008500609684417126,-0.00853694593363663,0.010183040853504466,0.00838859739626994,-0.008605942259312882,-0.004870191991651063,0.01374180532254864,-0.0008328339355456429,-0.10391950849485976,-0.0016611029734241445,3,2
2018-02-02,QQQ,0,-0.019944680485618593,-0.02014626042661316,0.008647265584540749,0.010691061539135094,-0.021075473871889794,-0.02371709231540775,0.019306608897907758,-0.01607891447900357,0.8002597409425862,0.6679503030551033,4,2
2018-02-05,QQQ,1,-0.03942691729515968,-0.0402252114798074,0.016386246170221073,0.01533981659692702,-0.04607922549912802,-0.05661380793618709,0.04752560036740116,-0.03035513573743543,0.5387722498141743,1.1511414264809638,0,2
2018-02-06,QQQ,0,0.02649863937765673,0.026153631979290992,0.024833442594646364,0.01806584854073709,-0.013193290965817228,-0.027437518333977895,0.04755784942833158,0.041717477067256974,0.12494471976479571,1.078185260156447,1,2
2018-02-07,QQQ,0,-0.012938090673257796,-0.01302251676729771,0.024000798297901894,0.01827125255641909,-0.014953176671579471,-0.03528051605154103,0.02070589185074623,-0.009765663130174858,-0.23207429859985707,0.49931571751329984,2,2
2018-02-08,QQQ,1,-0.04219457786531078,-0.04311063005948945,0.02762801337755351,0.021617322625046176,-0.03937655087786418,-0.06762101322478531,0.04576021869601664,-0.044639511809934494,0.03467602932274905,0.40074221573989344,3,2
2018-02-09,QQQ,1,0.017269611224974613,0.017122186381783422,0.03157025424635471,0.02186779740288915,-0.012262732958646883,-0.04289485372069468,0.045688220238006526,0.0030845071416861266,0.2086515021532136,0.5093878801178218,4,2
2018-02-12,QQQ,1,0.01774485639148149,0.017589254486417794,0.02852600516023663,0.023434503934464942,0.0043113109288484,-0.019157568624764032,0.02213056627718534,0.007419138817924714,-0.4461306820477773,-0.191620939087775,0,2
2018-02-13,QQQ,1,0.005161339092631723,0.005148065037027472,0.02521306144535594,0.023709296745993258,0.012849979585751514,-0.008580173382516598,0.014497297979234484,0.010952112268979712,-0.49587156981852676,-0.5854563324278798,1,2
2018-02-14,QQQ,1,0.01872372976938963,0.018550598511018812,0.02605239024878801,0.024773187613427845,0.02859151164566298,0.01421426609071852,0.031055071973425198,0.024755859375,0.6393398268398269,-0.32887560511754343,2,2
2018-02-15,QQQ,0,0.018564054170771893,0.018393845400138886,0.005806018642813394,0.02566033276760858,0.03170441499142873,0.0344997928100188,0.01986106079540738,0.0095040670427353,-0.009087001078541657,-0.34641906980547466,3,2
2018-02-16,QQQ,1,-0.004465636343463419,-0.00447563708165255,0.010434723004965807,0.024848209808637466,0.015888832561097077,0.029655142240584187,0.012593859196746172,-0.0012109284560888535,0.20572530837298753,-0.20570543061336555,4,2
2018-02-20,QQQ,0,0.0020004180793762316,0.001998419907472737,0.010320400153281062,0.02053153080218257,0.009935087436079737,0.027118119330000745,0.014417782253243536,0.005535882566550894,-0.4091264659158993,-0.485664989296805,1,2
2018-02-21,QQQ,0,-0.002843283119821738,-0.0028473329275930936,0.011431263059191801,0.01910726777166448,0.0007895926264700481,0.022602716000758916,0.01806140812620056,-0.007706193451306459,0.11896502979426726,-0.3546596754719785,2,2
2018-02-22,QQQ,1,-0.00012140849877073645,-0.00012141586937897131,0.009248858542904923,0.01843411318296615,-0.0019016179889135287,0.01957499694533471,0.012323265487915793,-0.004470159867023436,-0.09930080803074692,-0.3650306485783821,3,2
2018-02-23,QQQ,1,0.020448826404817044,0.020242556400254408,0.010063343256616435,0.010164517000105254,0.015470136899478959,0.03103460395417179,0.016372727025571354,0.012279499344936613,0.3512531558164125,-0.07191716172112406,4,2
2018-02-26,QQQ,0,0.013260257051020963,0.013173109397345506,0.009895012310675619,0.009888282240140375,0.02221987653327817,0.03562687648411633,0.00935124591313093,0.00852265107361056,-0.21618503340526063,-0.15595272078194533,0,2
2018-02-27,QQQ,0,-0.01238269351643162,-0.012459997886232088,0.013114768612079022,0.011356756390685563,0.005941341514424936,0.01698071055939443,0.01478433006037002,-0.012672359640846861,0.07495409596426494,-0.050136313975586155,1,2
2018-02-28,QQQ,0,-0.0064172463255850465,-0.0064379253665922676,0.013645332403202934,0.012004769498604776,-0.0033615967921561962,0.005883388091108888,0.015952714612952362,-0.012053136107136262,0.01720923290507681,-0.057441323190697724,2,2
2018-03-01,QQQ,1,-0.016326772681895307,-0.016461523141506618,0.016237784941995313,0.01255212946722386,-0.019259338639992185,-0.011609713222664464,0.03030488482806683,-0.016855990871358924,0.7889268521041637,0.5994341897879711,3,3
2018-03-02,QQQ,1,0.009180642418876506,0.00913875648593887,0.013124483771234008,0.011405880603814578,-0.007675786836481735,-0.0027094881801685844,0.026584566556490385,0.021476956881009614,-0.25211333434882743,0.18189361474059185,4,3
2018-03-05,QQQ,1,0.01108464489799088,0.011023660468390872,0.012490564551215333,0.011748934930504124,0.00641628839569508,0.006609415117222239,0.02221413969979135,0.015858574001060107,-0.32909508382786345,-0.1663862012758075,0,3
2018-03-06,QQQ,1,0.004230641875805574,0.004221717871122799,0.011534541572698832,0.011774547532489956,0.010371081045174702,0.008901384844570481,0.009665015960883937,-0.0006522420061223349,-0.23506105313413006,-0.352099601316068,1,3
2018-03-07,QQQ,1,0.00231392220846649,0.0023112492130819007,0.010897139908314164,0.01165057950380195,0.01062487595277517,0.008754096555271262,0.012615848193432361,0.010044799257286996,0.1739600894138238,-0.22827785243908338,2,3
2018-03-08,QQQ,1,0.00550523745166287,0.005490139020248641,0.00360072077132739,0.011644326350512588,0.009689070804381528,0.011252004836766805,0.006072031772966353,0.0013558670100726176,-0.25371719821782523,-0.40926349600902234,3,3
2018-03-09,QQQ,1,0.01942778051205596,0.01924147037909929,0.006920252554753173,0.011478494244629494,0.020605450810774695,0.027844896800004237,0.013678589102154944,0.012217199090484517,0.4832703535642935,-0.09950302900098318,4,3
2018-03-12,QQQ,0,0.005313019873713909,0.005298955577554665,0.006865081279893495,0.010951242272512554,0.01852394323405182,0.031053630108447194,0.0069096387452876945,0.002360820328393886,-0.017632241813602012,-0.11197492435210865,0,3
2018-03-13,QQQ,0,-0.013614262201057437,-0.013707786077832296,0.01177804051086872,0.011138692241613575,0.0009444931813327173,0.01496062900715156,0.022581399231341105,-0.015875682493696173,0.47838182542845753,0.2725182316312571,1,3
2018-03-14,QQQ,0,-0.00017485221940438667,-0.0001748675078356854,0.01190784529322638,0.010779334306813434,-0.0024288487172891005,0.012108994847929822,0.010486141075155437,-0.005387914554671169,-0.2714377890288988,-0.06777448993836044,2,3
2018-03-15,QQQ,0,-0.0008737575936876851,-0.0008741395423568221,0.011952991975450087,0.008646167806089695,-0.005231090901601565,0.00703920219640497,0.009487804737241081,-0.0015716197186538693,-0.28927087753229197,-0.255228066111874,3,3
2018-03-16,QQQ,0,-0.002973542761793624,-0.0029779725236425136,0.006943325666813679,0.008728254347007447,-0.005721083121254855,0.0010884932538637315,0.007333223449690402,-0.004656052948759528,0.08213353511232047,-0.1353419116790564,4,3
2018-03-19,QQQ,1,-0.021335775264974544,-0.02156667308071203,0.009306356756364596,0.011100302962943912,-0.019284368355972803,-0.020007271642212943,0.021170914854155398,-0.011827320684871457,1.2900146583827024,0.8147219637350964,0,3
2018-03-20,QQQ,0,0.0032912594352707547,0.0032858550957444166,0.009724917816098867,0.011062381086667449,-0.011669127976288052,-0.01642592948485444,0.008554122698117584,0.002871303061533621,-0.5227165449729743,-0.14386212631888373,1,3
2018-03-21,QQQ,0,-0.004354105122441609,-0.004363611843695381,0.00944512649566623,0.011087440697291047,-0.010744839025638608,-0.01970989821979119,0.015369846075226255,-0.0017343970652315258,0.2872369459761648,0.07701120581745902,2,3
2018-03-22,QQQ,0,-0.024682562463235747,-0.024992284012183674,0.012267657172606243,0.013059995461065925,-0.02539824814173519,-0.04008105059404565,0.019318437049871056,-0.010995671902572897,0.5185131145485427,0.48660583261447665,3,3
2018-03-23,QQQ,1,-0.02635142939790247,-0.0267048509174872,0.013324441098898637,0.011909079911394818,-0.03697544772088568,-0.05738981163029511,0.029949021325239102,-0.025213738934422116,0.20272702841880696,0.6354087603251122,4,3
2018-03-26,QQQ,0,0.037158338516436684,0.03648460661420838,0.02583373623669617,0.018480387942198848,0.0020966500722281456,-0.016869510585339698,0.03363840217872711,0.016571807170121154,-0.2824714394136092,0.12776069024687065,0,3
2018-03-27,QQQ,0,-0.03235993538141346,-0.03289509492469822,0.028454477094715092,0.02027116581392807,-0.020093413521625414,-0.04160427175445902,0.04794108607350311,-0.03948794516933368,0.37242591094526056,0.4802453756580638,1,3
2018-03-28,QQQ,1,-0.011503552665797612,-0.011570230374683632,0.028271471019630602,0.020147037950636618,-0.01968721547595187,-0.04448248890797357,0.023645479777835425,-0.0058165150129333605,0.13285232053604368,0.5361441123559891,2,3
2018-03-29,QQQ,0,0.018314802663183416,0.018149106732449738,0.029776690118017445,0.021790128220270953,0.0016013609356240188,-0.02036168504349045,0.03213157264351127,0.012839966482782662,-0.23136588799112,0.10498380469374324,3,3
2018-04-02,QQQ,1,-0.02885184414925357,-0.029276241639283107,0.030284655934639707,0.02283890640716282,-0.02363238149903102,-0.03967662129415528,0.036857666569509735,-0.02188823741173939,0.2453947004480832,0.2654594596753448,0,4
2018-04-03,QQQ,1,0.01125345433701841,0.01119060529278304,0.022921955981902848,0.02321580963447143,-0.0037125054514058897,-0.0229324844458505,0.0221839474460325,0.0024861312028287754,-0.25084220345204056,-0.04161505135412058,1,4
2018-04-04,QQQ,1,0.015770204021687162,0.015647146430374015,0.020436279107031993,0.024078640201743256,0.011153543049935433,-0.002622291629412632,0.040137481470693175,0.03579305037458338,0.026192853799344773,-0.06101348586609623,2,4
2018-04-05,QQQ,0,0.005696719179554943,0.0056805542372186935,0.019217394506897852,0.024296999222744822,0.012555364333882268,0.007001746928206876,0.01301683555247683,-0.004215012253470493,-0.3453588104980029,-0.3845902938422009,3,4
2018-04-06,QQQ,1,-0.025023408452815032,-0.025341816942056283,0.021076564665688944,0.02433014635199468,-0.008407288795631795,-0.014384955255783649,0.028826798151427725,-0.01416163098471432,0.3905711080504193,-0.13590893162597928,4,4
2018-04-09,QQQ,1,0.007023044361103237,0.006998497646486079,0.01612413208774994,0.023119857588149537,-0.004242300416212208,-0.006975545883183942,0.021648298907689732,-0.0015824788375812067,-0.3016573995046007,-0.36126097884252617,0,4
2018-04-10,QQQ,0,0.022063157980546366,0.021823288287476927,0.01811819331587356,0.020780306275533348,0.012676665757056282,0.016976093536251735,0.016603135209094736,0.006241807365915575,0.15513843445649877,-0.2516677835580674,1,4
2018-04-11,QQQ,1,-0.005769197216596189,-0.005785903319713626,0.017498776990008905,0.017936596216413584,0.006151769710589949,0.010344126346208737,0.01186013690810637,0.0004993872195923618,-0.13820170280432653,-0.3155672636651481,2,4
2018-04-12,QQQ,0,0.012041957426266459,0.011970029913213054,0.018160428837477628,0.017671303487423268,0.016277277072092478,0.019323595918897984,0.009984499909156976,0.0059535300084786824,-0.2679874393651449,-0.4452551847270976,3,4
2018-04-13,QQQ,1,-0.0051785578929063325,-0.005192013096299242,0.01182206162365125,0.016994973018112605,0.005044984730807833,0.013255400803178885,0.015887598270221334,-0.010121513385042736,0.46399653405715524,-0.1506028914414551,4,4
2018-04-16,QQQ,1,0.007621920094389223,0.00759302001791351,0.01183758445317083,0.013442280604116256,0.006599071361207631,0.016453212730494604,0.010523118239182692,0.0006154221754807693,-0.3682129093440407,-0.39754672942150304,0,4
2018-04-17,QQQ,1,0.021525315801304012,0.0212969179359499,0.011657978022257195,0.014371768444452716,0.02207833034432949,0.0326262682006524,0.01552607748703435,0.011324893741731998,0.261003945949015,-0.19091512442126668,1,4
2018-04-18,QQQ,0,0.002047044775657314,0.002044952434424374,0.010096683546814514,0.013938991636404403,0.016464710908767666,0.030447940983301836,0.010174607942837878,0.002046937540018722,-0.16777868139722707,-0.26619037776658994,2,4
2018-04-19,QQQ,0,-0.00919254526430957,-0.009235057439150651,0.012045121092550438,0.014544007534756473,0.003810467634906445,0.018289838893813526,0.009963823034173236,-0.00416668125588675,0.1735246281349434,-0.12063891433211837,3,4
2018-04-20,QQQ,0,-0.015826913081408045,-0.01595349605867824,0.014603010464942378,0.012778728075308467,-0.013193948133227718,-0.001323046710596465,0.01750869224046678,-0.0133138936608356,0.4175510074713953,0.2811888258123725,4,4
2018-04-23,QQQ,0,-0.00252624757364861,-0.0025294439213618958,0.014192851289853656,0.012854036258566529,-0.014836290309865663,-0.006389351643534935,0.016616540044942743,-0.007357881998820015,-0.3284035034585372,-0.11944777799187101,0,4
2018-04-24,QQQ,1,-0.02118715457210052,-0.021414823850471443,0.009467692779813248,0.012883938632851906,-0.02665850430163008,-0.025796829335603677,0.0339358425438594,-0.025820711014901757,1.1263778502811692,0.768864403293269,1,4
2018-04-25,QQQ,1,0.001199099630553091,0.0011983812847793374,0.009217072032318026,0.012824365786106994,-0.016075170930878513,-0.023650270672869067,0.017890867075804187,-0.0005670378831098361,-0.2585870691520251,0.2777849598101916,2,4
2018-04-26,QQQ,1,0.021052517474115184,0.02083397515068075,0.016512382768090264,0.01409230252143726,0.008290866411246434,-0.0029606214924988716,0.014623560349366457,0.00802743353714784,-0.17438898199822228,0.02347576945420249,3,4
2018-04-27,QQQ,0,0.0006172427317707729,0.0006170523158273156,0.015001350904458933,0.013976491859863766,0.009177075272022828,-0.00278708800677252,0.019711660214226462,-0.013871137354912928,0.1869040006510796,0.19643474942643402,4,4
2018-04-30,QQQ,1,-0.0070945572763436715,-0.007119843314288943,0.015316623232133023,0.01392180989921632,0.003204104568819144,-0.008849660183861796,0.018095663318254553,-0.009417115577038053,-0.3022545520086828,-0.17949139723040652,0,4
2018-05-01,QQQ,0,0.01143281889426584,0.01136795811322866,0.010931879067225496,0.012394395518481403,0.009238116151270681,0.004535873313416872,0.01657116615567976,0.014079207866204035,0.025219498361659154,-0.16068849586855127,1,5
2018-05-02,QQQ,0,-0.0058976009412464725,-0.005915060469741995,0.012026298917909956,0.012364459202901239,-0.0006422496270169775,0.0014667716927982966,0.011897476207854918,-0.0076045029617360545,0.058424966108425735,-0.12980000630468758,2,5
2018-05-03,QQQ,1,-0.00012415429816714507,-0.00012416200595044558,0.0073483469632003775,0.012169838538634957,-0.0005316800894245022,0.003273503345209372,0.019751507302989132,0.004968963054396351,0.5612443979837918,0.2844638819241232,3,5
2018-05-04,QQQ,1,0.018974523056676906,0.018796752020946883,0.011358650749660157,0.012689137084293107,0.014946883962145385,0.020683600075009023,0.02650530174230549,0.023401544822099198,-0.31148165887986,-0.1009745905302305,4,5
2018-05-07,QQQ,0,0.008309610922567767,0.008275276180161661,0.009756964541640458,0.012755876911320204,0.01674604461574969,0.02640096325565877,0.007667255959554813,0.0036223503122828553,-0.21767702054728577,-0.2958482820212106,0,5
2018-05-08,QQQ,1,-0.0010226121325093152,-0.001023135357030469,0.009785133815826812,0.009808577302504068,0.011635091577340884,0.020556192859338518,0.009464054923178542,0.0010851041969534483,-0.19876800758149182,-0.37603529063616836,1,5
2018-05-09,QQQ,1,0.010899252971896756,0.01084028420430716,0.008285450684877448,0.009898214531902278,0.015166106330125162,0.025860642153585633,0.013343759607250113,0.009076214521502998,0.11837466686123754,-0.2615347243018511,2,5
2018-05-10,QQQ,0,0.010364130372344738,0.010310791000736508,0.007152158512023972,0.008542159126074802,0.016077834220475262,0.03168264410068966,0.008609501382233214,0.0071250264890660294,-0.07056694605925962,-0.284739581957033,3,5
2018-05-11,QQQ,1,-0.0009430122855966783,-0.000943457201411313,0.006015816261251251,0.00863763507062953,0.009567904952384021,0.026110019954009633,0.0067288360404279554,0.00023615007292101698,-0.08788366903604306,-0.29876384433561676,4,5
2018-05-14,QQQ,0,0.0017112024768333178,0.0017097400379899597,0.005974881662743081,0.007726197020005146,0.007083652277174224,0.022411750607585157,0.007948225228163132,-0.0005887906972147882,-0.11612958102459414,-0.35492539060629336,0,5
2018-05-15,QQQ,1,-0.011075126130224766,-0.01113691195368638,0.009064712773434085,0.008946069573808122,-0.006192481483337953,0.007998177434995313,0.009025617477632796,-0.00320651109304246,1.2620419124082907,0.4057931267032515,1,5
2018-05-16,QQQ,0,0.006612357563070104,0.006590591822686065,0.008196306958596277,0.008403229857346829,-0.000922257946535221,0.010319733449128288,0.008090907489924151,0.005294779041218975,-0.5352419694661437,-0.31605432283826784,2,5
2018-05-17,QQQ,0,-0.0038467325838404953,-0.003854150288353786,0.0065882898919789774,0.008701625368244155,-0.0032450161655980247,0.002519183437092787,0.012471085641233871,-0.00035630119847508164,0.19785364322703258,-0.09176599990613665,3,5
2018-05-18,QQQ,1,-0.005168261140028996,-0.005181662797085096,0.006766235919437143,0.0073251363956684775,-0.0060422439060502375,-0.004198155509093859,0.006261854954866087,-0.0013119392385674646,-0.04593489130355677,-0.08725427087463855,4,5
2018-05-21,QQQ,0,0.005613096117324634,0.005597401396573609,0.007533694633826246,0.007096099866371996,0.00114136217203753,0.00010680204560142847,0.010784589852217773,-0.002133210607191505,-0.12446839754518857,-0.1733925346556402,0,5
2018-05-22,QQQ,1,-0.0013066081540366037,-0.0013074625107574178,0.00542495829196769,0.007107052125666886,-0.0005350820704332904,-0.002449950325652761,0.009280558505780561,-0.005852133971032925,-0.15146855096581946,-0.28162089594075257,1,5
2018-05-23,QQQ,0,0.00844366588874812,0.008408217544798369,0.0059838858001685005,0.006772545998200078,0.007161880196851378,0.004947791522960543,0.01641695826588473,0.0161774254390079,0.3634977435734199,-0.011137171029727555,2,5
2018-05-24,QQQ,1,-0.00029491555909855194,-0.00029495905524346,0.0054928921736289785,0.0059282518067929795,0.005408032707204802,0.004693077182811312,0.011854967439967622,0.0,0.04287629246398428,0.02885236888832754,3,5
2018-05-25,QQQ,0,0.0010026484821730186,0.0010021461659199815,0.00416469994137606,0.005926718851011099,0.0037258516287967947,0.005545526101266907,0.006606471569940662,0.0011207599998487893,-0.008520932247756963,0.009689682343290373,4,5
2018-05-29,QQQ,1,-0.004418996181497881,-0.0044287888048160085,0.004776905676485173,0.0060649171550631225,-0.0013828880371921093,0.001564876197598375,0.011601015036884365,0.00011840350886224524,0.501083374301269,0.4147205343062137,1,5
2018-05-30,QQQ,0,0.0071607703813620915,0.007135253804951169,0.00535962731111299,0.0051918928613809544,0.003395941211820297,0.007357556753849748,0.007430089003603244,0.003538099057955594,-0.45013282226076834,-0.14362909359371023,2,5
2018-05-31,QQQ,1,-0.0006461876252330523,-0.0006463964944405376,0.004205421419972332,0.004876891850031616,0.0021921396810808957,0.006057510903830554,0.009225479686209417,-0.0006462883787522474,0.5737763502722162,0.28589010044613894,3,5
2018-06-01,QQQ,1,0.015699508591195954,0.015577546150260524,0.007874492981874186,0.0065146654313450285,0.014113371209790948,0.01919328514248142,0.011525867316917964,0.010648299460077046,0.27676341219313216,0.5414083877813145,4,6
2018-06-04,QQQ,1,0.009031092426106557,0.0089905559869905,0.007989493889228549,0.006169621809981398,0.017798552752380292,0.02426407446838552,0.0073333471958824,0.00646731968671109,-0.5507659743584676,-0.29378351659882807,0,6
2018-06-05,QQQ,1,0.0030977632275752676,0.0030929750449573135,0.0061935031804875315,0.006149076443559613,0.014000112117824592,0.02356340795064127,0.006067182862225917,0.0007440307883241578,0.2111331599835773,-0.15003126587519244,1,6
2018-06-06,QQQ,0,0.005834241036172028,0.0058172877596458505,0.006206256870661347,0.005902843603479201,0.013240377037179396,0.02492691126326463,0.009998857029369637,0.004799430450149959,0.010383667012385356,-0.15727447635537684,2,6
2018-06-07,QQQ,1,-0.00813158223995103,-0.008164823882223615,0.008766779741105762,0.006910723038471432,-2.292467471565196e-05,0.013738994103068558,0.013531125318563767,-0.008300680646617323,0.5816963964755597,0.27687997386930063,3,6
2018-06-08,QQQ,1,5.7405143758959554e-05,5.7403496146690713e-05,0.006552917571982453,0.006893879639137638,-0.001910983036629843,0.010924190519423727,0.009792132947725398,0.004780841127450571,-0.19747325146526673,0.011412173303107842,4,6
2018-06-11,QQQ,1,0.002694109234335773,0.0026904866270607286,0.005350126276168758,0.006863692980326188,7.993251629767606e-05,0.010608091549899168,0.006081105923011875,0.0034421783714037105,-0.2976875611621036,-0.27785792699084333,0,6
2018-06-12,QQQ,0,0.005259797130249488,0.0052460127116935595,0.005669173057717364,0.006359226454432381,0.004203286829930208,0.011912858266725834,0.005937729502562588,0.0038824319626993816,0.008606746506449436,-0.22471377660592984,1,6
2018-06-13,QQQ,1,-5.64910346990688e-05,-5.649263037810215e-05,0.00502609584533877,0.006370904097532238,0.004192426368573754,0.008581930894068002,0.009710429611581082,-0.001589998691608706,0.6817224744356294,0.23898908366398253,2,6
2018-06-14,QQQ,0,0.010123710471296121,0.010072808967562352,0.004244202943034068,0.0065407500966990564,0.010698780680063136,0.014410727358400655,0.007869554159672084,0.0054917125849975774,-0.051311987236717704,0.1744720091692269,3,6
2018-06-15,QQQ,0,-0.0034907957671352907,-0.0034969028111166978,0.005181118418588062,0.005590598618098175,0.004267332871627394,0.008427410150231518,0.006895389539402399,0.0002826148975738757,0.3814372424546164,0.6011370930292221,4,6
2018-06-18,QQQ,0,-0.0005778586681025599,-0.000578025692769657,0.005415893346112797,0.005139843354535345,0.00145055439693631,0.0063665488089348354,0.009744095968728744,0.005755282211073156,-0.36243568064140985,-0.014700133779160018,0,6
2018-06-19,QQQ,1,-0.0028329901553659775,-0.002837010667152029,0.005500771333891872,0.005273007424039604,-0.002004357537820689,0.0026388953670335447,0.013369980576937541,0.009927099817099423,0.20873006840913977,0.14305120173436703,1,6
2018-06-20,QQQ,0,0.00710264253878079,0.007077537577545812,0.00616770891213773,0.005418457942706001,0.0030302519860128108,0.008745657100449389,0.007522209430572121,0.0024885608703231607,-0.13594518255047594,-0.035413897887825674,2,6
2018-06-21,QQQ,0,-0.008688310426243961,-0.00872627384721536,0.005746146174284088,0.005524694275997722,-0.003981483045522927,-0.0009582232936485857,0.014124984854986117,-0.01119859464575351,0.3157394515406502,0.25496746768782264,3,6
2018-06-22,QQQ,0,-0.0022194788569446233,-0.0022219455506684582,0.005674636352808905,0.005612211001564177,-0.004745613446806685,-0.00388499476551174,0.009529169862169775,-0.005558682419599036,-0.30817540614777295,-0.1274825079873131,4,6
2018-06-25,QQQ,1,-0.022530581373361835,-0.022788272904453066,0.01091272720949569,0.009171895154622663,-0.021469930629623657,-0.024573181307796954,0.024060369754028102,-0.013584301320381967,1.587011026428847,0.9442556271173226,0,6
2018-06-26,QQQ,0,0.0040849338303985405,0.004076613140148844,0.011791464790575579,0.00907859320167165,-0.01304320052610397,-0.0186982533024167,0.009825595589571221,0.00040701932685319767,-0.4986086064599221,-0.06376343190497302,1,6
2018-06-27,QQQ,1,-0.013599327266528127,-0.013692645123444258,0.010255246454150529,0.009756432407899746,-0.017993693104505493,-0.028878446517070278,0.02297454369554619,-0.017766245775465688,0.35468018180839356,0.2242697959932609,2,6
2018-06-28,QQQ,1,0.008601831905206803,0.008565046943993515,0.012810728423009591,0.009533746839718684,-0.004338994578360289,-0.01713362859396428,0.01533745893102248,0.00985133392435036,-0.12178981331668037,0.049652303819399224,3,6
2018-06-29,QQQ,1,0.0026871168104161125,0.002683512966561885,0.013269373276071982,0.0097265061796784,0.0026167431994355006,-0.011682599787559256,0.008836720661603941,-0.0020929051906763215,-0.21546424408018494,-0.15115338084987484,4,6
2018-07-02,QQQ,0,0.006699975781531364,0.0066776306959557274,0.008851082356290904,0.010173050007796893,0.00765087510786322,-0.0029368079354150645,0.01870152940560984,0.01623153301929756,-0.1274015683150913,-0.25953393756172005,0,7
2018-07-03,QQQ,1,-0.011574227259484426,-0.011641729994648742,0.010424519669718293,0.010612026403793856,-0.0025344867899812495,-0.011511179953493378,0.016258242231455205,-0.015278143229227836,-0.19695624803273526,-0.3872012351716472,1,7
2018-07-05,QQQ,1,0.0124121338505494,0.012335734850662305,0.009263310341943642,0.011282177840281703,0.006097559268632535,0.003272245005919272,0.011808497097625891,0.005875135159796114,0.23962575501612915,-0.2377741197679547,3,7
2018-07-06,QQQ,1,0.015556361237025973,0.015436601470140587,0.010597154588842868,0.012339215366277547,0.01652040807023858,0.01893864658408151,0.015808939403276785,0.013212515516740473,0.1700931506156289,-0.09401079971561144,4,7
2018-07-09,QQQ,1,0.00899713301663052,0.008956899956761966,0.01060531665667555,0.012620445631939405,0.019129804624697266,0.0269918947133454,0.007987697536784426,0.0037955934326353263,-0.26059569362474866,-0.3256315988328604,0,7
2018-07-10,QQQ,0,0.0007335262973340306,0.0007332573984077939,0.01089734231392307,0.009542469757879365,0.014602053874045007,0.024213116399861567,0.005689468693825511,-0.0011266164005676147,-0.12643766377580667,-0.32065622860397525,1,7
2018-07-11,QQQ,1,-0.005075295045109063,-0.005088218099091435,0.008521198345037723,0.009908454913933861,0.0030019502747060667,0.01646098627124415,0.007218804782203393,0.0027852299980884233,0.2668381968413347,-0.1174908792682664,2,7
2018-07-12,QQQ,1,0.017231647329230215,0.017084866281253497,0.00956260808964672,0.009090086972635695,0.012754074579047314,0.028212071236241476,0.013431179028223508,0.012754005669001898,-0.07762395725315874,-0.12226356511190861,3,7
2018-07-13,QQQ,0,0.0008356017463093668,0.000835252825528876,0.00868345483751079,0.00913931608520129,0.00904485653952758,0.024130614019238106,0.005293936831418226,0.0008916336853186128,0.0042856989412856095,-0.06453300854666078,4,7
2018-07-16,QQQ,1,-0.0023939870474675162,-0.0023968572161381374,0.008717442379682673,0.009410180348841843,0.004383456511158901,0.01731094268700928,0.005955981640868992,-0.002616205046875443,-0.23688225941004926,-0.24852788306899654,0,7
2018-07-17,QQQ,0,0.006083826280887106,0.0060653945290516376,0.008810138912812307,0.009395032649837693,0.00716290353809379,0.01917755384946629,0.019009449122249514,0.01686600583118484,0.4498325181146725,0.09233076037717924,1,7
2018-07-18,QQQ,0,-0.0018863795089879565,-0.00188816096349953,0.008138817944980338,0.007969866860867647,0.001335697751904119,0.012031129524232798,0.005879403173039447,-0.0019967864205320393,-0.25176499399048147,-0.176032966062031,2,7
2018-07-19,QQQ,0,-0.0050022074460949195,-0.005014760364794313,0.004210283888392227,0.00813180142382655,-0.003196083225073476,0.003520029135962721,0.005912525467487663,-0.0013944667654073512,0.3390623923379039,0.10543043532360419,3,7
2018-07-20,QQQ,1,-0.00022333250438422159,-0.00022335744680113123,0.004154286159437176,0.006984080515537233,-0.002730209834549413,0.001398662464637379,0.007685052216547844,-0.003229948250809378,0.15447303507739418,0.28123787595471006,4,7
2018-07-23,QQQ,1,0.0031846999637552553,0.0031796395479162243,0.0043259522045208144,0.006559543604511461,2.229461740221872e-05,0.00325752449841743,0.010646608903981043,0.006163794706621447,-0.38199530326793385,-0.19328158289857467,0,7
2018-07-24,QQQ,1,0.004121107449710726,0.004112638944844704,0.0037332528161334783,0.006611505116583925,0.0041100221986607455,0.00571748669411587,0.01372584445674725,-0.006118739804553597,0.6633220192294689,0.2812733183771643,1,7
2018-07-25,QQQ,0,0.013976621067085082,0.013879848756334745,0.006999624986596449,0.007167790241251256,0.014877288509538955,0.01614644709327595,0.01463576515237133,0.013527011727222465,-0.050777364953672466,0.1964961770234721,2,7
2018-07-26,QQQ,0,-0.015151363623603364,-0.01526731827168959,0.010548758382818699,0.0076219851467193775,-0.0016301427502553034,0.000422364411230447,0.006155043988532809,-0.0016080364423955741,0.16692742087442114,0.3371051714746971,3,7
2018-07-27,QQQ,0,-0.013496575772899533,-0.013588482438719574,0.012483419042491513,0.008780853176089289,-0.013606037164855977,-0.011987449752687063,0.025994764565452532,-0.019703114278467045,0.4546368674079784,0.7637902678431576,4,7
2018-07-30,QQQ,1,-0.014131165386825573,-0.014231961004165683,0.013246760062568148,0.009711332394868358,-0.022714638555546673,-0.023739023480435217,0.01947864302182944,-0.014186816434101069,0.012394018443860233,0.6013866109042634,0,7
2018-07-31,QQQ,1,0.0076522817812862964,0.0076231515869782385,0.013927027293838469,0.009872262380859193,-0.010985996044074131,-0.014168817311577597,0.01313991762510753,0.0036973486075140075,-0.21444187862376018,0.20584803822187192,1,7
2018-08-01,QQQ,1,0.0037972663172833876,0.003790074900940965,0.011046262218166434,0.010047698215079056,-0.0008460877394379507,-0.008869312131561502,0.00876392506852694,0.0014700582717329252,-0.21535748047482184,-0.08618845819070642,2,8
2018-08-02,QQQ,1,0.013606746834082584,0.013515006310928612,0.012635714591932341,0.011009793587781437,0.013343639578210942,0.0043357176052227775,0.02245984145504318,0.02081084757903475,0.27158447411049025,0.11771070467975697,3,8
2018-08-03,QQQ,1,0.0030631842840931345,0.0030585022938769413,0.010344788008203267,0.011040330826505396,0.01363277985688649,0.006798280438639948,0.005615136121941371,0.0011675472261527865,-0.38669978930946924,-0.3030102583793466,4,8
2018-08-06,QQQ,1,0.005886430910183593,0.005869173565415053,0.00420930485525589,0.011141510751847238,0.012724747118525004,0.011830942065404138,0.00805732881832825,0.006556971725709117,-0.14258460517584604,-0.40614408488744314,0,8
2018-08-07,QQQ,1,0.003643611063643748,0.003636989192991713,0.004384774362990899,0.011127340789629354,0.01037046232999117,0.014667491748192596,0.00484450818816973,0.0008258142599163653,0.20504417787236795,-0.2721738328091339,1,8
2018-08-08,QQQ,0,0.0012100983799308018,0.0012093668010155767,0.004838764363926246,0.010147624734921036,0.006113385164807417,0.016349138055945067,0.007105527530914491,0.0025888251875662766,-0.2413390554494459,-0.4307158953372854,2,8
2018-08-09,QQQ,0,-0.0006041857374630144,-0.0006043683312171311,0.0024644975833779674,0.008742052021218695,0.002866892160408696,0.014681256014557054,0.0054422817505020695,0.0,-0.1687690415198826,-0.49910836405527503,3,8
2018-08-10,QQQ,0,-0.007641129640173605,-0.007670472642622883,0.005169559477933789,0.007804314797494235,-0.005278786666491619,0.005301736846515137,0.0076378400418071245,-0.0008854793546920356,0.7938089100350609,-0.03582103679780313,4,8
2018-08-13,QQQ,1,-0.0011079784577217033,-0.0011085927196212708,0.004203287599562093,0.005674610185824014,-0.005482196593761812,0.0012827418850920314,0.009787055316209178,-0.002930598625435004,-0.2285524195336872,-0.17607519326034737,0,8
2018-08-14,QQQ,0,0.006266475012414174,0.006246922299750324,0.005000203748152318,0.005562853650342109,0.001136453010763372,0.004767611891187684,0.008949839374285944,0.0024308184893604484,-0.1984039372613955,-0.2795410394273259,1,8
2018-08-15,QQQ,1,-0.012234724559376131,-0.012310184924746892,0.007106102564834969,0.007289569624024164,-0.00805825806663718,-0.008683687552952457,0.013665945163804602,-0.00433308595688699,1.7986419930186965,0.8777065339233889,2,8
2018-08-16,QQQ,1,0.003291842946152368,0.003286436692271799,0.007637071187991442,0.005946350656431936,-0.0024852490053309806,-0.00557990812671505,0.008415947441029017,-0.004374028478285352,-0.5265206396938218,-0.051722426967522495,3,8
2018-08-17,QQQ,0,0.00022261890087982295,0.00022259412496961062,0.007045093397404174,0.005860403610601366,-0.0015320580084406954,-0.005237535456404374,0.011374369761411592,0.0028435711707842566,0.30242712490707935,0.20553309516111362,4,8
2018-08-20,QQQ,1,-0.0008894748772168004,-0.0008898706947260138,0.007042703101569463,0.0054691344277566665,-0.0017330249549036836,-0.005330191109645055,0.007378241826165429,-0.0031066103165365037,-0.30902733524323545,-0.167371680287285,0,8
2018-08-21,QQQ,1,0.003672539987703116,0.003665812678566027,0.006476938448193341,0.0054717438233431006,0.003147979289882308,-0.0008808616064297503,0.007268073228301328,0.0006657518504794488,0.05291711776735242,-0.11253516576068223,1,8
2018-08-22,QQQ,0,0.00388123200638546,0.003873719457796909,0.002208338728206112,0.005642304064206844,0.004995572583196051,0.0035306191295056966,0.008445406759326635,0.0060006770568526826,-0.31289820135802615,-0.3805101596210215,2,8
2018-08-23,QQQ,1,-0.0014361382629202168,-0.0014371704978817235,0.0025254966870206165,0.005649905447430438,0.002461662661298325,0.002706315917763158,0.008575871443228637,0.00033195505571686633,0.42864585642708297,-0.1355182657911912,3,8
2018-08-24,QQQ,1,0.00929221712946493,0.009249310076168804,0.004346901366412008,0.005838682845288848,0.00884569036026317,0.010924803262754024,0.007001126324103757,0.005953703789378234,-0.1024239414653828,-0.19522969734283635,4,8
2018-08-27,QQQ,1,0.010192881919084407,0.010141284817412277,0.004736933628374105,0.0064285810895637965,0.013926836529462694,0.01895976522874232,0.006706629053833575,0.005125422424696542,0.268303646682025,0.009268029940008526,0,8
2018-08-28,QQQ,1,0.0014646137944624993,0.0014635422937745446,0.0050012072172208885,0.006270635871845875,0.010686613691644808,0.018672794807705895,0.004328318150908539,-0.001190289555394902,-0.3089804931910195,-0.3010471366613652,1,8
2018-08-29,QQQ,0,0.01153801145356792,0.0114719562112926,0.005803732353757044,0.004688138314211033,0.016028941590543022,0.02617376744075206,0.010706731227802434,0.009787556854317958,0.4388519011688119,0.1188979609055314,2,8
2018-08-30,QQQ,1,-0.0017673442230525804,-0.0017689078183993345,0.005913672676465063,0.005047044374863745,0.008079270413393624,0.020663990040226565,0.009282170517249848,0.00016095492279730815,0.0047951027570984905,0.11739094141678108,3,8
2018-08-31,QQQ,0,0.00128728840981851,0.0012864605644677951,0.005931861316161603,0.004978242066864782,0.004845010452411369,0.018192496708961947,0.006445359305239064,0.0025244453711070745,-0.022592144087598687,0.1240194368918861,4,8
2018-09-04,QQQ,0,-0.004286017606527248,-0.00429522890928169,0.00601774892800276,0.005423875137085507,-0.0010858097441683867,0.010438637015772745,0.008329684961933799,-0.001236004542540147,0.014319517540798188,0.12196178377389288,1,9
2018-09-05,QQQ,0,-0.012913572471710544,-0.012997677497532223,0.008881056969011163,0.007474260430930006,-0.012754290415093683,-0.004282526999786818,0.014715371198082222,-0.011157865871858581,0.466557709842242,0.5476510349795793,2,9
2018-09-06,QQQ,0,-0.008939598740059784,-0.008979796701298781,0.005659295597532547,0.008133853907783675,-0.016360459763731794,-0.01358539662534386,0.017272370675256086,-0.009371771547666734,0.08136629496073744,0.5188854770750495,3,9
2018-09-07,QQQ,1,-0.003850365386866561,-0.003857797126415541,0.005402895965219938,0.008231081483871486,-0.014496074738291287,-0.017548694155159805,0.012354546966975416,0.003379504766490651,0.0116746291065144,0.4378121832685957,4,9
2018-09-10,QQQ,1,0.0033680117608105853,0.0033623527121351415,0.006112982883766624,0.007700187943956649,-0.005842953459056499,-0.0138331924395374,0.008344794528649582,-0.0023606516068598628,-0.4395822387115452,-0.20159997751330105,0,9
2018-09-11,QQQ,0,0.007704370487602752,0.007674843386809016,0.008505715512744476,0.007352514254498803,0.004817829374476057,-0.005577009836453928,0.01602295048603613,0.011768548314143715,0.15247589162712383,-0.08203092257164846,1,9
2018-09-12,QQQ,1,-0.002948743123204922,-0.0029530992316786353,0.006515035212475404,0.0073446358401498164,0.002812294873701715,-0.007415118029644674,0.010773864670192363,-0.001476643497119064,0.20213172181362382,0.05242809323715236,2,9
2018-09-13,QQQ,0,0.010679828441091166,0.01062320189109478,0.006394546700581243,0.007184067391741714,0.010502956129571306,0.004392291080106192,0.00674943111759749,0.004408869764923954,-0.14006187161639594,-0.10009795870703753,3,9
2018-09-14,QQQ,0,-0.002925951736093668,-0.002930240701120468,0.0061562314191242916,0.0072041467485007265,0.004378188051264775,0.0027743265140791618,0.0091519679838121,-0.003628279842186477,0.0029197127182558624,-0.10242225056608678,4,9
2018-09-17,QQQ,1,-0.014402989959983459,-0.014507719851946987,0.009967464594040385,0.008219376285983666,-0.009677061040124335,-0.008800089073990103,0.01437281954985906,-0.01273952760887256,0.059156228682331946,-0.06124721002972844,0,9
2018-09-18,QQQ,0,0.00827142200392994,0.008237401264134192,0.01008495998039127,0.008906402279778694,-0.0011801724992314133,0.0010455307942400793,0.012838182602526003,0.007438375689384233,-0.036100897457606584,-0.10230708035003977,1,9
2018-09-19,QQQ,1,-0.0007654194610047238,-0.000765712544043673,0.009986509474642498,0.007970464999934491,-0.0020755040051066986,0.0006902060567837154,0.009788421243051898,-0.0009296121478888517,-0.0010634526763558805,-0.0751870484249364,2,9
2018-09-20,QQQ,0,0.011056432223192525,0.010995756703297666,0.010086500814739932,0.00809206519566552,0.008748529553650686,0.010144225679383556,0.007882131416191585,0.004131302887034782,0.04561070739933548,0.00431639052022903,3,9
2018-09-21,QQQ,1,-0.005467762169753865,-0.00548276509460166,0.010347067054146517,0.008228535808000193,0.0035398405930164856,0.003194623926227269,0.010797969910478806,-0.008152437624901369,0.15946756047309263,0.19335560824957065,4,9
2018-09-24,QQQ,1,0.0027808202411376826,0.0027769609136063522,0.006679635323433291,0.008215467623493029,0.003173102717377363,0.00461234119694276,0.014611390373627851,0.010107093144994366,-0.09480020929714494,0.05157583207574712,0,9
2018-09-25,QQQ,1,0.0013597835420311455,0.0013588598736218316,0.006046462168979962,0.007913795932305377,0.002755527510420519,0.005237589248546559,0.005984473739873547,0.001795342121962064,-0.2766614394945286,-0.22811490865784667,1,9
2018-09-26,QQQ,1,0.0007058768705214824,0.0007056278566190954,0.005925429884109245,0.007806967489051151,0.0013931306499688212,0.004840221751074569,0.011285956574132835,-0.00016277145306639146,0.4325229947581841,0.10572085789813923,2,9
2018-09-27,QQQ,0,0.008465763838359619,0.008430130228915367,0.004983438436008384,0.0075325895445080455,0.008290668312653127,0.012446217566811857,0.008485608517805205,0.004377891794883679,-0.0855357271075321,0.005065193729698159,3,9
2018-09-28,QQQ,1,-0.0002151182930927309,-0.0002151414343520841,0.003445603175194995,0.007427333841061038,0.005444268096869598,0.01105485325879707,0.00706922225380494,0.00259023114706637,-0.15209900553554012,-0.1395848636708672,4,9
2018-10-01,QQQ,0,0.002045140615265506,0.002043052162166603,0.0034526886097930253,0.005026476553388274,0.005020398740461562,0.01028804893278723,0.00979291421240248,-0.003745903390232415,-0.025127507408251648,-0.14629292894637524,0,10
2018-10-02,QQQ,1,-0.0022556919868973457,-0.002258239892315217,0.004067740158188397,0.00485832168479328,0.0010133184792893157,0.006240743445617536,0.009999383938985843,-0.0013977448229341386,-0.06403422563049621,-0.18505094346164874,1,10
2018-10-03,QQQ,0,0.001076485362341506,0.0010759063674568026,0.004047301445748766,0.004785851093592477,0.00027968064321792774,0.005375174810120953,0.007022985938812689,-0.003109429233101257,0.13701373221019097,-0.06532012850576752,2,10
2018-10-04,QQQ,0,-0.019198604432881683,-0.01938529091466279,0.008807073320178237,0.007297274937395801,-0.01526928312528375,-0.01285480955506657,0.023002212936404875,-0.015226739265108034,1.7655645463065635,1.244529264142527,3,10
2018-10-05,QQQ,0,-0.012227452956310891,-0.012302823280760045,0.00924313741045561,0.008026529801983985,-0.021349566657791197,-0.02321738170838561,0.024895857258865155,-0.012118922496547401,0.03436435928215076,1.0644295588011952,4,10
2018-10-08,QQQ,1,-0.006105872205377949,-0.0061245892713071015,0.008091897907126049,0.007961297722307128,-0.019742054146450805,-0.026627109295048856,0.0206662579410172,-0.002618099429129888,-0.19755153278224225,0.5351943614448316,0,10
2018-10-09,QQQ,0,0.003239430096353191,0.003234194446645411,0.009305518556574648,0.008087284686676048,-0.009931990828294324,-0.02107382262716484,0.012668849007982805,0.00251150923889995,-0.2657105040791451,0.06882202067812804,1,10
2018-10-10,QQQ,0,-0.04397914279623283,-0.04497554900997436,0.0178518038605626,0.015289576448400765,-0.03840103895502234,-0.057686503075676465,0.03988569456213189,-0.03798105981700223,1.3314866827298113,1.1291993249571122,2,10
2018-10-11,QQQ,1,-0.01240337668969893,-0.012480940603327717,0.01777300885833234,0.014352396162540118,-0.036538792476470516,-0.06101204735724597,0.03268621329809412,-0.008303111527719523,0.24996178074640674,1.2094706223614926,3,10
2018-10-12,QQQ,0,0.027830271853656052,0.027450048200885924,0.026042664780951037,0.018423106343040202,-0.0031223539673805867,-0.028711745635138897,0.022564207245143308,0.0008612801105270052,-0.2865865974301899,0.4146160902075795,4,10
2018-10-15,QQQ,1,-0.01210392578818098,-0.012177774811637398,0.026170255904771865,0.01826232298945036,-0.007423510544849687,-0.03294613255804235,0.014276642862745832,-0.008635081123857073,-0.3643581795952915,-0.1452472290317146,0,10
2018-10-16,QQQ,1,0.029092052382390765,0.02867691094833713,0.03093800065483934,0.021658692604367324,0.024298215067371842,-2.258354080830749e-05,0.022698522303549233,0.018388672966769916,0.10933755411472235,-0.10636731460893167,1,10
2018-10-17,QQQ,0,0.00039494988102273254,0.00039487190884823775,0.02065234522806164,0.021640336702531477,0.01815894510639926,0.005284644604854227,0.015667078040462353,-0.004436256383641324,-0.06935427627511648,-0.20567928237980804,2,10
2018-10-18,QQQ,0,-0.02318240591519105,-0.023455344385521215,0.023494063119499118,0.021974141276668347,-0.00951719635012771,-0.012870744286139657,0.02400628666964781,-0.019476857301030985,0.2313652078892212,-0.024133143285480663,3,10
2018-10-19,QQQ,1,-0.0009239738251480833,-0.0009244009520852359,0.019507983154348665,0.021848247816585047,-0.008958611093137892,-0.009758378963086956,0.021079206644364374,-0.00893571739163686,0.005303917503776345,-0.01849054321378396,4,10
2018-10-22,QQQ,0,0.00514415524680234,0.0051309692813044094,0.01863524424750503,0.02200620476548003,-0.005796688088473445,-0.0017277553100532028,0.015282107890492983,-0.0008617367493291077,-0.36195201130677956,-0.3632318642942618,0,10
2018-10-23,QQQ,0,-0.00368010475185232,-0.0036868929967637243,0.010948173175536705,0.021907641291081206,-0.004961626999129498,-0.0017571719907186756,0.031118129263869837,0.015412593133026255,0.46603716170881104,-0.097399871161852,1,10
2018-10-24,QQQ,1,-0.04576694749686061,-0.046847347532177785,0.020838251067057587,0.02227989105324806,-0.037288185898558424,-0.04392395973107577,0.0480730743174498,-0.04466407037151848,0.32785076127734736,0.21473651758800072,2,10
2018-10-25,QQQ,0,0.034595532089841674,0.03401056008756154,0.02876507640745953,0.024998410952516602,-0.0015176207313249979,-0.011682375791482014,0.029301399926391407,0.018760013267721722,-0.18948342385341765,0.05900742576675233,3,10
2018-10-26,QQQ,0,-0.025721985170965134,-0.02605857989931426,0.030586118500152908,0.02437369237293516,-0.019923814589416056,-0.03282347023977028,0.03468529716815528,0.008837813201198868,0.5688688816989713,0.6027018011273291,4,10
2018-10-29,QQQ,1,-0.02058069316037381,-0.020795426982317622,0.030175427703037896,0.024821815281166507,-0.02788354857819675,-0.04776617847223763,0.057738927278585477,-0.035340764429140865,-0.14582628660259644,0.294551750409755,0,10
2018-10-30,QQQ,1,0.016479864400356314,0.016345545134885064,0.03283340653475993,0.023158211312205426,-0.0031360853109390074,-0.025650521011444938,0.02476189726142473,0.01947771532378072,-0.17241058746655769,0.04640808084187342,1,10
2018-10-31,QQQ,1,0.023505093244605035,0.02323310240834431,0.027139384242341445,0.02498433918312834,0.014832170513763732,0.0016455648402942114,0.016071680656755963,0.007116666123713654,-0.20257711915665777,-0.17197245777658,2,10
2018-11-01,QQQ,0,0.013190536646187745,0.013104299036809763,0.02276951870571408,0.024526996361001308,0.026990894189794057,0.015528663535607334,0.020344602603979935,0.011701006342531134,-0.28609238154319605,-0.3884391860351919,3,11
2018-11-02,QQQ,0,-0.015575790643509002,-0.01569836776023248,0.020039376472615573,0.024996515468088936,0.0077225486098198015,0.001863362706735483,0.025243408510869206,-0.012534215074826155,0.44130928077591514,-0.11137864584637114,4,11
2018-11-05,QQQ,1,-0.0024797619065621834,-0.0024828416084572424,0.015812479310740996,0.02487576858395623,-0.0015836637181545488,0.0023136249423378885,0.015212274399801492,-0.003773581171086827,-0.4790684878130973,-0.529753501879869,0,11
2018-11-06,QQQ,1,0.007575746090606961,0.007547194236586563,0.014959714134371735,0.02507548968384459,0.0008701192761604304,0.011725447304988812,0.014617986641764237,0.007516152354180901,-0.1304686216786486,-0.5690033735333322,1,11
2018-11-07,QQQ,0,0.03136744135308622,0.03088553470683575,0.017548423583525895,0.021554421580559317,0.025320539141181264,0.03714902635797812,0.02153475005894314,0.019154882024264203,0.4870388022225838,-0.31459824722233976,2,11
2018-11-08,QQQ,0,-0.006378951865993909,-0.006399384317545831,0.017948909642522437,0.019345651260881853,0.015932412971339405,0.028467557565624135,0.009555952285635879,-0.0017165701670757128,-0.21249140114442955,-0.4271011787386316,3,11
2018-11-09,QQQ,0,-0.016851973033099155,-0.01699558322708139,0.01828331023345964,0.018088848423823106,-0.0036712253616469903,0.008247179124858617,0.017878819100581665,-0.007579688391569322,0.25575918504088446,-0.18777170476017435,4,11
2018-11-12,QQQ,1,-0.03025877946934752,-0.03072602603570207,0.02366041964934177,0.019680999159885432,-0.030857756675708004,-0.024039614162127965,0.02618604111128989,-0.023426522555090926,0.236661284872151,0.09075323334332075,0,11
2018-11-13,QQQ,0,0.0008415200182723126,0.000841166138818572,0.02309937383063911,0.019017795337957066,-0.02576207219085702,-0.023533421907275365,0.020824580903768458,-0.003829809031840749,0.02476413586796733,0.17609828973772945,1,11
2018-11-14,QQQ,1,-0.007628860784229974,-0.007658109393330115,0.011963663692312575,0.017303167238020337,-0.021303777389640177,-0.02834961951964199,0.026469171291257365,-0.017368535889558747,0.17375534282163363,0.37681028199014643,2,11
2018-11-15,QQQ,0,0.01749402967298308,0.01734277067413803,0.018024152600306483,0.017786838186730995,0.0033906955252092086,-0.009037628055212354,0.030806469134586966,0.019345073132075234,-0.026788644186914734,0.29139128886507026,3,11
2018-11-16,QQQ,0,-0.003509891785956065,-0.003516065907362531,0.01722273799634365,0.01717665566420154,0.004690732139165599,-0.011420117175807265,0.015199752632519308,0.006308219110897984,-0.10734659944876956,0.1746658597324937,4,11
2018-11-19,QQQ,0,-0.03247791637598896,-0.03301702888752267,0.018057243292679583,0.01987472191831909,-0.02293456152492901,-0.039616089045427905,0.03215357353615166,-0.027834429961561945,0.028900134116931042,0.15131047008813936,0,11
2018-11-20,QQQ,1,-0.0178945318855539,-0.018056575056242252,0.018466774106342097,0.01986092138850725,-0.03188531470263867,-0.050567614579005715,0.026835891463248256,0.004988372603896969,0.5257437147464719,0.5729233496209074,1,11
2018-11-21,QQQ,0,0.007602545648769166,0.0075737919408931376,0.019908945151925938,0.015836496028682367,-0.018759586983113863,-0.03459018651928791,0.016981750167435295,-0.006073820571778532,-0.5814454160042395,-0.3332645376737705,2,11
2018-11-23,QQQ,1,-0.007233420902259424,-0.007259708936220299,0.015204743501608439,0.015823644456051538,-0.015155336855080415,-0.03269320867146297,0.011000063110713647,0.000754355262675806,-0.4529672437147685,-0.6255152537085282,4,11
2018-11-26,QQQ,1,0.023114307155513547,0.022851217927268408,0.02164958288826035,0.018447442437120123,0.013388368418691732,-0.005118136660013928,0.013689337713366903,0.008981645975683478,0.7874887783625557,-0.3213239389659045,0,11
2018-11-27,QQQ,1,0.0033762307536566727,0.003370544082686777,0.015491374738303868,0.016266760486519483,0.015066859608354743,5.965353286896402e-06,0.01648156436873071,0.00888890395929784,-0.12863997943474104,-0.3827327859755545,1,11
2018-11-28,QQQ,0,0.032183133882103476,0.03167610662815523,0.015766538535338083,0.019495177829073645,0.03546474896560836,0.030782860075494467,0.03177011227473311,0.024784363698651977,0.9159967329634697,0.1708115207279426,2,11
2018-11-29,QQQ,1,-0.003260429112214691,-0.0032657558927571273,0.017176422550337318,0.01931594765796912,0.022324971547179384,0.025573503709765744,0.014524597314311516,0.0009523685819917592,-0.3600647267646597,-0.21072483115735807,3,11
2018-11-30,QQQ,1,0.007255874940363505,0.0072296777259337475,0.014656216209865769,0.018660085275627132,0.01717635365577941,0.03220908997873928,0.0114622156942776,0.005879499974263594,-0.181859701419383,-0.3099341424452664,4,11
2018-12-03,QQQ,0,0.017476567483878824,0.017325608569557005,0.013832443354440258,0.01927700694733154,0.023349676850954237,0.04716612830730882,0.021951377958291,-0.0045057984896698855,0.38256614419379775,-0.0189890844211138,0,12
2018-12-04,QQQ,1,-0.0383569228511057,-0.03911191883674725,0.02659374472330715,0.020528707829076443,-0.018560488623036053,0.0047654542581940795,0.03727468740976726,-0.033308007344299465,0.3904340410110356,0.3553517084953335,1,12
2018-12-06,QQQ,0,0.007060281242329047,0.0070354741516354125,0.021624667441125796,0.019261683720209203,-0.009507801100939073,0.007139187244665113,0.03165413988845429,0.02777432178358869,0.015876545972997924,0.4638158431879713,3,12
2018-12-07,QQQ,1,-0.033015834888401985,-0.03357315893530988,0.02576775488828278,0.022623011795559155,-0.034450638801491684,-0.026705576664938557,0.03767449668312355,-0.028767445076717288,0.12154555151954605,0.5251048563865692,4,12
2018-12-10,QQQ,1,0.010472366058324134,0.010417910687334775,0.02627634804265576,0.02261206989945573,-0.016927991661278008,-0.01879713798942151,0.027129346085871517,0.012354143720778183,-0.08045782659183764,0.2799416314164471,0,12
2018-12-11,QQQ,1,0.003311242674189696,0.0033057725820420103,0.023564528101554447,0.02145645342181672,-0.003192571188024851,-0.01597442981993702,0.02136009555410637,-0.012791861291499593,-0.2014918713696986,-0.0072413289968511485,1,12
2018-12-12,QQQ,1,0.008801491090872915,0.008762983751216424,0.018273765054952838,0.021601139232337998,0.0064024249292775615,-0.008273872392719483,0.015903610781014682,-0.005722873182181853,-0.08937439784077772,-0.1213318504787173,2,12
2018-12-13,QQQ,0,0.0003032131279838701,0.0003031671681732462,0.017802562847746263,0.018673329519232933,0.008909907754262703,-0.005822692209413005,0.016794127869254785,-0.006199956353600497,-0.13762551134250656,-0.2116524862646656,3,12
2018-12-14,QQQ,0,-0.024349380269349297,-0.024650728243615916,0.014059323761213185,0.019977411324536582,-0.01529533903497049,-0.025883178627778225,0.019055207906485065,-0.013050700295274992,0.2192589238548035,-0.057483483534537805,4,12
2018-12-17,QQQ,1,-0.02265962126493226,-0.022920295868458673,0.015455883840469324,0.020324141938652267,-0.030925916531095332,-0.0410319229800562,0.03429141480721877,-0.018455057828613137,0.3233871053311028,0.1728137147900899,0,12
2018-12-18,QQQ,0,0.006289045951200389,0.006269352427566766,0.0159965325477659,0.019091815120438504,-0.018560512439861676,-0.02675449718556977,0.018342286631338217,-0.00144970524038677,-0.1495574878297461,-0.0223100741753971,1,12
2018-12-19,QQQ,0,-0.024555123819533176,-0.02486162878782583,0.015038951234209706,0.017061573379451505,-0.030016505001846383,-0.04408119831174595,0.046655741715320255,-0.02307494035586222,0.28620048678469123,0.23611948800175897,2,12
2018-12-20,QQQ,0,-0.014495777555704414,-0.014601867827972015,0.013098727067085708,0.01646224971190002,-0.02845300889175928,-0.049352169990460104,0.03554976285772037,-0.012066173752822852,0.20945923659086318,0.43587017688385066,3,12
2018-12-21,QQQ,0,-0.030993069573592602,-0.03148351497411195,0.014432323167323098,0.01614357631104033,-0.0420515627863447,-0.07080539571235678,0.048154165110961454,-0.035805263758706754,0.42551925666223234,0.881250756475833,4,12
2018-12-24,QQQ,1,-0.024798315158743645,-0.02511097312865118,0.01466138891426077,0.015298993586449398,-0.049116996765038,-0.08278253009052261,0.030941874021191206,-0.017661567625379185,-0.6020439398169339,-0.23315215068657935,0,12
2018-12-26,QQQ,1,0.06243912792982731,0.06056732881505944,0.03897839219908231,0.028088903557620094,0.017684091144150704,-0.018812274409140572,0.05824370582847241,0.05086851936634587,0.7623982209022617,0.28162778035660296,2,12
2018-12-27,QQQ,0,0.003869884998690676,0.0038624162563207776,0.03773628868650668,0.027834458066171772,0.02304164912311335,-0.007652167457886883,0.04056654281309693,0.01782275734252507,-0.13293110572517652,0.0669889270945665,3,12
2018-12-28,QQQ,1,-0.0005228752988827301,-0.0005230120458419307,0.036977837566334666,0.027811937801990403,0.020985549344443744,-0.0006161905875964324,0.025105386120133744,-0.007654834398330531,-0.09283734326991311,-0.06852034347808345,4,12
2018-12-31,QQQ,1,0.008433100867959453,0.008397740929704689,0.03206042029257901,0.027466702033867,0.019914295758098,0.012017040466216544,0.014695338873135424,-0.001359530732230233,-0.31906479347929395,-0.36303099173404774,0,12
2019-01-02,QQQ,0,0.004019075317742482,0.0040110204095133994,0.026348232920084234,0.026705565502458034,0.008832384322224662,0.017486762637229925,0.03225375812975902,0.02576329060286413,0.10490179250140996,-0.2821908602479951,2,1
2019-01-03,QQQ,1,-0.03267015426192832,-0.03321573958331747,0.016680322462760633,0.02831238000818544,-0.020758538882235222,-0.010457788687592062,0.024705038419949456,-0.018217553526250017,0.2773030915022525,-0.09552945898130683,3,1
2019-01-04,QQQ,1,0.042784478572758244,0.04189451859048532,0.026871033935760465,0.03100543513203789,0.016910546039638596,0.030422240857741256,0.03452799417934376,0.025534984135226087,-0.001482220042181126,-0.08899907606496105,4,1
2019-01-07,QQQ,1,0.01190539323622275,0.011835081550840343,0.026875624827641217,0.030584222087324895,0.022204002153515257,0.0384198698254532,0.017558422204919443,0.009385782572673614,-0.303175106713622,-0.3266480110562624,0,1
2019-01-08,QQQ,1,0.009045665159325145,0.009004998186142643,0.02688578695131111,0.027935277937651343,0.024481780766939965,0.039367259741910354,0.018239963548765625,-0.00012529155392419363,-0.051299191498925256,-0.275183380936601,1,1
2019-01-09,QQQ,1,0.008149476826304403,0.008116449157513195,0.026834054685388124,0.025406618721840312,0.02501024338610991,0.036144649938121054,0.012801317969096521,0.004246334064956095,-0.058657142220791436,-0.3078751666234446,2,1
2019-01-10,QQQ,0,0.0028603048549940002,0.002856221966745842,0.01590044682883414,0.01814626950372539,0.013141729788572087,0.033236845616124056,0.01672931119572494,0.010526269495827065,-0.16235801229036584,-0.36334276356068596,3,1
2019-01-11,QQQ,0,-0.0036583497279398802,-0.0036650578547519075,0.006150916464878022,0.018389194568299447,0.0038105276909214947,0.024442734454173776,0.006673781026624412,0.002245372707791195,-0.22511645105460742,-0.45729229199885335,4,1
2019-01-14,QQQ,1,-0.008837312620877724,-0.00887659326283785,0.007688805553516334,0.018850564168519733,-0.0065250304808716075,0.011327537434171697,0.008598571268638099,-0.0003765615885536003,0.017682575240418164,-0.3965274319825409,0,1
2019-01-15,QQQ,0,0.019526811666833677,0.01933860952602906,0.01098041744544125,0.019444246822401694,0.009273395159275166,0.025786598041142472,0.016812515258789063,0.014875030517578125,0.33096495626860123,-0.17716808625983715,1,1
2019-01-16,QQQ,1,-0.00018452943372271324,-0.0001845464613738912,0.010748819799861834,0.019520605333767312,0.007171597844565225,0.020780294528010224,0.009160808786210894,-0.0018443762940419891,-0.17277402371177908,-0.28361827834650954,2,1
2019-01-17,QQQ,1,0.007884410746885173,0.007853491195764839,0.011085748984723554,0.01438766306509154,0.012161329304408053,0.01997205111917677,0.017240272227429593,0.011122801899470765,0.16316004282477925,-0.09898083504354926,3,1
2019-01-18,QQQ,0,0.00989978074415876,0.009851098943863157,0.010718474515592298,0.008238648048234657,0.016447466419557077,0.02431038152167675,0.013351116425172576,0.002852295328225093,0.45397035266597174,0.36485678517597386,4,1
2019-01-22,QQQ,1,-0.020029850457900178,-0.020233167432342825,0.014868053172289496,0.011204176172185082,-0.007172972555884449,0.0014037952570467027,0.020602248769419473,-0.012922072100058074,-0.008245428727318482,0.33873706420056227,1,1
2019-01-23,QQQ,1,0.0012967925996369978,0.0012959524903335407,0.01186194867974822,0.010963915844729721,-0.005605096404403986,0.0010743296418878057,0.019598126797843316,-0.0038091193690621664,-0.3280733957895814,-0.07585349214467829,2,1
2019-01-24,QQQ,1,0.006475270181957704,0.0064543956835469984,0.012235880312884828,0.010866683292444583,-0.00020840429690349715,0.006078302939850344,0.00848294163353467,0.0031964857135031847,-0.14927531287641616,-0.18602315446723328,3,1
2019-01-25,QQQ,0,0.011948623452610496,0.01187780223725099,0.012914962064286502,0.011359786228524677,0.009857072959446045,0.01567643488263082,0.010333700109457769,0.003890337432488598,0.12641511762056656,-0.0775013648298074,4,1
2019-01-28,QQQ,0,-0.012352422670731222,-0.012429347975983163,0.013305022510816293,0.012180739149147047,-3.914833046625432e-08,0.0016396323457574802,0.008403846652449965,0.0005520570208071583,-0.08283240999126407,-0.16094014428105619,0,1
2019-01-29,QQQ,1,-0.009441207475491487,-0.00948605819464543,0.010334888999492118,0.012239385304298234,-0.008991674482098255,-0.009216501667798638,0.013786764963687914,-0.009987681706516073,-0.08082720236957763,-0.22890196142280494,1,1
2019-01-30,QQQ,1,0.025437890391769358,0.025119731500413245,0.01562132400936041,0.013303122239642626,0.011835872608463305,0.013935066213985658,0.020746631066559513,0.01395348142265708,0.34310782804165774,0.034444022458967716,2,1
2019-01-31,QQQ,0,0.014968480158388253,0.014857557980419323,0.016346487547216727,0.013865915889449987,0.0207971656010304,0.025465954354853215,0.015117002511063996,0.00875828878581502,-0.0988741489606133,-0.07580417915186632,3,1
2019-02-01,QQQ,1,-0.0042220857948718216,-0.004231023966458025,0.016502031925729577,0.013979179946399028,0.01365671388662082,0.01876315232831427,0.009621709153969323,0.0007171165712927768,-0.1372764262555558,-0.18820573963900777,4,2
2019-02-04,QQQ,1,0.012421280189234496,0.012344769014777768,0.014366827200510933,0.014151208202078174,0.018332479713438543,0.028738697139320202,0.01313587893697586,0.012240286028504636,-0.1687702411358991,-0.2689680796663587,0,2
2019-02-05,QQQ,0,0.008848170053607829,0.008809254383470133,0.010739642173799338,0.011751793852757871,0.015798487531240468,0.032147852988823944,0.009071591281600799,0.007481175268356861,0.053804811593334945,-0.16434725573471753,1,2
2019-02-06,QQQ,0,-0.0029820766450354697,-0.002986531895063038,0.008870746392762354,0.01199868325846794,0.006979996501404129,0.023898011084128923,0.009469778732850698,-0.0032150758649084794,-0.006620164509667403,-0.14413244190917518,2,2
2019-02-07,QQQ,1,-0.013429383977832776,-0.013520373697008203,0.01048289778284457,0.013324782758441246,-0.006625233966694677,0.007105921248719005,0.014790274022685521,-0.004732905741793086,0.5029031104755095,0.24951065821337703,3,2
2019-02-08,QQQ,0,0.0019614212076604076,0.0019595001326981887,0.01020252113848112,0.012958765177265595,-0.005979778520375678,0.007025562116498074,0.012113151116643088,0.010793974040842425,-0.309625989028504,-0.117713674895364,4,2
2019-02-11,QQQ,1,-0.0009491476754263095,-0.0009495984013074832,0.008119361706104793,0.012010683114620665,-0.005597969893413768,0.0029001885416322093,0.009457977896989418,-0.00455165975524783,-0.26142029654694754,-0.3235658900050179,0,2
2019-02-12,QQQ,1,0.014786625177446888,0.014678368894061933,0.010155767170964634,0.011600227809581462,0.009272698360936582,0.01211196907995471,0.010670267679613474,0.00742789878303897,0.386673571551873,-0.05885210234481897,1,2
2019-02-13,QQQ,1,0.0007017341951933709,0.0007014880948776892,0.010029289724506124,0.009336382925783274,0.009396726867332728,0.009635086738645438,0.007806562106251668,-0.0037285139085667367,-0.12206405334750914,-0.13180138710283829,2,2
2019-02-14,QQQ,1,0.0012281071877315863,0.001227353680961052,0.006374389611816943,0.008375310677899322,0.007081662058783911,0.009052079927083456,0.011737089622285856,0.004812249727643142,0.16220908174644832,0.03284859593716982,3,2
2019-02-15,QQQ,1,0.00420527531574999,0.004196457856760816,0.006313661383330962,0.008117988625150273,0.007311497483217577,0.010621230653642844,0.0082309189298576,-0.003361939582024878,0.0723749291056095,0.1061768858530705,4,2
2019-02-19,QQQ,0,0.0019772196370144712,0.001975267511032719,0.005860166648266047,0.007362008137130323,0.004735450109821127,0.010985309110476127,0.0082842199323703,0.005075521256638388,-0.4007785570864991,-0.3204409948327892,1,2
2019-02-20,QQQ,0,-0.0001740181779500416,-0.0001740333208699596,0.0016599186283572849,0.006919308746248432,0.00296965556345663,0.010086232590715616,0.010208785203859731,-0.0008700342331475785,0.6724908532048419,0.11924051119755608,2,2
2019-02-21,QQQ,1,-0.0036573347155882674,-0.0036640391160158714,0.002913166651280996,0.006962746709751469,-0.001407978028186152,0.00574323112573305,0.0090225732204733,-0.000989569681524838,-0.22660080385358816,-0.12608972701094634,3,2
2019-02-22,QQQ,1,0.0074001210161074304,0.007372874456572198,0.004205486959393542,0.005160101936025829,0.0040304203800303195,0.010426465593542433,0.006453866939353524,0.00523282672096982,0.10028801066353532,0.011712865183499233,4,2
2019-02-25,QQQ,1,0.003643795386434112,0.0036371728466031428,0.004137160561851737,0.0051590327661051975,0.005843070086970048,0.011177043544781107,0.00723270602758494,-0.003960750903015294,0.17571046388370104,0.17411409813305023,0,2
2019-02-26,QQQ,0,0.0010372915274028394,0.0010367539122899672,0.004150583317674001,0.005030299440460587,0.0052315246875884736,0.009109243414735735,0.008318904625255261,0.003466151493765758,-0.327184686342337,-0.21147354033454246,1,2
2019-02-27,QQQ,0,-0.0006331260869361088,-0.0006333265958931023,0.004205734397438191,0.0030143417269070994,0.0030393807825481733,0.0068909925246536385,0.011798777425887202,0.003990760357223355,0.14687074116783738,-0.0805936642007391,2,2
2019-02-28,QQQ,1,-0.002304387329824076,-0.002307046516289546,0.003811319631104804,0.0032514457329081,-0.001084380915102101,0.00330204275464685,0.006414334532080711,0.0008090111943341882,-0.0030402988633654315,-0.07999838631595935,3,2
2019-03-01,QQQ,1,0.006928760689251856,0.006904867131908965,0.0036410890122283656,0.0037102112518046623,0.004099488881499358,0.008401844057366326,0.008426973172033135,-0.0002866489971221385,0.2529628669948776,0.14807774633235482,4,3
2019-03-04,QQQ,1,0.0001717295768128846,0.0001717148329776208,0.0035148143912285944,0.0036434369257425945,0.0032322432984928096,0.007130782915894196,0.01891302376899406,-0.006380284607632924,0.21101007915701597,0.3627484746568559,0,3
2019-03-05,QQQ,0,0.0007457421855407986,0.0007454642580029258,0.003517289163509661,0.0036440358993976357,0.0029996306188126987,0.0065624810564888225,0.008020589355528381,0.0,-0.413614092240598,-0.20892487020922468,1,3
2019-03-06,QQQ,0,-0.0056715750688483,-0.005687719522654788,0.004638613637159542,0.0042569309353532505,-0.002654594490464235,9.815938595103546e-05,0.008413468466304818,-0.006639215052683519,0.21840151613582504,-0.017351525575613924,2,3
2019-03-07,QQQ,0,-0.012272628020075449,-0.012348558604095672,0.00726263910755006,0.005832023703696103,-0.0128980012041493,-0.012067502413958597,0.013805449728846234,-0.009762029165159473,0.44908915740624966,0.3544482175509025,3,3
2019-03-08,QQQ,1,-0.0015169388713677234,-0.001518090588007226,0.005405953833345636,0.005206817684935251,-0.010726924279166883,-0.012587353109890453,0.011326754947584424,0.00979295449179211,-0.002644173429355856,0.29921147920207813,4,3
2019-03-11,QQQ,1,0.02079862031429025,0.020585282034484287,0.012423325265827763,0.008613576636032851,0.00948673422516677,0.007246379278909032,0.01745403720488253,0.016581282079144003,-0.2235136070345417,0.01583953953294226,0,3
2019-03-12,QQQ,1,0.005493787649192061,0.005478751841708984,0.012634440396109158,0.008745609993431437,0.01369738504500817,0.011619501970709933,0.007820053074351125,0.002854044140830634,0.11255832546922506,0.08672343291110729,1,3
2019-03-13,QQQ,0,0.00751318466822215,0.0074851012724002075,0.012165550730884283,0.008935911266492255,0.01726366224947684,0.017216880023296355,0.00894669602298599,0.0023215650574779385,0.24953539399472802,0.2867963408312868,2,3
2019-03-14,QQQ,1,-0.0016946732823046595,-0.0016961108654571788,0.009181325426462288,0.008905392511967683,0.009413849262601914,0.013443012224681361,0.0038389468584451663,-0.0023711294380823803,-0.4401677269416704,-0.27668329530196645,3,3
2019-03-15,QQQ,1,0.009280470395995,0.009237671423231397,0.008148034622915083,0.009077936386273452,0.010492808135712739,0.020530553097424686,0.009019200442866155,0.005355198645528685,0.6079826537271331,0.1396171218282094,4,3
2019-03-18,QQQ,1,0.0023818917865146005,0.002379059578722753,0.004351295547526916,0.009047629301341939,0.008278458013105228,0.020418608406935324,0.007867430060595272,0.0028097780757221813,-0.1376440092165898,-0.001971808024019306,0,3
2019-03-19,QQQ,1,0.003362406924370509,0.0033567666738836266,0.004345621722807252,0.009028890076538771,0.007479960465714974,0.021037196631004118,0.009543513694418849,-0.0007254695241485377,0.12018181210926948,0.07068966968303858,1,3
2019-03-20,QQQ,1,0.003965566434606993,0.00395772430152963,0.003933063934865415,0.008528504517549513,0.00799086358147827,0.021291712230905313,0.014631939868814975,0.003909287153950327,0.3581056723036433,0.36345515673407514,2,3
2019-03-21,QQQ,0,0.01563171896342519,0.015510802108838817,0.005555297985914522,0.007166704086974003,0.016699804523588435,0.030551453344295654,0.020254462995691405,0.01869214418423204,-0.15320826264843823,0.1451482915554001,3,3
2019-03-22,QQQ,0,-0.02196427298075765,-0.022209078920027103,0.013758666225223919,0.011388456511188598,-0.006222356613207358,0.003553720229499291,0.021454555954797453,-0.01771372671540503,0.6685600480808891,0.7610664135310159,4,3
2019-03-25,QQQ,1,-0.0019040265664179712,-0.0019058415291919317,0.013759284379510127,0.009944556129202791,-0.00786055036626443,-0.0004958561613555013,0.010735785637646865,0.0017424402912300774,-0.3454788154447026,0.10901688781664665,0,3
2019-03-26,QQQ,0,0.004657205265553133,0.0046463940388505875,0.013854518142175405,0.009917311771811342,-0.0032399532972672285,0.0020913352234799287,0.01419823477226428,-0.00306237768968008,-0.28246414813376064,-0.20289486769216603,1,3
2019-03-27,QQQ,1,-0.006423276047886173,-0.0064439940514358085,0.013904519694086279,0.010053956833197774,-0.007587094758246371,-0.005020020799543667,0.017399035187113318,-0.007918878930040004,0.11575398293436323,-0.09911622968702793,2,3
2019-03-28,QQQ,1,0.002305114793104357,0.0023024620917384553,0.010553025185278942,0.010026332766183711,-0.00054920483196641,-0.003796812132136118,0.009755495786166841,-0.00028034902212772505,-0.18137731927637768,-0.27417895739916476,3,3
2019-03-29,QQQ,1,0.00757093050086155,0.007542414842807155,0.005511423094741251,0.009885493535309145,0.005777327322553649,0.0028298734541956083,0.006900804030922123,-0.00016694740324608252,0.15928833450780755,-0.15251483228433305,4,3
2019-04-01,QQQ,1,0.013247469546350255,0.013160489159580457,0.007243064699673212,0.010628563587972522,0.014761138783928374,0.014082722954181115,0.008208860555713833,0.002919942677189131,-0.12032210876141514,-0.25094171956759503,0,4
2019-04-02,QQQ,1,0.003790401693119616,0.0037832362215910464,0.0072418979370169915,0.010635318117646172,0.014445466804532625,0.015844015884109552,0.006200641180593507,0.0026887084043321096,-0.26879026138620254,-0.4327322026153958,1,4
2019-04-03,QQQ,0,0.005746104551319853,0.0057296586623527546,0.004247865914147565,0.010685038829316488,0.013656631982383871,0.01940299859662442,0.009305569798624002,0.00010886086775646553,0.39691855227597905,-0.16912731511516677,2,4
2019-04-04,QQQ,1,-0.0003808965922543761,-0.0003809691517870917,0.005016376462705375,0.009604659181799294,0.007270376951133306,0.018370751626275217,0.010063678861385403,-0.0006527504541820064,-0.09808272875274626,-0.22223055187914786,3,4
2019-04-05,QQQ,1,0.005171342574036286,0.0051580171026683885,0.0049421258306794405,0.005424868010612682,0.006958166230222718,0.02018735744740119,0.004070777125697749,0.002279625251970023,-0.10010585051943865,-0.20192708496848233,4,4
2019-04-08,QQQ,0,0.00254501407899399,0.0025417810149637177,0.0024401422091420125,0.005117259162709658,0.006130275459096168,0.018894071511420973,0.008949847532120967,0.004176634139247789,-0.11595851168660198,-0.23851703141916136,0,4
2019-04-09,QQQ,1,-0.0035109210387919143,-0.0035170987860224656,0.003885543825135471,0.005598559134527726,0.0006943602410631744,0.01229158573546929,0.005528478441522697,-0.00010842424098069105,0.12928296067848888,-0.11752139326949063,1,4
2019-04-10,QQQ,0,0.0053664758210156815,0.005352127599677736,0.003794589615611849,0.004532016059836131,0.004223349026117429,0.013513968899223405,0.005467705176274863,0.004060199193610341,-0.041701941721058566,-0.11618387750710812,2,4
2019-04-11,QQQ,1,-0.002372636395448491,-0.002375455557294792,0.004171600448381517,0.004968053344985292,0.00041071803130199314,0.007409883794850858,0.005867135025582167,-0.004037033076370001,-0.15913772747628552,-0.2299156953040148,3,4
2019-04-12,QQQ,1,0.004323548968515167,0.004314229283759907,0.003995526930412224,0.00479115727578693,0.0034665574592189774,0.008378030791603264,0.004788804737260656,-0.0001076366521602126,0.20988568855578316,-0.03139006152580748,4,4
2019-04-15,QQQ,1,0.0001615508746770633,0.00016153782673988815,0.00394731470042514,0.0033795715864752304,0.0028380591042638237,0.00645471004499254,0.007802476515307643,0.00010764244971553984,-0.15671232657438638,-0.1506000980278347,0,4
2019-04-16,QQQ,1,0.003443461397163672,0.0034375462591107464,0.0032072301017846325,0.0033618418842970193,0.004102541576839647,0.007862865723413659,0.005253624003432287,-0.00021439523733372815,0.29054714563659667,0.07644651570019856,1,4
2019-04-17,QQQ,1,0.003485301489429826,0.0034792419017710685,0.0028286293488851842,0.003155285883101208,0.0057827191971662195,0.00953703317060528,0.0070838166299101194,-0.003195771523385486,0.09030471728986567,0.18293442867549614,2,4
2019-04-18,QQQ,1,0.0012824397790989206,0.0012816181555859174,0.0017413615033808683,0.003068841472412089,0.004524444473145373,0.008829090248259508,0.00800170674425266,-0.00037345205223216963,-0.036109349917036515,0.13999158395207245,3,4
2019-04-22,QQQ,1,0.002828264240833489,0.0028242722267348697,0.00146475442371012,0.0028827217881665385,0.005113282577105194,0.009909910604251726,0.008361541277488638,0.007235840658893084,-0.37244803347690236,-0.2618103754823585,0,4
2019-04-23,QQQ,0,0.012718090025856554,0.012637894360235435,0.004541860711637987,0.004521574854429741,0.013073903503619144,0.019914801213006816,0.012791870920359324,0.010138024012669654,0.8769848349687779,0.32572578895325655,1,4
2019-04-24,QQQ,1,-0.0031526129419064963,-0.003157592895418837,0.0058003565015947375,0.004467343931430773,0.006440498537585215,0.013857697722040596,0.005565248126157908,-0.003990100813593789,-0.2580824342949479,-0.013877982250111609,2,4
2019-04-25,QQQ,1,0.004058559028855324,0.004050345294610125,0.005807327538244566,0.004402808532133184,0.006967394738345956,0.01525423010493121,0.009260734721093006,-0.0034008744763648047,0.1817825127817081,0.14302321168708554,3,4
2019-04-26,QQQ,1,0.0008927722922029702,0.0008923740080533094,0.005847787949767132,0.004097112283090131,0.004404422148836851,0.01312583920157695,0.011042203093864424,0.0024713494521181457,-0.1069873803675786,-0.0013298174626628079,4,4
2019-04-29,QQQ,0,0.0019406662137693154,0.0019387855538557375,0.005885452769571322,0.004081111955597295,0.003077226523872545,0.01230004048805955,0.005140367257815037,0.0019407835710577778,-0.17615281018228723,-0.16691825892276568,0,4
2019-04-30,QQQ,0,-0.007747962968941313,-0.007778134379715418,0.004684850251606649,0.005242996486447024,-0.0038890475827986215,0.002501705842612001,0.008655264020623363,0.0003166432338325726,0.45031359077555,0.1617792113034746,1,4
2019-05-01,QQQ,0,-0.003218132447432631,-0.003223321771937293,0.004693154083804228,0.005454603672435422,-0.006279981090626663,-0.0020071708469896477,0.013208954233070285,-0.009697065286470609,0.10483468962035603,0.24856474850087973,2,5
2019-05-02,QQQ,1,-0.004340316727319715,-0.004349763245797611,0.003958341488435749,0.005664947572827055,-0.008120223987659436,-0.006842412093809758,0.015778106969712834,-0.004023902824608993,0.26763724563253843,0.5046666391499659,3,5
2019-05-03,QQQ,0,0.015948263484253822,0.015822426092266362,0.009300605760426578,0.007487655536861931,0.007209913995801731,0.00701889487127394,0.01012283538504127,0.0075921466510670416,-0.31112829034620193,0.030178267877133402,4,5
2019-05-06,QQQ,0,-0.006122159532679694,-0.0061409767921727365,0.009683063123844085,0.007900265076555883,0.0021844624318754224,-0.00021042741659893505,0.018390817349809834,0.015450410812603718,0.2628035094878596,0.21662136917225427,0,5
2019-05-07,QQQ,0,-0.019479790588706636,-0.019672022225873498,0.012661293267158208,0.009107128277735023,-0.01390397924595066,-0.017581480369516678,0.02214299127178075,-0.008676157270386366,0.5328470387107198,0.7271557770411239,1,5
2019-05-08,QQQ,0,-0.0025239364990273794,-0.002527126996292317,0.01266817196919602,0.009101391990660625,-0.013090293168882994,-0.018020122803035,0.01190535687629424,0.0007541851315298869,-0.3681315785446997,0.05362605748020277,2,5
2019-05-09,QQQ,1,-0.005382994075584291,-0.005397534592679776,0.01269805115149608,0.00888334454817286,-0.014906921369192583,-0.020349239720585888,0.018072985189837364,0.005824754175255792,0.4893381729731765,0.46212087392784396,3,5
2019-05-10,QQQ,0,0.0012451446430665758,0.001244370093360203,0.007836622546669147,0.00890119730301953,-0.007212297917906452,-0.016182293489938604,0.02639726573374586,0.004834063259453367,0.05735505865221846,0.42490764189939,4,5
2019-05-13,QQQ,1,-0.034702948644249276,-0.03531939977249987,0.014834443900409618,0.013173244775661777,-0.029836201584571787,-0.04399923564167285,0.017749165607675012,-0.009484672021503984,0.14795716121271774,0.472701694271777,0,5
2019-05-14,QQQ,1,0.010975391142360236,0.01091559863660585,0.017153342839817072,0.014281090649212846,-0.013075971476683046,-0.028827630396684012,0.015430059082757424,0.005681756848244156,-0.35461660053166,-0.07363614785810169,1,5
2019-05-15,QQQ,1,0.014124382545356307,0.014025562878333453,0.019474444136923418,0.015490919734147927,0.0038048974170037386,-0.012006635903959229,0.023640955388185794,0.02085302540896701,-0.05572109242030787,-0.13659363102185584,2,5
2019-05-16,QQQ,0,0.01004977279830288,0.009999609637268314,0.020163258402186836,0.01601476854915189,0.013715024028981393,-0.0003621544507550478,0.017033413807750586,0.00960853046039025,-0.040623282736387045,-0.163146507095568,3,5
2019-05-17,QQQ,0,-0.010220169207951102,-0.010272753725867112,0.02067968381109501,0.014932547050085078,0.005515383321197831,-0.006243605061045154,0.014746023256360482,-0.0003277597781667153,0.13800749467938855,-0.07584063681434061,4,5
2019-05-20,QQQ,1,-0.01688153076994936,-0.017025648060011278,0.014119487414608249,0.015464290371370554,-0.012944970524237709,-0.017691928923247002,0.010194450007705904,-0.002991902756312606,-0.13632408175865673,-0.202215875301326,0,5
2019-05-21,QQQ,0,0.010447307999136068,0.010393112018183714,0.01403362864316444,0.01530587995845213,-0.004042365340576781,-0.005034226319749147,0.007768615218233471,0.0018181919066373967,-0.1811657078918264,-0.30783800583220344,1,5
2019-05-22,QQQ,0,-0.0044547608619028845,-0.004464712875964949,0.012195952550484425,0.0153213723415782,-0.006225571833165744,-0.006885281133841237,0.007300117634946862,0.0011060554150049535,-0.23031713998317194,-0.45185390099552336,2,5
2019-05-23,QQQ,0,-0.015301971240582746,-0.015420254599565197,0.011038856496678398,0.01584240516478122,-0.014202000925460645,-0.018571333905266663,0.010506342109993577,-0.003856054722208863,0.8638082243574463,0.045185279419451385,3,5
2019-05-24,QQQ,0,-0.0005049939331893682,-0.0005051214855695818,0.011245530513127761,0.01579409806090534,-0.00935262468005782,-0.015358727552345575,0.010657907430130014,-0.005859064853640027,-0.42883004456322094,-0.35448910583709237,4,5
2019-05-28,QQQ,0,-0.003760613003352953,-0.0037677018863782052,0.009228791877866701,0.01147401402615045,-0.010370719808926343,-0.01847030587030396,0.012257933485482798,-0.006548741436041112,-0.043990534024622385,-0.30993471858378874,1,5
2019-05-29,QQQ,1,-0.00822591537268047,-0.00825993490418142,0.005658359930579557,0.01092392178142879,-0.012121933377620353,-0.024110371492912064,0.010828299045968843,-0.00204093549292619,0.7032442516899668,0.17923316350737073,2,5
2019-05-30,QQQ,0,0.0042039646588520885,0.004195152687603176,0.007459781846560891,0.009622074610351736,-0.003214113720882761,-0.016562073828042645,0.0084985835694051,0.0015297692490704674,-0.28033040295124567,-0.12544923480985637,3,5
2019-05-31,QQQ,0,-0.015952917565174363,-0.016081535071691633,0.007692718679229721,0.009061208915600092,-0.014335838914680044,-0.02630287230351458,0.008128674503977994,-0.004236106719457354,0.49716684017025314,0.28649769345221254,4,5
2019-06-03,QQQ,1,-0.022018111795238382,-0.022264128336836997,0.010248119128640324,0.010340121368847004,-0.02717435181636485,-0.04080487747661865,0.026977131606179334,-0.019368230880225802,0.6688369984729197,0.9730293198250135,0,6
2019-06-04,QQQ,1,0.02815710248244141,0.02776797878316195,0.01986937308334045,0.014605391504860211,0.0031776564151506648,-0.010986248538329413,0.020926618200667404,0.01674129456053392,-0.36977385970625887,0.21442220696078884,1,6
2019-06-05,QQQ,1,0.0074321265010244275,0.007404644332162924,0.02002723778209084,0.01433142818398085,0.010424756407522384,-0.0004594636994209589,0.012628812461292424,-0.0020953398649383743,-0.28003590123394806,-0.13183340582203706,2,6
2019-06-06,QQQ,1,0.00794465670427047,0.007913264078670323,0.02027486280131028,0.01472661907202371,0.017472150633986105,0.009434118016889759,0.013087063795156867,0.0062319763058687515,-0.13075114710557445,-0.25582427489811277,3,6
2019-06-07,QQQ,1,0.019312129152931012,0.019128016614152976,0.018944316698632602,0.015259421892263337,0.0287648261597222,0.027299506447961086,0.019265246911069355,0.013888865151475272,0.5340485136996376,0.14007858858557443,4,6
2019-06-10,QQQ,1,0.011655031761605317,0.011587635047338729,0.008801894732092672,0.015549587428081837,0.025567794537808997,0.036338286343648774,0.014485593358839163,0.004938238115140604,-0.09812958858794074,-0.009881258385504466,0,6
2019-06-11,QQQ,0,0.001364999631104702,0.001364068866007706,0.006591409816692798,0.015390224833377585,0.017295193402373954,0.034294095525552626,0.01415754431941974,-0.008970083670209626,-0.0030203961309933636,-0.05035148937913558,1,6
2019-06-12,QQQ,1,-0.005779764741454141,-0.005796532220959882,0.00960696682149788,0.015203439270334894,0.004583868000586522,0.024669779870678754,0.006998353318815932,-0.003061769148612935,-0.3272443486838438,-0.33918568582032527,2,6
2019-06-13,QQQ,0,0.005923039204162706,0.0059055669660104115,0.009594511710617797,0.015220335649075996,0.004105794343419067,0.026901421453128682,0.006171434114451081,0.0017476354711248887,-0.14562596143107776,-0.42635092641865413,3,6
2019-06-14,QQQ,1,-0.004252383864779996,-0.004261450962697033,0.007217910459861978,0.013927633739775102,-0.0019125484537468873,0.01758388322457316,0.006411651667792875,0.000876828506442298,-0.036756086659526566,-0.41547969015748765,4,6
2019-06-17,QQQ,1,0.006022890701367967,0.006004825594985164,0.005535322888722763,0.010218250090306883,0.0034517024897702253,0.01600278589133053,0.00770325455544145,0.003824367530089301,-0.10788781348356902,-0.3923008774877734,0,6
2019-06-18,QQQ,1,0.014531335843421145,0.014426767774596172,0.008365366110359783,0.007827634945404685,0.014697160807925158,0.024253451803449178,0.012317833897114841,0.002689473348130033,1.3640079491646016,0.4349816789809571,1,6
2019-06-19,QQQ,1,0.003754969819281584,0.0037479375186624253,0.006702785898032218,0.007860865602408553,0.013245558854720896,0.021978727718735547,0.010500329029383755,0.002410783989144074,-0.34257627554885806,-0.048847009022363164,2,6
2019-06-20,QQQ,0,0.009299548895488119,0.009256574314680854,0.006959524399401843,0.007908725149021632,0.01668914311295122,0.025188788168014398,0.013704358148838339,-0.00458567948339525,0.2920193603995844,0.18958057415678198,3,6
2019-06-21,QQQ,1,-0.0014827673959590948,-0.001483867783414361,0.0059958162540689275,0.00671719235126511,0.00874090415441775,0.01950120635668484,0.008482245995326343,-0.000318070068603475,-0.023009628072919175,0.18251725768769012,4,6
2019-06-24,QQQ,0,3.177308608348639e-05,3.177258132947003e-05,0.006658351035303511,0.006255076055543218,0.0035805080997912686,0.016551480374888516,0.003500788555576293,-0.0019625264922461263,-0.5153825374433472,-0.38702680539701906,0,6
2019-06-25,QQQ,1,-0.0171662163791646,-0.017315264057340407,0.009890289341811277,0.008941930315550175,-0.012521325706523423,-0.0019420148640619805,0.018560897281398755,-0.01648676340818523,0.7507483793715677,0.09867191973736378,1,6
2019-06-26,QQQ,1,0.004650618542067386,0.004639837827395077,0.010007899347477537,0.00865553624768125,-0.006966865970717162,0.0006192155236695029,0.009883950911551975,-0.0019875932998376583,-0.33387478590022135,-0.25570188152208284,2,6
2019-06-27,QQQ,1,0.0038212331752391915,0.003813950809598232,0.008839160134397924,0.008578406470648798,-0.0011077338437810447,0.0025612742953939893,0.0050949099755209625,0.00021448720740520151,-0.12774554450625564,-0.34209990473246643,3,6
2019-06-28,QQQ,1,0.0012871396437390548,0.0012863119896362463,0.008967822204008026,0.008310120243353798,0.0016951999395895534,0.001427631158347653,0.005776873976438862,-0.0011232493100080763,0.07458445801960512,-0.2890798472705912,4,6
2019-07-01,QQQ,1,0.013494783261925436,0.013404539646473701,0.011261253163548753,0.008973957859999777,0.01401614976583665,0.011726838660277572,0.011506948072335252,-0.005569634177120604,0.4649089672886606,0.005501062034893867,0,7
2019-07-02,QQQ,1,0.003962707037161062,0.003954876194369739,0.004678451982849127,0.00807100687163439,0.012522674828133296,0.013562648518089748,0.007240989108272966,0.004281171097562618,-0.41868005775875405,-0.35220214562970453,1,7
2019-07-03,QQQ,0,0.007525783746137993,0.00749760631881724,0.00473304216610202,0.008239846302754913,0.014036682723542082,0.01861348405415919,0.006037110200591111,0.004987122268082874,-0.12440257709666336,-0.3984793721858654,2,7
2019-07-05,QQQ,0,-0.0020370269323247703,-0.002039104493531063,0.005975040664892499,0.007982740180471407,0.007116530142823763,0.015125231283884544,0.010571684927241268,0.004838784754212559,0.35609576940368926,-0.11880801498087268,4,7
2019-07-08,QQQ,1,-0.0070138631132001805,-0.007038575873491659,0.008016003147661745,0.008386749388610113,-0.003068903006081425,0.007172572860527859,0.004952333667862117,-0.0005267944049980594,-0.17822521899923416,-0.20240491315817977,0,7
2019-07-09,QQQ,1,0.005007802271932427,0.004995304935563105,0.005909219511684847,0.008479538551675077,0.00045143875558739666,0.010874566073918901,0.011916741852092622,0.00979824229350731,0.09061413278178065,-0.12941461427717393,1,7
2019-07-10,QQQ,0,0.009965281336423049,0.009915955347904237,0.007039113446586978,0.005818603263917082,0.007724402224473126,0.01683467749214218,0.008445391801332514,0.003857732280888984,0.47833902102274206,0.32023543644146657,2,7
2019-07-11,QQQ,1,-0.000727435944352206,-0.0007277006542594222,0.006573825596879374,0.006004192922991796,0.005959540121838192,0.01255004394120518,0.007933620590479118,-0.002229753284734138,-0.16347072195104762,0.09858632123239608,3,7
2019-07-12,QQQ,1,0.005768775353815148,0.005752199686257065,0.006587568065089513,0.00604617689808089,0.009145958524492404,0.014637738709119663,0.005658497172098034,0.004672137640404936,-0.14847426493821647,-0.06669695806903397,4,7
2019-07-15,QQQ,0,0.0032035722533541033,0.0031984517487861908,0.0038936057242861203,0.005990491550578573,0.007712766857318254,0.01394912618873323,0.0038663780622690443,0.000876369588048084,-0.2278756574097438,-0.2603393525759514,0,7
2019-07-16,QQQ,0,-0.00515067073369968,-0.005163981162967346,0.005826594719014745,0.005564012925633938,-6.219497423121112e-05,0.006681512704844739,0.007890251923066936,-0.003919394313195552,0.2937825593838306,0.0087616965426347,1,7
2019-07-17,QQQ,1,-0.00491836772324572,-0.004930502699645345,0.0048509037733762425,0.005922136049541437,-0.00460918385292608,0.0005882157889784967,0.006782360128289172,-0.004918441513134725,-0.16967049512404098,-0.15704383345920192,2,7
2019-07-18,QQQ,0,0.0011444868533743158,0.0011438324275694356,0.004888015640299598,0.005488175581278925,-0.0034699721498763214,0.0012225826963701003,0.010978048609084233,0.005907286959450259,0.7224472266792326,0.3623186354640644,3,7
2019-07-19,QQQ,1,-0.007327497380233194,-0.00735447535732181,0.004525818828354852,0.0059941785395743125,-0.008183237117503461,-0.006093176774450981,0.015587922921616183,-0.01409110616766474,0.017692281054126013,0.33616711329997306,4,7
2019-07-22,QQQ,1,0.007957685755151545,0.007926190350549867,0.006230716017981025,0.005918246965988026,0.001394012655770549,0.0003481557090720955,0.007835353013323863,0.005693670727068855,-0.35501005515875583,-0.14346679295194398,0,7
2019-07-23,QQQ,1,0.006544476351464379,0.006523154243569529,0.006764508041994097,0.00603839771835055,0.00727697076078182,0.005260093055000636,0.0078520728282021,0.001084778660459944,0.2549103398065935,0.05301625429244439,1,7
2019-07-24,QQQ,0,0.007017743359234219,0.0069932336002951345,0.006390650473340575,0.005646402888922861,0.01124462355957112,0.01095653191815904,0.01103343615198718,0.010877963281686885,-0.14141516057292525,-0.06290966070859116,2,7
2019-07-25,QQQ,1,-0.009479770368503115,-0.009524989395861105,0.008580794374575903,0.006601910420607179,0.0007455232182698168,0.0009165814098530678,0.008175286913319426,-0.006118578887325273,0.1474717106777197,0.07677378179647776,3,7
2019-07-26,QQQ,0,0.010294736481922584,0.010242106581423549,0.007929092049660812,0.007138411595469874,0.006587123207700163,0.010300038292386349,0.005757520089470957,0.003906824199892099,-0.12816464473622446,-0.06217553316986246,4,7
2019-07-29,QQQ,0,-0.0034307516789222614,-0.0034366502022402656,0.008302585606697086,0.007211409384295887,0.0009771812445835693,0.006589197420693749,0.009174277487229142,-0.0025114319698180823,0.0010033673988800729,-0.08166032788063027,0,7
2019-07-30,QQQ,0,-0.004316049419831991,-0.004325390448379096,0.008298994381173097,0.007146299330596186,-0.0033328163995429705,0.001918232596047842,0.008025618773785317,0.0033655769691445852,-0.08540610316012853,-0.1544505375036559,1,7
2019-07-31,QQQ,0,-0.013830103823007311,-0.013926630726969869,0.009100908420145881,0.008333202465431977,-0.013004957195161038,-0.01137613032617768,0.02629946099486832,-0.016469361286575838,1.2254744720662925,0.6916281120532186,2,7
2019-08-01,QQQ,0,-0.004971461086063722,-0.004983859909310162,0.008653482556772073,0.008419617344478696,-0.014705731876874073,-0.015134456140471042,0.03003709042468903,-0.0066865111438664014,0.5194666986967749,1.2553280554643345,3,8
2019-08-02,QQQ,0,-0.014724757409412592,-0.014834242742366222,0.005534208936365847,0.009301072697281077,-0.021159635606740612,-0.02779340021274712,0.014730811579667906,-0.0072594060424222145,-0.1270734653352642,0.8027283513593109,4,8
2019-08-05,QQQ,1,-0.03533519754568948,-0.03597459295448857,0.01254012377107693,0.01338504689361097,-0.041840325464914674,-0.05636834892165288,0.023496689367544257,-0.014719495480842787,0.3590755967689354,1.0708384605258838,0,8
2019-08-06,QQQ,1,0.013998877274647104,0.013901797944164684,0.017856151027123488,0.014348039255385584,-0.01746743428627029,-0.037868814750629975,0.014967082340410545,0.004714915784699149,-0.4416684434968017,0.10117910258681362,1,8
2019-08-07,QQQ,1,0.005402083686878445,0.0053875447695936884,0.01911383856635953,0.014200034087838343,-0.004850194413792863,-0.027103815452940938,0.025486815293739046,0.016439541332276517,0.19317281345770132,0.2191535776082294,2,8
2019-08-08,QQQ,0,0.021763797212947855,0.0215303468826491,0.023175330113305366,0.016510365088267132,0.01888819478618453,-0.003277331290623353,0.02026150833639545,0.017181719496004874,-0.231493520781907,-0.09610191731393947,3,8
2019-08-09,QQQ,0,-0.009401735387962407,-0.009446210684937562,0.02254567957299761,0.01597872438522309,0.010249348068024355,-0.008026595838160566,0.015851842501216525,-0.004643441045865545,-0.12518057894586143,-0.23303178469600727,4,8
2019-08-12,QQQ,1,-0.01147523568839559,-0.011541584270902128,0.014461749060701351,0.016121637788037785,-0.0052449613008846985,-0.014023536637317369,0.012949141814533013,-0.005341481892392851,-0.26677457459184917,-0.44296713485977945,0,8
2019-08-13,QQQ,0,0.02191499847084799,0.021678316571913214,0.01615622255555329,0.018286205531449884,0.010958107787851334,0.010497171821086004,0.030729075021978157,0.02280252398377742,0.6330017976780331,-0.1325918608453338,1,8
2019-08-14,QQQ,0,-0.02988481747328986,-0.030340469661426006,0.02267747917724425,0.019999786960491955,-0.01768333244456477,-0.01529632993074137,0.01904401579452595,-0.014026791621462833,0.2673482116898058,0.07753825909977419,2,8
2019-08-15,QQQ,1,-0.0011492291943190347,-0.001149890064565895,0.018806990914903312,0.02002143241496113,-0.012752388953366167,-0.012383855256479559,0.013278648501536885,-0.0024589997171704236,-0.2806933265360143,-0.17882719466462638,3,8
2019-08-16,QQQ,1,0.01605058454719699,0.01592313585706684,0.020975363279371266,0.020529622268647813,0.004190511783469741,0.004484203382276508,0.010042835770589528,0.006894245520790545,-0.10640861387488076,-0.22741225976976553,4,8
2019-08-19,QQQ,0,0.015904698675222706,0.015779544240233534,0.021100783038533896,0.017056085201540422,0.01567474315749262,0.016222552016465164,0.007068461974751311,0.0014348905634414798,-0.3138151512748083,-0.3949305009729379,0,8
2019-08-20,QQQ,1,-0.007748364627434556,-0.007778539174625898,0.019076942668211746,0.017070215862129978,0.009350076903904325,0.006334979775352689,0.009150889334248081,-0.0052671071387604,-0.1151946510418288,-0.4309657619959384,1,8
2019-08-21,QQQ,0,0.008878393686369668,0.008839212489099246,0.010568606581035892,0.017179130932675202,0.011898312162582636,0.012881790507751845,0.006733412913218419,0.0001060615682954385,0.02590577252561177,-0.36230887380221133,2,8
2019-08-22,QQQ,0,-0.003233772639780086,-0.0032390125820942473,0.010973583448416984,0.015827763212136983,0.0027412332396903327,0.009736472878481006,0.01545144191845728,-0.0050798575340333255,0.18733991233440261,-0.20777348393796746,3,8
2019-08-23,QQQ,1,-0.03164546204312768,-0.03215700054181969,0.01830320830182174,0.01861177746504684,-0.025446319721299848,-0.019890626218448615,0.03689621498860167,-0.025008022017629562,1.2839913049575764,0.6892989972338432,4,8
2019-08-26,QQQ,0,0.015103747498966147,0.01499082155492193,0.0180924580214583,0.019039121755698038,-0.006888868380778179,-0.00533894536032975,0.009720828131128137,0.003692885504639247,-0.5015765977273876,-0.1655391421581892,0,8
2019-08-27,QQQ,1,-0.002110162908981139,-0.002112392439732602,0.01795450263881455,0.017476953157153828,-0.006271893011157603,-0.005317960057053428,0.014561235001830382,-0.009026962167861438,0.014996974517100359,-0.12050540296668677,1,8
2019-08-28,QQQ,1,0.0035790605474697035,0.0035726709515637722,0.017250014200494917,0.014489330769199804,0.001103645235227324,-0.003010800486233478,0.013545069953616037,0.00685412878358077,-0.22205563171121778,-0.2467251361120434,2,8
2019-08-29,QQQ,0,0.015289564450699622,0.015173856980776002,0.019239167754433243,0.015092612352446386,0.016520054791917316,0.00931322943099766,0.009498980969548296,0.0028283194461985388,0.1636579725041758,-0.08773059544708894,3,8
2019-08-30,QQQ,0,-0.0023945789210553237,-0.0023974505102399846,0.00882074526743868,0.014434125310949696,0.008195985536640915,0.005821309847092726,0.013549979663561982,-0.00772768491863325,0.03789202213029741,-0.03062968299287261,4,8
2019-09-03,QQQ,1,-0.009708338510350578,-0.009755771676486447,0.009309729703723775,0.013785362973204086,-0.002482460485143223,-0.002455650191050651,0.011545450984807254,-0.0030609350256806844,0.06247767840181151,0.00959439968662501,1,9
2019-09-04,QQQ,1,0.014435839736905764,0.01433263504762472,0.010782609234676822,0.01442043123406744,0.007694234410736467,0.011205788766124547,0.008482776226898124,0.004748182768118835,-0.22786634339619938,-0.2251834313751172,2,9
2019-09-05,QQQ,0,0.018318893465791186,0.018153123952253658,0.012443626784433755,0.015289471948803257,0.01885990063228582,0.02799127601313378,0.01045116041642125,0.007194974480535248,0.5715284756924985,0.16132843328845348,3,9
2019-09-06,QQQ,0,-0.0009907999281377755,-0.0009912910948459697,0.011912511776090762,0.015224329971608915,0.01389675721016137,0.025011279996490776,0.005205621906441465,-0.002654918008436577,-0.425690928487649,-0.322002881378163,4,9
2019-09-09,QQQ,0,-0.0020875484024093227,-0.002089730368743936,0.011872469531239018,0.009911096640580446,0.007812161483408797,0.017904932926803285,0.010666543658444489,-0.0052031842827249776,0.2524553823417728,-0.048314579140950276,0,9
2019-09-10,QQQ,1,-0.0028770385363994233,-0.0028811851670234034,0.01017289569746318,0.009484901987350317,-0.000346227610571459,0.011841093777877232,0.009623484412139435,0.0025241676393315342,-0.027159573247676927,-0.060036126421097236,1,9
2019-09-11,QQQ,1,0.009389447392714967,0.009345640532855803,0.009256379857289132,0.00947400727613436,0.00471989230080383,0.017023355397401296,0.010314142516770288,0.007486872648069372,0.055545026890211346,0.003894438799072475,2,9
2019-09-12,QQQ,0,0.004157615424663197,0.00414899642305766,0.005185018639855882,0.009470912408305866,0.007371789425520969,0.01687703600044954,0.008987167438039,-0.00196273375143093,0.14468392409709696,0.1182478098792803,3,9
2019-09-13,QQQ,0,-0.003570920179673309,-0.003577311134066008,0.005608275810292696,0.008912559463857056,0.002781225932486864,0.010788327740839376,0.005752788950026852,-0.002124921837751344,-0.0355560667691418,0.06885987327332677,4,9
2019-09-16,QQQ,1,-0.004466558082183547,-0.004476562955415098,0.006021635812269847,0.009060993811794156,-0.0022070211678208995,0.004054467889192281,0.005070576085880579,0.001986354511037975,-0.2656614793023441,-0.19646871748593064,0,9
2019-09-17,QQQ,0,0.004799728061861019,0.004788246092689796,0.005914602787387903,0.00803515507158298,0.0005403813921074363,0.005214114630161637,0.006833661127999433,0.004694883513829342,0.031222008957133784,-0.1477524856575172,1,9
2019-09-18,QQQ,1,-0.0004154852414408605,-0.00041557157934946076,0.004276286814243404,0.007157117495962975,3.111956808687921e-05,0.0026039271027595845,0.012955283728930546,0.0016649704958368195,0.42131109986923354,0.172262750162665,2,9
2019-09-19,QQQ,0,0.0016623014186547547,0.0016609213248610644,0.003804014715883538,0.004404573713856137,0.0020994723425766804,0.003716459051607668,0.008140578971591166,-0.00010372432022,-0.12564595904141185,0.05783922017090748,3,9
2019-09-20,QQQ,1,-0.010578925488937685,-0.010635280121196189,0.0059506488562545735,0.005647824700225068,-0.006705379798803812,-0.006493271617419527,0.016311914900980645,-0.011962081462858862,0.11700346398150496,0.13726506794789395,4,9
2019-09-23,QQQ,0,0.00044132104989746956,0.0004412236964039806,0.005803756057885293,0.005620354051709946,-0.005442928119274715,-0.005896508765884878,0.007091858054145295,0.0007354454150008261,-0.2269193876112645,-0.11414626382453663,0,9
2019-09-24,QQQ,1,-0.013280769105827872,-0.013369747196274595,0.00694815694236192,0.006980435640747592,-0.014285004389965716,-0.017927303869188838,0.02424622202036993,-0.017766598647830617,0.8153909783464304,0.5068043118522043,1,9
2019-09-25,QQQ,0,0.011224963038736657,0.011162430655131672,0.009938176974637841,0.007305965324388838,-0.0010699808610583617,-0.005884176363316618,0.02327188809029485,0.012248392090262345,-0.14982104667484875,0.23702906857377504,2,9
2019-09-26,QQQ,0,-0.003682729313468469,-0.0036895272561876524,0.009716470348265296,0.00710868943970469,-0.001524888117648615,-0.007749090038111084,0.010641122335650111,-0.0023705259648191795,-0.22702557852061234,-0.037413007088610284,3,9
2019-09-27,QQQ,1,-0.012409004307734839,-0.012486638915712334,0.01009228956857554,0.007864404996053656,-0.01038158322242233,-0.01742476319897457,0.021504253006539655,-0.014230733194763291,0.5199246999179901,0.3973567309662902,4,9
2019-09-30,QQQ,0,0.009517227582627186,0.009472224085891767,0.011679101740076695,0.008707598776830664,0.000826811371020586,-0.0067770858313902504,0.00910595226052155,0.005431622072145092,-0.35478435748709336,-0.11653579215988774,0,9
2019-10-01,QQQ,0,-0.00815606532247759,-0.008189507987757416,0.010585211887213281,0.00866753936470181,-0.006598781229686712,-0.012309974256859979,0.019155618068725264,-0.011767787480417216,0.23034700867046531,0.046840954730231754,1,10
2019-10-02,QQQ,1,-0.017194610775906227,-0.017344154809148193,0.010203627962016721,0.00975987350117568,-0.0173937950787153,-0.025137217301035908,0.01618276616578461,-0.010483854560441869,0.49978064484237317,0.48020725944722487,2,10
2019-10-03,QQQ,1,0.010975298336824757,0.010915506838584221,0.012918623173710859,0.010777527932965396,-0.0030860320988757017,-0.011094976395821354,0.02385480312323029,0.011085195666215334,-0.1885247083591688,0.15415875106794652,3,10
2019-10-04,QQQ,0,0.014725523735162005,0.014618155958321388,0.013879651227754607,0.011804078421422956,0.009668245995096525,0.004324408992190554,0.01175965857766522,0.00924735787153434,-0.19051596116011926,-0.07333308728848009,4,10
2019-10-07,QQQ,0,-0.003018878706996797,-0.0030234447131149977,0.013296272653488825,0.011814883168581687,0.0072342032856937966,0.0024976504062990124,0.009720092364826963,-0.00015933913324536452,-0.33466300380085046,-0.38117050246061734,0,10
2019-10-08,QQQ,1,-0.014981036310782292,-0.015094385519011766,0.014564270133733908,0.012019634074451876,-0.005886985591247229,-0.011177898103693074,0.013845805472542825,-0.008767237309167248,0.5261736425339367,-0.031717760259139194,1,10
2019-10-09,QQQ,1,0.009761691330476552,0.009714353835035716,0.012299852129316516,0.011858034456044412,0.00040602789917820736,-5.4408581598996975e-06,0.008824049985568657,0.0012834388326908386,-0.37776913027767745,-0.37008253140067016,2,10
2019-10-10,QQQ,1,0.0077445359121899315,0.0077147009336453465,0.011886395059429325,0.012165193923507548,0.005349666582203483,0.008115964076769622,0.01233445949193968,0.007475405305476429,0.2496748960163595,-0.2087301567347678,3,10
2019-10-11,QQQ,0,0.012879147269174274,0.01279691634218949,0.011445589158323236,0.011996383682964115,0.015807897199640708,0.018878520078829508,0.010008927546939586,0.0014672681266584228,0.6274997319056148,0.2869695926592226,4,10
2019-10-14,QQQ,1,-0.00010461578110787517,-0.00010462125371990538,0.01116654580307743,0.011729435833038706,0.012633589544366108,0.01753503945436896,0.005502007293579779,0.0013099979291414572,-0.6345484140987439,-0.5123168094218764,0,10
2019-10-15,QQQ,0,0.012716299150065558,0.01263612597336472,0.005317581681611641,0.011724175229162513,0.01678166560363814,0.027056242523527896,0.01257305798308223,0.009599393087373446,0.5515325542570952,-0.22014750410078587,1,10
2019-10-16,QQQ,1,-0.002480331178738693,-0.0024834122959660476,0.007150927947243078,0.009587940456311292,0.008104894532956264,0.019643879436855416,0.0057036508349807774,0.0009332815265561556,-0.11952638782484437,-0.24189020673093853,2,10
2019-10-17,QQQ,0,0.002641935500310666,0.002638451723310453,0.00723031854395692,0.009352947147971634,0.005653000135325437,0.018314400662001296,0.008702381400431567,-0.0033470335051426913,-0.06901760269050838,-0.2366537045453999,3,10
2019-10-18,QQQ,1,-0.009609813800685929,-0.009656286027277972,0.008142390348557772,0.009414555096150651,-0.004611065849437379,0.007002725352109662,0.015320866986716876,-0.007815706680577544,0.454476718543255,0.1292188558612104,4,10
2019-10-21,QQQ,0,0.008868416068573914,0.0088293226280447,0.008893459683301935,0.009522733473230823,0.0018234894620117181,0.013192107467116854,0.00716104423607597,0.003528580001509172,-0.429576041125166,-0.3413273996163315,0,10
2019-10-22,QQQ,1,-0.007962824998194895,-0.007994697599220224,0.007631194318218525,0.008244062037174874,-0.004431378477615544,0.001749536778152594,0.013546252719506902,-0.011846447928270564,0.4171265473508341,-0.026030457453342093,1,10
2019-10-23,QQQ,1,0.0019282571554311012,0.001926400454017596,0.0077730924462992915,0.007943911963203045,-0.0016620471311786789,0.00107281663362091,0.005797558609775013,0.003969468715060335,-0.3377902225318524,-0.33975277462881015,2,10
2019-10-24,QQQ,1,0.009728393329219598,0.009681377192552354,0.009096982374634197,0.008108016684453063,0.007485051271316268,0.00797167722267944,0.007593373875256422,0.002582778084913559,0.281223867713307,-0.1301427502662431,3,10
2019-10-25,QQQ,1,0.007986101885442798,0.007954381742063532,0.007411918402779444,0.0075657384813986,0.011383498793539726,0.013636786953007851,0.013931340268394748,0.01320629292102492,0.1320420033160512,0.08108583601672459,4,10
2019-10-28,QQQ,0,0.009865153338805221,0.00981681039397131,0.007583326571070505,0.007854609378411894,0.016965790947810033,0.0202112339567182,0.006512331515760959,0.005189540863005422,-0.1250005812034165,-0.07198070848959603,0,10
2019-10-29,QQQ,1,-0.007744318154894847,-0.007774461112020958,0.007495041714166141,0.007813732356588712,0.004756152346513831,0.010994806555526981,0.007757040847121157,-0.0060840203488680186,-0.013231519711776052,-0.06269969058999891,1,10
2019-10-30,QQQ,1,0.004845983740527027,0.004834279757630178,0.007371656514344591,0.007760881607938831,0.004712648416733023,0.013828849071197968,0.010335068002291071,0.0029019821277488952,0.1720329353732155,0.09134607188022437,2,10
2019-10-31,QQQ,1,0.0004569605654227704,0.00045685619073942974,0.007022695707110391,0.007773260350916223,0.0021152978525948996,0.012452742791337679,0.008655555153927168,-0.0024296200317410004,0.2314570190633285,0.29363055234314817,3,10
2019-11-01,QQQ,1,0.009082461783767037,0.009041464279603062,0.007228208583582891,0.0069151041925283015,0.007906243550864112,0.017893758946282423,0.006315364251276255,0.004749166251655547,-0.17423829742778474,0.09773681278919755,4,11
2019-11-04,QQQ,1,0.006185132861591169,0.0061660834357999406,0.006548118577910209,0.006742408463482981,0.011546188403337876,0.020684077125014966,0.008292140675682557,-0.00044955460708866364,-0.14079225010053364,-0.07161890478185173,0,11
2019-11-05,QQQ,0,0.0005496946744245612,0.0005495436476499194,0.0037258778326359388,0.005580448549384903,0.00785305540475223,0.016908736367301724,0.004991265133694711,-0.0006987740722907863,-0.20861489595548988,-0.23797327597207285,1,11
2019-11-06,QQQ,1,-0.0022477388473167714,-0.0022502688041123875,0.004662662471943951,0.005922456765787362,0.0027910569880351677,0.010752092147595205,0.0060506387624677735,-0.0011001161386305042,0.3107602549023516,-0.02533472541818138,2,11
2019-11-07,QQQ,1,0.003353904391761642,0.003348292598539082,0.004474077684023756,0.005553493344433801,0.0027816217795562093,0.010899171614362935,0.009314580436112864,-0.0016437629013954314,-0.0959722187016806,-0.11376916967918094,3,11
2019-11-08,QQQ,0,0.003991471750112829,0.003983526960664285,0.0032706818587274777,0.005312060232455734,0.004412291111515421,0.012080702051122216,0.008547041791706822,0.005797912534888453,-0.14432157197012185,-0.21736860272896208,4,11
2019-11-11,QQQ,1,-0.001341602474528747,-0.0013425032288543193,0.0027670856268659618,0.004823534392374929,0.0022043718932049927,0.00900256323451254,0.0054941851447946315,0.003746066504417397,-0.3349673630953941,-0.4552992858707181,0,11
2019-11-12,QQQ,1,0.0028861015560013303,0.0028819447609400584,0.002895631865000272,0.003496489161089193,0.0037652893507706953,0.009127931952288781,0.0069109499125121305,0.0020384248663405068,0.456334502739564,-0.19025409659111459,1,11
2019-11-13,QQQ,0,0.00024808314241586693,0.0002480523748813468,0.0022732734887661154,0.00349638812762277,0.002187459177420692,0.007058759667669667,0.005327584569507493,0.0037343159414233887,0.06741641460790482,-0.10633445070325187,2,11
2019-11-14,QQQ,1,-0.0007938108414489164,-0.0007941260761104019,0.0023330506700625546,0.003591380737734707,0.0003972287952433984,0.004077426049912125,0.0066722916181511435,0.0029875558395468025,0.07422058245533969,0.016768941187200515,3,11
2019-11-15,QQQ,1,0.007347618680379586,0.00732075643235941,0.003566378244973593,0.0032468946901029754,0.006068877380023707,0.0094221799794596,0.004490519069910329,0.0012830484749869549,0.08748686959292784,0.130856130484863,4,11
2019-11-18,QQQ,1,0.000788568601753914,0.0007882578448921151,0.0032279613202752223,0.0029081094455385885,0.004759906413217108,0.00872779181795691,0.00799642206659397,0.002369371612641409,-0.003364463666505668,0.13156501974981727,0,11
2019-11-19,QQQ,0,0.001477127611901663,0.0014760377320399698,0.003203072746736135,0.002889938808300522,0.004425164499927137,0.008634582491467535,0.0061322607067160985,-0.0023057360142610993,-0.07854774337222792,0.030779079264976028,1,11
2019-11-20,QQQ,0,-0.005998729003492742,-0.006016793657861896,0.004791001399175455,0.0035974767013710195,-0.002152090424328623,0.0013970460140264596,0.013951892536718812,-0.003401708015498308,1.1644123782004692,1.0227718529383178,2,11
2019-11-21,QQQ,1,-0.0022260891843856045,-0.002228570604172475,0.004933200907812224,0.003657802075863062,-0.004638739377940682,-0.0014603778393312838,0.004952211341906003,-0.0011389874505088682,-0.5117639029184526,-0.012688920492187061,3,11
2019-11-22,QQQ,1,0.0006445359470985679,0.0006443283230144203,0.003102838651737206,0.0034648853229821575,-0.002934397684037693,-0.0011135051513748717,0.007814054673102325,-0.0018298472936288366,-0.03880650428325394,-0.06101214212204176,4,11
2019-11-25,QQQ,1,0.011841743618384859,0.011772178812943679,0.006655414459081176,0.004956499006785667,0.0077275712875799485,0.009086958650247778,0.00784408663951099,0.007498787840875293,0.03276399683529574,-0.06892732170279181,0,11
2019-11-26,QQQ,1,0.0019095922258764997,0.0019077712724593354,0.006663570799101668,0.004938402732629589,0.00841782431047533,0.009482574170293079,0.004012684320715469,0.0012722999709832872,-0.16742147717543143,-0.2248182356467392,1,11
2019-11-27,QQQ,0,0.006989061691538678,0.0069647514048769565,0.00558298876932925,0.0051981522646815615,0.011586900122719568,0.014310977511644563,0.005654692724776862,0.004387217993380718,0.14765977023936783,-0.11586605316760246,2,11
2019-11-29,QQQ,0,-0.004562499754524163,-0.004572939723536784,0.006272029037896019,0.005562972017394138,0.0036209026571636382,0.007862277396098794,0.004038545220903858,-0.0020435877783873276,-0.41905665827590477,-0.46665699700817875,4,11
2019-12-02,QQQ,0,-0.010238637732469247,-0.010291413124907223,0.008822011708818515,0.006346362898079401,-0.0077909507352664775,-0.0025009907233550788,0.016576441355209002,-0.010287165930831139,1.8420230146327605,0.44106365079405907,0,12
2019-12-03,QQQ,1,-0.00783263183886751,-0.007863468024161158,0.0071020960795143365,0.006805714573284028,-0.01285093881542998,-0.009506098306956479,0.011288195843552031,0.005993691164284207,0.11058306851858468,0.5019771816481615,1,12
2019-12-04,QQQ,1,0.005064445949187757,0.005051664777672826,0.0077314849282852476,0.0070299106707904825,-0.00572692879356429,-0.004029419040328164,0.0038036171862021475,-4.944559130746505e-05,-0.5081002182991953,-0.25534094697624166,2,12
2019-12-05,QQQ,1,0.0019757822058730223,0.001973832915370899,0.0064791367287281385,0.006777157179926206,-0.0006110472329753369,-0.0023953559286350457,0.00644842529141922,-0.0015751517353859252,-0.02207828707001913,-0.18593693722122895,3,12
2019-12-06,QQQ,0,0.0106986912374043,0.01064186519055177,0.008805851110232093,0.007430822514676366,0.010180620106560623,0.0066438396958719,0.0048945230872180475,0.0033772328796997085,0.10646758853919525,-0.09270864445838889,4,12
2019-12-09,QQQ,0,-0.004536495884536196,-0.004546817008311166,0.007419186380770285,0.007684915223967587,0.004538626738840534,0.0009761764595039857,0.007867861857666365,-0.002736634634370699,-0.15530977994962336,-0.21991587825776504,0,12
2019-12-10,QQQ,1,-0.0008333052117770468,-0.0008336526035677139,0.0058027902187686295,0.0067048214319845745,0.0012470983967445282,0.0002990905970654545,0.007052958095315678,-0.0013224483267983186,0.5588990353329852,0.1892248692113403,1,12
2019-12-11,QQQ,1,0.005296838931505343,0.005282860021136315,0.005829596627785989,0.006902332004713284,0.004036124832062615,0.00541501519705645,0.005627369112540438,0.0030338379102358205,-0.13848750905971619,0.0026522706597362777,2,12
2019-12-12,QQQ,1,0.007464053378408719,0.007436335173315101,0.006205979704220864,0.006955654904673371,0.007896760971191297,0.012686054821807069,0.013820392498938324,0.008497290609320984,0.7364542511501107,0.6068182859586688,3,12
2019-12-13,QQQ,1,0.003292685662967587,0.0032872766437437306,0.004823275577703518,0.006793489610783097,0.009058426340632808,0.01498027200659191,0.009447659912335888,0.0038275608928461857,-0.0028394456028455473,0.4413036858963706,4,12
2019-12-16,QQQ,1,0.010039473995587356,0.009989413253388868,0.004137778655835866,0.006038976977086263,0.014052642773159318,0.02203092820326691,0.005034778405144513,0.003452415296893741,-0.3451109184056287,-0.027172708979989912,0,12
2019-12-17,QQQ,1,0.0005735279254037717,0.0005733635211209176,0.0036574940232073053,0.004814795348427817,0.00926431995667576,0.018647129885116298,0.0031975443791269604,-0.0007158246697066277,-0.24888949409764938,-0.21513298152904836,1,12
2019-12-18,QQQ,1,0.0007637098536075193,0.0007634183756310975,0.004191633566880538,0.004891054673147393,0.005604945184578103,0.015906259610767526,0.003817354696753694,-9.545389016468163e-05,-0.03455842361575634,-0.2427887856662697,2,12
2019-12-19,QQQ,1,0.006251538577859206,0.006232078770941563,0.0040027998277161365,0.004932296121262706,0.007684419982864732,0.018293055601617647,0.006248795851973442,0.005819505935198767,0.15687061703133387,-0.13630094371228307,3,12
2019-12-20,QQQ,1,0.004031079526829684,0.004022976494433728,0.003975212186409549,0.004324497058404765,0.007394365287948235,0.01909559813754802,0.005900122705554851,-0.000707985915473684,0.5489060164895136,0.2695565365237331,4,12
2019-12-23,QQQ,1,0.002641445458194891,0.0026379629723232156,0.002374016358386748,0.003385020000803446,0.0071806259943112405,0.01777056467586724,0.002452778366376769,-0.0008962379311615566,-0.1408577437609766,0.043843288496899335,0,12
2019-12-24,QQQ,1,0.000519452016619848,0.0005193171481243652,0.00238707996762381,0.0031941822908464717,0.004853202705372928,0.014175942739605318,0.0030660089456810142,-0.0003773671276164505,-0.7018258905475148,-0.6672618310033682,1,12
2019-12-26,QQQ,0,0.008824082289763613,0.008785377597914312,0.003212228452776799,0.0035206472559983324,0.00922816540872673,0.01861430351136706,0.007443709940375989,0.0072081353947627685,1.4076033291014247,-0.19240398396684733,3,12
2019-12-27,QQQ,0,-0.0008419110551483033,-0.0008422656613058521,0.003742290548578384,0.0037030188438453428,0.005335266379478787,0.014110278028097722,0.0070849460241834816,-0.004334821967393814,0.06249304233191744,-0.07882892950900944,4,12
2019-12-30,QQQ,1,-0.0065540277006289616,-0.006575599647264063,0.005580406047323256,0.004909315980099264,-0.0021535689369803768,0.004855111605309048,0.011569092368632903,-0.006042123120060011,0.20300979921804774,0.17189787236785636,0,12
2019-12-31,QQQ,1,0.0018849758826946506,0.0018832015450280792,0.00553203771904058,0.004161108569303189,-0.0010242633160182368,0.004944439427322145,0.007374828949067398,0.0051056674575104795,-0.16706470170291765,-0.007215226389611251,1,12
2020-01-02,QQQ,0,0.01669716492772455,0.01655929979083659,0.008997147831050318,0.006235693214027569,0.011625045194981976,0.018247798749296607,0.010167947745478268,0.008209001006197602,0.7043404564440947,0.5640882027485457,3,1
2020-01-03,QQQ,1,-0.00915992244236663,-0.009202132490173653,0.010113055440420978,0.0073887324455967325,0.0019928830831554833,0.006510562659720831,0.010267240553554236,0.0041255959279564835,-0.11141643041195504,0.3099341436653442,4,1
2020-01-06,QQQ,0,0.00644314492714515,0.006422476600712379,0.010408912423904054,0.007399985306299999,0.006612302141731474,0.010547025557650969,0.015764662798713237,0.014399988511029412,-0.2130753772861561,0.01255494630096421,0,1
2020-01-07,QQQ,1,-0.0001392642776918418,-0.00013927397586144252,0.009464725337822841,0.007418379844103795,0.0033610162798769494,0.008383949860383044,0.005982161425449981,-0.0005101122735249041,0.022350186790300652,0.06267993890597134,1,1
2020-01-08,QQQ,1,0.00751661688769012,0.007488507891463492,0.009611216423112103,0.007620359011921455,0.0066477610719035685,0.013431622440403634,0.013828286438696345,0.007656584206424014,0.1923276707032291,0.251310692405853,2,1
2020-01-09,QQQ,0,0.008473238488535095,0.008437542104204887,0.007403269181805267,0.007801401866196119,0.012520670199530626,0.018657573370128633,0.007764670363046829,0.00022838700648683216,-0.10797695218829195,0.03541891658956842,3,1
2020-01-10,QQQ,1,-0.0025572198640796406,-0.0025604951357145467,0.0049614053050766015,0.00773823824072806,0.005977895953298562,0.013864378858368553,0.008323865272912649,-0.006459010181085765,-0.07000891833354572,-0.05709975017890501,4,1
2020-01-13,QQQ,0,0.01153688328371505,0.011470840909178825,0.006013431547520081,0.008179316405534386,0.012556686648566462,0.022079072890139217,0.009118679539065332,0.0073861081642417,0.03919903189716201,-0.03926220822479931,0,1
2020-01-14,QQQ,1,-0.003937562532130512,-0.003945335141610329,0.0069815849041201415,0.007860657493614073,0.004381105480393499,0.014361766439971113,0.006656408463501272,-0.0034413807255870774,0.07299764027613609,0.019665797530897144,1,1
2020-01-15,QQQ,1,0.0004092122247403296,0.0004091285202525441,0.006861633291382854,0.007911701595601199,0.002030020822496592,0.01125318629963834,0.00794732072776248,-0.00013623424029350094,0.05422207297046033,0.04200972463071184,2,1
2020-01-16,QQQ,1,0.009583212937898322,0.009537585227883838,0.007105305731937808,0.0068437832883287706,0.008612242849364904,0.018082475507176676,0.0068694547074228795,0.004564534222145538,-0.26948461858201156,-0.1993729521318265,3,1
2020-01-17,QQQ,0,0.004948918093293564,0.004936712451397263,0.006393062313333393,0.005403018476203971,0.009070799501494697,0.018827768214497054,0.006449312295229961,0.00044789548576841824,0.29354958787556495,0.04992690497041874,4,1
2020-01-21,QQQ,1,-0.000447750519676271,-0.000447850789871751,0.005242044916831882,0.00552707400513294,0.006500233625052143,0.014798412203752553,0.005297148073618933,0.002334370108116428,-0.13068340650847676,-0.08527150561239782,1,1
2020-01-22,QQQ,1,0.002642393773472751,0.0026389087888301077,0.004029625720887189,0.005389696991358376,0.005723324901595328,0.013637707100265573,0.00695155088069342,-0.002406347917247742,-0.019384005712583252,-0.09752590384936777,2,1
2020-01-23,QQQ,0,0.003216153842400038,0.003210993081870228,0.0036848356465497504,0.005230914369523687,0.004966879229755028,0.01348363240198669,0.008894276590267015,0.003799011459095241,0.2777579521999962,0.15264782600373428,3,1
2020-01-24,QQQ,0,-0.00841546218421041,-0.008451072109488145,0.005293442666125619,0.006065926182413363,-0.0038647945563100583,0.0032750529165306297,0.018658069159967955,-0.013029615535183904,0.4129060503243873,0.5357864729031827,4,1
2020-01-27,QQQ,1,-0.020655366463633418,-0.020871672314137335,0.010037817489820912,0.009309293622919355,-0.01981042447231729,-0.017301882146998127,0.009647659857495373,0.001975503919637838,0.12896237629051854,0.600154471144563,0,1
2020-01-28,QQQ,1,0.015359902523639724,0.015243133410915988,0.013586617439607904,0.00990054871977565,-0.0031150571888537426,-0.002432486112471821,0.01320346550415313,0.008240746510760802,-0.36750787897142745,-0.0029205302459511806,1,1
2020-01-29,QQQ,1,0.001625578320436416,0.0016242584981212005,0.013515217378621446,0.009793551609212333,0.0003607945861303641,-0.0015889461708921138,0.009430532215725899,-0.003906929880558241,0.08202185403955564,0.06102746650506741,2,1
2020-01-30,QQQ,0,0.0035616025905367277,0.0035552751035750063,0.0135479467489852,0.00982929096872006,0.005728941052196346,0.0008722707474408953,0.013658201470848083,0.010073514708757789,0.3679787031755086,0.38140181486581226,3,1
2020-01-31,QQQ,1,-0.015857912895604898,-0.015984994890377635,0.014818803984426185,0.010659103387562438,-0.00696257054387861,-0.013575784297448878,0.02357627298904204,-0.019952540953940206,0.3145892777262491,0.6272980166759896,4,1
2020-02-03,QQQ,1,0.015109469863995528,0.014996458760887066,0.012773276518170618,0.011759266363551684,0.004145357488163581,0.001779625581989741,0.013173407397677772,0.01017536794482881,-0.5115214992367704,-0.20778502447240443,0,2
2020-02-04,QQQ,1,0.02288840408719106,0.02263039410528833,0.01474467279147681,0.013871497807439554,0.021574779591176263,0.022778262689431505,0.014240115073824935,0.00909414900368067,0.20790598458789544,-0.07073380092559656,1,2
2020-02-05,QQQ,1,0.003297226946522791,0.0032918030131101617,0.014654515259952703,0.01387668747936861,0.01907580847195889,0.024147461896304012,0.014769096899902785,-0.008644304917802647,0.2555651131268899,0.10709310346511747,2,2
2020-02-06,QQQ,0,0.008631962230022605,0.008594919856994565,0.014636338345054815,0.014033660009257804,0.020952060381021376,0.030398450632772134,0.009921781280101662,0.006119188759809686,-0.4169659632332333,-0.3469680670637295,3,2
2020-02-07,QQQ,1,-0.004300814483895743,-0.004310089589734112,0.010484556391068706,0.013733391665641876,0.007507874020789895,0.02299040567666788,0.008291190106956678,0.00017452123186287598,0.15212466228396182,-0.2214863967869235,4,2
2020-02-10,QQQ,1,0.012085688457532218,0.012013239669634856,0.010134450489679791,0.011132815211391367,0.011159180810242475,0.028983908561864613,0.01575902121455257,0.015452629756481913,-0.1702150674717693,-0.31092395457511535,0,2
2020-02-11,QQQ,1,0.00017234514924857613,0.00017233029953001022,0.0065360386327454525,0.010780832572963058,0.007346375009675832,0.024362875734173173,0.011232627549738746,-0.005316207902096731,0.4059379204707876,-0.04185620608943885,1,2
2020-02-12,QQQ,0,0.009741043657023774,0.009693905560223648,0.006988081410904907,0.010827252249483044,0.011843137331065012,0.028682141186310073,0.006770082260680629,0.003813520314627358,-0.18963838664812238,-0.21242911997250247,2,2
2020-02-13,QQQ,1,-0.0012806079873631804,-0.0012814286664921681,0.007197405507121725,0.011031559343109114,0.007258376406935163,0.022261075637757477,0.01104707733911747,0.0057169955061213236,-0.06939149125710531,-0.22520054517531418,3,2
2020-02-14,QQQ,1,0.002863542893152049,0.0028594507643315836,0.00590760262280495,0.008352628342418351,0.005433322087722514,0.018261308150999023,0.005590157800911152,0.0012802042179997455,0.029214164017353772,-0.1166832801638612,4,2
2020-02-18,QQQ,1,0.0003836171132776123,0.0003835435510453067,0.004378299680915516,0.008040824599840008,0.003445563919706407,0.013221592164576856,0.008222690231029176,0.005267647655413544,0.04078759306269597,-0.07712788897615275,1,2
2020-02-19,QQQ,0,0.00958567094334084,0.009540019898368612,0.005149742107733014,0.005549339341788221,0.008777677064255363,0.018751961941765316,0.006860606800018818,0.0035996731764283796,-0.08870852036319665,-0.1311856684424264,2,2
2020-02-20,QQQ,0,-0.009283597570109325,-0.009326958735756286,0.006837907864461363,0.006994101647413198,-0.0010211631440032454,0.00645598783975565,0.021441224399374754,-0.007104829091048945,0.9164661163716517,0.63898793918156,3,2
2020-02-21,QQQ,0,-0.019209541641568295,-0.019396442274885572,0.011251386029905632,0.00952473333475597,-0.017116310656888234,-0.012911430961305093,0.020076140449311605,-0.014297317448586255,0.5495540324852126,1.1752605513837313,4,2
2020-02-24,QQQ,0,-0.03856371759600863,-0.03932698509979282,0.0185915715923212,0.015538280116026825,-0.044208719969683896,-0.0477893323466696,0.01799894273273302,-0.0013081617453720466,0.28031179753155233,1.334048640718065,0,2
2020-02-25,QQQ,1,-0.027191555684191515,-0.02756808738458627,0.01830342737990083,0.016154768129231667,-0.054391072493335524,-0.06702016786375298,0.04143337066069429,-0.03529677439109742,0.15641260443952265,1.2295758506982777,1,2
2020-02-26,QQQ,0,0.005153794873318018,0.005140559527879063,0.01673860891136746,0.016483500123556198,-0.032093707970698104,-0.05585999923916418,0.02482582583238061,-0.0010613768594074189,-0.18625681634490454,0.6307648147293854,2,2
2020-02-27,QQQ,1,-0.050073768470276225,-0.051370948423890006,0.020949222766790992,0.020245603514002904,-0.05596097810136769,-0.09179637608693725,0.051778086699732925,-0.024940704879383213,0.5316334266643366,1.0821393448254764,3,2
2020-02-28,QQQ,1,0.0007778794281496637,0.0007775770367528523,0.024215716630540333,0.020385291022155264,-0.03351246076639569,-0.07963949221104427,0.045308095185530944,0.03604512527240019,0.21630715483005614,1.0855309540267113,4,2
2020-03-02,QQQ,0,0.05160364570578935,0.05031628068556149,0.038272089454134635,0.028637885212781225,0.021128461428575607,-0.02419448992482487,0.05089048561051226,0.036097247749314054,-0.2378276306793986,0.4117095721303927,0,3
2020-03-03,QQQ,1,-0.03206708455510099,-0.032592496333414545,0.03906627925010031,0.029449477155968313,-0.006091922075839307,-0.04460875789434704,0.055225486893542904,-0.03514349804874308,0.16841355872771602,0.4539710537963835,1,3
2020-03-04,QQQ,0,0.041722308706521716,0.040875409451913036,0.04447288502283746,0.03342211167988855,0.03366943372697606,0.003841258271376269,0.032627069542937336,0.022970156235917524,-0.4461215503946466,-0.23740998486635567,2,3
2020-03-05,QQQ,0,-0.03038228373316798,-0.030853392106669375,0.039227772142843544,0.03418941556140313,-0.003353719500213459,-0.016162431666709276,0.029432481240205435,-0.00517187498654839,0.07688592374483827,-0.2085889946856493,3,3
2020-03-06,QQQ,0,-0.016872166664446686,-0.01701612320497148,0.04062177256629274,0.034126045174629194,-0.022214255967349383,-0.02265058599007419,0.030488055358383236,0.016367841566844375,0.14132303333312168,-0.11786532765999569,4,3
2020-03-09,QQQ,1,-0.06946465693300874,-0.07199522074422404,0.04034106367896268,0.03819734959161884,-0.07016193328586462,-0.07849707722269439,0.046774877256572506,0.00046522430570260584,0.2960711757083505,0.10857986771198291,0,3
2020-03-10,QQQ,0,0.05445062930491806,0.053019900784143204,0.05160979751069939,0.04315428308539912,-0.01444705986254835,-0.023084000299760765,0.05280697301847618,0.014917209442072785,-0.13592386449529303,-0.04470067223789764,1,3
2020-03-11,QQQ,0,-0.04355492229181035,-0.04453191181504579,0.046516866866253975,0.04466416507828256,-0.03596015632287364,-0.056028115802868705,0.04023077013750591,-0.02071735518617406,-0.11362316996556632,-0.16091886314032666,2,3
2020-03-12,QQQ,1,-0.09169129271249632,-0.09617097216353443,0.05655209008103906,0.05044188092418163,-0.09367834358229521,-0.13067768980848793,0.07600635189320774,-0.026195777415583925,0.5456157310628831,0.2776627363888866,3,3
2020-03-13,QQQ,0,0.08470571910645308,0.0813087235738319,0.0781186817413977,0.05929548410260753,-0.0008932674887479619,-0.050777378059405076,0.08740038597630308,0.02817121295418693,-0.02132263150600744,0.26601953703493386,4,3
2020-03-16,QQQ,1,-0.11978831517061717,-0.1275928494951435,0.0895934486246441,0.06551108388558796,-0.09782715408899423,-0.144591188038799,0.08911851597822641,-0.027849503386198345,-0.31751901662193616,-0.11869411741841518,0,3
2020-03-17,QQQ,0,0.07584175668292503,0.07310338464447774,0.09459787931469625,0.07226190430815814,-0.006133424484307204,-0.06682468071156522,0.08326209898394744,0.03801218511736319,0.31723307087982766,0.172896259265217,1,3
2020-03-18,QQQ,1,-0.030415821898630235,-0.03088798176498564,0.09392176107646394,0.0699208832056396,-0.016375056197650673,-0.0754942004734942,0.07237339388597458,0.02907759148893718,-0.05855986989627826,0.062021418994425925,2,3
2020-03-19,QQQ,0,0.006002102609721227,0.005984161744668093,0.08394043144480753,0.07019255410160191,-0.01084584440802061,-0.05312642636562526,0.06750526749128453,0.01121293866086736,0.05904360950731591,0.08224745888280549,3,3
2020-03-20,QQQ,1,-0.03917588415129747,-0.03996390877209066,0.07121148896118021,0.07060898918584388,-0.026129511572260622,-0.07175790069143739,0.07026515146744729,-0.060746166013168366,-0.015820143676615994,0.03803391061353567,4,3
2020-03-23,QQQ,1,0.000722002707881142,0.0007217421893148668,0.045317559942804696,0.06829914721766785,-0.027117373434850656,-0.05945376589580642,0.054294489454142975,-0.002691267610613054,0.04753500263481025,0.07963844873792358,0,3
2020-03-24,QQQ,0,0.07743759400280315,0.07458562391969803,0.045963416617499996,0.07105156321394868,0.04594306459304032,0.024696814009460777,0.03268303464578763,0.020843754786659386,-0.23875198772783657,-0.17403683492532218,1,3
2020-03-25,QQQ,1,-0.007405129945062039,-0.007432684031817516,0.042837634612418046,0.06995223981335998,0.031062776129322733,0.02425488820247157,0.05167551715604367,-0.011495473041081986,-0.06457402789576083,-0.22709411967353565,2,3
2020-03-26,QQQ,0,0.05266038462878475,0.051320659410470704,0.047277276492535776,0.06462326782622656,0.0677042296555701,0.06920733184776373,0.049545879438052984,0.043672154198835134,-0.099907723404567,-0.26735126916932705,3,3
2020-03-27,QQQ,1,-0.03439274389187141,-0.03499809461631198,0.045888255630338624,0.06015789223886231,0.014097825854247903,0.03626293926673885,0.03129508946631704,-0.00871978648632676,-0.26340258062577926,-0.4198789716404663,4,3
2020-03-30,QQQ,0,0.036373351896041184,0.03572745719466841,0.045336851521751924,0.044327216067787646,0.02673222719053947,0.060258493271660774,0.0328772010881003,0.02662245157989566,-0.16123884782054554,-0.49203517527430896,0,3
2020-03-31,QQQ,0,-0.008539859299647623,-0.008576532838585393,0.03573264152190916,0.038895923501868504,0.010680110993795955,0.04620919242317445,0.03155645218671371,-0.006885078843178139,0.2695144954403539,-0.31374539735527274,1,3
2020-04-01,QQQ,1,-0.042489702278663666,-0.04341880318481728,0.042292709713233706,0.04029107422409273,-0.03227362846895554,-0.0015824748075098372,0.03680252689571063,-0.01331388567940754,-0.14273858788719307,-0.36999682508443665,2,4
2020-04-02,QQQ,0,0.020295304805256986,0.020092099909897243,0.0340247354537319,0.04061749364267664,-0.006420507030827305,0.013834826843285741,0.0503752185284328,0.026318632029901298,0.0511938848077087,-0.2836079224055015,3,4
2020-04-03,QQQ,1,-0.01419268025248377,-0.014294359553280955,0.03082216544515696,0.03826087808912483,-0.01849837465592752,-0.007603738651410286,0.03115070839677456,-0.01174889732533292,-0.15899499338531808,-0.33740722674236245,4,4
2020-04-06,QQQ,0,0.07149479937952874,0.0690546823308491,0.04319135226750177,0.043006669806256136,0.04669881030342826,0.048581311436083796,0.044414067854029265,0.03149937071912973,0.363798128353507,-0.013979991087323729,0,4
2020-04-07,QQQ,1,-0.0004071313850693148,-0.0004072142855537919,0.042689437425736096,0.037116087084288124,0.03962661268618306,0.04107598860618511,0.0329100351969309,-0.029500426766557186,0.07938113289121196,0.1063639528994682,1,4
2020-04-08,QQQ,1,0.021232227305146845,0.021009964157066463,0.03255154626776703,0.03695646100953418,0.04156505424661239,0.052982662660695956,0.02523340981081257,0.012213038113938148,-0.34281197920019457,-0.22006093114814218,2,4
2020-04-09,QQQ,1,0.0014458837725286333,0.0014448394890740346,0.03353962847178581,0.033835920471197024,0.027227770173030352,0.0495680003828074,0.020706707758945075,-0.007363506045074318,0.48567709467048603,0.18208733950420042,3,4
2020-04-13,QQQ,1,0.010803339853424188,0.010745400694848861,0.029556480574993573,0.03086537132650478,0.01785736520670511,0.05116821594889509,0.023349990844726564,0.015149993896484375,-0.3721279482393345,-0.236659319550395,0,4
2020-04-14,QQQ,0,0.043491168649335554,0.042571984297901544,0.017949950683361048,0.031624095630282976,0.04599487728054363,0.0857432645837164,0.02933939080444959,0.022342348975868905,0.4925035994390241,0.11040567386820288,1,4
2020-04-15,QQQ,1,-0.01147015642132554,-0.011536446054638105,0.020823916004453755,0.03183109890814688,0.02086247600934943,0.06292346723655395,0.022592127831883975,0.004556777473670574,-0.26459827766277466,-0.16063919620085554,2,4
2020-04-16,QQQ,1,0.01824030263227283,0.01807594393832712,0.020573308718069214,0.02594957465866466,0.026790484550387017,0.06557867174325915,0.022107764286490698,0.007369254762163566,0.3746364486776086,0.1317179420038619,3,4
2020-04-17,QQQ,0,0.009566199236731077,0.009520732882966065,0.019787847866830476,0.02597832168737606,0.022405678586688405,0.06025977935454363,0.020493096698455986,-0.00407089277081245,-0.027749337276166353,0.08812818418375579,4,4
2020-04-20,QQQ,0,-0.011844351012565646,-0.011915054181340423,0.02306013285824403,0.02569396411075869,0.001063608505114999,0.03276365475189391,0.015513674302235445,-0.0029058638705188483,-0.3915502233421143,-0.32716917845159776,0,4
2020-04-21,QQQ,1,-0.036899480814310825,-0.03759749133780943,0.02149183913066992,0.02191881594981719,-0.029509139371548976,-0.009389163002220702,0.03575497892243971,-0.027113041540276897,0.9067847348042175,0.26476828645477024,1,4
2020-04-22,QQQ,0,0.02967439366327307,0.029242629607227677,0.026416772730940948,0.023209568176912804,-0.0021662110384848,0.012871580285785056,0.019225270947485395,0.00894306581828483,-0.4503282473729241,-0.26688734298025674,2,4
2020-04-23,QQQ,1,-0.002132794643981195,-0.0021350722895538965,0.024755865466265143,0.022838143145849837,-0.0017164326856050627,0.005906090375808137,0.02049198014765125,-0.00599645428930201,0.07955778503383715,-0.2046910885929123,3,4
2020-04-24,QQQ,1,0.015770137605948253,0.015647081045761624,0.025640663485981905,0.023032748212973034,0.015423027006389978,0.01547133606170914,0.02275206438822722,0.013603806705130068,-0.20903219843571286,-0.3289856052564777,4,4
2020-04-27,QQQ,0,0.008043339742608291,0.008011164501281698,0.025091282561908113,0.02299221735626483,0.020856443696342986,0.01758431861283749,0.009852467083392503,-0.0029141258878668526,0.06484594778554498,-0.27639204659937,0,4
2020-04-28,QQQ,1,-0.01883458063835186,-0.019014210429572742,0.01831485671474113,0.020030245987481314,-0.004602884984789335,-0.0014117474695964916,0.02811522365373419,-0.026780816897065105,0.2856135653481182,-0.03703772198848254,1,4
2020-04-29,QQQ,0,0.035460865754744386,0.03484660853166055,0.020227895580671524,0.022399138097265563,0.022962811206733935,0.029347999269416114,0.022341467119247376,0.012997814546745012,0.039553761192246295,-0.002393654001194623,2,4
2020-04-30,QQQ,0,-0.00041071651960566946,-0.0004108008867369506,0.020033164792567944,0.021918156629966094,0.014590294914376356,0.026195207599265746,0.01222999418022354,-0.004728316892759675,-0.10996091665229779,-0.07160062950314217,3,4
2020-05-01,QQQ,1,-0.028185084438620556,-0.02858990874225853,0.024841469578271835,0.023801017061538022,-0.012999662739585194,-0.0015346634323196717,0.023263428872559732,-0.008205102595971736,0.12535891788420073,0.07723126728051599,4,5
2020-05-04,QQQ,1,0.011657318432800157,0.011589895371795222,0.025212376327755602,0.023764479314197087,-0.001178796843818497,0.008930427595680968,0.020476693907012598,0.017781114099384748,-0.3269597294804796,-0.26621915739767765,0,5
2020-05-05,QQQ,1,0.0113374077046684,0.011273620962708009,0.023120062373017843,0.01966551685185646,0.004402407159407318,0.014297037446098004,0.015130579696435434,0.001011778965383377,0.15048567339605978,-0.08384395102919673,1,5
2020-05-06,QQQ,1,0.006156064450818288,0.006137193294492249,0.016559235234469255,0.01787619556351364,0.010585573112437796,0.016736524990212276,0.013354570452557335,-0.0018231262881123736,-0.035145342759064224,-0.10818442708472209,2,5
2020-05-07,QQQ,1,0.012877005372284644,0.012794801678104761,0.017494421509028434,0.017944675202844904,0.020857197283512097,0.024454590961846767,0.010413837716709605,0.0,0.05951414338695171,-0.04422779887429862,3,5
2020-05-08,QQQ,1,0.013704703940957907,0.013611643763367987,0.002947069919452147,0.01782336509532023,0.023430670092321026,0.0332357935515164,0.011272664898499192,0.005859975579112162,-0.1753407137383236,-0.20714498715344032,4,5
2020-05-11,QQQ,0,0.008938774136471261,0.008899059784565289,0.0030771701989191673,0.017841585148908382,0.021743526930957824,0.03708197315820927,0.020940500965374927,0.015123672383313008,0.12124085230893855,-0.10938339299189381,0,5
2020-05-12,QQQ,0,-0.020937084632088876,-0.02115937358505704,0.014350709351903619,0.01816663183425688,-0.0036513462873289937,0.010463029931824241,0.026418785970821902,-0.02360547824655061,0.14952077750804293,0.03883014862264367,1,5
2020-05-13,QQQ,1,-0.012515740346294324,-0.012594721925080599,0.016028787286678108,0.015365003490727504,-0.01642142117383849,-0.002337983513204467,0.03548007619937328,-0.01491065871559457,0.5959721440733081,0.590319230350075,2,5
2020-05-14,QQQ,1,0.011352288822396694,0.011288335150211992,0.01574437492249503,0.015753126284735013,-0.005264447193440214,0.007649459156795935,0.026976141630011365,0.017708861718283706,-0.21324243145729926,0.2268090085892076,3,5
2020-05-15,QQQ,1,0.006491616289523883,0.006470636494736226,0.014465686356993347,0.011837671644830999,0.0026226934737165752,0.009362753811422042,0.022854008720623275,0.020522924939283576,0.08143466545617506,0.3051200969793908,4,5
2020-05-18,QQQ,0,0.01863190268315118,0.01846045510665828,0.01666839018499573,0.012468300103345289,0.020790055524753548,0.02252485985560937,0.014185926605952493,0.005082172099558946,-0.23945776648872052,-0.029123923687552566,0,5
2020-05-19,QQQ,1,-0.002506130380469096,-0.0025092759818354793,0.01213500622069801,0.012529325541827757,0.013917604001668638,0.01576078079914245,0.013790072163954318,-0.0036890485250272624,-0.14530839825369535,-0.16725266664460547,1,5
2020-05-20,QQQ,0,0.019968343769916075,0.019771591294878377,0.009237380008545069,0.013490977635339896,0.023143398612140098,0.030327968988597354,0.009934635203907952,0.008235291458163126,0.032554853700468955,-0.14203901077558834,2,5
2020-05-21,QQQ,1,-0.010890969109979998,-0.010950709866518693,0.013341719591894348,0.014144456671145951,0.0057388835280374195,0.01591755131677064,0.016418955287212548,-0.011104421435829355,0.1663922815832375,-0.010664572062652256,3,5
2020-05-22,QQQ,0,0.003451852957401247,0.0034459089875271687,0.013402144724844063,0.013663742986205651,0.0035745056953111476,0.01725694332982508,0.01037424009125484,0.005296593259054968,-0.34096038530895056,-0.3433895621349108,4,5
2020-05-26,QQQ,1,-0.002699670868830051,-0.0027033215521390375,0.011533707637159689,0.013520749298552695,-0.0005411441575907672,0.013536489712148825,0.020483433431538575,-0.0185122013752134,0.14925388701916398,-0.24077965055279837,1,5
2020-05-27,QQQ,0,0.005457623040540982,0.005442784181364679,0.01139734123359166,0.011117723299206128,0.0019143143672739615,0.015396968774433972,0.0282915787818964,0.00699633052449026,0.684014363808527,0.2370235044154807,2,5
2020-05-28,QQQ,1,-0.0013029887166473575,-0.0013038383445627133,0.006366673620128893,0.009789572581209717,0.0018293274715717178,0.009334300746187019,0.01929203507996329,0.0038409710639786885,-0.23140503291081027,0.001365914945347102,3,5
2020-05-29,QQQ,1,0.01465294847489429,0.014546631340027538,0.006871662080712918,0.010086353289978514,0.012548336237474533,0.018968001650656152,0.02100881801413998,0.012935131801281531,0.1848224699247154,0.1888267852465011,4,5
2020-06-01,QQQ,1,0.0029998589034496703,0.002995368305262147,0.006882193016264275,0.010094240459447864,0.011722741861334818,0.017232121440285963,0.010539434214410334,0.006882865002649579,-0.49151539302214564,-0.34979808576883675,0,6
2020-06-02,QQQ,1,0.006707759294780402,0.0066853623770386505,0.005864345199455499,0.008910524096719632,0.012739472534765817,0.020418933375652593,0.015692997588785982,0.004818784148454157,0.295135009310987,-0.1383061102277655,1,6
2020-06-03,QQQ,0,0.004498412098346893,0.004488324483496342,0.005890014020084615,0.008650105843544358,0.011729222950122908,0.020664261288066976,0.008973144698545907,0.0018200624082291286,0.11518599064205559,-0.04150384364458559,2,6
2020-06-04,QQQ,1,-0.007013245959243131,-0.007037954360519905,0.007789034103724957,0.00732017451040857,0.0003235576678601859,0.011917730335510246,0.01739093885036941,-0.0055007956742079075,0.03995304697719759,-0.006531838704255666,3,6
2020-06-05,QQQ,1,0.019827193702279144,0.019633195004398196,0.009624399798742921,0.007922967478427249,0.014689685181149326,0.027195973473441493,0.01976969835243578,0.014689701137801037,0.22340834949801236,0.20391674029278972,4,6
2020-06-08,QQQ,1,0.007759905211864426,0.0077299520036619995,0.009562362607387779,0.007967099279098128,0.016119835001535243,0.029918987474252923,0.015738453366192538,0.008391123912339865,-0.30461558599489924,-0.17160562479109243,0,6
2020-06-09,QQQ,1,0.0072448401722666755,0.007218722387954735,0.009570315046884641,0.0074934886285532585,0.016919303672352726,0.031111261099111998,0.015415903758927114,0.0109698302562774,0.06403074933282338,-0.12295471090611476,1,6
2020-06-10,QQQ,0,0.012001628660264663,0.011930180212066155,0.009771317107474623,0.007715244620383851,0.02099029430026933,0.036488773187067114,0.013507499596658621,0.004774528277390771,0.6573618327754998,0.44483561389295256,2,6
2020-06-11,QQQ,1,-0.049549168296278756,-0.05081884726725949,0.027854558514762633,0.01945509884305238,-0.028785371418499794,-0.016536817182035257,0.0397670526857951,-0.03361413638317556,0.25540420491560556,0.6873670886661776,3,6
2020-06-12,QQQ,1,0.007948188883432294,0.007916768410925812,0.02613635500947483,0.019079162146442136,-0.017960367866154958,-0.009768763563710703,0.03622062209194944,-0.013425871028671769,-0.012131202396070129,0.5884469847318146,4,6
2020-06-15,QQQ,1,0.012167229120222167,0.012093803379857881,0.026655702526639555,0.019390680748392546,-0.003688845744123981,0.000310118259594816,0.03433142163019323,0.027146779781093755,-0.37103455552038733,-0.042174234932140786,0,6
2020-06-16,QQQ,1,0.017172782006434906,0.01702699644774075,0.027862453816806743,0.019938102905066465,0.01380130720357875,0.01441958967707424,0.021699865914438867,-0.0038148850620973508,0.07907538282929494,0.0007592162693761395,1,6
2020-06-17,QQQ,1,0.003170321471117621,0.003165306598379658,0.027178864297515898,0.019932958455321025,0.01922794750995016,0.014698341889304523,0.011333896651544816,-0.0031914844467109253,-0.28923647118741835,-0.2850684095301169,2,6
2020-06-18,QQQ,0,0.002709442014354524,0.0027057780929693465,0.006140378909720873,0.019621000307997197,0.013290451592624652,0.013542734650531685,0.008385027508030636,0.004069240496873701,-0.12002256160555758,-0.36016414696225174,3,6
2020-06-19,QQQ,1,-0.00016376489544234207,-0.0001637783063772602,0.007324274299437103,0.018837122175262996,0.00614631773518326,0.01146726648789409,0.018441223728558425,-0.01009196399907803,0.6162316129580818,0.029692082646050277,4,6
2020-06-22,QQQ,1,0.011992632995220687,0.011921291189786132,0.007293900163288827,0.019026380967517315,0.011198518085396625,0.021221012014840612,0.014322022075150289,0.012557505373263004,-0.5129972218906117,-0.4890969263285524,0,6
2020-06-23,QQQ,0,0.008510969060627316,0.008474954962426118,0.004903702226468789,0.019065862281021945,0.014473518604182667,0.027377286926758115,0.013406282782914654,0.0018116548546557184,0.36141129350567325,-0.3010697872242398,1,6
2020-06-24,QQQ,1,-0.020615517601895395,-0.02083098382748627,0.01272244731168577,0.02004297194439667,-0.006855807533590719,0.007063242228612321,0.028904290250392758,-0.017536043245743642,0.4048230863602238,0.007780279886910213,2,6
2020-06-25,QQQ,0,0.009519323724959339,0.00947430046467801,0.01336800996216537,0.010438804338723002,0.0008248978116693895,0.011460331220038755,0.02132894537797954,0.009146824034557714,-0.19750436648968983,-0.12211175318138479,3,6
2020-06-26,QQQ,1,-0.02361492990269265,-0.023898231344977816,0.017671807422320905,0.013769695547907582,-0.019942224011602727,-0.01434978515244878,0.025551363289431875,-0.022621847124291276,0.42997985966735963,0.31541450873969756,4,6
2020-06-29,QQQ,1,0.010906749937297455,0.010847700311876984,0.017449198742821966,0.01367257313551636,-0.00609010855483938,-0.005437731848938587,0.022919531491528342,0.011959807903438452,-0.3492085127005221,-0.11998869581555749,0,6
2020-06-30,QQQ,1,0.01960131006638588,0.01941167840168312,0.019830011384112466,0.013990697064406527,0.014421485749656737,0.01191371709566802,0.022984725183726767,0.019895381414723596,0.13181180878357535,0.022121732971971397,1,6
2020-07-01,QQQ,1,0.011672079260192758,0.011604486003859549,0.016807291747377728,0.01431075389676139,0.020591953022131015,0.020682638856121427,0.01792926204308433,0.011508666251574694,-0.10845763983839296,-0.08859128537603245,2,7
2020-07-02,QQQ,1,0.006786758359831779,0.0067638319873601915,0.016692711992422837,0.014357921188361019,0.022386417760740462,0.024131886932975855,0.01011776743089868,-0.0032803802744423008,-0.07877667977353187,-0.16341766130778212,3,7
2020-07-06,QQQ,0,0.0245847377622761,0.024287396611001988,0.007209486650477258,0.015731231734644215,0.03231307841453224,0.043136147789935686,0.013701311574919103,0.011509171013186593,0.08237760705959674,-0.057919857411952824,0,7
2020-07-07,QQQ,1,-0.00688915956745817,-0.006912999381174956,0.012213092731642672,0.016053156768646566,0.01404412639570407,0.03183839039463843,0.017743063585045123,-0.005888581344660293,0.057509612882708394,-0.036566700494725435,1,7
2020-07-08,QQQ,1,0.01317192457795513,0.01308592910685924,0.011413253255041467,0.01626347822746508,0.01743797914054679,0.04076346298018918,0.013644425396425073,0.0077912208793315995,-0.16818487514421154,-0.19362934772238183,2,7
2020-07-09,QQQ,1,0.008423370905010108,0.008388092287785476,0.011377094082766331,0.0136628794085212,0.016705927374402352,0.041827244985647605,0.02000225296773748,0.0008015858842601313,0.3249359928745854,0.08483347214578951,3,7
2020-07-10,QQQ,0,0.006827292011081676,0.006804091590482564,0.011374945052394204,0.013643344051758493,0.014379619640833452,0.04151531361741623,0.018967298568318764,0.007403741748822733,-0.1842487144313607,-0.10528120060182455,4,7
2020-07-13,QQQ,1,-0.020570515459075955,-0.020785035469360835,0.013797516773039706,0.01289403366314298,-0.006601161001869915,0.012770200959020706,0.045333655305154624,-0.031358866293311985,0.9494454969241577,0.6922544924207927,0,7
2020-07-14,QQQ,1,0.007077939076027606,0.007053008036372432,0.013413863837056946,0.012836750225181512,-0.002452261510588749,0.012982450660805833,0.031375822560424045,0.01734850376458597,0.12669849831768532,0.7334548959262293,1,7
2020-07-15,QQQ,0,0.0020358943518090644,0.0020338247274516164,0.012166289790285173,0.012112635297883305,-0.0011178631711130649,0.009819534966267085,0.019860262283579334,-0.0035518952124476014,-0.24514021085275606,0.2612517375090764,2,7
2020-07-16,QQQ,1,-0.006822581270165218,-0.006845961480698826,0.01166531392348141,0.01244113607135156,-0.005602830399176306,-0.0004089270086280461,0.01612279605937409,0.004263259244838346,-0.12709655765636718,0.06903833920928082,3,7
2020-07-17,QQQ,1,0.0011579541633000012,0.001157284251479318,0.01080102797584064,0.012401296700832183,-0.0009625575709938383,-0.0020348467027625494,0.01209593657365853,-0.0006548130226674637,-0.26171731370064777,-0.21634742550060637,4,7
2020-07-20,QQQ,0,0.028371049876644516,0.027976045368323987,0.013271598345853645,0.01317086318453526,0.02090195494231728,0.0229767565321517,0.03322048822260561,0.02576135247980563,0.15573497562461047,-0.1063061706975218,0,7
2020-07-21,QQQ,1,-0.010420791543612529,-0.010475468172685964,0.015202972467303797,0.01351659673219569,0.007464322895960995,0.009456001088918642,0.019672127046818217,-0.0163934202553721,0.06485332466553895,-0.06210492961091407,1,7
2020-07-22,QQQ,0,0.0035230406379780366,0.0035168492676813656,0.015197259906361314,0.013039838715872044,0.007913439805132816,0.011102451178324646,0.012627222910876815,0.0015877770014389445,-0.30936920437149373,-0.351471980866518,2,7
2020-07-23,QQQ,0,-0.026120367067380634,-0.026467563127573257,0.02004433107643364,0.015483897509166806,-0.017583907501422913,-0.01373830680900201,0.032853208274069554,-0.024573739215992128,0.7198272253938491,0.08921888860166427,3,7
2020-07-24,QQQ,1,-0.009495923214451363,-0.009541296965530854,0.020361498444498,0.015369155021480925,-0.024043960843460166,-0.019953128100778428,0.0220830794356218,0.005983326691199017,0.05239128953439698,0.0970367455405261,4,7
2020-07-27,QQQ,0,0.017843262272114524,0.017685939940422557,0.016508356877769175,0.015325245630234907,-0.0015507936375325215,-0.003069950696918289,0.015820479873061306,0.011117100377039052,-0.325760112479072,-0.21633863325803993,0,7
2020-07-28,QQQ,1,-0.012724969073592662,-0.012806624944430745,0.016730474740396198,0.015686854263904124,-0.008784852956508216,-0.014411140771600328,0.012880322275796245,-0.00964097035801753,-0.14112227231195995,-0.26198197110680543,1,7
2020-07-29,QQQ,1,0.011525923547550665,0.011460006113415133,0.018121892689779526,0.016187817224151614,0.006649644230031226,-0.002618759603812526,0.010642415112059392,0.005301838814037755,-0.11965536188918424,-0.3061763295922396,2,7
2020-07-30,QQQ,1,0.005235642783347094,0.005221984458334994,0.013229379212365418,0.016098178306195976,0.009479085052999991,0.001830018381509424,0.020020190337623367,0.013152846965481768,0.5159361176329704,0.06743292787005561,3,7
2020-07-31,QQQ,1,0.01784552888741131,0.01768816681842722,0.012682737477689518,0.016970399159783527,0.019430606364302383,0.01722226550553163,0.019179444297989554,-0.0004512621395770324,0.2851452441082478,0.3097311755555945,4,7
2020-08-03,QQQ,1,0.013507103126928266,0.013416695397374667,0.011964624245744007,0.014994194353981664,0.02591274070124605,0.029937137419954407,0.008507458131704757,0.00514927195079291,-0.4024248271905495,-0.2007069703197536,0,8
2020-08-04,QQQ,1,0.003712053764590495,0.0037051810955750497,0.005868365759149255,0.01444664149307212,0.019186580988908464,0.031244792950084754,0.008889439777779897,0.005653572915517405,-0.22350194504014764,-0.34964607032854345,1,8
2020-08-05,QQQ,1,0.0024776446730638835,0.0024745803719570247,0.006749884424198987,0.014442078048470645,0.013096507705629312,0.0313924347733574,0.005758998561996603,0.0006275210687100646,-0.13243788963241576,-0.423352565498222,2,8
2020-08-06,QQQ,0,0.013244988411071468,0.013158040460332643,0.006715321455071122,0.01068711605143524,0.01625165697632802,0.03848171090090102,0.017685096684440137,0.01399301628028533,0.2978007690136544,-0.20198251077250484,3,8
2020-08-07,QQQ,0,-0.011542418796819942,-0.011609549580358092,0.01024000040868331,0.011037421417724886,0.00031680960914126644,0.020356691018345918,0.02054146657413112,-0.009522714095997429,0.6032900506984404,0.3134031409942626,4,8
2020-08-10,QQQ,0,-0.004273065303276757,-0.004282220937877668,0.009276510353396591,0.010634101169985711,-0.0046397270668431245,0.01212018272982407,0.01953857222375875,-0.0053721584946771934,-0.21972719226852033,0.0288914999247869,0,8
2020-08-11,QQQ,1,-0.018940917184352424,-0.01912259409921635,0.012443436395410082,0.011828503952902587,-0.019746033476907066,-0.010156178104038127,0.021589676618664407,-0.014566471418870708,0.22844871809486889,0.22166293969101525,1,8
2020-08-12,QQQ,1,0.025151312901031453,0.024840224037736114,0.01813569234110244,0.013544314031133861,0.0043072460043172,0.010181067526420007,0.020454718966579133,0.01660299043036265,-0.10047489461608239,0.06505846045661379,2,8
2020-08-13,QQQ,0,0.002280827841763866,0.002278230702277284,0.016861988467739293,0.013562138291809866,0.008206888734074935,0.008232954478008647,0.012176251602911537,-0.0006601359692061904,-0.17738191646850676,-0.09942578536282076,3,8
2020-08-14,QQQ,1,-0.0011743433303399442,-0.0011750334117834882,0.015924307422601695,0.012769135294733534,0.006508945472019523,0.004680881632123768,0.009812509972517196,-0.0035149072650877203,-0.03436826907702295,-0.07029891884272066,4,8
2020-08-17,QQQ,1,0.01161097025629143,0.011544080215421637,0.016287188737101988,0.01259955958105253,0.014436312731428647,0.014122487800714012,0.013288008718226035,0.005074342662735354,-0.19469471907011482,-0.23448783090893888,0,8
2020-08-18,QQQ,0,0.00962482698031275,0.009578803410059678,0.010191827813283405,0.012812488936702806,0.014644473351920873,0.021028752809099327,0.012842730701541037,0.00560736458170374,-0.05134459541184533,-0.2706823898445092,1,8
2020-08-19,QQQ,1,-0.006726918192445197,-0.006749645888874056,0.007591388133404165,0.01316760002853534,0.004708992470336737,0.01228259233079787,0.012413132012987512,-0.006584343613466693,0.35996940011474954,-0.03908822176337823,2,8
2020-08-20,QQQ,1,0.01387159121198156,0.013776261264370149,0.008922847213902185,0.013228799373675213,0.013152562472708018,0.024337840351065898,0.020233970317198563,0.016891869794770174,-0.13362750551572844,-0.16667969196178978,3,8
2020-08-21,QQQ,1,0.006930205282822177,0.006906301784082025,0.008120704705751908,0.01239279663809873,0.013053484037345964,0.027526315043846505,0.010280958243003279,0.006211366879827438,0.25341408340968274,0.07760054951614981,4,8
2020-08-24,QQQ,1,0.006244057541796355,0.006224644184673167,0.0077136239691673195,0.012070280670819503,0.013326173832737709,0.028946020521105176,0.016581984176435145,-0.005679211629053462,0.048047564095553996,0.12473733429361,0,8
2020-08-25,QQQ,1,0.007862544710326658,0.007831795976034783,0.007544350718266775,0.008695197287542335,0.015567924862344817,0.02931769559946451,0.013046715753612007,0.010713145434183596,-0.04261295770007001,0.10491925570552985,1,8
2020-08-26,QQQ,0,0.021338888725205063,0.02111440254779673,0.0064002608219056204,0.007884340130478718,0.02568059041204096,0.04372812258420011,0.022253229267840614,0.01675081894770202,0.2108063304136336,0.3234025451941873,2,8
2020-08-27,QQQ,1,-0.0031167198454896683,-0.0031215869323162337,0.008741342545138265,0.00842377723178392,0.01455698060692967,0.033613359995184666,0.017544508403662028,-0.006553617843923791,0.17211198412002826,0.47012580952035754,3,8
2020-08-28,QQQ,1,0.00508501561281216,0.005072130582846945,0.008828491867199084,0.007999963624523338,0.01219353744981877,0.03140803336991005,0.007696781388671488,0.0006842001033712148,-0.43372128036667357,-0.1605696299418501,4,8
2020-08-31,QQQ,1,0.008033635138756212,0.00800153728568187,0.008801954983536666,0.00786321709046011,0.012442880608056317,0.03257282454110233,0.01409221271231464,0.006175990423309944,0.29620641661610936,0.051783566739650455,0,8
2020-09-01,QQQ,1,0.01709142870835434,0.01694701342715277,0.00972675680010341,0.008479501177828464,0.019900128209581203,0.04221033926397766,0.014279954538425982,0.00772803692050746,-0.002885383111698503,0.011585008871151548,1,9
2020-09-02,QQQ,0,0.009469064123352355,0.00942451354968643,0.007323396832568677,0.006807930873839558,0.02205042315899375,0.042421871985254045,0.021794992673990096,-0.0017145509620312342,0.4037033150910365,0.34898652467627866,2,9
2020-09-03,QQQ,0,-0.05070025442959636,-0.05203067611253509,0.02746998184545513,0.019935597992372968,-0.02737747577645977,-0.012971175996185913,0.04766853795415115,-0.03586045696924318,1.1654254398388568,1.3972233285867932,3,9
2020-09-04,QQQ,0,-0.013325728143511961,-0.013415312399190249,0.02748255547123443,0.020493268467225143,-0.03448977809445797,-0.026695643648174006,0.05998741080426579,-0.006933782754084275,0.12604727510894032,1.2602857873264703,4,9
2020-09-08,QQQ,1,-0.04806423470231669,-0.04925771989400829,0.03153163033083292,0.02547920030840611,-0.06502412373222688,-0.06910598108490584,0.03144514554481141,-0.008338803186733789,-0.19676183254140478,0.6280767641547953,1,9
2020-09-09,QQQ,0,0.029375842943069275,0.028952640837659693,0.03513505983261368,0.027481047478408033,-0.0226368148716366,-0.039115983043767955,0.025576793710305783,0.008126506005421509,-0.3488117739930058,0.010655245040396277,2,9
2020-09-10,QQQ,0,-0.01993664128905137,-0.020138057661487352,0.0324469763621469,0.02659112599403037,-0.021176581081179924,-0.05184006864861701,0.041432386087008666,-0.0306115399330121,0.07448729832397416,0.041377052708992945,3,9
2020-09-11,QQQ,1,-0.006939762307204833,-0.006963954447749998,0.027850929301646402,0.026562807601337775,-0.015972872205200717,-0.05161831975328901,0.030348376835493497,-0.013496194681113844,0.030738866759967065,0.038722571867193745,4,9
2020-09-14,QQQ,1,0.017415304025139244,0.01726539558269824,0.03067390916870736,0.027456799767462164,0.007336447973239402,-0.02918863847257336,0.015527081181923306,0.0029159438448057157,-0.46350457463549133,-0.45107074489420074,0,9
2020-09-15,QQQ,0,0.014173139703764104,0.014073639807761218,0.01987677076525747,0.02786506397378261,0.014844453421833714,-0.00990281735828702,0.01906607657776142,0.00010751094659396462,0.08629935730379068,-0.40835938584588694,1,9
2020-09-16,QQQ,0,-0.015946106367737856,-0.01607461347821726,0.017167106115880272,0.02687681215649612,0.001042514256177185,-0.016862485942601757,0.021830731902840964,-0.018829567812307955,0.01125689667119878,-0.4068187877019285,2,9
2020-09-17,QQQ,0,-0.015621658019684515,-0.015744961946279723,0.016132814153060896,0.026180476532397936,-0.013142140724156981,-0.020848975440817208,0.02885442561364231,0.010353278481154153,0.9274308263037263,0.09609856163501851,3,9
2020-09-18,QQQ,1,-0.012762985021261941,-0.012845131620298211,0.016829332479120957,0.02223253016895537,-0.02318407592793348,-0.026100073319572648,0.0348062517298702,-0.01810226010174023,0.05737714966630225,0.19733327780554166,4,9
2020-09-21,QQQ,1,0.002398177626133924,0.002395306587429147,0.013357771383633633,0.022304185593072824,-0.015327129133748674,-0.018005575385819372,0.02872712504230801,0.01920222700301618,-0.3371841054780751,-0.1252867330426629,0,9
2020-09-22,QQQ,0,0.018578702601497188,0.01840822674938547,0.015025371038383301,0.017680330105690194,0.007848788944816887,-0.0006894857182032643,0.024223038867724228,0.009222640994177482,-0.28056835395654256,-0.30890886174598187,1,9
2020-09-23,QQQ,1,-0.030534547330817396,-0.031010439107439502,0.01872354288790924,0.017167331352658063,-0.01531329416846594,-0.02630355362662551,0.03340068543726706,-0.029358774255251654,0.18742052425423483,-0.15671163589892623,2,9
2020-09-24,QQQ,1,0.004656649703179694,0.00464584105169763,0.01874468460512641,0.016526305304581382,-0.007078500881387173,-0.019256959405461016,0.028616284353434607,0.015302803381299366,0.44626545693557995,0.2175916468638246,3,9
2020-09-25,QQQ,1,0.023248903486485784,0.022982764790960175,0.021084027971386646,0.018280866351857748,0.012452682422351424,0.0031327419206232943,0.030461456853681464,0.02124776735990646,-0.2178809231549007,-0.01970251996843453,4,9
2020-09-28,QQQ,0,0.0207690777961671,0.020556341021992885,0.02236863546636118,0.018651445281583037,0.026066549317457888,0.023195788421792596,0.019994211612458738,0.0022417588577169985,0.05785230185509671,0.0016162758809816768,0,9
2020-09-29,QQQ,1,-0.0045096222495787375,-0.004519821270032587,0.021846555049893406,0.018101316835000207,0.01882211409736212,0.019752127269364372,0.008459245098675195,-0.0024220335549945257,-0.5371186362368515,-0.5243036852307813,1,9
2020-09-30,QQQ,1,0.006848974482811743,0.006825626801570728,0.011622288283836015,0.017428956703026827,0.015541487919539687,0.025512283434152128,0.018902775071796156,0.006119871369759118,0.8255378927911274,-0.1422475494610994,2,9
2020-10-01,QQQ,0,0.015872269792936766,0.01574762254529194,0.011363708603624428,0.016866426613412186,0.01909997392495799,0.03722224800154206,0.010788205588337063,0.0016323909334237268,0.012948352396072949,-0.08076331256881153,3,10
2020-10-02,QQQ,1,-0.028131231320706385,-0.028534495283408567,0.019483022528913638,0.019154692596127284,-0.011531417911750719,0.005295376832287646,0.03188170474324911,-0.006195172535107323,0.5093382273561482,0.4154110007656606,4,10
2020-10-05,QQQ,0,0.02132628092057165,0.02110205808251564,0.01961713597014902,0.020013389462223495,0.007400021546589253,0.021996640632740316,0.015415717248682483,0.013823577385981771,-0.6266811837228832,-0.4412380682759873,0,10
2020-10-06,QQQ,1,-0.017846790260862888,-0.018007964732928983,0.021579946667709467,0.02053744169844493,-0.010016347991338437,0.0027769274073055072,0.024834503983720464,-0.015351613374572377,0.7635233425345755,-0.031082470137151597,1,10
2020-10-07,QQQ,1,0.017299021354975075,0.017151096814719047,0.02292025794061496,0.017708255819094458,0.0056043324305736775,0.014298363062929198,0.012450938402574155,0.007305043982472902,-0.4459281107029185,-0.4398962922317,2,10
2020-10-08,QQQ,1,0.005322701078378511,0.005308585571256685,0.021745387142714855,0.017704088783415665,0.011567420373478576,0.01381214066355363,0.007648738345586293,-0.003505631217321795,-0.07612283358206517,-0.43016240280814666,3,10
2020-10-09,QQQ,1,0.015280271706068937,0.015164704136618745,0.0157472752698932,0.017008101935616547,0.01867560164645843,0.024083040402175016,0.01087922450357596,0.009183731546193856,0.18699618367114335,-0.2834164887927574,4,10
2020-10-12,QQQ,0,0.030870463447239205,0.03040355547998619,0.01812376000977662,0.018285956677081782,0.039471121035510315,0.04917986624079962,0.027499537325977323,0.013698197052288572,1.6280731496534893,0.7941260239787338,0,10
2020-10-13,QQQ,0,-3.3415318674512307e-05,-3.3415876978359904e-05,0.01192737852241393,0.01804698865535519,0.02542361619442013,0.04225026375730789,0.013293303575289732,-0.006309340876357635,-0.19063331934832373,0.3394998144217256,1,10
2020-10-14,QQQ,0,-0.008353144888201158,-0.008388227908602275,0.015110292292173757,0.018661090322919172,0.008334184799038136,0.028369285870989858,0.020619591034496797,-0.01113935492443761,-0.4248272104607721,-0.20905327471693802,2,10
2020-10-15,QQQ,0,-0.006710314112126747,-0.006732929497539786,0.016646382669408533,0.018587062338059967,-0.004406177291422231,0.01865294196778189,0.014519438485087084,0.010097471355237558,0.15061530592084793,-0.07506304331414526,3,10
2020-10-16,QQQ,0,-0.005481154291426926,-0.005496230934451951,0.01640614354769248,0.015510590650294892,-0.011762498377103525,0.008043244287480933,0.017546248565370477,-0.011274770956049457,-0.04571413786452527,-0.04476056560877162,4,10
2020-10-19,QQQ,1,-0.01632514942005936,-0.016459872938520803,0.0058946820905352035,0.01572069557064376,-0.020697119971455402,-0.009672752267242846,0.029914980665581372,-0.02303006184828806,-0.09400626560547387,-0.15168093040731634,0,10
2020-10-20,QQQ,0,0.002149077869421978,0.002146771904785183,0.006611925692721203,0.014198243993565972,-0.011696773857351905,-0.010737605518599591,0.016411241742419026,-0.0005271081591624267,-0.12409676576851081,-0.22566447240253884,1,10
2020-10-21,QQQ,0,-0.0007736060478580331,-0.0007739054354320984,0.007061701497909412,0.013358109283139009,-0.007030266125713891,-0.012968861707691404,0.01275162367508724,-0.0016862014391620472,-0.08974263404088778,-0.2981371695764361,2,10
2020-10-22,QQQ,1,-3.496409575853843e-05,-3.496470701680465e-05,0.007382445722494267,0.013299280461625627,-0.002940138537659731,-0.01395204044517151,0.018102100975556173,-0.0030520791245196464,0.09861769392720277,-0.24119308895138658,3,10
2020-10-23,QQQ,0,0.0019704899373698126,0.001968551068669555,0.007773961819503675,0.012350005900940316,0.0016744659937568684,-0.011676417680814621,0.010991343904087547,-0.00010534389315664422,-0.2341176909076227,-0.4111511262957075,4,10
2020-10-26,QQQ,1,-0.014996102110200193,-0.015109680569350026,0.007188111720044343,0.006743392088386317,-0.011029649843448897,-0.021723269931225087,0.030242856716741807,-0.00676394797465219,0.5581280288744246,0.016947492655662977,0,10
2020-10-27,QQQ,0,0.0078086321099446465,0.007778302528278047,0.008412474104987414,0.007748047803657292,-0.00207564418972761,-0.009988826396423733,0.011758428272091474,0.004120794536800622,-0.20462714498023227,-0.11198242975271933,1,10
2020-10-28,QQQ,1,-0.03898694561377336,-0.03976728593529799,0.018830214560921547,0.013527797381800473,-0.03240740803164044,-0.0417327844918165,0.026114202764661303,-0.022912826493397462,0.7478754282685027,0.4812741062187804,2,10
2020-10-29,QQQ,0,0.017486025196161714,0.01733490378934821,0.022207624866001814,0.015615609388614239,-0.009993808880966792,-0.020237827402930342,0.025531140002575548,0.012417636074862638,-0.19034888183698873,0.19688523061177543,3,10
2020-10-30,QQQ,1,-0.025362218770436318,-0.02568938344111693,0.023294577102913102,0.01693348524522005,-0.02436709652528446,-0.03856701170299004,0.0297805023664639,-0.018079724142626128,0.5224030726328033,0.7030466024455284,4,10
2020-11-02,QQQ,1,0.002227115159266324,0.0022246388143551954,0.023789013034718132,0.016778153212485956,-0.01470754110902417,-0.03164944421109661,0.02409412413430159,-0.006878775336409002,-0.39264227660799256,0.025786391169916323,0,11
2020-11-03,QQQ,1,0.017297820737241842,0.017149916612618554,0.025610956243178738,0.01811134119575281,0.008230495562996376,-0.011438503740758277,0.021988568812394204,0.009891169752630985,0.09044599048700341,0.08675908567292723,1,11
2020-11-04,QQQ,1,0.04463848659222536,0.04367087971894623,0.02555446105761769,0.023666619472364685,0.041559319301088804,0.0316793128055064,0.024330879035180067,0.011707067834166624,0.7367220054994827,0.691673031347739,2,11
2020-11-05,QQQ,1,0.026070661745683843,0.025736615474230007,0.026353457498479328,0.024921213230296946,0.05492664162947647,0.05470371160832621,0.01154912500437963,0.002929907923269079,-0.31261802076373135,0.11343333960056956,3,11
2020-11-06,QQQ,0,0.0007472731601638749,0.0007469940905950878,0.018176120816859688,0.024934273365747696,0.03696464274831057,0.051772696594447165,0.01882809213231232,0.0030642263547987804,-0.2131316973462276,-0.153394293651253,4,11
2020-11-09,QQQ,0,-0.02043359160355529,-0.02064524563494885,0.02477920657429978,0.025441252510426383,0.00264047746948326,0.027303161203247717,0.037023415949010575,-0.03043842682471078,1.112732484045332,0.626857394233806,0,11
2020-11-10,QQQ,1,-0.01791472500393776,-0.018077136316349218,0.028249212476529794,0.02620672508732018,-0.02128567073877441,0.008626458207809273,0.02118037753100744,-0.006136690106245942,-0.20236638389777328,0.2101271086747436,1,11
2020-11-11,QQQ,0,0.022369584123646646,0.02212305471078224,0.02176928737267962,0.02288687571961126,-0.0013578796942638194,0.024582015150055314,0.02401844263366391,0.013040628613246376,-0.47695831504283237,-0.34724287412816013,2,11
2020-11-12,QQQ,1,-0.004693538008197606,-0.004704587244612313,0.017190505694479326,0.02280137331786638,-0.0019241658572892728,0.015460721119282095,0.0165772704716307,-0.008116714093671203,-0.046763556390206906,-0.36767101239041144,3,11
2020-11-13,QQQ,1,0.008772347183388929,0.008734093698289591,0.018093707959138908,0.02024700343961106,0.009402363397021052,0.01665458052497626,0.012751187358485348,0.002619082651130471,-0.27917511753732427,-0.5070367817183773,4,11
2020-11-16,QQQ,0,0.007802960237061729,0.007772674585965866,0.015230135768229541,0.02014971273919686,0.01403482190758143,0.016340657702659467,0.012112103745066174,0.008877631041193166,0.2161293833570499,-0.3885623684260129,0,11
2020-11-17,QQQ,0,-0.0031722854613660534,-0.0031773278255933235,0.010921876636348537,0.0201924993727184,0.0046679255227695116,0.006966283166866871,0.0072597304946229665,-0.0038514141319688695,-0.27594768035427797,-0.5368612322309048,1,11
2020-11-18,QQQ,1,-0.007390298735401313,-0.007417742287398887,0.00748667855463594,0.015379900255204271,-0.002996760886085914,-0.001576247263523678,0.011484422226002482,-0.005450897459477115,0.2850321605969739,-0.33795287015790065,2,11
2020-11-19,QQQ,0,0.007824796921054755,0.007794341963701434,0.00750753335188196,0.013002123462821666,0.0020633539703325265,0.00693273855345522,0.013296974476390194,0.00980864907811178,-0.19064040812836658,-0.4243348660990188,3,11
2020-11-20,QQQ,1,-0.006840632309405237,-0.006864136685793554,0.007631470123392568,0.013134927538049696,-0.004416076411216885,0.001503646677736059,0.009510772820373506,-0.006568535717887686,0.14036639904218617,-0.3174990305421377,4,11
2020-11-23,QQQ,1,3.476192157392255e-05,3.476131739255095e-05,0.00621463063597698,0.01130041100136275,-0.002459361937734661,0.0009170674664438216,0.016059821615484804,-0.003500185308856297,0.03737556596017333,-0.1599592538541772,0,11
2020-11-24,QQQ,1,0.014050063030949467,0.013952275775636735,0.009330745329859303,0.009889155430771776,0.01002942880693225,0.01112889427437258,0.018353995961281233,0.010223373310116144,-0.08776734286862431,-0.10985244568374575,1,11
2020-11-25,QQQ,1,0.006146347932547647,0.006127536179128867,0.007955920133790999,0.007579019075951091,0.011954218645266135,0.015071122417881222,0.007950759702549385,0.0024021092718630147,-0.04853814527181366,-0.11186040322424051,2,11
2020-11-27,QQQ,1,0.009214572371145868,0.009172377208010118,0.008134608788698901,0.007437343739187819,0.01667440223657901,0.020714203453747304,0.007609599241822678,0.002346593184138102,-0.2642325565444038,-0.3005969117721369,4,11
2020-11-30,QQQ,1,0.0020400752732707694,0.002037997145587944,0.00561208394211639,0.007223192304265826,0.012387140321393986,0.01977138349760943,0.017338152284694527,0.000935387127421544,0.6218631832244759,0.12050403802827159,0,11
2020-12-01,QQQ,1,0.012816053230017665,0.012734622627753822,0.004913957099058075,0.007750514855200537,0.01638480688266908,0.02924666992718694,0.014273033939625585,0.004934232633545607,-0.011312607324275636,0.11975981635504485,1,12
2020-12-02,QQQ,1,0.0012850135528286177,0.0012841886295289484,0.004854748645731835,0.007448197950633102,0.011336381829787356,0.02653743459050184,0.012737820028174111,0.005293651293682796,-0.14175565834462767,-0.04586898027954178,2,12
2020-12-03,QQQ,1,0.001415209809629836,0.0014142093440279169,0.005330081454233803,0.006411033790261819,0.007402757452792619,0.023092408612424897,0.007725962454461168,0.000361591697758302,-0.0335012701100762,-0.05788847702693445,3,12
2020-12-04,QQQ,1,0.004075314794768303,0.004067033191898162,0.004875694728077292,0.006323429068626734,0.007166752189654346,0.02274324171980724,0.006703278135352129,0.0039102372224620536,-0.15316684699522964,-0.1908814332691996,4,12
2020-12-07,QQQ,1,0.005662521990489333,0.005646550178302512,0.004717615830613221,0.004931632123310516,0.007800085546721958,0.02275868532805103,0.006902018017460435,0.005037481887955135,0.07856880525136956,-0.10844241027982882,0,12
2020-12-08,QQQ,0,0.0033849126118641326,0.0033791966901342008,0.001851402482263332,0.004609236703279792,0.008017436675738843,0.02014215988641843,0.011898532338922187,0.004987608327649506,-0.12035393985899956,-0.1860431574859932,1,12
2020-12-09,QQQ,1,-0.022641493603305585,-0.02290174808929457,0.0118494364508376,0.00950304772109985,-0.013166397590432366,-0.005206922869249175,0.02645500601396476,-0.021943096065533692,1.662775672654908,0.956232476167588,2,12
2020-12-10,QQQ,0,0.004016344272438133,0.004008300292848155,0.012071070294885607,0.00943185365776643,-0.008059427810268804,-0.0032649678327183462,0.01868251895836132,0.011062456646240358,-0.43652959809006275,0.08407355919397341,3,12
2020-12-11,QQQ,1,-0.002215042771190223,-0.00221749960709694,0.011719456377908858,0.009166311754006272,-0.007868793663492801,-0.006402470187269693,0.011668527622461409,0.003457360305052013,-0.027584076745580388,0.015767697855380458,4,12
2020-12-14,QQQ,1,0.007255652600649309,0.007229456987843719,0.012010103233273554,0.009378999502970933,0.0014429224909491278,-0.000647263136161591,0.010030282968284695,0.0031675531714046214,0.07639646642053188,0.08936360755257011,0,12
2020-12-15,QQQ,1,0.010689191837627288,0.01063246630193948,0.013218371472741476,0.009114394562193411,0.012814747897573975,0.008765085345042278,0.010379682227507318,0.003002948860519017,-0.1074751430317169,-0.021005969773002398,1,12
2020-12-16,QQQ,1,0.005499536059409005,0.005484468827588351,0.004762267252746632,0.009210925624709864,0.013261654410923418,0.012607523845108659,0.010302285674273812,0.004159891870383311,-0.00961142012524796,-0.037168715839245636,2,12
2020-12-17,QQQ,0,0.006537845415519605,0.006516566399770163,0.004759063954671937,0.009334072750225039,0.014245162781256315,0.016988042432718675,0.00595555985209934,0.0011911119704198678,-0.06799963867582548,-0.10569059732428865,3,12
2020-12-18,QQQ,0,-0.003022670689456164,-0.003027248185006215,0.005090791953942223,0.00944705395695044,0.0057934398603660675,0.012410998472808021,0.014021772391119685,-0.005133819177035929,0.7350414024146141,0.433657635172096,4,12
2020-12-21,QQQ,1,-0.001870620073878615,-0.0018723718685782487,0.005836902131036294,0.00937983905219047,0.00038137155453554783,0.009781911230846596,0.019154197222667292,0.008027220652771075,-0.09904209999659974,0.22251560297104023,0,12
2020-12-22,QQQ,0,0.002718894168917352,0.002715204662238513,0.004288378727875829,0.00936150303074273,0.0011392919793709044,0.01185673448830915,0.012457593272639615,-0.0002904513026233692,-0.2943537625857584,-0.15905003556391129,1,12
2020-12-23,QQQ,1,-0.005036264253786671,-0.0050489889739511185,0.004691614520859744,0.0052274765072751,-0.003760387987847391,0.004321491590774551,0.006907408242868741,-0.005196686240759569,-0.19005741835171508,-0.25250835059157517,2,12
2020-12-24,QQQ,1,0.004413009914892685,0.00440330113944043,0.003978108440372086,0.005242105749042837,0.0012038929892541628,0.006265627233700277,0.005284061201361899,0.0035335570187609846,-0.2083032644224646,-0.38493525605345,3,12
2020-12-28,QQQ,1,0.010078627452994704,0.010028176786455845,0.005832579216771291,0.005451630738005461,0.009218061941065558,0.012662615405028,0.008999289275170136,0.001377078225080064,0.34034554661900507,-0.16251916165926006,0,12
2020-12-29,QQQ,1,0.0008956349627935456,0.0008952341211205805,0.005487427084356049,0.005364431306352896,0.007494498518815007,0.010470463529002938,0.008470000845416143,-0.0034707733808580295,0.149979775710406,-0.026283155032414074,1,12
2020-12-30,QQQ,1,3.159182874323818e-05,3.159132973262757e-05,0.0056049270590542355,0.004705181514759822,0.005448357289070671,0.00847192704524935,0.006875489040395283,-0.003787886514943326,-0.29892663468860037,-0.2973312837327936,2,12
2020-12-31,QQQ,0,0.002460764741574417,0.002457742017809572,0.003999240085982076,0.004551434345177495,0.004347418691424743,0.009223775040778426,0.007926552585591044,0.002780692079026746,0.19149194237544176,-0.15009806076818133,3,12
2021-01-04,QQQ,1,-0.014120058787328693,-0.014220695269267836,0.008771087702256508,0.006424683901554796,-0.009675508846683,-0.004665579907523254,0.03208408599892848,-0.018406232942754286,1.0963889428727431,0.6423720303853635,0,1
2021-01-05,QQQ,0,0.008244023251109844,0.008210226909595164,0.008260757079011692,0.00687506838560254,-0.000986693208191447,0.0027781277243799085,0.0124882610425392,0.011579930285416411,-0.3527686239540545,0.11070750151984887,1,1
2021-01-06,QQQ,1,-0.013852307013196175,-0.013949145549442044,0.010073069389875471,0.008287601300655152,-0.011392392302178034,-0.010673646795456793,0.01921822116118689,0.0017589854883448698,0.8009371355299864,0.887941038307511,2,1
2021-01-07,QQQ,1,0.02419222812807642,0.023904231780924157,0.016131920976847836,0.011391088468603103,0.011217364130398089,0.011561689950873477,0.018015973829711165,0.01514764801315596,-0.4244455553535721,0.07046898437023996,3,1
2021-01-08,QQQ,0,0.012857884602427427,0.012775923818072243,0.01695440018785119,0.011613275682098172,0.020752367231510638,0.021017031641252792,0.013581736074587755,0.005325526126264918,0.11715819811283512,0.1444736253158141,4,1
2021-01-11,QQQ,0,-0.014450274016421294,-0.014555696043249355,0.017040446432057068,0.012911535584387231,0.002723395281931884,0.004700375522341149,0.010886772333060943,-0.004937013432350467,-0.03561689019254444,0.04736530680782325,0,1
2021-01-12,QQQ,1,-0.0015903828355221528,-0.001591648836766879,0.016908358055818536,0.012586737699286954,-0.00018496512709376134,0.0027052256847477363,0.013928558431128979,-0.0017171597087602415,-0.10625900862384874,-0.08376356073320701,1,1
2021-01-13,QQQ,0,0.006753820175300129,0.006731115304233981,0.014606360108486347,0.012744250505660408,0.001146943800930833,0.00848514776864473,0.010471300810907575,0.0058881762282064825,-0.21759809750297265,-0.2763989071280004,2,1
2021-01-14,QQQ,0,-0.005347760343900165,-0.005362110798976971,0.010609503044620662,0.012904663620304053,-0.0038092727327517784,0.0026504584101829654,0.011595619044974328,-0.006793029688734202,0.026276945114069195,-0.2697582381796113,3,1
2021-01-15,QQQ,1,-0.007921130858624337,-0.007952669674795132,0.007850867888598286,0.013146071379739041,-0.007188432557991398,-0.0046948157711096394,0.014452642136543258,-0.00722636964302993,0.4944064067812477,0.04731929122011547,4,1
2021-01-19,QQQ,1,0.014589963211088408,0.014484553741073825,0.009272857077274167,0.012980714638130622,0.006021967593485611,0.007543587376214189,0.012124097242939539,0.00687352000671241,-0.301312406210936,-0.21993571789630295,1,1
2021-01-20,QQQ,1,0.02326077807732574,0.022994369515772384,0.013176711642661765,0.014516401823528851,0.023015063404086877,0.02708462872705053,0.025707440782708067,0.011338708687261853,0.25231690915759875,-0.027455431251912854,2,1
2021-01-21,QQQ,0,0.007999637445464947,0.0079678099719942,0.013199973592269664,0.013134609709575251,0.02451737160162648,0.029156659133936946,0.010456693711539192,0.0037213331625137324,-0.18216225539489916,-0.12824727076451203,3,1
2021-01-22,QQQ,1,-0.0028803123789176155,-0.0028844684610795923,0.01268148217004526,0.011686359636411495,0.014515322606341696,0.02282506465797085,0.005379814793045906,0.0003996583952702211,-0.14011603383922389,-0.22683103194983167,4,1
2021-01-25,QQQ,1,0.008266284431321491,0.008232305824964037,0.009611450876988252,0.011355818604656552,0.012641446718987481,0.028345226682726876,0.027089488197089496,-0.0024323319498933123,0.8085000046276158,0.373098710859997,0,1
2021-01-26,QQQ,0,0.0014627041159354093,0.0014616354062804149,0.009916710431732288,0.009645491275346934,0.006555220984577614,0.02529598454359383,0.007723912111232649,-0.000790663709287431,-0.3475509587877361,-0.08071160387038434,1,1
2021-01-27,QQQ,1,-0.027876509678153805,-0.02827243493534759,0.014882156879861878,0.014052412034861905,-0.01889537498278082,-0.004996390782282423,0.027309518161634468,-0.020934275992789374,1.1673771771230013,0.821699932424637,2,1
2021-01-28,QQQ,0,0.0059168488789973495,0.005899413071555948,0.014536227865414024,0.014022292108010708,-0.010025372410569555,-0.0007525213224410798,0.019927072631870962,0.002026986837766346,-0.22487876375217142,0.32495873065165815,3,1
2021-01-29,QQQ,1,-0.02103827195541541,-0.021262730122225015,0.016611925018337734,0.01568381132851646,-0.024323651073457797,-0.02183883792782526,0.024907665653456548,-0.015708083186043692,0.2900040386307874,0.5563206179881925,4,1
2021-02-01,QQQ,1,0.02498745757296339,0.024680376001322557,0.02136857841087083,0.017177030019357876,0.003598450025110278,-0.000678620296699961,0.023639684000925573,0.013548861320428542,-0.35492860891438494,0.0024491751856285937,0,2
2021-02-02,QQQ,0,0.016314021898452546,0.016182378073640535,0.023155250673867436,0.01730919877244433,0.02054927809571394,0.012089037133498959,0.010937684153953431,0.0067591913948458595,-0.04811760085283057,-0.0703454874187256,1,2
2021-02-03,QQQ,1,-0.003967225181300216,-0.003975115494466941,0.01792480987015089,0.01596977217353934,0.012118925968651828,0.00726183898163657,0.011764007023983806,-0.010429938648399424,-0.26837858229101585,-0.3086624597964851,2,2
2021-02-04,QQQ,1,0.011826558219568017,0.01175717101862972,0.018238421881076532,0.016202474375718954,0.01845446633789294,0.01795535519943625,0.01180524382503603,0.00738204763616777,-0.09964349735140687,-0.3726936544413746,3,2
2021-02-05,QQQ,1,0.0033917577987641057,0.0033860187615699644,0.011239174715970097,0.016143914022944014,0.011428158979111203,0.019541216746070234,0.008664920918453608,0.000422631877131414,0.017050767530613964,-0.3640014526238158,4,2
2021-02-08,QQQ,0,0.006699484826787616,0.00667714300858524,0.007799491235845079,0.016083057019790507,0.011314285646645716,0.02464709964942635,0.0069948559879087725,0.0014409500448968444,-0.09982403660038708,-0.3960290952537806,0,2
2021-02-09,QQQ,0,-0.00020983282468778341,-0.0002098548426747726,0.006105135366789085,0.016095319215278764,0.007540454957200682,0.02288621751110953,0.006614191086907297,0.002675770132592099,-0.14002482553707218,-0.4681989146090193,1,2
2021-02-10,QQQ,1,-0.002278717041519829,-0.0022813172680686833,0.005612308341493168,0.012525361325888629,0.0013904140045539748,0.016403031546046387,0.017791550878604553,-0.006686737812099388,0.5950390680494388,-0.07580130289405795,2,2
2021-02-11,QQQ,1,0.005499636678968578,0.005484568896807929,0.003792607788122061,0.01251956824061814,0.004274298738559779,0.0178701458496211,0.008614258362942223,0.0007477642151191315,-0.2145664031465654,-0.22076090518004665,3,2
2021-02-12,QQQ,0,0.0055889811957716695,0.005573420791317396,0.0040245226154530574,0.008874695947210647,0.00681077076206793,0.016787752250107646,0.01195646020958922,0.008210784280104388,-0.07707939272705833,-0.17958469569901703,4,2
2021-02-16,QQQ,0,-0.0027046513264583627,-0.002708315504230896,0.004095218150588053,0.0065903341960201955,0.0029112331935319258,0.010032914608293142,0.011415205114379618,-0.005129363788960992,0.33096113393752336,0.1310014287450474,1,2
2021-02-17,QQQ,0,-0.004798245110260502,-0.004809793644938942,0.004916093688082205,0.005505243923422273,-0.0021515166552431575,0.003298959744419072,0.01651273863572006,0.004391347940318203,0.1580270893031226,0.3239433884520817,2,2
2021-02-18,QQQ,0,-0.004372168387321573,-0.004381754266447047,0.005263391634428086,0.005554503977673918,-0.006347992236658495,-0.0029120561754625296,0.01668536953733475,0.006783121339228426,0.027930217504296806,0.3196300506668315,3,2
2021-02-19,QQQ,0,-0.004361440817297613,-0.00437097964576072,0.004388595241892029,0.004606518618910558,-0.008571995056234405,-0.00749296811125677,0.012040942880407579,-0.008506549040011612,0.2147120318151643,0.49978417313030166,4,2
2021-02-22,QQQ,0,-0.02591962745761278,-0.026261460733360664,0.009809121944851512,0.009308169691565709,-0.026096290820391332,-0.0306257772414934,0.01705965331283499,-0.012434908295846096,0.20683543721924424,0.6545734134695171,0,2
2021-02-23,QQQ,1,-0.002977240535118164,-0.0029816813321250635,0.009770017041465845,0.008707713181588136,-0.02067808097058521,-0.029983219726198995,0.0384858429243888,0.014132526770751183,1.0577291358510608,1.6833279570322706,1,2
2021-02-24,QQQ,0,0.00824281060664167,0.008209024179731017,0.012389975870869326,0.009457120771756242,-0.006674812543858377,-0.019211647781407604,0.02663619568322841,0.0169103809172929,-0.4014277795888398,0.44431896937407456,2,2
2021-02-25,QQQ,1,-0.03486245661925247,-0.0354846557990971,0.017790265092361493,0.013848256707333976,-0.029623454069924282,-0.0476640174105285,0.03979591139106367,-0.02663439337259911,0.8929669125163426,1.2712648284244001,3,2
2021-02-26,QQQ,1,0.004187757608088427,0.004179013355236627,0.01906983825375814,0.013732242109548666,-0.015247367876514373,-0.03768791599590371,0.026056610130483056,-0.005413935165534549,-0.049397999321126984,0.8446298783764197,4,2
2021-03-01,QQQ,0,0.030082223119418883,0.02963862732671796,0.02350695997560166,0.017683896677317446,0.013645323958724864,-0.004819010305304183,0.018792871884187858,0.013530890697132694,-0.5306034573294965,-0.1759591838787048,0,3
2021-03-02,QQQ,0,-0.01603930531827802,-0.016169327156827507,0.024743668984979168,0.018094443655822478,-0.0006844569472528317,-0.01559188622746066,0.01909012158466654,-0.01804165336473593,-0.016160034170997317,-0.2172077702445736,1,3
2021-03-03,QQQ,0,-0.02901964933898138,-0.029449047084013635,0.02655398785369215,0.019609958053862366,-0.02047992288499234,-0.0367825454655043,0.02880822153798326,-0.02556177902856429,0.7841864792226587,0.28260685405665686,2,3
2021-03-04,QQQ,1,-0.016367409722590764,-0.016502835519416337,0.023142358840735584,0.01976337617655667,-0.031152516657130258,-0.04409873824175348,0.03863599728130856,-0.015156398388116823,0.6121648507377078,0.78430486395425,3,3
2021-03-05,QQQ,0,0.015061154131771115,0.014948861054898899,0.024728742595907387,0.021143684005603586,-0.013127143651088358,-0.022839859413987806,0.03963485537273523,0.006127786693659008,-0.1265557213458337,0.40959408823660426,4,3
2021-03-08,QQQ,1,-0.02831409382363237,-0.028722668537118246,0.017891464762456784,0.02139679889191482,-0.02634575981276943,-0.04369586530876213,0.03423986745474362,-0.026548074793621063,-0.2724892346102036,-0.02122651300888223,0,3
2021-03-09,QQQ,0,0.03944087296596677,0.03868294643456682,0.030084961341739953,0.02599380729797702,0.016431156516582668,-0.0028914435482015888,0.022148494264666516,0.013985064480753043,-0.09069922112706963,-0.09308166947853758,1,3
2021-03-10,QQQ,1,-0.0028541179134479178,-0.0028581986744784516,0.02669475913798506,0.025707243713218385,0.012394720966302009,-0.0015060908370871928,0.019926580592090817,-0.016700400803827748,-0.04469400219676056,-0.15141374321652867,2,3
2021-03-11,QQQ,0,0.023031081137334874,0.022769868851391095,0.02594583152992209,0.024439398177406396,0.02639234919590283,0.01978383552682228,0.015865913235440364,0.007188838744114201,-0.30356610384892335,-0.3695168478200007,3,3
2021-03-12,QQQ,1,-0.008111982103266246,-0.008145063254020535,0.02671179403191677,0.024621463471432983,0.013630454334718323,0.011083420948577949,0.021793145533442155,0.005097833996657515,0.2959868972119182,-0.14729453654447588,4,3
2021-03-15,QQQ,1,0.010682547138454845,0.010625891856434144,0.01936879426654856,0.022740799570777365,0.01217148419179881,0.023445803549000832,0.015516621057969094,0.009626580781802367,-0.380288131387451,-0.46750111413240547,0,3
2021-03-16,QQQ,1,0.005488804085997723,0.00547379549527971,0.012136377464688115,0.02219759370447853,0.012065845824826171,0.028343665977823784,0.01588341636825324,-0.0015883701499323716,0.2786638327393105,-0.32460189361679626,1,3
2021-03-17,QQQ,0,0.004117556523584698,0.00410910258615349,0.011286189116228869,0.01954968520441987,0.009211072042814017,0.028375312135334063,0.025736377740020813,0.014017897364423416,0.42480505553846193,-0.02807767062637001,2,3
2021-03-18,QQQ,1,-0.03063051765674618,-0.031109437040965027,0.016561430413159862,0.021628202395400996,-0.01800714109531376,-0.005646658062703591,0.01991352180966246,-0.015242801927267867,0.056982801912119685,0.10470277377312343,3,3
2021-03-19,QQQ,1,0.003525306251898952,0.0035191069252249463,0.016602424916004214,0.021204533592821134,-0.01310423319366616,-0.003557446273168896,0.0162567973950609,0.004072272264514515,-0.051644077898307605,0.11160203144661218,4,3
2021-03-22,QQQ,0,0.018753047386540267,0.018579376868133046,0.018365047117916686,0.01891794655690069,0.005287487826704407,0.009005222041040817,0.017543856252047067,0.010786440749511971,-0.2836517256412675,-0.16561666189054314,0,3
2021-03-23,QQQ,0,-0.004362534417424624,-0.004372078037056859,0.01819022395978362,0.015086322375198273,0.0027721504325084467,0.0027477780476234948,0.01473115220103479,-0.007850404026453211,-0.04874828275925891,-0.173225161792539,1,3
2021-03-24,QQQ,0,-0.016865370376226707,-0.017009210304635758,0.018913021391743678,0.016193521494877735,-0.008104795297043554,-0.014594432513804767,0.021812171171975356,-0.02121586059703082,0.21229473542429766,0.02124010868021875,2,3
2021-03-25,QQQ,1,-0.0017315421908122852,-0.001733043042767335,0.012946837988978008,0.014138963249177329,-0.009622964424852998,-0.01433589839000804,0.017743652541666186,0.004387474098160133,0.21488433530801476,0.19321961354834505,3,3
2021-03-26,QQQ,0,0.015000102525262848,0.014888713503856899,0.014661597118855807,0.014882588655719708,0.003155409692622735,0.00015220508056001947,0.02140713399798243,0.01571796110276452,-0.19318675456312162,-0.028762837589989432,4,3
2021-03-29,QQQ,0,-0.00028442056028266105,-0.0002844610154806304,0.011379396966813428,0.014437927103302432,0.004592147753550435,0.0006651383085349849,0.014328701343353843,0.0014582071240378668,-0.1402968532547434,-0.17964051885994547,0,3
2021-03-30,QQQ,1,-0.005033525980718823,-0.00504623684419947,0.011423273763701714,0.014319806844826222,0.0013825083598013599,-0.0025215999813500423,0.01073622912459307,0.0013698832575571084,-0.1826161002050981,-0.3189228300628104,1,3
2021-03-31,QQQ,1,0.015303233781990944,0.015187320370682933,0.009739857182661132,0.015236692031247967,0.012025349933418639,0.013503338727280934,0.015593347098547278,0.009393981485011822,0.2329256626422349,-0.12942957527015253,2,3
2021-04-01,QQQ,1,0.01704606035021161,0.016902406454030405,0.01026948066472736,0.01190129556461886,0.020705197770707118,0.026566236616629713,0.005881059378494474,0.004642956529526019,0.011867532821514537,-0.07974493914747804,3,4
2021-04-05,QQQ,0,0.019964891060164858,0.0197682061745299,0.011258796583916294,0.012901137252452533,0.03132115508624578,0.04103437742252347,0.01516214159827662,0.011982951278225004,-0.2426677632996681,-0.25861864070678975,0,4
2021-04-06,QQQ,1,-0.0006946848298615693,-0.0006949262351749752,0.011348153833166808,0.012173354852478826,0.021118745040862086,0.036332069436167735,0.008496348880506979,0.00027211421673597477,-0.20476139664473292,-0.3859670965133788,1,4
2021-04-07,QQQ,1,0.0024181153130540256,0.002415196376823303,0.009296116121716227,0.011850625632855863,0.012771783580720841,0.03417294382313907,0.009414876019620015,0.003905211749947086,-0.04445213076822152,-0.38932507981588893,2,4
2021-04-08,QQQ,1,0.010433656029884997,0.010379601109332448,0.008956239510655105,0.009234420529150536,0.013465267384417556,0.037453910955685954,0.00457316711639716,0.00155424742188673,-0.06570472814419093,-0.38884764525860305,3,4
2021-04-09,QQQ,0,0.006058153998798277,0.006039877162641538,0.008045878795628111,0.008706809980454583,0.011928964960343347,0.03547399044836519,0.013186268260199857,0.010279287793901349,0.224579837546091,-0.18130050874949089,4,4
2021-04-12,QQQ,1,-0.0013050644616954266,-0.001305916799971385,0.004909293715564646,0.008781064080667103,0.007210002138646754,0.027598360689804702,0.007052717107851992,0.001874791295061763,-0.29542968888500987,-0.3701673946000138,0,4
2021-04-13,QQQ,0,0.011673312760659194,0.011605705272177858,0.005429936081591307,0.008583027190235503,0.013039419717809198,0.031818087157043706,0.009046823696019507,0.00697734134720531,0.17578291332791385,-0.21295099069087942,1,4
2021-04-14,QQQ,1,-0.012008299695339897,-0.012080981770909993,0.009793060639543306,0.009904210023880889,-0.0020284357031916667,0.012620581382015716,0.015578692866389774,-0.012732862726053685,0.4013399618094422,0.1088750015631057,2,4
2021-04-15,QQQ,1,0.015155363667797461,0.015041668433094735,0.010861984706310654,0.009890352307303582,0.009187475947556756,0.02106014032761916,0.017056024167383076,0.006303897614411251,-0.14616709308035136,-0.004747214588613491,3,4
2021-04-16,QQQ,0,0.0011710529985944351,0.0011703678508760973,0.010840747595187885,0.009334688006281233,0.007452555559571694,0.016954715474136517,0.006283865124700187,-0.00040913088807982393,0.12429697216505065,0.16631176927292657,4,4
2021-04-19,QQQ,0,-0.009151775985753008,-0.009193910756607693,0.012102899822258071,0.008771588843287754,-0.00306542637234386,0.0053071904988053475,0.013748912936282377,-0.004436116515299581,-0.15484543601214873,0.007687266229078338,0,4
2021-04-20,QQQ,1,-0.007288561694563267,-0.007315253033747027,0.010985719854495667,0.009262110699690039,-0.007885815361193482,-0.003672281200226446,0.015198060157706032,-0.005292751272362788,0.10276227735129484,0.09669589898894482,1,4
2021-04-21,QQQ,0,0.008560674945157887,0.008524240157316676,0.01033138632298754,0.009514134097929502,-0.0010306261996272381,0.002579520789971479,0.016443372902332002,0.012533982670124639,-0.0389608684463445,0.040330831008812185,2,4
2021-04-22,QQQ,1,-0.012054296656282437,-0.012127538874253219,0.008462142053394956,0.010029567324577174,-0.009333197093587597,-0.009541010524366067,0.01738022330628304,-0.010888495623673765,0.25514985750626407,0.2489824306489441,3,4
2021-04-23,QQQ,1,0.012589684403216728,0.012511093264191864,0.011215857490794397,0.010655222932775795,0.004677002023551591,0.002244409678616721,0.014649345900681073,0.010629767036890876,-0.20798892374407052,-0.010030334264658047,4,4
2021-04-26,QQQ,0,0.006510743115272666,0.006489639776734002,0.010709407631043362,0.010774996811596277,0.009574626505592265,0.007294489234012769,0.008891039573301977,0.005770281089281724,-0.1530953578565165,-0.1727971280392564,0,4
2021-04-27,QQQ,0,-0.004332117335925534,-0.004341528145220153,0.01015904367136249,0.01027570150118711,0.0029839948892960155,0.0030638734003318735,0.008715177178316802,-0.0052057404071735635,0.0770868492795016,-0.11570930147664227,1,4
2021-04-28,QQQ,1,-0.003381054482950452,-0.0033867831639584622,0.009699301243706335,0.009495976209893823,-0.0002361621228860189,-0.001061009486442388,0.007415966420515543,-0.002383677832945693,0.012911604474014071,-0.08241271706089937,2,4
2021-04-29,QQQ,0,0.0035991134221662335,0.003592652112137884,0.007055566328249928,0.00816126908127605,0.00039996857508661776,0.0029450611092229906,0.017232800714516196,-0.006279738082037441,0.12176453264397291,0.025492847855770773,3,4
2021-04-30,QQQ,0,-0.006554684376783637,-0.006576260655903887,0.005591248930589733,0.008361587638178245,-0.005320781711534717,-0.002446760472965326,0.009505542957127007,0.000858685273502375,0.014704751398211036,0.04797295779832389,4,4
2021-05-03,QQQ,0,-0.005325573826439389,-0.005339805244195084,0.003978516639868591,0.008035961442079692,-0.007439954546134775,-0.006970908311792368,0.012587297336272429,-0.008961496466904266,-0.2230251362921225,-0.17489650716540095,0,5
2021-05-04,QQQ,0,-0.017995750255085707,-0.018159642994556968,0.007804469937324378,0.009568535024080154,-0.019506461737968772,-0.023031842790591783,0.023024413147773478,-0.010252976781352474,1.1913103731285548,0.6817336981775002,1,5
2021-05-05,QQQ,1,-0.0033624051498646335,-0.0033680707376264607,0.007805997915348836,0.008844203203653358,-0.016981810382671325,-0.023351513322698803,0.014778039615077126,-0.00969150104049097,-0.2905383210278294,0.16421058676900735,2,5
2021-05-06,QQQ,1,0.0075374365337292915,0.007509171998220765,0.009099221456794118,0.008793011134971801,-0.004390758152131302,-0.01491111537872436,0.015877847261363983,0.008364764321428545,0.012873410025681986,0.1765952195564786,3,5
2021-05-07,QQQ,0,0.00811434280454093,0.008081598537842183,0.010745106527820505,0.008107627648464767,0.0059780442620975816,-0.005374933161263806,0.0148338413359721,-0.000508367714323995,0.1390643457234222,0.285479072951772,4,5
2021-05-10,QQQ,0,-0.02525424515088248,-0.025578606246515534,0.015032241925194001,0.010485898441854049,-0.013231168530696502,-0.025892611423019685,0.022266974245119118,-0.021094984793024185,0.1383229097319243,0.36494416030203913,0,5
2021-05-11,QQQ,0,-0.0013815226772058153,-0.001382477859498188,0.013532211367668159,0.010538639783367887,-0.01170248771586746,-0.022902436876107934,0.022239648413076452,0.017547654480318215,0.18555201357484696,0.4884291590940726,1,5
2021-05-12,QQQ,1,-0.025882617018876286,-0.02622346619339666,0.017032480405809843,0.01251390055159852,-0.030128224784996993,-0.041829173520164464,0.02067262558183572,-0.010429991641330651,0.2668196143605934,0.6850058619008972,2,5
2021-05-13,QQQ,1,0.007731121124205487,0.007701389149961102,0.017075036852422062,0.012950543590892873,-0.015294489077621654,-0.028286595566154316,0.017191797227910456,-0.0018130065813302676,-0.23350105139148947,0.21907171081899146,3,5
2021-05-14,QQQ,0,0.022076947544538372,0.02183678008674761,0.020938036687645795,0.01573768725921099,0.011315782206738456,-0.003316112905807911,0.016274023250685818,0.011748321367686956,-0.365034388604106,-0.2340909451839045,4,5
2021-05-17,QQQ,0,-0.0060666381151365245,-0.006085114930148627,0.017701006450583655,0.01574963706300957,0.00602215030833575,-0.0057862265704623494,0.015155662865890367,-0.0006776983562642115,-0.11212530989407254,-0.3311282666603733,0,5
2021-05-18,QQQ,1,-0.0067507243651323545,-0.006773613575520088,0.017913925255915494,0.014978106201930618,0.0011494425828806332,-0.010095149616076826,0.014474910854799773,-0.009742196395176312,-0.07276304099505015,-0.34812255870528575,1,5
2021-05-19,QQQ,1,0.0011483180741516108,0.0011476592612549297,0.011885411418571475,0.015011238397747295,-0.0012384847797578535,-0.006993811469753197,0.02084256308718461,0.0187266866898316,0.815544027266381,0.14253015979445194,2,5
2021-05-20,QQQ,0,0.019343528637394858,0.019158820722092074,0.01385847381894233,0.016246969575516093,0.012133444288596085,0.013050159235584058,0.017956241189428557,0.014531628798078932,-0.29935569089447833,-0.19901225629621966,3,5
2021-05-21,QQQ,1,-0.005534939424661212,-0.005550313959536091,0.011040687660398618,0.015996333664962566,0.006147397195019444,0.009679511494337989,0.012771149098640225,-0.010350098314204624,0.08316385493940737,-0.12789787978463252,4,5
2021-05-24,QQQ,1,0.016819368209607388,0.01667948891154225,0.01234234655078275,0.014697455968217372,0.01799597677320075,0.024526415347182473,0.020554451321047853,0.009533396165368085,-0.35474782636339075,-0.4083381187382855,0,5
2021-05-25,QQQ,1,0.00138336341638845,0.0013824074507482464,0.010851483766349876,0.014649561827367413,0.01273801557435461,0.023527963913413608,0.009129786350466063,-0.0032927412799678736,-0.03681202618565205,-0.38449795841426315,1,5
2021-05-26,QQQ,0,0.0034837117633215176,0.003477657695839298,0.010603882256729135,0.010775199903074732,0.009181781492995755,0.021679315628140072,0.004975043835977028,0.0014086231959017947,-0.18655191925908643,-0.4249582869949664,2,5
2021-05-27,QQQ,1,-0.003740887780143032,-0.0037479024002369243,0.00881428111028463,0.011100879749235695,0.002952822174451031,0.013660586879419512,0.005604324757796973,-0.0023676342288186276,0.09773274801630194,-0.3026520577877265,3,5
2021-05-28,QQQ,0,0.0031540996919210418,0.0031491359541648833,0.007613221795784628,0.009161394238272542,0.001938193396773924,0.014528411579888267,0.005896088978488633,-0.00056866528248215,0.0714492852207349,-0.22487795882508954,4,5
2021-06-01,QQQ,1,-0.0033239605230717117,-0.0033294971522801475,0.003494936683966714,0.008920171649596612,-0.0015779302666556472,0.008579138333690617,0.013003328445787837,-0.007396303486540136,0.04069849034663897,-0.17571965141686008,1,6
2021-06-02,QQQ,0,0.001952876600082254,0.0019509722155230946,0.0035523104131100296,0.008310396178176267,7.188349991493759e-05,0.0071153007563165005,0.007921932875797075,0.0006601687042854464,-0.29209770945308133,-0.39323662723017094,2,6
2021-06-03,QQQ,1,-0.010405949436204875,-0.010460469882525913,0.005397128735179785,0.009400545262480941,-0.00787710981823464,-0.005590061234804766,0.01083039390250365,-0.0016638566428059296,0.6807859251901542,0.10915731663771888,3,6
2021-06-04,QQQ,1,0.016970111071563432,0.016827727324385755,0.010088906838292359,0.008941547990536178,0.0073118753917083,0.009226302744021586,0.012897389484940356,0.011300286066079636,0.045299505097442294,0.18685965755668033,4,6
2021-06-07,QQQ,1,0.0029794511947602853,0.0029750214267192376,0.010082782077612764,0.008532328207902742,0.008696387076839285,0.009322424395186824,0.00692436176315371,0.00462623001647339,-0.15810927678029763,0.05656522589934032,0,6
2021-06-08,QQQ,1,0.0004756361434887779,0.0004755230644732933,0.009753450434047732,0.007004064644904002,0.00679867450620697,0.008517242887129406,0.012588681567553826,-0.004846288890185505,-0.16340967560921016,-0.10096201690729723,1,6
2021-06-09,QQQ,1,0.00023728478965279187,0.0002372566420696387,0.009802918184359887,0.007011791327574567,0.005012455513209391,0.007588801566614123,0.006860476186823485,-0.003932983520219689,-0.21249651795270286,-0.268390269947792,2,6
2021-06-10,QQQ,1,0.010420595578904734,0.010366675435975026,0.007288717101900714,0.007584933136931966,0.009251915812711786,0.016197743646276574,0.011061954511531406,0.00937158171722037,0.568612027758514,0.11622673954919183,3,6
2021-06-11,QQQ,1,0.0026148479567549288,0.0026114351897863486,0.00414191809176492,0.007324158020974491,0.008517598859616227,0.01631815355831412,0.004583375325340924,0.0025855121656076312,-0.3702825639945285,-0.2811189218612973,4,6
2021-06-14,QQQ,0,0.009582615011977103,0.00953699297744759,0.0049665975684991676,0.007661565010620082,0.013443449270670982,0.022834146145941148,0.011882456232801038,0.008282653800362088,0.3112171815217597,-0.0506386117367551,0,6
2021-06-15,QQQ,0,-0.006531118728269836,-0.006552539804190793,0.007011927456498793,0.008021372594511928,0.0035771599168283874,0.013313916810893556,0.008571879294929098,-0.005491745356322326,0.29237414518627114,0.20708763483482828,1,6
2021-06-16,QQQ,1,-0.0036520279886823603,-0.0036587129235732263,0.007621026281763018,0.00828105950794281,-0.002527230215217169,0.0073644901466016766,0.018643824219314847,-0.00504750107382273,0.5404239818929035,0.672234795958347,2,6
2021-06-17,QQQ,0,0.012697768631738215,0.012617827968405493,0.008255316476046942,0.007541761749349033,0.007198217504224003,0.015553716256831773,0.019001651415956555,0.015795496949454032,0.07803680538633029,0.6872959310375808,3,6
2021-06-18,QQQ,1,-0.007847480036173637,-0.007878433552043873,0.009578928895734017,0.007080612435437787,-0.0015153257767133166,0.0055054726458334535,0.008584850464490978,-0.0029101067595684147,-0.0721300276109419,0.4951400777317754,4,6
2021-06-21,QQQ,1,0.006214967724644804,0.006195734461008406,0.008906167691045783,0.007198324135763416,0.004544161893129894,0.009337757849878559,0.013258209391781973,0.0056361671496707975,-0.40462583168064903,-0.1107456264477209,0,6
2021-06-22,QQQ,1,0.009321698100815956,0.009278519199448887,0.008741594624771771,0.007471035035797107,0.010543713131863086,0.015413079567715426,0.012174931035060677,0.009937566434370092,-0.12278510938816578,-0.22340496896743256,1,6
2021-06-23,QQQ,1,0.0004891001695583874,0.0004889805990568874,0.008084142477196908,0.007459958994712364,0.006866328447953984,0.012569831444156687,0.005870359090656814,0.00066179523549583,-0.060573707051441494,-0.28144264887696424,2,6
2021-06-24,QQQ,0,0.006182845962695804,0.006163810592146213,0.006788247258681179,0.007125342258110458,0.01019584185662148,0.015891685090119623,0.006547845353292461,0.00045750623933623464,0.19835960056641588,-0.13635234669747864,3,6
2021-06-25,QQQ,1,-0.0012289167918565491,-0.0012296725293197142,0.004400778258054117,0.0072455349908587905,0.004761381895698191,0.012111489684683896,0.005364239096825282,-0.002881872234733614,-0.11966263166940849,-0.25444165652714457,4,6
2021-06-28,QQQ,1,0.01216146239920235,0.01208810596417198,0.0056957950051140325,0.007563633946319399,0.011542102051516956,0.0215801201368111,0.008922985614073826,0.008352792878663352,0.3642426820254647,-0.011906772995086357,0,6
2021-06-29,QQQ,0,0.0036188723781580556,0.0036123400146292894,0.005265173495175713,0.006819618117022431,0.010912473155198388,0.021404720214986073,0.006647174480388444,0.004129752666306472,-0.24799963199873243,-0.24448078915375737,1,6
2021-06-30,QQQ,1,-0.0015772324962808337,-0.0015784776368770181,0.005697028111078884,0.006595734813880673,0.005486808515825503,0.015756070463066818,0.003945620345075789,-0.001127283238793887,0.1120777543668865,-0.10786385136516674,2,6
2021-07-01,QQQ,1,0.00039473161794933986,0.00039465373191927,0.005687827527530823,0.005905037212560762,0.0032198108163845607,0.013360275191322213,0.006806573875946957,0.0014121501105914189,-0.1049382716049383,-0.1292386442046506,3,7
2021-07-02,QQQ,1,0.011478667300964585,0.011413287241092362,0.006312762874005973,0.0051582624194906005,0.009491373158029281,0.020208426771229915,0.007545165837259951,0.0059464425560843545,0.11735063161488557,0.043315483131782795,4,7
2021-07-06,QQQ,1,0.004321908148810394,0.004312595526344332,0.0049915217852722574,0.005131382487466668,0.01016923554607696,0.020024397706852604,0.011106220128859166,0.0025886339990581226,0.1868537485638857,0.21559368881722918,1,7
2021-07-07,QQQ,0,0.0021098827346814897,0.0021076600579474913,0.005039068923856621,0.004881688442593546,0.008927731996232868,0.018318038186383667,0.010539404595292892,-0.004138501722944351,-0.09209523613370951,0.08222600028233162,2,7
2021-07-08,QQQ,1,-0.006039587572453375,-0.0060578996503037885,0.006352828694564814,0.005734955454208623,0.0004070724449161123,0.009027926070380943,0.01470169396840735,0.008517453371774697,0.44306568515136746,0.455832268898428,3,7
2021-07-09,QQQ,1,0.006243597757967567,0.006224187253841329,0.006417215836139187,0.005738565344917161,0.003050757727892428,0.012162398288872112,0.010972422392848303,0.00792918511159403,-0.30861662409117707,-0.0009012887236116152,4,7
2021-07-12,QQQ,0,0.0039058241328073784,0.003898216205445948,0.004785914645780918,0.005529286206981455,0.004857760249747267,0.01243694361350589,0.005683619828367362,-8.276666653756302e-05,-0.2690616606744447,-0.2635195060213811,0,7
2021-07-13,QQQ,1,0.0,0.0,0.004675179736525267,0.00473206277132062,0.0036166786828877306,0.00997946617158152,0.010855433773533995,0.0010772992562841823,0.5445782476660044,0.13562423168186633,1,7
2021-07-14,QQQ,0,0.0017935543846787638,0.0017919478866206262,0.00466265565048772,0.004716960201490724,0.004237550842304261,0.009517767860740767,0.008963048910520832,-0.004824107975834541,-0.11042972585152178,-0.006568449178016134,2,7
2021-07-15,QQQ,0,-0.00702372771555082,-0.007048510202867675,0.005048459225196456,0.005464820654863609,-0.00378035132505683,0.0007326649919623396,0.013031050865515247,-0.006777293234334351,0.5109518796481816,0.4186009437571738,3,7
2021-07-16,QQQ,0,-0.008099243284160007,-0.008132220335188123,0.005376847897030645,0.006291079126046095,-0.009983239376584407,-0.008206679354301416,0.014305516090338451,-0.010514631591435994,-0.11480457600071925,0.19850890094842022,4,7
2021-07-19,QQQ,1,-0.008193397129245494,-0.008227147487321673,0.004812296342505188,0.00564766937999853,-0.013863158633877992,-0.015248572038020325,0.008868759325294724,0.001751237554421795,0.36271423130633496,0.5117833215263039,0,7
2021-07-20,QQQ,1,0.011616423506510154,0.011549470860323652,0.008668810013787108,0.006782554616491351,-0.0003899753801458461,-0.003421910043115317,0.018221215581805096,0.008885649744741483,-0.34502038674256186,-0.017518452520002503,1,7
2021-07-21,QQQ,1,0.007720168556240248,0.007690520548947255,0.009662256768318417,0.007227770125420805,0.008175499057120561,0.004101711073424941,0.009599560158546629,0.008957698898854945,-0.28266368289173305,-0.2869174607767959,2,7
2021-07-22,QQQ,1,0.006610340623366184,0.006588588130093775,0.00938519215589686,0.007122087344643486,0.01290232623195875,0.009287240756870485,0.006053576880097388,0.006025992369635139,-0.00025446217601510224,-0.25065565957817826,3,7
2021-07-23,QQQ,1,0.01167753589010001,0.01160987966382443,0.008192952893417559,0.007710803190555759,0.018719929629209764,0.019041354823100765,0.012509859673105786,0.007911129363422247,0.056478537098128445,-0.2019613879831278,4,7
2021-07-26,QQQ,0,0.0007876645570996654,0.0007873545121697134,0.004475649850162544,0.007688218522153342,0.01178489583113218,0.018133595434066452,0.006231485498316214,0.002721162552923489,-0.11021939375735279,-0.29471149565625854,0,7
2021-07-27,QQQ,1,-0.011017857636046235,-0.011079003777290986,0.00883017454261917,0.008682351370698484,-0.00245244868358252,0.0063570380484014866,0.021889081342332518,-0.010292782935086205,1.0371649301465289,0.3747038600700865,1,7
2021-07-28,QQQ,1,0.003841414931509579,0.003834055538139758,0.008492847141202414,0.008737940890205263,-0.0009558843511179305,0.009453517001855039,0.011515377194671678,0.0006290494116810369,-0.2738831514281128,-0.017494246204971087,2,7
2021-07-29,QQQ,0,0.0017770079928438598,0.001775430982104531,0.008159467871805444,0.008295280036663119,-0.0005616853335452809,0.009586942285380484,0.006652957360112936,0.0033675865470995893,-0.3897119302432832,-0.35888167087086453,3,7
2021-07-30,QQQ,1,-0.005212030026984116,-0.0052256600361237915,0.006078479979115107,0.007960905019311362,-0.0037983868207278615,0.002400230576350415,0.007615080418920359,0.005876848218918237,0.42115493232057655,-0.06367082529525425,4,7
2021-08-02,QQQ,1,8.228198354554017e-05,8.227859856813069e-05,0.006006386234659702,0.007179892515552655,-0.0015938531800596678,-0.00024689389776733073,0.008217783596310129,-0.004586635037075925,-0.2508044490004002,-0.22475191811794715,0,8
2021-08-03,QQQ,1,0.00606148637798154,0.00604318946983895,0.004279221541840088,0.006613537509057589,0.0031504499321084456,0.0036060487481770487,0.01349647583294032,0.004188564346281945,0.3008842434907313,0.027821135391374652,1,8
2021-08-04,QQQ,1,0.0014447998594249167,0.0014437571403336236,0.004053037727824538,0.006326501819103997,0.003770800843102551,0.0034691403533699816,0.0073343035744017114,0.0015541274948684587,-0.16750706582111174,-0.14271639661826752,2,8
2021-08-05,QQQ,0,0.0063428344022300465,0.006322803286184175,0.004770407415281438,0.006303510952902034,0.008379664727728331,0.00825854576190621,0.006681491400985468,0.004046990009218766,-0.27559775962597377,-0.36272563552396175,3,8
2021-08-06,QQQ,1,-0.0043823532935540754,-0.004391983950676526,0.004473129052820869,0.005429936968502537,0.002058179467030463,0.003881102263920466,0.006678045138544852,-0.0008687116987281981,0.5543860958127953,-0.013450034673581412,4,8
2021-08-09,QQQ,0,0.0018477938786825021,0.0018460888076639037,0.004361081157929294,0.00545789675576986,0.0016571602446053824,0.00567024882032241,0.00510141761988555,0.0005699065964328418,-0.22116518311177513,-0.22596376608065782,0,8
2021-08-10,QQQ,0,-0.00512562243017145,-0.005138803492878097,0.004775120782987996,0.004327934853591718,-0.0034932139366907755,-0.00014163100200326184,0.010669994955335212,-0.006553684026792922,0.35325613824238644,0.12387954512227228,1,8
2021-08-11,QQQ,1,-0.0017174859731795555,-0.001718962543114877,0.004749490274069023,0.0042309228160456866,-0.004593610637521728,-0.001962237584323012,0.010349316583344469,-0.00524263355398214,-0.025077709588167685,0.1237965053497947,2,8
2021-08-12,QQQ,1,0.0036047943842505425,0.0035983126850993585,0.003813477906981671,0.00434869229538128,0.00015808435204589522,0.001348936963525782,0.009844420354621115,0.0050315740807966,-0.24177075486572186,-0.1487333535694313,3,8
2021-08-13,QQQ,1,0.003509628980980395,0.0035034846053108026,0.0037765731577736037,0.003980591175022061,0.003247787660826562,0.0037010847715863715,0.0048383992726681495,0.00252790953478302,-0.2554179566563467,-0.32841061833792373,4,8
2021-08-16,QQQ,0,0.0004339223548961435,0.00043382823781623614,0.0036953558075333475,0.003971488791929141,0.003546611757355045,0.0029411274023449785,0.014469433492939091,0.003562970899858904,0.8026758101384968,0.1798308826366657,0,8
2021-08-17,QQQ,0,-0.008807995554884762,-0.008847015240180056,0.00510534531119319,0.0046717729653624925,-0.004691677950267703,-0.005600873581969479,0.010705948314898737,-0.001147024217280159,0.2850798550645639,0.47021812080536907,1,8
2021-08-18,QQQ,1,-0.009624626428743399,-0.00967124249497786,0.00655783981922829,0.005461105495880244,-0.01212042344336739,-0.013796039048493913,0.01300728433996439,-0.008132979024784607,-0.13957257573017756,0.22895627726871393,2,8
2021-08-19,QQQ,1,0.004831372842849069,0.004819739216951113,0.006844851020117209,0.005239673261419244,-0.005410759937282905,-0.007488296046892717,0.015879188277495283,0.010382516855535586,0.25835519266045526,0.42364584654258186,3,8
2021-08-20,QQQ,1,0.01035815106744531,0.010304873012940696,0.008652422661269952,0.006315206425504364,0.00549035664472064,0.0028797918826310998,0.009313604439820282,0.007313903044953113,-0.18584559808987333,0.13850154098199008,4,8
2021-08-23,QQQ,1,0.014956654249626,0.014845906409076903,0.011147956128302052,0.007915165681866607,0.01816277599630256,0.016631865096988774,0.013964192155492692,0.012011993871990671,-0.13805652636377452,-0.0410026745652563,0,8
2021-08-24,QQQ,1,0.0030543350484020237,0.00304968004332995,0.009288876040963475,0.007600419405510801,0.016481013182470416,0.01764974346661008,0.004360167180558284,0.0014177155587649915,-0.3614487567100636,-0.3636063623844037,1,8
2021-08-25,QQQ,0,0.0011485582820540685,0.0011478991936098026,0.005679158601642871,0.007495465273316518,0.010738327438514883,0.016445169340756793,0.004084107724776627,0.00045373544014292745,-0.05940302490693827,-0.3761874681485414,2,8
2021-08-26,QQQ,1,-0.006350009038636806,-0.006370256104243133,0.008285758791776798,0.007956644622641064,-0.0002416182116214971,0.008653146797403366,0.00708706087216839,-0.004011553129369732,0.4251757419809312,-0.11945973049996506,3,8
2021-08-27,QQQ,1,0.009720453360817949,0.00967351369215752,0.008179843769373207,0.008375257140818522,0.004992546581056301,0.016470046149935857,0.010695017439200023,0.007960975587410402,-0.06963165861745835,-0.19956730973677128,4,8
2021-08-30,QQQ,0,0.011222152715065548,0.011159651523208858,0.007084147742910577,0.00883719211009745,0.01246622989939472,0.024752474116080947,0.010428613850890719,0.009048702685101438,0.007046748349917253,-0.17551690849272827,0,8
2021-08-31,QQQ,1,-0.0008152199053422793,-0.0008155523777935159,0.007385350362641218,0.007963727757751265,0.00864370177125906,0.020008301519597316,0.0058342781102408686,-0.001471702568189153,0.08545302007275879,-0.06209807131210099,1,8
2021-09-01,QQQ,0,0.0016582249420411532,0.0016568516050528004,0.007357127004923269,0.006508904783221643,0.007225211787366126,0.016685827366211603,0.006141077801321633,-0.0012072799767482074,-0.05028655132610149,-0.07892794352511712,2,9
2021-09-02,QQQ,1,-0.0004732536186280445,-0.0004733656384656726,0.0057710239808476905,0.006734474258930813,0.00251401868354284,0.011761240243889137,0.008272910574156628,-0.004110289601804609,-0.09541798900431087,-0.09883232058448765,3,9
2021-09-03,QQQ,1,0.0030757883870140557,0.0030710678270660097,0.004899163383395604,0.006410305582520751,0.002674996280302322,0.011151084541203504,0.00733083373859001,0.006196946616610392,-0.033315784924607295,-0.08040744706495717,4,9
2021-09-07,QQQ,0,0.0014151720004873525,0.001414171588317359,0.0016106011751281827,0.005061121383343592,0.0031186745541613714,0.010204846645701204,0.005999812903127796,0.0011265790296388631,-0.02581547140058682,-0.06913290667329441,1,9
2021-09-08,QQQ,0,-0.0034806073343723876,-0.0034866787402947352,0.0025292094877172404,0.0053745082274829215,-0.00080820649981872,0.004985611512341892,0.009111566348506546,-0.003011007039346606,0.3745901160607754,0.22615224826706437,2,9
2021-09-09,QQQ,0,-0.00344046478899962,-0.003446396797801121,0.0029134461675257516,0.005618359962210816,-0.003665415913450487,0.00029508448434900636,0.007690067454090273,-0.004041910987769581,-0.10774768431403492,0.058746588667280886,3,9
2021-09-10,QQQ,0,-0.007589491508952717,-0.0076184382533561745,0.004270143525129126,0.005814966804381764,-0.009244880244291154,-0.008386654283164763,0.015004068556681018,-0.012171168362198805,0.36907377801966046,0.3937086534149834,4,9
2021-09-13,QQQ,0,-0.0006903773228607024,-0.0006906157430242033,0.003391963083868617,0.004977603268287937,-0.007191551979855437,-0.00914688432980959,0.013747042374011413,-0.007018664689440414,0.21099444960670222,0.5701351606446015,0,9
2021-09-14,QQQ,1,-0.002843044369504333,-0.0028470934965341144,0.0024997123634658727,0.0031239737380546733,-0.006423159568758718,-0.010661496506658152,0.011459235537303552,-0.006880790998598256,-0.14187412036486136,0.28712478247423157,1,9
2021-09-15,QQQ,1,0.007434486195709855,0.007406986615936084,0.0055476136043809245,0.004181782847672065,0.0024127551116444046,-0.002806730881298458,0.013413909982040983,0.006174584778443591,-0.18477954220519954,0.03505375325712934,2,9
2021-09-16,QQQ,0,0.0006881266578455669,0.0006878900072537775,0.005479613270008857,0.004137340265853082,0.003719924880455583,-0.001522679412376049,0.011149999392370605,0.004327293497150218,0.03211928007296638,0.045900869575554504,3,9
2021-09-17,QQQ,0,-0.01184246873738204,-0.011913149346415963,0.006964673073855188,0.005454136480935836,-0.006711865126524441,-0.011633254846840635,0.013524919942043905,-0.010560639126051279,0.7308023447778116,0.6376699882159964,4,9
2021-09-20,QQQ,1,-0.020663077793316775,-0.020879546314545472,0.010986174017232102,0.007795081458062769,-0.02192193982924151,-0.028082113030182265,0.02264194066753487,-0.004789580604619461,0.25103140088290865,0.7991857727686016,0,9
2021-09-21,QQQ,1,0.0012305118902007361,0.0012297554309368408,0.011371666385932488,0.007780767210678817,-0.01614275178547131,-0.022851312136493718,0.010392315859850936,-0.003890289809072932,-0.449793446994352,-0.05033975084937714,1,9
2021-09-22,QQQ,1,0.009340465449961144,0.009297113047874284,0.011897022298254014,0.008876881014804315,-0.0026323185241742264,-0.010876521071850331,0.013920335394912463,0.006755866438935538,0.12033629479458585,0.031184546490116816,2,9
2021-09-23,QQQ,1,0.00922686072619161,0.00918455329084722,0.013311678068522622,0.009651316062184381,0.009245505625857131,-0.00012571465619415356,0.010626826889709364,0.005987704073334374,-0.0494093402791822,-0.051524852440658186,3,9
2021-09-24,QQQ,0,0.0009382255096055392,0.0009377856511543214,0.012265147765202558,0.009434743689576823,0.010239424755279947,0.0015757294648111042,0.009415947145348727,0.007230521300183056,-0.19249305742183997,-0.227217558420872,4,9
2021-09-27,QQQ,0,-0.007982191349202639,-0.008014219589455251,0.007175597669902583,0.009710130612562956,-0.00034020668847878355,-0.004933882814004753,0.00950834386170509,0.00040516988530106307,0.2019397173348716,-0.06027879762453048,0,9
2021-09-28,QQQ,0,-0.028297343053266144,-0.028705429812259098,0.015663981168294473,0.012921854262500967,-0.025323548392760298,-0.02918566181364013,0.029944981232695796,-0.01586134519529889,1.2544043232167539,0.8895770163119852,1,9
2021-09-29,QQQ,0,-0.0016398269393189668,-0.0016411729271741393,0.014134172275340648,0.012335545073651973,-0.021467528452202567,-0.025955518981719994,0.013096271265323112,-0.005233033137219927,-0.405571659010702,0.0734369608126364,2,9
2021-09-30,QQQ,1,-0.003673663476321698,-0.0036804279500053383,0.011736242627877246,0.01219227735880728,-0.017019920016646317,-0.024261409903698405,0.015458311087889897,-0.008338670126176577,0.056959257256795404,0.08219022554694289,3,9
2021-10-01,QQQ,0,0.006201621597126117,0.006182470678957053,0.012928550425140269,0.012454795381390164,-0.0037286511100285136,-0.014655218883657506,0.019157822086607455,0.004405985904555552,-0.08160190015085211,0.0018948306772765822,4,10
2021-10-04,QQQ,1,-0.02098937216214014,-0.021212780700683886,0.014382747707752712,0.012504989336936913,-0.014978339479531977,-0.031872738259728584,0.023820088946332318,-0.01645652704808987,0.3616908054030563,0.36290780177100257,0,10
2021-10-05,QQQ,1,0.013498942379526868,0.013408643376592977,0.012929637136488283,0.013583035194529828,-0.0002908511488804999,-0.01643579060424394,0.017556731800342163,0.010375769744690613,-0.3847158898470677,-0.16924952115619019,1,10
2021-10-06,QQQ,1,0.006407996809170813,0.006387552887528791,0.01337325331972193,0.013332240599111849,0.005895694117135086,-0.0074287433678892345,0.019204751944258875,0.015787469124092554,0.2026892272123879,-0.017852295663172923,2,10
2021-10-07,QQQ,0,0.009174718495322143,0.009132886435827992,0.013652930326398235,0.013327096974365403,0.012287792416695753,0.004452557344295283,0.009481815207141853,0.00046861475593927776,-0.30622023888111394,-0.31237522895410585,3,10
2021-10-08,QQQ,0,-0.004986557231994815,-0.004999031595204428,0.013882990627807758,0.013282161357438609,0.00668965889267481,0.0028211045379653577,0.010190128843898576,-0.008020168693278798,0.06117804075998712,-0.2775748023933726,4,10
2021-10-11,QQQ,0,-0.007669528720270047,-0.007699090804168307,0.009181324392707843,0.013270090487798706,-0.004234225486682175,-0.0015543634601432599,0.013627077693540462,-0.0033093385846405376,-0.16677944541548406,-0.3891004662493399,0,10
2021-10-12,QQQ,1,-0.003487903305234852,-0.0034940002210657184,0.007433501364941542,0.009963150070665066,-0.007575024265923935,-0.004279548458050675,0.010697942463325144,-0.007613621755026988,0.2599319314033839,-0.15016010556146886,1,10
2021-10-13,QQQ,1,0.008007910392229478,0.007976017229723631,0.007809276969538001,0.010324358468872969,0.0001888509821219575,0.003492627979858165,0.009067924889630458,0.0013629390588997476,-0.08619272020790292,-0.19544726885662944,2,10
2021-10-14,QQQ,1,0.018416379450471032,0.01824885164553791,0.010931670025377626,0.011667745511574292,0.016541398804423624,0.01950947599230779,0.010558432489519102,0.008083814296984727,0.08257811409543181,-0.09648499109879438,3,10
2021-10-15,QQQ,1,0.006300926628000303,0.006281158783518315,0.010258467385140566,0.011671328017379409,0.01855225140599348,0.023440277389431996,0.006088915419821593,0.0028813676865406435,-0.06939280147534532,-0.13031681763158998,4,10
2021-10-18,QQQ,1,0.010055896233675865,0.01000567212743153,0.00786585333637275,0.008412730766209587,0.020757632994599096,0.02801987199869105,0.01599522623736452,0.013710205777195852,-0.1461260418754129,-0.18313814026682707,0,10
2021-10-19,QQQ,0,0.00756759997228218,0.00753910933449653,0.004857529774708898,0.007990221983304896,0.018257106623000174,0.03065606607059923,0.007545088445861204,0.004602009955058529,-0.15711243426485288,-0.28058710383573127,1,10
2021-10-20,QQQ,1,-0.0013051221490042453,-0.0013059745626655683,0.007109364631008586,0.00820628359445274,0.008732165388185109,0.025003313592549592,0.008272638849134843,-0.0025535762324940363,0.07903819050565475,-0.17166198009685574,2,10
2021-10-21,QQQ,0,0.006106896800439188,0.006088325277403328,0.0042441118839943465,0.008055920474034408,0.009115613924092214,0.027247496836130036,0.00967499220054688,0.008311912874501191,-0.1886251485331456,-0.3022363842632584,3,10
2021-10-22,QQQ,1,-0.00840240178402274,-0.008437900953949473,0.00756074293783918,0.008532920056744631,-0.002117934941372024,0.0150397891923717,0.01218146294599733,-0.005000278812377776,0.4242951317861112,0.009155782954086478,4,10
2021-10-25,QQQ,1,0.010237832980556805,0.010185781331100152,0.007604675862507696,0.0077585348999687975,0.005266586372844273,0.02002369569214646,0.014138879521547819,0.006310563245803995,-0.10138990732113418,-0.08745206700457475,0,10
2021-10-26,QQQ,1,0.0031486670468490185,0.003143720375656578,0.007161922834374824,0.007180910913337932,0.006477561640448659,0.017201036298837957,0.01262390567361434,-0.0029193273467846745,0.4476835860088717,0.30903824538784086,1,10
2021-10-27,QQQ,1,0.0023212734098081445,0.0023185834166881136,0.006928787661086095,0.007230413718994784,0.0061321446594044815,0.01412033924692957,0.010116435201357896,0.0011065215306192428,-0.030319147809024116,0.24979755194209474,2,10
2021-10-28,QQQ,1,0.011105293660651494,0.011044082647600817,0.007846225559505524,0.006045604328364627,0.013575235909143446,0.02059142934488234,0.008692256101877491,0.005943157327198764,-0.169436522765267,0.05365323007215639,3,10
2021-10-29,QQQ,1,0.004919004165425456,0.004906945393035933,0.00406985621643526,0.006021035697162605,0.01214755981121618,0.02095532990436988,0.014643328105851934,0.01325247421750754,-0.018336095982319,0.04332805938145445,4,10
2021-11-01,QQQ,1,0.0034187120158910567,0.0034128815047473893,0.0035490539942007572,0.0057074410760306026,0.010574475057346655,0.020457590149769667,0.008122889462672414,0.0022506082436934732,-0.17541630818464704,-0.1305759591972382,0,11
2021-11-02,QQQ,1,0.0041812865923316345,0.004172569304751406,0.003444150476516933,0.005565117801598881,0.009570114200463165,0.021072216146050593,0.007213052308613831,0.005816959852657215,-0.18299837804279495,-0.28164886981437987,1,11
2021-11-03,QQQ,1,0.010615666562146409,0.01055971599393235,0.0037051404171317926,0.005679631657161252,0.01335571021539872,0.027005954055252523,0.013168975807953983,0.00931845718537594,0.34268936515577697,-0.041935631305511034,2,11
2021-11-04,QQQ,1,0.012818633398911317,0.012737170144252907,0.004238192263865273,0.006226078929725345,0.018991962885268387,0.034509671075749315,0.01338470551675144,0.00948081051058534,0.19308481165312052,0.09697586725560292,3,11
2021-11-05,QQQ,0,0.0009542408010232428,0.0009537858026993362,0.005060576387290352,0.004329475584939213,0.013486069983045024,0.02894790629047339,0.009574008825258643,-0.0035996460620126877,0.07744882069672898,0.15948218608192688,4,11
2021-11-08,QQQ,0,-0.0013548620909082931,-0.001355780746412627,0.0061054945801820495,0.004714296466652532,0.006671296191820275,0.022241887803874594,0.005569915397315017,-0.0012795989569032726,-0.3256399854323503,-0.21104578508714922,0,11
2021-11-09,QQQ,0,-0.006883054520873233,-0.006906852003086605,0.008291017323201855,0.00607368329716735,-0.0034182012469345935,0.010999690264847706,0.014154709501574008,-0.009620193162291877,0.7258060657020882,0.349574150974866,1,11
2021-11-10,QQQ,1,-0.014697038519713046,-0.01480610999468368,0.010169245601264448,0.008543615082822552,-0.01624472266892385,-0.006275866525683571,0.019950535194822393,-0.007541955935158448,0.0880696841200459,0.43327382382629165,2,11
2021-11-11,QQQ,1,0.0027726384885398137,0.0027688018166118766,0.007071476088081004,0.008001041318108448,-0.009700420365815421,-0.005137405828271935,0.006393788926294651,-0.0050437143678499574,-0.41309563248351755,-0.14596246557613957,3,11
2021-11-12,QQQ,0,0.010522478533308455,0.010467502575338905,0.009553007576002519,0.008437809942530574,0.002702941010441773,0.003136213617957573,0.013068880365435097,0.007478937324260241,0.07715162981112189,-0.0737434679106862,4,11
2021-11-15,QQQ,1,-0.00022790907612324496,-0.00022793505134366399,0.00958315657127938,0.00845973301966549,0.004234682765537956,0.001080797299221281,0.010456881848311813,-0.003283620768664334,-0.029187517635744897,-0.10780184182296126,0,11
2021-11-16,QQQ,1,0.0071209396478937315,0.007095705480330672,0.009735788208532579,0.008598893257898357,0.010305938644576296,0.0060731420292441385,0.010841388240697896,0.009038816352451153,-0.17332554297696412,-0.26774707615321125,1,11
2021-11-17,QQQ,1,0.00052825342648255,0.0005281139497581577,0.0045720619015233235,0.00807287359614768,0.00668361228293568,0.0054719171513279985,0.007743523751767756,-0.0003016847697988686,0.0297923789774297,-0.23580179137284807,2,11
2021-11-18,QQQ,1,0.010361430952200656,0.010308119267181226,0.0052173696900119654,0.0077075573186887935,0.011399121905431908,0.014984055994167411,0.012058080890017241,0.005053383429199075,0.5929004678904517,0.1998617527484121,3,11
2021-11-19,QQQ,0,0.005575640001343363,0.00556015365814666,0.004482277303154032,0.007847796072855916,0.012303282829426276,0.019255287491959816,0.006742188905347623,0.0013880910412225973,-0.011587546340343202,0.1803581582299525,4,11
2021-11-22,QQQ,0,-0.011609267158457559,-0.011677180830755418,0.008595336513301058,0.008849672466490243,-0.0017949702555539737,0.007107403253965305,0.02347310906070392,-0.015459771230661177,0.36563572514421905,0.4859600976010501,0,11
2021-11-23,QQQ,1,-0.004557925254111916,-0.004568344266865587,0.008576975785917963,0.008667288720094849,-0.006374501729541127,0.001971240464611057,0.018361753855880923,-0.0015824128718551433,0.13583805662768134,0.6117185376820344,1,11
2021-11-24,QQQ,0,0.0032201942189011845,0.003215020497448151,0.008697389308951853,0.006811881732599398,-0.0037376728452824803,0.002859390043242316,0.01648388162149857,0.009697964603534207,-0.3301673212199371,0.09976755973321372,2,11
2021-11-26,QQQ,1,-0.01895872947729693,-0.019140750451835054,0.010219905807612197,0.009575263729851322,-0.017445875992081583,-0.016304448891998558,0.01961581333112271,-0.012395479351961966,0.09751801748078992,0.15483708607075086,4,11
2021-11-29,QQQ,0,0.021702469708922756,0.021470323866818575,0.015616727711319592,0.011394590154324938,0.006051067902688612,0.003784663865860738,0.014120074088897427,0.00959859469136461,0.05654208055762,0.16850504082795936,0,11
2021-11-30,QQQ,0,-0.014686211962603446,-0.014795122006164618,0.01613991181046109,0.01247797555450289,-0.005981832992715819,-0.010760866374955325,0.023672206405293612,-0.012437914314311465,0.493793057848811,0.5836700280973808,1,11
2021-12-01,QQQ,1,-0.017012981601530308,-0.017159365027492157,0.01741741885385937,0.013230846608378623,-0.017756093354391544,-0.0250683588373799,0.03474941342851597,-0.02802049737951713,-0.04384706274352135,0.3801488150275989,2,12
2021-12-02,QQQ,0,0.0072070062604989715,0.007181159899837475,0.017978451886040067,0.013567431134840713,-0.006213928922636058,-0.016129156763331487,0.01918090754439169,0.010653229650557108,0.08551368519863956,0.36336584364525937,3,12
2021-12-03,QQQ,1,-0.017388709698964666,-0.017541669082545397,0.017670582438587913,0.013624194680704886,-0.019460930465901027,-0.02867367378041219,0.034346177008661216,-0.020904123908964015,0.24796663215528691,0.5519777020074232,4,12
2021-12-06,QQQ,1,0.008013135229344881,0.007981200545766676,0.013174215419865043,0.01384746033440852,-0.004731471697527412,-0.016454327612848596,0.02163547742591793,0.0066991822628780315,-0.3584302096553269,-0.03610169157958054,0,12
2021-12-07,QQQ,1,0.03011380674423636,0.02966928812245051,0.019943034822390605,0.01729325457826304,0.023125282251760915,0.013543417920345746,0.013917515807170648,0.012212777161735555,-0.17138194493762282,-0.19473897993148737,1,12
2021-12-08,QQQ,0,0.0044743675022678175,0.004464387279045745,0.01684616907851926,0.017278240659808583,0.021143019045966494,0.01752621500577023,0.009041379265415239,0.003616475061574349,-0.2999948219186398,-0.41010939247767597,2,12
2021-12-09,QQQ,1,-0.014714512314870198,-0.014823844590829971,0.0192867427716919,0.017903434229175466,0.004157013460820647,0.0038395239216244548,0.016744102737633947,-0.011597828659219208,0.2747092133455771,-0.251461653693412,3,12
2021-12-10,QQQ,0,0.010870641895577515,0.010811981204650323,0.016010399501731203,0.017067425562362813,0.0074265293262198995,0.012993076733268882,0.01240485474334364,0.0035046509645253734,0.05146907273225709,-0.21412692468296346,4,12
2021-12-13,QQQ,0,-0.014447216819327702,-0.014552594025897925,0.018822540436250007,0.016203714001345477,-0.010164503798462676,0.0002496822006512467,0.016205984144354587,-0.014422086016017587,-0.04528240125756955,-0.24487870755863372,0,12
2021-12-14,QQQ,1,-0.010350262110067399,-0.01040419856670649,0.011765936954726738,0.015873959450385604,-0.015625368720438737,-0.008682488834308222,0.016679555018554025,0.002323843125302674,0.4989953434968426,0.14247099049946255,1,12
2021-12-15,QQQ,0,0.022797494942780716,0.022541515216780716,0.01705456959483828,0.016482368584030533,0.008124813274031029,0.011352556467076225,0.03490232628682559,0.023482974929708248,-0.01783529612017154,0.12879751077055746,2,12
2021-12-16,QQQ,0,-0.025714624837764877,-0.026051025273955197,0.019737304252525418,0.018621723566916097,-0.014350133451741742,-0.013882852718945515,0.033338406306843336,-0.02813790565419316,0.11824582306588316,0.2658040830876942,3,12
2021-12-17,QQQ,0,-0.004989104203910966,-0.005001591334667488,0.01808177464586227,0.017775774688305206,-0.012676571335266895,-0.019247704584414715,0.019356725765401473,0.004121819698928991,-0.02541305753383527,0.28249332284511874,4,12
2021-12-20,QQQ,1,-0.009700057615388058,-0.009747409634613291,0.01768307192000843,0.01783802030838347,-0.016662337039814457,-0.027516227795023496,0.010617274024642721,0.0029506944584028463,-0.18828710749448707,0.04476511701574637,0,12
2021-12-21,QQQ,1,0.022380183330370063,0.022133421951695986,0.02119118084475811,0.01644442184297937,0.004563774417583488,-0.003687131381014952,0.024293677564950673,0.013435760515870651,-0.2515779774950717,-0.20908804331071695,1,12
2021-12-22,QQQ,1,0.012178627709614531,0.012105064883768613,0.01885857258545719,0.01695096331654704,0.01816103482655662,0.009777865610159253,0.015247724717652964,0.012959318344767257,-0.2424830519739466,-0.398768555060781,2,12
2021-12-23,QQQ,1,0.007538989720651479,0.0075107135644874035,0.012988105381217639,0.016427746023898158,0.02026076201048088,0.01642861093227954,0.010879708995220866,0.006619197801985179,-0.2010328760170832,-0.5032038988308912,3,12
2021-12-27,QQQ,0,0.01652723181617266,0.01639214351214946,0.012191573104512325,0.016893997575463376,0.027058627885904407,0.031648169961443484,0.013207808576585059,0.013132482074897991,0.10897602676082507,-0.43019835688127583,0,12
2021-12-28,QQQ,0,-0.0046346523187512645,-0.004645425619700383,0.010218428283470646,0.01612437505077049,0.011525472657463842,0.02428703165543089,0.009569721007904158,-0.006899131026287905,0.008927292836533152,-0.4075725982400915,1,12
2021-12-29,QQQ,0,-0.00014942077796176179,-0.00014943194235783608,0.008686929433046865,0.015525371832695646,0.005126361789614009,0.020530320146939562,0.009807100040836963,-0.0004978524132700685,-0.026128158435934412,-0.37502761634329385,2,12
2021-12-30,QQQ,0,-0.0029884719664629023,-0.00299294636544456,0.008765304790578214,0.014059071028936885,-0.001077942786700592,0.01649711132513998,0.009518370049657127,-0.0024418321619073423,-0.2604276167883778,-0.48818528430490815,3,12
2021-12-31,QQQ,1,-0.006244312554232745,-0.006263889814106527,0.009237339016673217,0.010944656802544937,-0.007776037588219431,0.007207946149299982,0.009307914694031236,-0.00452884337188768,0.4571385444924758,-0.1688939247987098,4,12
2022-01-03,QQQ,0,0.009626683450732365,0.009580642180921473,0.006289734514900481,0.010734323829957591,0.0026759947368077963,0.012479619414059284,0.012680109543616699,0.006590665238102885,0.16755436236975907,0.07276730547452148,0,1
2022-01-04,QQQ,0,-0.012970660670282297,-0.013055514225799314,0.00831361321455702,0.011250875224871913,-0.007783239062454039,-0.004612072131788825,0.02234981715551644,-0.014344642884238958,0.43009027526191645,0.5643866623603293,1,1
2022-01-05,QQQ,0,-0.030720998080322914,-0.031202780856903978,0.01481278162946417,0.013898076766828507,-0.029884247204335135,-0.03399816356774765,0.030045133917389007,-0.026473075816940913,0.30524650508726947,0.9041271700859674,2,1
2022-01-06,QQQ,0,-0.000702739084182058,-0.0007029861210341437,0.015064683918966138,0.013095781521603211,-0.022506740612747378,-0.03226139390774874,0.018879768231762493,0.004183817608279662,-0.06503185907541342,0.640972557263707,3,1
2022-01-07,QQQ,1,-0.010832713713391562,-0.010891814760612739,0.015055335562667395,0.01282112481550329,-0.024158433752708208,-0.03861146742632571,0.02010259939390785,-0.010858561677445656,0.025955209611618013,0.5308260467758432,4,1
2022-01-10,QQQ,1,0.000658220860115355,0.000658004327776851,0.012597021259082143,0.010774317089223513,-0.0125729954235837,-0.03225472916336147,0.030227887701958507,0.01411338222073062,0.263146521170011,0.7200135995975598,0,1
2022-01-11,QQQ,1,0.015021867181091553,0.014910156282461173,0.0169296366444285,0.012658320916649698,0.007836545671976669,-0.013752599256863673,0.02311785468239225,0.0170287384597761,-0.25579897679537544,0.20085165611913758,1,1
2022-01-12,QQQ,0,0.003965720038862086,0.003957877299051837,0.009307290687798841,0.01286017136589875,0.010218337587861503,-0.006234203455394383,0.013360455530994951,-0.0028573994130122915,-0.20088087536989885,-0.07662754284668216,2,1
2022-01-13,QQQ,1,-0.025016153506813632,-0.0253343758208322,0.015268140696452577,0.014536512557239843,-0.011775127110320582,-0.02542116716250631,0.03284715737979146,-0.02857727104849082,0.42907923571360507,0.20883634351572145,3,1
2022-01-14,QQQ,0,0.006222355940565638,0.006203077016062153,0.015051554314074128,0.015013447934692718,-0.005704080664152622,-0.014821461641665645,0.014637322752409341,0.01317088102204878,0.02727389286355364,0.16022290658709148,4,1
2022-01-18,QQQ,0,-0.02489408426272366,-0.025209182358855386,0.01873234902038226,0.015375148349297284,-0.0255813680598721,-0.03153055407641203,0.017244177252917076,-0.009330608149459435,-0.05829043998342509,0.040067556027543416,1,1
2022-01-19,QQQ,0,-0.010983452812142414,-0.011044216267987572,0.01505317559247802,0.015315441911127324,-0.02638070670707504,-0.0346007302307455,0.022786540710482688,-0.015235746347300459,0.0840361082505312,0.09170821506377536,2,1
2022-01-20,QQQ,0,-0.012988355541654228,-0.013073441788111317,0.012825832928454154,0.013243952833920828,-0.025759100705201043,-0.04144057928018452,0.0343437664511975,-0.021823216251767415,0.08337296662856164,0.16275181986084086,3,1
2022-01-21,QQQ,1,-0.027728727697566513,-0.028120426728256653,0.013474030402946355,0.014727497871768358,-0.03933453628015937,-0.0599665293492867,0.029988590821736747,-0.02164297090960924,0.6181894511610899,0.7179481127526068,4,1
2022-01-24,QQQ,0,0.0045777851474897435,0.0045673389572060685,0.012860818342278662,0.015270838621700429,-0.0206460623282958,-0.04891126119506328,0.05732709918737719,0.021363892494066273,0.3856428217246941,1.0681667342572845,0,1
2022-01-25,QQQ,0,-0.023181536371046474,-0.023454454205242392,0.012530135061229387,0.01577477998650401,-0.02966333424465606,-0.06212221175729227,0.026970911072078333,-0.004500037545061777,-0.37389385653126694,0.25235789103842854,1,1
2022-01-26,QQQ,0,-0.0015645869975202675,-0.0015658122419246467,0.013756457465260866,0.013637023609818725,-0.019096010347793624,-0.05297326579949824,0.045620713316277754,-0.02363207687894187,0.1781461819444623,0.3676988118355997,2,1
2022-01-27,QQQ,1,-0.010070663617408604,-0.010121715792310582,0.013775310792858196,0.012589405250763682,-0.017439044898256095,-0.05044011027465989,0.0321121963843744,-0.023754974063988566,-0.35005441475987564,-0.14358161596883312,3,1
2022-01-28,QQQ,1,0.03136902956804599,0.03088707461751561,0.02028525675862617,0.01789916921055005,0.013318782881624136,-0.013551919889585817,0.041016753218989316,0.02556624506568134,0.13555304301999782,-0.053177414293473446,4,1
2022-01-31,QQQ,1,0.03197845834276025,0.031477793142636656,0.024925325783518432,0.02149333425557334,0.03988242508828699,0.022857462556028052,0.03434316099542599,0.02788781213338082,-0.12796310180746784,-0.18447614923177624,0,1
2022-02-01,QQQ,1,0.0068036006673783955,0.006780560620838649,0.01918314582987592,0.02043812325850805,0.03485773371499512,0.03127804512445631,0.0193452458213033,0.0029909622144090402,-0.2108995996878923,-0.3559029637653557,1,2
2022-02-02,QQQ,0,0.00812545533635789,0.00809262156380175,0.017958004237376222,0.020312493614837928,0.0293248029187112,0.039068400988476526,0.015712887833047327,-0.003434713050919192,0.058362554243413634,-0.31652899861305284,2,2
2022-02-03,QQQ,1,-0.040543885812960756,-0.041388702790891685,0.029487309981656145,0.02392789856811926,-0.019229757848813755,-0.000757416070470196,0.026413413809014758,-0.013890081731748504,0.21081888010602068,-0.17727573633264404,3,2
2022-02-04,QQQ,0,0.0126147931463223,0.012535889518974663,0.026766758252967156,0.022468893245762483,-0.010267569739363824,0.010043675252823459,0.02663237978251743,0.011099252548568656,-0.09505183215774426,-0.21693042110141925,4,2
2022-02-07,QQQ,1,-0.00804434635757989,-0.008076876686012646,0.021745056831274027,0.022662368079797417,-0.013911235793195642,0.0014015163698455346,0.020104822801980383,-0.009731722385514405,-0.3257733296415708,-0.3949164250412136,0,2
2022-02-08,QQQ,1,0.011235264017851021,0.01117261723776597,0.02238698775107262,0.021189911738040114,0.0007244898545486489,0.008667715385448194,0.021019331622259003,0.014577929106895243,0.11207926031949489,-0.28258609484518893,1,2
2022-02-09,QQQ,0,0.02119069822150843,0.020969297669117815,0.024700258711284975,0.021718464268476373,0.02293393744623895,0.02367064077715253,0.01289312270589633,0.00816472713044167,-0.13835561619198744,-0.3126702874695291,2,2
2022-02-10,QQQ,0,-0.022632614168576537,-0.02289266299479209,0.017819181144636,0.02310052679389982,-0.002932103454856838,-0.004314227822093231,0.027675739857331676,-0.003031810111256914,1.0167789206403857,0.357394877434551,3,2
2022-02-11,QQQ,1,-0.031721698071968674,-0.03223573103456978,0.02224194912915907,0.023768035934073558,-0.02864320028480749,-0.03462793471819736,0.03981257099809162,-0.031721662108428125,-0.09691069054890922,0.23569004234499236,4,2
2022-02-14,QQQ,1,0.00123923770583656,0.0012384704845711525,0.02241487250642024,0.02081961854177848,-0.023262355710298666,-0.029230010530443384,0.02046234101335731,0.0028860862598760026,-0.20985417809156526,-0.006617975255560626,0,2
2022-02-15,QQQ,0,0.02486391569653823,0.0245598386021868,0.0253836908113264,0.022586034240430358,0.0027086049105404797,-0.002476105898017167,0.012892770807724387,0.009124142663255551,-0.31307442333379853,-0.3009161710118258,1,2
2022-02-16,QQQ,0,-0.0002525341405039683,-0.0002525660326195833,0.02222511550777929,0.022307237070873676,0.00852636986055133,0.0007618943600440353,0.01803178099243624,0.006274380121949558,0.06926143866726653,-0.23321483892686945,2,2
2022-02-17,QQQ,0,-0.02974406636900595,-0.03019539318264375,0.023754482139458882,0.020485724021743684,-0.014222424767213027,-0.026789056992904015,0.023926979290888918,-0.020666718345430546,0.04842138120450379,-0.15936249018938398,3,2
2022-02-18,QQQ,0,-0.011405227513112348,-0.011470765917222181,0.019923557646105053,0.019967035313139314,-0.022368852181223864,-0.03339557935546511,0.02214134357862714,-0.014145070421418493,0.2944933286300957,0.09763078094142585,4,2
2022-02-22,QQQ,0,-0.010043540021887898,-0.010094316640731016,0.019953851447979423,0.02001611227508154,-0.02694537518305884,-0.038463536887875405,0.02862714621102019,-0.0012112726341641092,0.0745686018387155,0.13619134017740886,1,2
2022-02-23,QQQ,1,-0.025615472056556454,-0.025949260699938748,0.01208514544509971,0.02014264495302614,-0.0370652890719847,-0.05511227563377885,0.03832176928275109,-0.03486462451988819,0.0028883142504516623,0.10799662314165803,2,2
2022-02-24,QQQ,1,0.03360421261226709,0.03305192970765791,0.02513830827900901,0.022423131377518887,0.0044246029614776194,-0.015953592998970922,0.07144649053111823,0.06790237782320382,0.514974122952512,0.5312906448710701,3,2
2022-02-25,QQQ,1,0.015507431002566463,0.015388419591603864,0.02374862874157285,0.022742368479504248,0.019808090151158808,0.0029761619896879754,0.02516772552616468,0.013067274580236883,-0.3963737452541495,-0.03773764525392964,4,2
2022-02-28,QQQ,0,0.002978921974629234,0.0029744937785514125,0.02281240568427148,0.02046703785562442,0.01966421424092868,0.006039795115212465,0.021079679468765527,0.012525117237535114,-0.016826035836183917,-0.02531462211019564,0,2
2022-03-01,QQQ,1,-0.015311469718750081,-0.015429900728330281,0.023686840819410453,0.021027388330188697,0.0020423711558006374,-0.007636888974006051,0.026550954955260303,-0.012321069459508316,-0.13040617682915034,-0.13850263278973463,1,3
2022-03-02,QQQ,0,0.016779458982290718,0.016640239058731687,0.018171991407237624,0.02003117204745449,0.008322937184523482,0.01163376464703969,0.024338365484215727,0.012067199517525504,0.04750248490512865,-0.11508694729122038,2,3
2022-03-03,QQQ,0,-0.014285139271218328,-0.014388154104230111,0.015515983473929747,0.02035676533591046,-0.007101841127567621,0.0012021285892129807,0.02769126009265595,-0.021918621069051025,0.0068036652551375365,-0.12242080086413087,3,3
2022-03-04,QQQ,0,-0.01449170403710609,-0.014597734400548568,0.014322629784776029,0.018696751798005132,-0.016658189481549623,-0.010949018390768894,0.018802919608397254,-0.007474130685890298,0.08224714233064279,-0.06766187096566223,4,3
2022-03-07,QQQ,0,-0.0368812453554237,-0.03757855739904592,0.01914561650449661,0.021596879994773915,-0.04065259268982058,-0.04275294927733653,0.041003340565902956,-0.036852627941701646,0.1689384594788157,0.07688422528859884,0,3
2022-03-08,QQQ,1,-0.004647863833717958,-0.0046586987386367795,0.019393534549001605,0.021517908740906793,-0.03477017694336815,-0.04304854254709667,0.04095043824581131,-0.002160104045121378,0.2915488948537701,0.34232850061220366,1,3
2022-03-09,QQQ,0,0.035997747396990354,0.03536496950769852,0.02672232595272717,0.023450355729560377,0.007331041532040228,-0.010232001138223201,0.02197440405402223,0.009766360917483044,-0.44277893381109024,-0.23297557726754792,2,3
2022-03-10,QQQ,0,-0.011104490289218671,-0.011166605407388452,0.026538655558175504,0.020858209350897963,0.002772902574466496,-0.01854928829936353,0.01753224769402351,0.0013602009536627642,0.07167886730301554,-0.11365851956833173,3,3
2022-03-11,QQQ,0,-0.02073836271224694,-0.02095642262858366,0.02716472768647538,0.020518977525168847,-0.010293572624717195,-0.03277924426707024,0.03212497163395192,-0.0296722098899516,-0.04518711065169034,-0.139845555492926,4,3
2022-03-14,QQQ,1,-0.01920493311783078,-0.01939174350067585,0.023248966812965035,0.020618847674539056,-0.025322102633339005,-0.04318706165997399,0.028285779694690115,-0.015349832513625386,0.20496040973358864,0.033382475673246814,0,3
2022-03-15,QQQ,1,0.03136696179869203,0.030885069737236925,0.02805661491979388,0.02390011988896465,0.002303001769953905,-0.009199991673873198,0.03029170117425339,0.022656410193981777,-0.04174801322262678,-0.021246994632735605,1,3
2022-03-16,QQQ,1,0.03708666542397632,0.036415498970364446,0.028376633135714893,0.026551204842401324,0.03610150907362719,0.02969070060695045,0.03624652454530262,0.02453560997991005,0.3762472048227432,0.2898303744923827,2,3
2022-03-17,QQQ,1,0.01210641869743223,0.012033722152327897,0.027271035389667946,0.026471710240628006,0.04030260695782495,0.041469592364286045,0.022046846832546457,0.01793896448210938,-0.355681613028895,-0.16558493775603256,3,3
2022-03-18,QQQ,0,0.02046789451471387,0.02026124222873804,0.02210563092898994,0.02651440525048965,0.04450336217711004,0.05824580533427848,0.029876935997315977,0.025529556659018723,0.26008405839846627,0.04053690863251935,4,3
2022-03-21,QQQ,1,-0.0027802222911866847,-0.0027840942875201335,0.015827301856254687,0.022497379382941624,0.021955114734807157,0.04721558216952615,0.019703095869635045,-0.0003427345247911306,-0.13631017375825516,-0.083287000254894,0,3
2022-03-22,QQQ,0,0.019652687432993865,0.019462066795362,0.014467819572474342,0.02230844820964112,0.024563280706715096,0.05704249253599758,0.021820342783287764,0.018169357893053642,-0.14164400378866404,-0.15789455492743998,1,3
2022-03-23,QQQ,1,-0.01437147589249621,-0.014475745765832215,0.015165271095882268,0.0215305880824642,0.002969940571210472,0.03655525367289236,0.016637989000189653,-0.006158083481319287,0.11476038701794433,-0.06855008643039506,2,3
2022-03-24,QQQ,0,0.022226832142236308,0.021983416412968637,0.016620268532312184,0.0212964981003331,0.01620396494748433,0.05068294501145054,0.02292260076019652,0.016534783225992767,-0.24159285142780262,-0.2785387807986641,3,3
2022-03-25,QQQ,1,-0.0008341948531587207,-0.0008345429873068966,0.015660810554988414,0.01906497935357742,0.010619478498409718,0.0390756143122597,0.015934845364674412,-0.0006673996407550001,0.07522878221203122,-0.21512434219663834,4,3
2022-03-28,QQQ,1,0.015472488737328316,0.0153540103245291,0.015585494413603036,0.015945675035093733,0.017766603053771535,0.04096570571863256,0.019313192275096768,0.015500660602726845,-0.013029615762657154,-0.20031568689195867,0,3
2022-03-29,QQQ,0,0.017209741337128825,0.01706333113924874,0.01517867346985485,0.01482544773860602,0.027128983079743874,0.04591790773241411,0.015641065625202937,0.006207667614015915,0.19775345348462792,-0.030721927273317573,1,3
2022-03-30,QQQ,0,-0.011045662577866544,-0.011107118878160627,0.013982178135366608,0.013777088337369944,0.0072769144781987816,0.026500509542209727,0.014650139947987561,-0.005930465902961406,0.010058319744979727,0.03267560390489388,2,3
2022-03-31,QQQ,0,-0.012394963679033144,-0.012472421968660719,0.01412244549432182,0.015048237711771868,-0.006783448063645503,0.008552533199134293,0.016120285331551673,-0.01279812061440685,-0.02539788270986376,0.007656434979699256,3,3
2022-04-01,QQQ,1,-0.0019031122900133868,-0.0019049255090797246,0.014178029092707926,0.014191222773619238,-0.010029706613031708,0.003619488260495629,0.013836413129329898,-0.0026459895304375854,-0.18629069083767835,-0.14008085111617374,4,4
2022-04-04,QQQ,0,0.020588737971833027,0.020379654873774022,0.015558846659141675,0.015011478844903203,0.00793140765816136,0.018851424316549625,0.0189407385487983,0.01816877531124422,-0.1573069150048232,-0.24206468269369863,0,4
2022-04-05,QQQ,0,-0.022204131291679752,-0.022454353935165372,0.016208209665676435,0.01638692553789385,-0.008990612319109914,-0.004907864290947916,0.023408868508988833,-0.018243091540787154,0.36536293639635953,0.035894299606850755,1,4
2022-04-06,QQQ,1,-0.02171135369854349,-0.02195051312483276,0.01776537332242109,0.017304291049007908,-0.023091023356491158,-0.026896160666065483,0.017489108189085254,-0.006720045471320898,0.4357501829014627,0.4409816011375931,2,4
2022-04-07,QQQ,0,0.002377747725909929,0.002374925356821933,0.017980087437182584,0.015594243262739558,-0.01617572365800346,-0.023088841600191645,0.0217465474519589,0.00528053577307619,-0.2919687689767988,0.0038446077118177158,3,4
2022-04-08,QQQ,0,-0.013978888084574925,-0.01407751292979853,0.01833967004963893,0.016083410032645906,-0.023034025337321018,-0.034026719033893205,0.013027918490211456,-0.008997540195942389,-0.028557137794892884,-0.03148694089900739,4,4
2022-04-11,QQQ,0,-0.02365775823284555,-0.023942096486719855,0.010856360389937479,0.015914154160915378,-0.03073656293742677,-0.050570057492933196,0.015109745923746856,-0.011368530314989272,0.06700389469317791,0.018640419811617237,0,4
2022-04-12,QQQ,1,-0.004224235765422635,-0.00423318305518805,0.01119181056044625,0.013618030115690334,-0.022800015432080212,-0.04614854775758215,0.027909514183047563,-0.018249645362027292,0.10109004438232327,0.1135210052409843,1,4
2022-04-13,QQQ,0,0.020327310750854144,0.020123468714061232,0.016721297314287013,0.016380718633150472,0.0010464412891093566,-0.021054118474474137,0.024632123066134774,0.019276099310920607,-0.15692222304650905,-0.05048103516595359,2,4
2022-04-14,QQQ,1,-0.022867211458428738,-0.023132721598064343,0.01812985124216844,0.017173412022109796,-0.012903470568867759,-0.03687660390311032,0.025285791778928847,-0.023120914759200594,0.1980126385498584,0.12619542438015463,3,4
2022-04-18,QQQ,1,0.0007680348074670107,0.0007677400196621775,0.018291816549641172,0.01727720957872931,-0.006080646799699663,-0.02974191064189513,0.015562471928306534,0.003972124836658364,-0.20346738411902165,-0.10845619719358401,0,4
2022-04-19,QQQ,0,0.022350726328606907,0.022104609356722094,0.018712316701546418,0.017589847357825636,0.012941661034222118,-0.0014652262539107674,0.02919857750149482,0.024346984042980104,-0.03491938265659844,-0.15320917983897164,1,4
2022-04-20,QQQ,0,-0.014584189000792502,-0.014691583740994218,0.02025935042661563,0.016977861167882434,-0.002858072016566071,-0.010351591404595961,0.021896355941405616,-0.01694086532268807,0.15896998533150963,-0.022638526813352433,2,4
2022-04-21,QQQ,0,-0.02069117464687653,-0.02090823639655337,0.018831781466733744,0.01687249708237724,-0.016476945502865825,-0.025426806472941932,0.04249828444161381,-0.031982411039832605,0.157267175572519,0.15568697213397975,3,4
2022-04-22,QQQ,1,-0.026185780098792133,-0.02653473285380148,0.019574444695151457,0.0177984767950674,-0.03482799349574994,-0.04293558480789861,0.03170711669087248,-0.02665192105284778,0.08919539320061731,0.22372181313134543,4,4
2022-04-25,QQQ,0,0.0128456483149344,0.012763842793090951,0.021523919167416947,0.018834445954411777,-0.017117995756780857,-0.02502958647375597,0.023074787530336816,0.018070538372744683,0.23247712933658415,0.42419501956737493,0,4
2022-04-26,QQQ,0,-0.037744977940352586,-0.03847576775198647,0.01887184493237439,0.020763826575174574,-0.03749971290452414,-0.05519181031006348,0.03298017610861414,-0.03154483321757336,0.03993576785228181,0.4030851282888992,1,4
2022-04-27,QQQ,1,-0.0011981567275054505,-0.0011988750911431367,0.020247812207815206,0.02083072727424191,-0.02417079879427053,-0.049901463030370796,0.02483925458764136,-0.0015129885371494096,0.05088471322892918,0.40301938049192887,2,4
2022-04-28,QQQ,0,0.03551602600711168,0.03489987832197006,0.029504172298960688,0.023413811101615615,0.014323962428631098,-0.010715722895749846,0.0384341320496576,0.019139361644530006,-0.1056992451723946,0.19719967232000934,3,4
2022-04-29,QQQ,1,-0.04499865892254473,-0.046042534232805465,0.03400076488340957,0.02615680621219068,-0.023985091455492102,-0.04800240248519061,0.04519618267254027,-0.03228301455962769,-0.07513423831070887,0.08317994410861718,4,4
2022-05-02,QQQ,1,0.016695847724037316,0.016558004218677702,0.03460411867031155,0.02717409568847385,-0.000778098166647978,-0.02612646334081703,0.028993407644837536,0.018061006478217873,0.2558647240260976,0.27482650335250636,0,5
2022-05-03,QQQ,1,0.001067622547865854,0.0010670530442205006,0.029822647702122194,0.02550666512334135,-0.0007647230022420626,-0.01683722157710177,0.016295141103316327,0.0010047325721153845,-0.32313841529609966,-0.15727315449552048,1,5
2022-05-04,QQQ,0,0.03381207637964834,0.03325301525505164,0.03299641036930458,0.028517046755144288,0.024773562582351083,0.020057606553177454,0.05136072788787315,0.032225763751833815,0.4847177545708603,0.1865205078666008,2,5
2022-05-05,QQQ,0,-0.05036396681093669,-0.05167649075678238,0.037420230013614726,0.031895813652984335,-0.017669360594396832,-0.024934192631419272,0.04806717789888121,-0.037426616616476636,0.3318648488931233,0.4624817600551214,3,5
2022-05-06,QQQ,0,-0.01198095590067505,-0.012053306015862297,0.031937533652876875,0.031208598480043218,-0.026995623859453755,-0.03174503580609456,0.03209522622460426,-0.005467155942413592,-0.09724372830795935,0.25270818552131025,4,5
2022-05-09,QQQ,1,-0.03912683057704158,-0.039912856429308086,0.033423335091041055,0.03228311266906323,-0.05234654661512628,-0.060086138362398955,0.04491236453601729,-0.020858102216586908,-0.18761176962846626,0.007170990155533019,0,5
2022-05-10,QQQ,0,0.012148899377925293,0.01207569381481477,0.034948334398826095,0.03133138233874859,-0.029656058114507333,-0.04371257775821491,0.0301796399024111,-0.012314866111909743,0.09469579044566712,0.08490576344878864,1,5
2022-05-11,QQQ,0,-0.029658353680820926,-0.030107056796856213,0.024530029939823398,0.03224287883580011,-0.03492065857712345,-0.06466336874441003,0.044028897009003316,-0.02211501826003177,0.1305261003862248,0.1960696772354671,2,5
2022-05-12,QQQ,1,-0.002364473865957617,-0.0023672736485016443,0.020612956170085298,0.028625212518796076,-0.023085069795405033,-0.055719672017909394,0.03760653017752535,0.012871739545407542,-0.1383577253269349,0.012071188143981004,3,5
2022-05-13,QQQ,0,0.03706020049345082,0.036389980111539266,0.030987473873114915,0.02968987463507845,0.018113961996345518,-0.017119104471909674,0.030163713617318528,0.021033414023493745,-0.30787960390667835,-0.294628507696469,4,5
2022-05-16,QQQ,1,-0.011591716985892342,-0.011659424678081898,0.025171268289572918,0.028913547316190932,0.005437575640504733,-0.02213331881235192,0.01709147088832437,-0.005697123071299699,-0.2926991607804992,-0.4762251262816315,0,5
2022-05-17,QQQ,0,0.025901214567426223,0.025571460015133773,0.027336091889826112,0.030614010473676886,0.027733347116906337,0.007370063380983893,0.019740546968801204,0.005649535725863248,0.059551886792452935,-0.43733065160145346,1,5
2022-05-18,QQQ,0,-0.04909042715714773,-0.05033630734801431,0.033890111399157395,0.030577177527620847,-0.022259017654590152,-0.02980509189966707,0.041122217765796366,-0.034489598732418414,0.2672681147981433,-0.26273343297494023,2,5
2022-05-19,QQQ,0,-0.0053581205308906865,-0.005372526741889594,0.03396830475042308,0.027438899124997147,-0.02647130842201595,-0.02741297314380675,0.023540488350859833,0.0010023783012841983,0.005581481961470569,-0.20342972725979735,3,5
2022-05-20,QQQ,1,-0.003108029560920156,-0.003112869515879524,0.026830105202193526,0.027417976897307822,-0.02076651731643342,-0.023690810985041555,0.046361669264542306,-0.015181019114062635,0.14819064397584114,-0.039622648420750806,4,5
2022-05-23,QQQ,0,0.0166275483592373,0.01649082418725012,0.028941408836180894,0.02566302957771062,-0.0011230724654971436,-0.006223728444249121,0.022709185754152286,0.012873204439441328,-0.3063918172882235,-0.2972948982437561,0,5
2022-05-24,QQQ,1,-0.02126201744527112,-0.021491310112934592,0.024511440406878793,0.025942529884246016,-0.009599066003455614,-0.022880047576051776,0.02294098233278723,-0.0030889342774262072,0.15464175061745467,-0.14058473743906041,1,5
2022-05-25,QQQ,1,0.013995195539284744,0.013898167030828468,0.015513087204570314,0.024848156868390307,0.004178651458381255,-0.009009547202702639,0.02761546632742817,0.01942535604821331,-0.08635875636641721,-0.14131703215369318,2,5
2022-05-26,QQQ,1,0.027706901822609042,0.02733001142142477,0.0191774322828155,0.026296732394756547,0.025109541050234885,0.01562107255632239,0.03708173612697431,0.030608676684103983,-0.11441443454043143,-0.17470785516922438,3,5
2022-05-27,QQQ,0,0.03263976093709653,0.03211839837490249,0.021128278614961644,0.025692424334322134,0.043967517082558416,0.04622903007037804,0.02257548218205822,0.021683074546551107,0.12652407748115602,-0.048228934518993016,4,5
2022-05-31,QQQ,0,-0.0026528483643012413,-0.0026563734021642915,0.022245373545991206,0.02529444456347091,0.03089198006030469,0.03998975845257613,0.022648590397375254,-0.002556082849194568,-0.08982975445468877,-0.1359091150028331,1,5
2022-06-01,QQQ,1,-0.007395854832960569,-0.007423339767559156,0.017775729347825175,0.024191307851230266,0.010588099998724454,0.03235734271679003,0.02873057904172623,-0.014397530206229314,0.07173235927522992,-0.07736021749671496,2,6
2022-06-02,QQQ,0,0.027385342607767926,0.027017072458868086,0.018959038598540846,0.018227131541022925,0.022646525290981767,0.05237763334378487,0.036608179231329446,0.03126127140722722,-0.09259630526907014,-0.138230395135011,3,6
2022-06-03,QQQ,1,-0.026019330448811773,-0.026363821993231618,0.024694455725461882,0.020870940106672824,-0.008394038580930463,0.019324476865323348,0.017959381985217692,-0.009157643540900201,0.02738007093789485,-0.08948269986188584,4,6
2022-06-06,QQQ,1,0.0033310107193558203,0.0033254751923434966,0.019326577269842063,0.020664164839682368,-0.0038780144491331603,0.01644649833820666,0.021657316126558728,-0.011359609909241754,-0.14987679492798944,-0.17675199131110497,0,6
2022-06-07,QQQ,0,0.008625823722767434,0.008588833865112555,0.019749277432885754,0.02037860375684564,0.0036795243995288995,0.019684786232725404,0.026266452883233624,0.019946669323892146,-0.13294776479675585,-0.2642728877194529,1,6
2022-06-08,QQQ,0,-0.0071966061656972835,-0.007222626650460917,0.019727822928466636,0.018734973835513903,-0.004601030829387565,0.005595986964965327,0.01601686588755746,-0.00456228183214097,-0.14606138489052412,-0.3333382017496045,2,6
2022-06-09,QQQ,0,-0.02678430272222687,-0.027149538653143956,0.016355903262734235,0.021313958262707634,-0.021779433221935318,-0.02393526771689425,0.032100868520426706,-0.021280800522024062,0.45794048839265455,-0.008666025763457763,3,6
2022-06-10,QQQ,0,-0.03527066878564422,-0.03590770277487909,0.01898797669660942,0.022463855719617773,-0.0454535957717489,-0.05513045818095985,0.022101108017263605,-0.016380036296848484,0.5377948318888024,0.45603860479375613,4,6
2022-06-13,QQQ,1,-0.04649641271314564,-0.047612091718164606,0.022104861462687427,0.022321611715248504,-0.0702895525246029,-0.08902374576167094,0.027917775008378016,-0.015513838562611708,0.09862906931430193,0.5285601960607229,0,6
2022-06-14,QQQ,1,0.0018156232694788166,0.001813977017897983,0.01988910579228745,0.022556271718606385,-0.04674537720637428,-0.07749241213595304,0.01916015001819558,-0.006302672249942105,-0.3149499163507762,0.040857905983249676,1,6
2022-06-15,QQQ,0,0.024971783327718322,0.024665083750694095,0.029211094583835622,0.025259473954627052,-0.005877628952110192,-0.047063867326198494,0.03657576669377083,0.012096393253193113,0.33005757564048066,0.33976284481594954,2,6
2022-06-16,QQQ,1,-0.04034626942843478,-0.04118275690846751,0.030996924228504183,0.02389063830182208,-0.02682234951431084,-0.07206920926437865,0.024601759386738302,-0.01523996424131333,-0.04812356335864376,0.23190556036909205,3,6
2022-06-17,QQQ,1,0.01215955040604677,0.012086216942477357,0.03203778578170617,0.02484772750935721,-0.004890506469963918,-0.05055686547473004,0.024542555865737004,0.009221874616680238,0.009682542976890529,0.2043669979146523,4,6
2022-06-21,QQQ,0,0.02522932800712785,0.02491632220660911,0.027043981014527024,0.027069570125656996,0.01564546873333028,-0.017913245309389092,0.017255596622757847,0.00835869622337444,-0.3756762116188693,-0.24791932702998076,1,6
2022-06-22,QQQ,1,-0.0014586313803454098,-0.0014596962186939066,0.027172618668113706,0.026550615386506816,0.010302184951597404,-0.009445464657017899,0.0261022163594693,0.0077194617940221175,0.30676089453205946,-0.04849451564642404,2,6
2022-06-23,QQQ,1,0.014892872994610062,0.01478306307593158,0.025564465114699855,0.027644884462830612,0.02343830369548039,0.013245366311877005,0.01910244633077323,0.00579080787373151,-0.14843144432801914,-0.21099702979678203,3,6
2022-06-24,QQQ,0,0.034263863783685844,0.03368993094315709,0.013549467958906975,0.02950041814851447,0.040750498034962224,0.04953688676978585,0.026204242721980547,0.023875704977926883,0.016786232678591917,-0.20052115976521812,4,6
2022-06-27,QQQ,0,-0.007331654101408791,-0.007358662770458935,0.0175189078140383,0.027123912273564272,0.01994213331327055,0.04029877989962727,0.017871547389674832,-0.011993202003272804,-0.07310222295253699,-0.22523702941070423,0,6
2022-06-28,QQQ,1,-0.030466616158320026,-0.030940370811114448,0.024291480696802956,0.024278972994361655,-0.01282600697790659,0.00550744465681019,0.041979480522077645,-0.03228666025623934,0.1377302567795906,-0.07508152550041991,1,6
2022-06-29,QQQ,0,0.0009165007145599535,0.0009160809842159168,0.02423057412065688,0.024287044704775863,-0.014070055537294013,0.003433043870912922,0.015878617138021835,0.0014114110977379842,-0.06990933260617627,-0.13008462830252443,2,6
2022-06-30,QQQ,1,-0.012402981320791318,-0.012480540269002027,0.023798785278056123,0.02343954325477752,-0.02319692976074128,-0.008319173939485669,0.029065017496382458,-0.001674091614258682,0.3841162807337175,0.2165073054612272,3,6
2022-07-01,QQQ,1,0.00660068691724347,0.006578997773205586,0.014281325008106168,0.018805204269005612,-0.008121198120031203,-0.005734769495102543,0.01971679426175471,0.011399865698593773,-0.28543024147182827,-0.09571996678701378,4,7
2022-07-05,QQQ,1,0.01711955655233255,0.016974668222238698,0.018391910693392154,0.019100383952330036,0.012768893102562684,0.0067463674554606445,0.03711683612835651,0.031080428200080223,0.090942936139504,0.020506588308655038,1,7
2022-07-06,QQQ,1,0.00641241679544402,0.006391944721238829,0.010757616947035585,0.01773527333228106,0.015492848495563427,0.010465246124052863,0.018653265200244056,0.005046047185155724,0.02208338118012021,0.023512474375625203,2,7
2022-07-07,QQQ,1,0.02139875783411327,0.02117301909018643,0.013070015713743872,0.018570870303779685,0.02913169718186026,0.026946173685923336,0.020957798646154574,0.01847186414846865,-0.1040372056517398,-0.0665635305267972,3,7
2022-07-08,QQQ,0,0.0012545613795240662,0.0012537750749732623,0.008366244806964402,0.01827348427155697,0.019700267488587997,0.024489490712787942,0.019275558551217407,0.011195630243707028,0.05784871450244711,-0.016517830607016615,4,7
2022-07-11,QQQ,0,-0.021364913419244957,-0.021596446916634093,0.016784876735209026,0.016324617768927942,-0.006824319811872148,0.004542237197512788,0.01696930695256438,-0.013111159088607258,-0.07716105550500452,-0.08768800768222418,0,7
2022-07-12,QQQ,0,-0.009687038223241129,-0.009734262803024585,0.01620269325373404,0.01643016843777839,-0.01595839274443067,-0.0030371013831634874,0.02641916931053527,-0.01405351676395949,0.009465588641293543,-0.08154705801599249,1,7
2022-07-13,QQQ,1,-0.002061145984945001,-0.002063273069654592,0.015749173993629798,0.01307995453175678,-0.015855145845718344,-0.0058226019639187054,0.028617243779868427,0.017997105071714675,0.3251477227311097,0.19287611314765352,2,7
2022-07-14,QQQ,1,0.003570685733069956,0.003564325969416693,0.010109769794992935,0.013109057952002921,-0.0066531009443528966,-0.003268342102859201,0.027421499110968858,0.013004075480943848,-0.13791834935095493,0.017783565031962434,3,7
2022-07-15,QQQ,0,0.018139362766987466,0.017976807350899904,0.014750651935067798,0.013175424420981418,0.013810664842014875,0.010738682229076701,0.013460892093247929,0.007386132087505278,0.00119701671430672,0.044853753775878635,4,7
2022-07-18,QQQ,1,-0.00846292229927692,-0.008498936158474635,0.011303152203375275,0.013712777051055183,0.0049795399576071375,-0.0003318449048804739,0.027008657105417253,-0.01805105626419574,-0.06735549945861752,-0.030040113782013433,0,7
2022-07-19,QQQ,1,0.030753282392684156,0.03028987707002706,0.015903141852370465,0.015827871063703775,0.0272815181279924,0.02639070696156187,0.024325356484394815,0.017706672241756788,-0.07303476501858208,-0.09102022364099349,1,7
2022-07-20,QQQ,1,0.015856563450286743,0.015732161483368756,0.014950174697709807,0.016263870522608557,0.031226331024897913,0.037585485879644276,0.0211227440382029,0.014394227679941893,0.22831622943272567,0.10816248942232609,2,7
2022-07-21,QQQ,0,0.01435524875057248,0.014253187748360041,0.014194016251063748,0.015611294001527594,0.03149051947200565,0.048030549609646256,0.021943998886686574,0.012784200602347612,-0.18769533152130613,-0.09751649570934506,3,7
2022-07-22,QQQ,0,-0.017535492525482477,-0.017691060599103636,0.019607708702269782,0.01707236580637682,0.006566224829282152,0.027327047884132316,0.02751033801283485,-0.014489451253239437,0.03775336334274315,-0.059175670979843886,4,7
2022-07-25,QQQ,0,-0.005695652538197593,-0.005711934621274395,0.019094710757109064,0.015278068855730319,-0.006366869257515728,0.017588280821237756,0.014171243410988693,-0.0057943184678441294,-0.28961957159136464,-0.31508520845375876,0,7
2022-07-26,QQQ,1,-0.01964881925445716,-0.019844423809187717,0.01696627102203024,0.016537009225041494,-0.023350369924386882,-0.005147118765684744,0.01758617231590626,-0.013934960235553628,0.2338871037691217,-0.1466501475388743,1,7
2022-07-27,QQQ,1,0.042259698298274584,0.04139114289093282,0.02588549483239056,0.020512841654432304,0.015375742898909195,0.029532658352035224,0.03370792135437465,0.025983108586303646,0.3840368573773667,0.19047099635065656,2,7
2022-07-28,QQQ,1,0.009777892171241476,0.009730397928350065,0.025449591874278563,0.020479351121163353,0.02365759486754304,0.031589192538520106,0.024951870536745666,0.010502629763413367,-0.20438096282487117,-0.03863360889996048,3,7
2022-07-29,QQQ,0,0.018237249704775804,0.01807294569511786,0.02360537813569312,0.020484769352987684,0.03312998981065829,0.04221606652316101,0.020745758273429803,0.013070351055526525,0.042820171962589804,0.01369701211390928,4,7
2022-08-01,QQQ,0,-0.0006023510008107413,-0.000602532487057772,0.022913161974927022,0.019926497169659437,0.022461971981890816,0.032761337526970635,0.02002231436793682,0.005164977359196621,-0.19377402132136834,-0.16331892325237685,0,8
2022-08-02,QQQ,1,-0.0029816659202510643,-0.002986119941887466,0.018260658048913546,0.018604087472843964,0.006384115588484507,0.024303256371609905,0.02144315213839056,0.004505857995742636,0.04999482298937852,-0.11106724160475223,1,8
2022-08-03,QQQ,1,0.02723285771342887,0.026868641091332357,0.0127009126512917,0.019633726660466144,0.023254721805648026,0.045432144155474585,0.024489862524605735,0.02164223103830451,0.10393516378539958,0.00713541507551585,2,8
2022-08-04,QQQ,0,0.004676190089216714,0.004665290677613676,0.012958940287425872,0.01944329149404531,0.018620161180624484,0.04456460391390826,0.012230275852561272,0.004427633124985059,-0.27471494741856906,-0.24684747568091314,3,8
2022-08-05,QQQ,0,-0.008168932059028466,-0.008202480613348051,0.013767954081985173,0.018404281474547916,0.006324036605140693,0.029481347942933223,0.017043052358216456,0.008020293677787383,0.38282995969076583,0.04803102828345884,4,8
2022-08-08,QQQ,0,-0.0032324859841466047,-0.0032377217530425995,0.014036863606004842,0.01823853130166485,-0.0003306062778154484,0.019486086545907222,0.022498403144495516,-0.006135953922798255,-0.18583701339666758,-0.15216624292851944,0,8
2022-08-09,QQQ,1,-0.011318394670524756,-0.011382935158085417,0.015426384534514665,0.017050067295031075,-0.01333678777105718,0.0007227732590990854,0.01132473405897589,-0.0053016359746894705,-0.09376573948516931,-0.2160467893350252,1,8
2022-08-10,QQQ,0,0.02791089768578736,0.027528487873512475,0.01570588117943702,0.014168227442934724,0.012286756809702704,0.022483786124086746,0.012847017698578388,0.00412827367758962,0.294118830505832,0.051522338688864355,2,8
2022-08-11,QQQ,1,-0.00567609385374801,-0.005692264092692412,0.01594110785736419,0.014566159247461059,0.006741033982310407,0.01214899332622621,0.021321312333020575,-0.01288419791594434,-0.10808284557206038,-0.044076130342898145,3,8
2022-08-12,QQQ,1,0.01947051638638264,0.019283390934329958,0.017185892218376565,0.014698992713388603,0.020862844682308923,0.027067003913467502,0.01683116793687582,0.012907051527347842,-0.10826904180383767,-0.11709868970425208,4,8
2022-08-15,QQQ,0,0.008081433239230273,0.008048953329768516,0.016490830444358305,0.014605107573753053,0.02131814117935016,0.02967278846660104,0.01265865235188317,0.011049675133529453,-0.06503552545420788,-0.15985271636263598,0,8
2022-08-16,QQQ,0,-0.0023419208140017522,-0.002344667399579947,0.014238407449551927,0.014564688730897791,0.009515520871526295,0.021592205786730156,0.015840540276751774,0.0006625345489388694,0.07631459288256592,-0.08061938639504462,1,8
2022-08-17,QQQ,1,-0.01140598979921259,-0.011471536997967213,0.012237208739000395,0.013274865357044379,-0.0035490361434434847,0.008204111887858412,0.015407078163837297,-0.0017625948185313763,0.16158778640781413,0.08217795489534074,2,8
2022-08-18,QQQ,0,0.002404931964864687,0.0024020447441071013,0.011545879326393855,0.013239561476927666,-0.004293884504105838,0.00911733092420608,0.011265319881713259,0.002557533588011955,-0.12342659827516289,-0.05770810953155714,3,8
2022-08-19,QQQ,0,-0.019497153070149653,-0.019689729800894895,0.010991152850148891,0.014582232202993409,-0.019240974739056393,-0.010894058185245803,0.014593646165083839,-0.010148167948937583,0.23447917362151016,0.16881624466424738,4,8
2022-08-22,QQQ,0,-0.026327305559772363,-0.026680074483762972,0.011842800693246738,0.016876736838765373,-0.03408788568061438,-0.03505739442416034,0.016357900957859106,-0.012998476133241758,-0.01297454539835352,0.13514692694006003,0,8
2022-08-23,QQQ,1,-0.0008268456439861627,-0.000827187669393048,0.012149000874630798,0.016546987078472547,-0.023982411694476014,-0.03497252929416361,0.011683476011659867,-6.363496110592317e-05,-0.22704598337733295,-0.12206269510532908,1,8
2022-08-24,QQQ,1,0.0028968021206088324,0.002892614474584221,0.013658032791414141,0.013291463435457737,-0.012885561156621095,-0.02891902615861064,0.012372070610133614,0.00446422141977733,-0.03645837289319975,-0.12809602763179384,2,8
2022-08-25,QQQ,0,0.017682144042146852,0.017527633657627995,0.01774151754047126,0.014798821932026002,0.010076168887380943,-0.010680810190308643,0.01527632024434869,0.011836000880379623,0.0010825838017085587,-0.11127165438914932,3,8
2022-08-26,QQQ,0,-0.040988078440039044,-0.041851772935131315,0.023677150162746526,0.017597911072149038,-0.021819950276511735,-0.044463585986116994,0.04421132670188048,-0.040089910037556215,0.8123564568497808,0.5115434982200189,4,8
2022-08-29,QQQ,0,-0.009855598749037298,-0.009904486640557764,0.021826311685164954,0.016781452363303338,-0.025289077932056148,-0.04538052353198063,0.012934155684332305,-0.0006893554541531036,-0.3001664067014542,0.03504513900268158,0,8
2022-08-30,QQQ,0,-0.011136353631254314,-0.01119882706788733,0.02167610142182872,0.016633688277116032,-0.028001984000220803,-0.046665937028449345,0.027082680103307135,-0.016595939198138437,0.05924022027279552,0.07337547747692952,1,8
2022-08-31,QQQ,1,-0.005813627088764761,-0.005830592002470603,0.020888977276042855,0.016664140112442702,-0.023729117676784317,-0.043355452264136396,0.018915096498956344,-0.015526831054746322,-0.02228213619357422,0.04463495285428287,2,8
2022-09-01,QQQ,0,0.000434634027502101,0.00043453960149264503,0.01602898406105356,0.016523444541746268,-0.009619197890414433,-0.0337102288059975,0.02301828843410329,0.009032059398610768,0.15879426105027572,0.17126711839046926,3,9
2022-09-02,QQQ,0,-0.014128337449990314,-0.014229092536597321,0.005628274640651022,0.016241680507851988,-0.01562089124658328,-0.03877207347717759,0.033836115334522986,-0.023714966583988396,0.11512363189270003,0.27295096327412804,4,9
2022-09-06,QQQ,1,-0.007182389493823993,-0.00720830702768982,0.005546165510039101,0.01503006867548973,-0.015229449783609628,-0.039007042251717694,0.019380406261770133,-0.008827761066131362,-0.11847501345358047,0.10924114661319462,1,9
2022-09-07,QQQ,1,0.020201452775212125,0.020000110515881353,0.013084943413201738,0.01727608157083238,0.006050426768283046,-0.014704996249579994,0.02289296526907585,0.01849830523170497,-0.13586432162567053,-0.05933583462165981,2,9
2022-09-08,QQQ,1,0.005184167127091355,0.005170775595376931,0.013060366198760585,0.017403818092989895,0.010415955761742701,-0.004844835266539449,0.021627026370744002,0.012363088545386376,0.12970662032789004,0.028134783134833974,3,9
2022-09-09,QQQ,1,0.021862402212611043,0.02162684691750627,0.016043588246710504,0.0180361381993554,0.027194359029067305,0.02147469688332171,0.02337951128942845,0.014067331355933655,0.008542708149894551,0.003496536004880424,4,9
2022-09-12,QQQ,0,0.011885788524574226,0.011815707307265555,0.011895456794694366,0.013112465395940999,0.0286884326230199,0.03248238596786068,0.009400304364617099,0.007260908377228525,-0.1820839836650916,-0.1437970107118397,0,9
2022-09-13,QQQ,1,-0.05483689988291718,-0.05639777366431353,0.031849661625936894,0.0220052472823648,-0.028139913326725163,-0.020650671385793906,0.033896556933486845,-0.026838886393507705,0.7331660338476484,0.4022372785646393,1,9
2022-09-14,QQQ,0,0.007933492757624672,0.00790218806532117,0.030427908895447227,0.022081951905875388,-0.018520031365083733,-0.011235809689554288,0.013124411372033573,0.003933949473727787,-0.3098833365593209,-0.0386004698858764,2,9
2022-09-15,QQQ,0,-0.016653800097839344,-0.016794033755719084,0.0307770046479029,0.022580633206293856,-0.02879901341350999,-0.025042008556592665,0.024041919094536932,-0.01009964004057249,0.18926843838330853,0.11361577481083707,3,9
2022-09-16,QQQ,1,-0.006114971114715706,-0.00613374412063461,0.02673100458670393,0.022580076918759347,-0.023155152241644994,-0.027721404413764805,0.014249986396915828,0.005560983236227288,0.22390711093823223,0.3138265912107874,4,9
2022-09-19,QQQ,0,0.007787455488570627,0.0077572897653492845,0.02588179139905634,0.022463162044849685,-0.002639298525257794,-0.0189639677381912,0.018070544564356514,0.017301578412627302,-0.3416724641017813,-0.11758751998953454,0,9
2022-09-20,QQQ,0,-0.007971117434894981,-0.008003056632094996,0.0106858750081585,0.022488677872559745,-0.007567300259928023,-0.02553765081656112,0.016257071649508528,0.0008319898786024685,-0.02551992062918851,-0.13175647299171978,1,9
2022-09-21,QQQ,0,-0.01790592775920441,-0.018068178636649,0.010315840042324708,0.021698065220753914,-0.01727205632723028,-0.03815799187657953,0.03636174906750087,-0.020822538262893358,0.6174999171072983,0.3286268287423393,2,9
2022-09-22,QQQ,0,-0.012307744075458316,-0.012384111612569804,0.00957926379304057,0.021500487454952824,-0.022245908216850574,-0.0435363464990578,0.014929047713042997,-0.006843945658798759,-0.24326126538929949,-0.005895993477514683,3,9
2022-09-23,QQQ,0,-0.016281889119091453,-0.016415895653024037,0.010314988275169327,0.019137279712089766,-0.029156104516805614,-0.04903223259489631,0.02100528678168237,-0.00734994817894,0.1921392161205664,0.15103300378117512,4,9
2022-09-26,QQQ,1,-0.004137646140090823,-0.004146229883725816,0.005722066595180696,0.017674566755306192,-0.021672470531287846,-0.041113922035561634,0.02156125768861995,-0.0023997515363369786,-0.04863316545300955,0.05407282976882333,0,9
2022-09-27,QQQ,1,0.00040060728655211264,0.00040052706487703205,0.007902855678960761,0.009606550954463656,-0.011232323773303077,-0.034421635444895626,0.029156640058668977,-0.011986561324393257,-0.019621589649421844,0.048580556356991655,1,9
2022-09-28,QQQ,0,0.019892723409021817,0.01969744863668854,0.014130294655173192,0.012042156749538848,0.011073890316342982,-0.00979385625991347,0.03024115736856765,0.019966520283248856,0.14147299874892694,0.1540154986063076,2,9
2022-09-29,QQQ,0,-0.028827744067990158,-0.029251425876529957,0.0183130660968485,0.013801109511268974,-0.012222208929446365,-0.03193323730793074,0.026861466162502297,-0.014463823846325743,0.019634133939971488,0.15015078593495423,3,9
2022-09-30,QQQ,1,-0.016956597835110276,-0.017102007047833823,0.018411916096330055,0.014183960927699793,-0.023115286711753225,-0.040992548625998215,0.029849080818829987,-0.013909858800323518,-0.03365839243498814,0.11370655836457022,4,9
2022-10-03,QQQ,1,0.023460055754660925,0.023189098249335238,0.0227156071293427,0.01671665178582541,0.00041683079498011644,-0.012284714500243599,0.02835695051518189,0.016575580085758167,-0.2193485418386798,-0.14113019838393293,0,10
2022-10-04,QQQ,0,0.031441140028597214,0.030956989398471357,0.02685560402518125,0.020446805359974576,0.02612888070658026,0.021203944755224136,0.013835678713411502,0.011254936586791605,0.08861972272366714,-0.08480794275434023,1,10
2022-10-05,QQQ,0,-0.0005318297097184344,-0.0005319711813003281,0.02570518846137678,0.01968041182186652,0.024063553745858668,0.021244886546377018,0.030149432829031486,0.013296004827014965,-0.1638846782983917,-0.20516691462011238,2,10
2022-10-06,QQQ,0,-0.007872990049868411,-0.007904145669022533,0.020701405921645183,0.01943026847110301,0.010211809168872321,0.013318417117572867,0.01690632169868735,-0.004271005573563974,-0.04082931806485279,-0.2274141772316447,3,10
2022-10-07,QQQ,0,-0.038103990191707515,-0.03884893207180884,0.027563626203814102,0.022458773459667375,-0.02957083303478747,-0.023024771730882243,0.026943509410659625,-0.021525645940819065,0.33399701623125333,0.03580439030196758,4,10
2022-10-10,QQQ,0,-0.009996140267164,-0.010046437141065567,0.024884784879455963,0.02259315664025374,-0.034312411273769605,-0.029987535185370784,0.022502776952416828,-0.010731467738056952,-0.15362267657211093,-0.10937691482193657,0,10
2022-10-11,QQQ,0,-0.0137383991292932,-0.013833644284684254,0.01428304667301178,0.022818194260727558,-0.034007383813273506,-0.03921050215550659,0.024933909328094504,-0.007366876150750142,0.10149355057705356,-0.01424884420871475,1,10
2022-10-12,QQQ,1,-0.0003427289483964868,-0.0003427876933859153,0.01432796553825647,0.02129841612049125,-0.020422655333600992,-0.03343228237881479,0.012945987940574373,-0.0028093783277224164,-0.23965274906986356,-0.21674444476103527,2,10
2022-10-13,QQQ,0,0.023452454272498313,0.023181670983025704,0.022308807218210887,0.021527719292776436,0.010799005300101028,-0.009652338649630776,0.06235310664898315,0.05353505042349179,1.2319820799443262,0.666464190772738,3,10
2022-10-14,QQQ,1,-0.030057300940129816,-0.030518282363749094,0.019710177630414216,0.02296291703432732,-0.01338002850571629,-0.03710662223266381,0.043030908498807544,-0.038569400817988084,-0.315780895547243,0.14231432658078402,4,10
2022-10-17,QQQ,1,0.03302138125332488,0.03248788813561454,0.025991821762387464,0.024310901553417235,0.016936962883386197,-0.0037727342577218437,0.013116474471720747,0.009406422575597168,-0.16399656673696317,-0.049671833516085395,0,10
2022-10-18,QQQ,0,0.007908177529277971,0.007877071778938038,0.024369921368700344,0.021801849954361706,0.018266582709909995,0.008076477222676015,0.030629592659359797,-0.01826198898948113,0.0805943338520978,0.022279454206111327,1,10
2022-10-19,QQQ,0,-0.0036468327709348047,-0.0036534986767957633,0.024655033846918913,0.02177496350697988,0.008628675661084717,0.008703872534051138,0.020783112302384176,0.0020746029481294994,-0.2388271879164816,-0.21883500151702084,2,10
2022-10-20,QQQ,1,-0.005101958475144053,-0.005115017903328578,0.02288460060270657,0.02173691713913973,0.0032657212056450557,0.007559106998709764,0.025669497940646376,-0.0017434573934038422,0.14101559999548163,-0.11791015493098778,3,10
2022-10-21,QQQ,1,0.023447792409434065,0.02317711593636762,0.016756878392148147,0.019499542911637514,0.015672851419415545,0.028749887163293852,0.03414431495396569,0.02776327388756554,0.28532393924643795,0.12307604472944611,4,10
2022-10-24,QQQ,1,0.011001475746972966,0.010941399727647294,0.01169178930077432,0.01913213135040301,0.020000812803440793,0.03541122941037167,0.02695053360652925,0.010011279847594758,-0.1788769116418072,-0.08253927819010509,0,10
2022-10-25,QQQ,0,0.02068580375630913,0.020474757989562775,0.01330155890540767,0.018555277197754943,0.031480438882435235,0.048462962126973874,0.0239791421896747,0.017179011953964887,-0.07737369378834213,-0.14431162139495712,1,10
2022-10-26,QQQ,0,-0.022096471934991313,-0.02234425587308575,0.019084855115371467,0.02078771269968054,0.003270347225722503,0.019552321372578785,0.02352229588286668,-0.0019033211073784572,0.07587796219573151,-0.09630293843449544,2,10
2022-10-27,QQQ,1,-0.01820591901325097,-0.018373686112608922,0.021647412020284387,0.021043378427193952,-0.017661744809860047,-0.0004945253708590336,0.021460321030490566,-0.014162409432124328,-0.09028009651548852,-0.1078817986591113,3,10
2022-10-28,QQQ,0,0.03060072322873819,0.030141858666774546,0.023496677114898123,0.01956394652207766,0.008188295127847578,0.0224211646400303,0.03541128552840428,0.03302350906060277,0.08467753803217781,-0.01002625864688167,4,10
2022-10-31,QQQ,0,-0.011627903108864635,-0.011696035849807274,0.024078733053037718,0.018206397312525838,-0.003177436201789563,0.007382785043846596,0.013516489852840114,-0.0034777039079500957,-0.2379727156499546,-0.22499734993962084,0,10
2022-11-01,QQQ,0,-0.010217689054452084,-0.010270247966187362,0.021193614606247028,0.018594404032235296,-0.006880437669577466,-0.004220403337962697,0.026039137086478686,-0.022699874417184726,-0.03866825855640732,-0.22491288357151518,1,11
2022-11-02,QQQ,0,-0.03427727000037284,-0.03487851495621541,0.023979009976725946,0.021782973400983827,-0.032363860712892656,-0.0366758430140236,0.0458048811930035,-0.03417185675198121,0.7387849459319895,0.2895880475668213,2,11
2022-11-03,QQQ,1,-0.019534768648929224,-0.01972809409575582,0.024117042745150273,0.02250838133633927,-0.04263299682407351,-0.05253284365991895,0.016729378096313988,-0.009581458642945394,-0.12235364290359652,0.11480809607873943,3,11
2022-11-04,QQQ,1,0.016084981525026798,0.015956988891684176,0.01833776327145859,0.021650364594995076,-0.015261536768146455,-0.03351736181755405,0.028358373117591346,-0.0032011678809298408,0.11813863438746175,0.24568616672011245,4,11
2022-11-07,QQQ,1,0.010994562212003345,0.01093456140072746,0.021020724323380414,0.021649840997232366,0.00329952191631544,-0.019001101998574632,0.017196640918979305,0.006923786784160395,-0.39558337547182343,-0.22662926639102265,0,11
2022-11-08,QQQ,0,0.007287247381172701,0.007260823686984885,0.021872504988140768,0.02034412000345184,0.014849663676645752,-0.006509228897270902,0.027234958352137045,0.0014861925938692714,0.33548965010204124,0.02579056663692203,1,11
2022-11-09,QQQ,1,-0.023076519962828446,-0.023346951360601054,0.018256845396085193,0.020437247040570643,-0.006804469089508047,-0.024180686756269165,0.02065281811177621,-0.016582022256768893,0.02607500261018947,0.05020381649132544,2,11
2022-11-10,QQQ,1,0.07378881725737219,0.07119334477569517,0.035221925245847795,0.03159184286521767,0.048869460588684355,0.04400138811945742,0.03333205812812849,0.024419368848609114,0.530272686206583,0.5059182765629087,3,11
2022-11-11,QQQ,0,0.01842611473825606,0.01825841084102109,0.0352220185856274,0.030674178482391838,0.05005983707260553,0.060598853158454036,0.026366124969569905,0.019110963841810595,-0.3253674563026979,0.009340520118965134,4,11
2022-11-14,QQQ,1,-0.008751402412805143,-0.008789920826316688,0.03718389112450883,0.030537186448547093,0.027494280129885418,0.04842488333153128,0.016686452312678686,-0.0014691909734751351,-0.1742948964932245,-0.1759586866774968,0,11
2022-11-15,QQQ,0,0.013838520156632672,0.013743642148682511,0.037023785801752626,0.03032067539988115,0.027036144379921634,0.05738746203461598,0.02494784147735954,-0.009650514661043491,0.3381165367774328,0.0583562629504355,1,11
2022-11-16,QQQ,0,-0.013649629483889258,-0.013743642148682511,0.03478207096705964,0.02792236023029938,-0.00264167920079883,0.03547836730842402,0.01698042602065413,-0.0067852469036430805,-0.33960213771906345,-0.2686930806347758,2,11
2022-11-17,QQQ,1,-0.0022068659946660185,-0.002209304712034843,0.01402739201456727,0.02655984652898899,-0.006273259372175377,0.024157599126212403,0.019937361172619013,0.01399171392574172,0.1351274462850851,-0.15135797474490442,3,11
2022-11-18,QQQ,0,3.503410789362782e-05,3.50334942140762e-05,0.010443063818285931,0.026587433474049675,-0.004056184100855509,0.016829375787263512,0.019694962039861857,-0.01066382009799037,-0.033779824420640425,-0.14778405342876788,4,11
2022-11-21,QQQ,1,-0.010287076939650142,-0.01034035461159366,0.010705159888391075,0.027137668659765152,-0.01184831807613318,0.001257531767125064,0.0124911012829336,-0.005328084970243207,-0.25201442097759597,-0.3551192193247845,0,11
2022-11-22,QQQ,1,0.01440260185739195,0.014299869620042926,0.010920588039701131,0.0272814579313572,0.0048070028638789175,0.00979243247009709,0.019990070774345715,0.01171100122787249,0.04465428418177053,-0.30237056459412415,1,11
2022-11-23,QQQ,0,0.010036731852028025,0.00998669836218724,0.00987623723041876,0.025260899918923736,0.012486878742694163,0.010824987771684835,0.012833454189217094,0.009966101658740335,0.1078632258187775,-0.20258116860792919,2,11
2022-11-25,QQQ,0,-0.006578421055870476,-0.0066001542334284125,0.010555718230873444,0.011703579155903593,0.0043405394491766724,0.0027119661378549598,0.005188168883695714,-0.0009401058928816971,-0.6659021340806208,-0.6887754292671339,4,11
2022-11-28,QQQ,0,-0.014673279412416806,-0.014781996781010776,0.012869491157693745,0.011055651084058172,-0.008932413467797828,-0.010185034882313593,0.018251954372952663,-0.007686916420931781,1.497883707125713,-0.17584910158990008,0,11
2022-11-29,QQQ,1,-0.007569425648362826,-0.007598219142854745,0.01245198641323256,0.010978929648437791,-0.0155230895437104,-0.015999594413199425,0.014773424187860748,-0.008376316875441816,-0.07995257554075763,-0.2086002612455221,1,11
2022-11-30,QQQ,1,0.04558569109478716,0.0445771983593195,0.024243588190758853,0.018185231943333997,0.024029908840209613,0.027426234247375225,0.04807007611464847,0.04458050554383479,1.0977093621644687,0.6574284273062065,2,11
2022-12-01,QQQ,0,0.0012270204703237475,0.0012262682959329751,0.024138653335383883,0.017398824966211614,0.021791027621062664,0.02571246874226807,0.016582093624923806,0.00010214436667063606,-0.3101095986113137,0.13666768909639337,3,12
2022-12-02,QQQ,0,-0.003983247874136064,-0.003991202135505745,0.023891763657336588,0.017466796411422895,0.013750021664144407,0.01887288636913853,0.01764062765901076,0.01389748086675673,0.03949576408463673,0.18647700701480896,4,12
2022-12-05,QQQ,0,-0.016783308014055143,-0.01692574367146893,0.024321414419611057,0.018541347411080634,-0.006658062534212195,0.000789916152369452,0.019044006771501344,-0.009435877774989249,-0.2258375759566431,-0.05617284723083349,0,12
2022-12-06,QQQ,0,-0.020720640149858305,-0.02093832490949943,0.02646119426839767,0.01952323474368709,-0.027985903429310288,-0.01987544386800899,0.025601729060433783,-0.020175379466027328,0.30026204073564267,0.1897205686561514,1,12
2022-12-07,QQQ,1,-0.004082548510982331,-0.004090904863385703,0.00937827230326036,0.01888256518042524,-0.02330586583627281,-0.022032467847282744,0.013513062104419146,0.00021391791754062726,-0.15431350301088664,-0.002103457743251269,2,12
2022-12-08,QQQ,0,0.011834904225363596,0.01176541943957421,0.012806393811069003,0.019015419303163486,-0.004907879103971391,-0.0087408539574243,0.017913474964945,0.006881637459490408,-0.06619415402625928,-0.06035701002449978,3,12
2022-12-09,QQQ,1,-0.006376681172971854,-0.006397099049503474,0.012721715177953055,0.01900962656495234,-0.003913132334149805,-0.013380402190115825,0.014320633448284568,-0.0027226371780309693,0.12362043343217155,-0.014549146531469548,4,12
2022-12-12,QQQ,1,0.012551630050237073,0.012473511340686194,0.013919884039445347,0.018871009822960017,0.01005906738185569,-0.0019987156577602194,0.01587417960084496,0.011905553600132356,-0.25340311948266314,-0.259720640229514,0,12
2022-12-13,QQQ,0,0.010749836411497737,0.010692467690100571,0.00933681376760755,0.01881763981723346,0.01590817110794318,0.005889335390364847,0.036979610471629044,-0.02696780773503602,1.2575442524312601,0.5285552571331771,1,12
2022-12-14,QQQ,0,-0.007413764886538554,-0.007441383431035398,0.010218410232868546,0.011551678344682842,0.004149629444446523,0.0008209509836680784,0.028536717823474157,-0.005346217992033328,-0.1944185838941732,0.2545141982357295,2,12
2022-12-15,QQQ,0,-0.033576300746315346,-0.03415292886791654,0.01857598449992392,0.015076227531972701,-0.024808436042442983,-0.02706309597652734,0.02599793393186688,-0.019268133682412446,-0.0681748234961006,0.14900951839173082,3,12
2022-12-16,QQQ,0,-0.00953461502078834,-0.009580360471646898,0.01869573806244894,0.015104894877786908,-0.02877724931671044,-0.03010300095322438,0.01868212684307049,-0.007060145260129747,0.12792362532016832,0.2607865379059806,4,12
2022-12-19,QQQ,0,-0.01405376716841611,-0.014153456463120051,0.015865089334878575,0.014918626100548968,-0.032016261465447005,-0.037866131710333484,0.01997298469429826,-0.015043616280142613,-0.35332882384290576,-0.1887079380537947,0,12
2022-12-20,QQQ,1,-0.0007782800253607336,-0.0007785830424911211,0.01242029067325048,0.014048996013856329,-0.01981129063884579,-0.03466666981576705,0.01627195098642368,0.0036491323921549732,0.1561382814215755,-0.05705737092064511,1,12
2022-12-21,QQQ,0,0.014505933511115066,0.014401728971522587,0.0176738362302056,0.01522718582381223,0.003439163960162528,-0.01841018971297259,0.01862530831944573,0.010532173093985004,-0.09144371203308777,-0.14451635958240994,2,12
2022-12-22,QQQ,1,-0.02446491320872335,-0.024769151558344582,0.014682703445034128,0.0158223590892261,-0.01425979066586669,-0.03674985545184528,0.029772979381503806,-0.013388545942058364,0.29925185419886313,0.07639077379336756,3,12
2022-12-23,QQQ,0,0.0022489472417452916,0.002246422145061544,0.015087220332711966,0.016023630668936424,-0.007469338711605156,-0.029676036459918564,0.016988773665147665,0.007119388714991204,-0.3468041620215533,-0.2860866347221006,4,12
2022-12-27,QQQ,0,-0.014138227362558986,-0.014239124229920463,0.015100620688635902,0.014967654555922395,-0.016998803716819055,-0.03593582503660231,0.014321089690609363,-0.011846756308766419,-0.034657740211715415,-0.31366225443955376,1,12
2022-12-28,QQQ,1,-0.013202530100888232,-0.013290458275184491,0.015350053324517743,0.01354579072489787,-0.023098403318629446,-0.03886979121774259,0.02181095847362254,-0.01166549062422632,0.24020626693677816,-0.09394372913686222,2,12
2022-12-29,QQQ,0,0.024375084352706633,0.024082752861487755,0.01900728652320112,0.017409740696366204,0.006011004073395165,-0.008338420329187302,0.01958470514083568,0.013233994141358271,-0.026419737372451735,-0.08427975942131183,3,12
2022-12-30,QQQ,0,-0.0006006808884239101,-0.0006008613694667986,0.01559977948830368,0.014699561448323196,0.005771332728571998,-0.0052507002079219545,0.01562853802252758,0.010090295544262181,-0.1750854149598201,-0.20877839805333187,4,12
2023-01-03,QQQ,1,-0.006759589656004206,-0.0067825391601168405,0.01575649753748562,0.014600186931565614,0.0011508156015378468,-0.008598962815703826,0.029852928330093762,-0.015521991456895468,0.11825676271781882,-0.06444220510304655,1,1
2023-01-04,QQQ,0,0.004764020722931361,0.0047527086891561154,0.014339540630943354,0.014267158993972365,0.004278020990464038,-0.00237634598846459,0.018451894529864052,-0.003375428910207548,0.12801610003944708,0.04702467216691031,2,1
2023-01-05,QQQ,1,-0.01565439434975302,-0.015778218340718908,0.015003764606322,0.014953588625755763,-0.012547913598534022,-0.015050213400252699,0.0111724799045037,-0.009316853101971171,-0.04938132003208051,0.007844665194751244,3,1
2023-01-06,QQQ,1,0.027601231768886958,0.027227184938048765,0.016264609764984873,0.01707013426701434,0.012902266429547504,0.013910885581032373,0.03645341135759126,0.020694822719354286,0.20404566851775563,0.19162587189624558,4,1
2023-01-09,QQQ,1,0.006473331948485983,0.006452469918060366,0.01630357729159347,0.01515885107148322,0.016196574147029796,0.019021359368589508,0.019827919297830867,-0.0010707013319087365,-0.16631997614330118,0.026347961930571318,0,1
2023-01-10,QQQ,1,0.008464793134064896,0.008429167672925786,0.01535259809082244,0.015319078082954213,0.018410153097658588,0.025534187089150784,0.01473153499041067,0.012393767705382436,-0.226490990526392,-0.1986641295130529,1,1
2023-01-11,QQQ,1,0.017299871469794725,0.01715193247311131,0.01604112253856601,0.014826990736953932,0.026973942186452105,0.03782602121495171,0.016574212625466378,0.013251950158041429,0.25048939224575717,-0.011573539404078237,2,1
2023-01-12,QQQ,1,0.005404579670141629,0.005390027338711967,0.009387876257664348,0.013343707035274174,0.019345909060166866,0.03609343910262619,0.02286788429742635,0.0033438540633850943,0.3748667105293011,0.3191348565059906,3,1
2023-01-13,QQQ,1,0.006880768461165809,0.006857204006474049,0.00482003925949824,0.01190141691463955,0.017314546303446088,0.037624660929451714,0.01830017200214738,0.016166369695128843,-0.26067821782178213,-0.02241385743396318,4,1
2023-01-17,QQQ,0,0.002028258332798183,0.0020262041939469455,0.0057086119417531925,0.011782893177358745,0.011322155299849035,0.033902644061476916,0.011646613453016765,0.0027425279103191636,-0.19046088534447547,-0.20585304503246793,1,1
2023-01-18,QQQ,0,-0.012999767973747911,-0.01308500446636085,0.01095049962830696,0.012646715321903732,-0.005433094783161452,0.015465154065488429,0.024795978160058674,-0.018473316871022667,0.31664998607653216,0.03335216634038907,2,1
2023-01-19,QQQ,1,-0.009824535715321159,-0.009873114906870484,0.009106280303086757,0.01349341285315122,-0.01350948466385371,0.0020429473907059847,0.012634820863629118,-0.0038737503420825823,-0.07547142154142539,-0.03712624370975426,3,1
2023-01-20,QQQ,1,0.027367025125264455,0.026999243076804902,0.016044768882652775,0.013542152553083253,0.010856652927760946,0.021615575033596013,0.026409904017208656,0.02127961251861248,0.37288903384793803,0.2794581380715293,4,1
2023-01-23,QQQ,0,0.022215719898069253,0.021972545729264326,0.018346571617808127,0.01275444181451976,0.027442438938376723,0.03675779156728942,0.026380687886467812,0.019115407867731478,-0.12891001359430887,0.11891575162990087,0,1
2023-01-24,QQQ,0,-0.0020413961069544184,-0.0020434825960373715,0.018641275286987006,0.013097660115200579,0.02038889407813138,0.028064575227531696,0.00964111599738873,0.0036893862643174297,-0.15009119335453291,-0.047623797488448916,1,1
2023-01-25,QQQ,1,-0.0022195690566875204,-0.0022220359510569665,0.016553675523217053,0.013351054200595031,0.011076078739324258,0.02036258142502545,0.025302156513229177,0.013955041498294093,0.13363535680143324,0.04499634460804525,2,1
2023-01-26,QQQ,1,0.019497297855971762,0.01930966056880301,0.014066166110225677,0.013584513524515637,0.017778218705392757,0.03446438216702541,0.017169150398467017,0.0072797030022015785,0.01423769460607005,0.04375297369553888,3,1
2023-01-27,QQQ,0,0.009954468890680745,0.009905249530763882,0.011536815139425937,0.01365212035175126,0.01831359292557244,0.038459398817727974,0.021849331790453768,0.014589074539811644,0.0939137108668644,0.15146121915727062,4,1
2023-01-30,QQQ,1,-0.020218803060550683,-0.020426000674759415,0.014934738889437965,0.015969716000928943,-0.0031732125423199475,0.01415701502423894,0.015327861081622256,-0.009080680465019851,-0.1246609345185049,-0.0014576198837784604,0,1
2023-01-31,QQQ,1,0.014986049706660731,0.014874868267931163,0.01597458242153794,0.016368928041096693,0.007440726126030528,0.024672520150525568,0.015569525857474467,0.014846190606039518,-0.05466362248966716,-0.0755393846496123,1,1
2023-02-01,QQQ,1,0.021383702250563186,0.02115827881916399,0.016984985610263105,0.015847424233248145,0.01978450981017632,0.03826399274623338,0.03780443851896509,0.022112053546578723,0.4465700747884065,0.28684438737173634,2,2
2023-02-02,QQQ,0,0.03588962832682463,0.03526060179782142,0.020670777251629222,0.01667116526073421,0.043386159957223835,0.0621252827058385,0.02259642203060112,0.013492843247585394,0.22954255486055808,0.47303315497590614,3,2
2023-02-03,QQQ,0,-0.017772156193555433,-0.017931977370692742,0.02479765324673504,0.018285840936433272,0.018082020811316157,0.034961904758399776,0.025742788878687674,0.004066341655563088,-0.08305946989669033,0.3144234587179251,4,2
2023-02-06,QQQ,1,-0.008459172266610526,-0.008495154125851556,0.02198636309995795,0.018240206819930355,0.0006064203664395418,0.021157048102893095,0.012157761927706191,0.0002635384985404331,-0.46433147610370373,-0.28101940063305497,0,2
2023-02-07,QQQ,0,0.020718896219034777,0.02050717925588863,0.022506498038358518,0.01866515876169381,0.011166388861358456,0.03482720692653829,0.028702272788297647,0.021156045635375775,0.6563772140296014,0.14508201304279322,1,2
2023-02-08,QQQ,0,-0.017781309954313262,-0.017941296800465523,0.02443966513365866,0.020144182925290178,-0.009044590030594324,0.01080973196125079,0.018895399010844353,-0.013515308589638682,-0.16073478929924245,-0.04840268570323214,2,2
2023-02-09,QQQ,0,-0.00883785050802699,-0.008877135945993153,0.015846723061099164,0.019998836269914014,-0.011339093279903123,-0.0008909019764904436,0.028461268396490182,-0.023183537582599487,-0.13369146117216058,-0.1722088256530392,3,2
2023-02-10,QQQ,1,-0.006563214569715647,-0.006584847167331098,0.01458284232508394,0.020041448803679997,-0.013638569512900989,-0.008577761188832467,0.014425027266397312,0.000734610700655973,0.01856615477290391,-0.14766209544258135,4,2
2023-02-13,QQQ,1,0.01601620344734278,0.015889297304061856,0.01673787198031801,0.01895796937425554,0.0015592268521797958,0.002581528363115426,0.01716870900907511,0.011191163492654824,-0.2080595243565947,-0.31357949433751187,0,2
2023-02-14,QQQ,1,0.0073888518113709445,0.007361687970157682,0.013503268848215521,0.018661362707660608,0.011041420351791453,0.005971748039171221,0.022483400671025985,0.012743851447340582,0.6166608219150433,0.07729552658854155,1,2
2023-02-15,QQQ,0,0.0076610903274867415,0.007631893201381246,0.010510835439988174,0.01773897644980304,0.015620376627659693,0.010966593103231004,0.016628327019127184,0.013775048511339698,-0.32738443579887977,-0.244316983397472,2,2
2023-02-16,QQQ,0,-0.018764323200233135,-0.018942606884011504,0.01376949069210772,0.014553675486592145,-0.0044968156872225995,-0.005264094509317863,0.01734673334186224,-0.0035482524230182623,0.38045874071358643,0.08816163841860614,3,2
2023-02-17,QQQ,0,-0.007055737505847315,-0.00708074693111449,0.013840025149573623,0.013684145813676017,-0.01246725377993374,-0.010653791418452796,0.01272124914170264,0.0002989216318505915,-0.021309745103246125,0.10110074714356387,4,2
2023-02-21,QQQ,1,-0.02367502473292671,-0.023959781527909563,0.014477429931808148,0.015287588067144567,-0.029181003856276866,-0.031033471742068497,0.0162820298018113,-0.010865945233853794,-0.20099363394223324,-0.12963470124879062,1,2
2023-02-22,QQQ,1,0.0007485015686266028,0.0007482215810323822,0.013077070167763378,0.012958962190604545,-0.020368110627720926,-0.025287638919773148,0.012897929047406555,-0.0012558384472185313,0.10450988357222846,-0.008639382186945821,2,2
2023-02-23,QQQ,0,0.008733739403145702,0.008695820921315267,0.013407301808225481,0.012784264401787754,-0.0036655687182303165,-0.014309579958883933,0.018726774732301634,-0.0038594284383433185,0.3484234041393912,0.30511716962940905,3,2
2023-02-24,QQQ,1,-0.016744135449639597,-0.016885903233023747,0.013026956335754049,0.013451328769304882,-0.012759585615096602,-0.027639951628540382,0.010008271627355866,0.00030846015519028926,0.07269851532014138,0.3365744947163303,4,2
2023-02-27,QQQ,0,0.0071614814407421346,0.007135959808550751,0.014628259079735289,0.013769345651652921,-0.000808884310869451,-0.01879342745390966,0.010675411998154073,-0.003829616208911625,-0.3408626163698003,-0.1173392087309465,0,2
2023-02-28,QQQ,0,-0.0012930021365542554,-0.0012938387850862654,0.01012144851661741,0.012280972017422613,-0.0017818786271329712,-0.01647035139981845,0.01077396451969825,0.0008864977035339419,-0.015346463924890252,-0.14415456455274833,1,2
2023-03-01,QQQ,1,-0.00803911452119499,-0.008071602435528291,0.010647765371621059,0.01170492424962284,-0.007748476608571808,-0.019267658260748388,0.012719021839121606,-0.007024474834601933,0.2081935033196458,0.04476218113979047,2,3
2023-03-02,QQQ,1,0.008276037701403505,0.00824197908594737,0.010533380006031883,0.011780941233697275,0.0026568068310095505,-0.005965324179023512,0.020993547709114813,0.017148138386526596,-0.0809974779968089,-0.05754002814400527,3,3
2023-03-03,QQQ,1,0.020673572478123958,0.020462774525673133,0.010840349766851932,0.013200991228790598,0.017941580818104486,0.015829891356903714,0.017096103659960286,0.014523097649219885,0.12966458138479897,0.06276964850085753,4,3
2023-03-06,QQQ,0,0.0011347489461377425,0.001134105605192559,0.01092411503892463,0.013045052033828263,0.014904673926821488,0.017375716111110107,0.013889787472156032,-0.0030571323860924867,-0.062388141097146854,-0.0009123388681187006,0,3
2023-03-07,QQQ,1,-0.012265908370547751,-0.012341755485277162,0.013163679588344497,0.011132473813718667,0.0005740145025312504,0.004110120108446358,0.01762924789482923,-0.0124304692081336,0.16249737822170296,0.12301472033007421,1,3
2023-03-08,QQQ,0,0.004994185154872044,0.0049817555787496914,0.011921495043591631,0.01120935132075714,0.001095782535914136,0.007905643908029392,0.011962084861637428,0.0035381553034949964,-0.22863038580382622,-0.132983399889536,2,3
2023-03-09,QQQ,0,-0.017325885706120814,-0.017477735373254255,0.01502255752400034,0.012259593500006346,-0.015620391692846236,-0.008160854559614794,0.030670816967459134,-0.01900574251788393,0.4045184103403745,0.21326997641264356,3,3
2023-03-10,QQQ,1,-0.014043528305217934,-0.014143071708157429,0.009908875050584888,0.011907312151581266,-0.022122939991877533,-0.020994885360749782,0.023802211318214993,-0.01461598530053766,0.3797670477366013,0.6077982952970316,4,3
2023-03-13,QQQ,1,0.007416193072635524,0.007388828324343066,0.011541250890594804,0.011927139169558676,-0.008601407722206633,-0.012645634527479466,0.03236493713153509,0.013810871912068338,-0.014909689878450538,0.4685662564651869,0,3
2023-03-14,QQQ,1,0.022979939958347018,0.02271987774335571,0.016599645434661168,0.01413678695784152,0.013468857883139007,0.008738295904776372,0.015221978546135141,0.010397192021941217,-0.24217697861281917,0.07181467788694262,1,3
2023-03-15,QQQ,1,0.005245936279693941,0.005232224289879461,0.016615905736146845,0.013772817665935591,0.01801522742135031,0.011378080896804699,0.020460788416181038,0.014319165766547718,0.13625895859515635,0.17451113588764433,2,3
2023-03-16,QQQ,0,0.02636075756063727,0.026019300502492015,0.01614534584849617,0.015645161152053885,0.034877090430299074,0.033423511909168147,0.03352345716233222,0.02956375019662332,0.17417599827816077,0.2977392601077937,3,3
2023-03-17,QQQ,1,-0.00472611995933514,-0.004737323377339564,0.01295857752354616,0.014767929435252097,0.018436982161083693,0.02657539525570285,0.01884454471926604,-0.004434063196817782,-0.08426232279443291,0.14392465774945906,4,3
2023-03-20,QQQ,1,0.003548840746319115,0.0035425584698094426,0.013368860050242608,0.014772361644384753,0.011422868303288425,0.027998556523056273,0.014099710411001333,0.0056201649911053085,-0.3732519902984419,-0.2827036762271813,0,3
2023-03-21,QQQ,0,0.014282506581376975,0.014181472461553213,0.011847981703086334,0.01425664555644977,0.016840316802065214,0.03764049371915923,0.014288477825551718,0.007793706168269052,-0.11714972631055987,-0.3534042214490155,1,3
2023-03-22,QQQ,1,-0.013598001517816871,-0.013691301097778386,0.015691439912073432,0.015405173227100536,-0.0019911548825902736,0.020541413847558365,0.029973855423570957,-0.01337542799313893,0.5232409510219667,-0.045968465006902326,2,3
2023-03-23,QQQ,1,0.011858327096932353,0.011788568078119788,0.011603995893827292,0.013805030785615477,0.0076003846606862435,0.02663924347197022,0.0230381512051794,-0.0005485719552410186,-0.016042611413620733,-0.06494504345392571,3,3
2023-03-24,QQQ,0,0.0036802406981497615,0.003673485181895586,0.010925523897988842,0.011971392602632967,0.0073749360382777684,0.02269390829721174,0.013060836453133735,0.005075673370759756,-0.23306157476936284,-0.24360881772219867,4,3
2023-03-27,QQQ,0,-0.00685125975904155,-0.006874837391886324,0.011962789356906593,0.012829088037981261,-0.0013325594292795673,0.009536984745430743,0.015436448858719972,-0.009114237106103134,-0.12077586930371775,-0.2910505625929407,0,3
2023-03-28,QQQ,1,-0.005311779475799083,-0.005325937133558334,0.009916207808739343,0.011816194899903806,-0.004563763859115277,0.0008335769044278685,0.011130295109532819,-0.003407269574569115,-0.0338355134685826,-0.289997664788073,1,3
2023-03-29,QQQ,1,0.018234262120476075,0.01807001161596844,0.010821397310939984,0.012715296674280601,0.009269193329141556,0.01437183953104304,0.01061508703909996,0.005918670577042159,0.0964971318839416,-0.18534472871737706,2,3
2023-03-30,QQQ,1,0.009465255098666026,0.009420740247455761,0.010451337795452924,0.01044401375597173,0.014937336887467456,0.02087883207121566,0.011134405133737549,0.0013957697469763164,0.09536493205917296,-0.04975967492241151,3,3
2023-03-31,QQQ,0,0.016630597891600152,0.016493823838197308,0.011904481958461272,0.010851006391379142,0.025197808214676654,0.032500218806613024,0.017631626917950696,0.01589056679269058,0.06483271299019111,0.05979822284789482,4,3
2023-04-03,QQQ,0,-0.002430380952270328,-0.0024333391220148215,0.010782418821785236,0.011113292219737243,0.015317753544553003,0.02531335074245389,0.009411174525188228,0.004329155599253455,-0.24157964276345756,-0.18336806521854399,0,4
2023-04-04,QQQ,0,-0.0033733562867469535,-0.003379058881266772,0.010235796026941982,0.010801521683761032,0.0042806356407343316,0.019005582426115053,0.011852832932635445,-0.004772298035461882,-0.026553892901703513,-0.1996696474459958,1,4
2023-04-05,QQQ,1,-0.009872518060095592,-0.009921574507331776,0.010714559418884446,0.010220566059136243,-0.007633142426397899,0.005797481502048951,0.015686859913957893,-0.00685316766410825,0.3688316614133065,0.12093223679137233,2,4
2023-04-06,QQQ,0,0.006742372568755428,0.0067197444294473385,0.010307053243904645,0.00986088953200865,-0.002427555265624992,0.00991027832935365,0.018234408881174894,0.012124483442581812,-0.2528708175878285,-0.11902185353077577,3,4
2023-04-10,QQQ,0,-0.0005661986071983094,-0.0005663589581592632,0.005968307060885549,0.009904907417339057,-0.001074878441502558,0.0071063586796835665,0.01482214529842175,0.008886875068649294,-0.037978110046572144,-0.13284146311472889,0,4
2023-04-11,QQQ,0,-0.006417654142758411,-0.006438335817816387,0.00631329653323003,0.009861410392222256,-0.004783443000431209,-0.00159330828976878,0.008117601229728922,-0.00629267244909648,-0.1112470006447368,-0.21394556076844962,1,4
2023-04-12,QQQ,1,-0.008833834345716607,-0.008873083981160157,0.006904086173421785,0.010220242395290059,-0.009812050544555029,-0.012261574039479028,0.018406664051038926,-0.01503995553816925,0.5658853855051653,0.19748573616052978,2,4
2023-04-13,QQQ,0,0.019582068109513795,0.019392806183442524,0.011471509272311093,0.010464702542447064,0.007506423511176363,0.005034993743446847,0.019121396532823774,0.013785303308370045,-0.13053764091362818,0.038516764289831196,3,4
2023-04-14,QQQ,1,-0.0018797656467354207,-0.0018815346233669317,0.01124526622764343,0.010187920335240137,0.005282549486253396,0.002233708002185697,0.014956390487017657,0.003085774103808581,0.030477644844343343,0.07441072671533866,4,4
2023-04-17,QQQ,1,0.0008475217423011827,0.0008471627985429109,0.011233391225267765,0.008586934637905939,0.005518961404667566,0.00374310127225308,0.009932433514795343,0.002168796022767658,-0.23581558078335696,-0.14782797883232202,0,4
2023-04-18,QQQ,0,6.263603001732676e-05,6.263406846329644e-05,0.01056675743900272,0.008564700734496031,0.0036638231529151355,0.004213798989034956,0.011776064345610465,-0.006635736152573634,0.08696026228288423,-0.07302508530717722,1,4
2023-04-19,QQQ,0,-0.00047037394192650517,-0.00047048460245147083,0.008973674266147643,0.008500582667308557,-0.0003763735085653419,0.0038552690473749873,0.011093232593787708,0.007269010986848825,-0.16657361236787893,-0.21669331631615996,2,4
2023-04-20,QQQ,1,-0.007624637832139292,-0.007653853986317571,0.0033977427472062873,0.008238558315484224,-0.00619647765296627,-0.003911692763839292,0.013620918495088709,0.0018689104289900072,0.6032325379041634,0.2566656265221168,3,4
2023-04-21,QQQ,0,0.0010434802078043148,0.0010429361607675602,0.003627124433389009,0.007922470342462833,-0.003932557568893658,-0.002419855705063645,0.010445974343054824,0.002215762974704057,-0.05539038873172697,0.15887998419270755,4,4
2023-04-24,QQQ,0,-0.00208449068885308,-0.0020866662634047017,0.003439802387013725,0.00793999178495819,-0.004198074270206131,-0.0038967127305241656,0.01264302401626678,-0.00135910193168029,-0.25353587910979747,-0.13307895728785402,0,4
2023-04-25,QQQ,1,-0.01886389409677436,-0.0190440870393056,0.008106135692243957,0.009730736068599786,-0.01748931128361464,-0.02088434961792729,0.01616337278994199,-0.013681689502172856,0.29694776253261,0.08792997218352205,1,4
2023-04-26,QQQ,1,0.006064997560795593,0.006046679491804596,0.009540104994674782,0.009678327768908986,-0.0072258857259071,-0.014581868310930557,0.011485471144317649,-0.0050089564573438375,-0.03013045853057339,0.07026041673709904,2,4
2023-04-27,QQQ,1,0.027190649447289772,0.026827550959723112,0.01659629176171835,0.011538202583771,0.017132658305481163,0.01183502590798824,0.018403539226928008,0.01472915336295578,0.1810434923872528,0.23815148500631,3,4
2023-04-28,QQQ,0,0.006898692045606003,0.0068750049472345864,0.016659272423899533,0.01167617831971617,0.020294524314819817,0.017533020644358244,0.01152729564919284,0.007653657552545607,-0.08738751406074241,0.12265659634967307,4,4
2023-05-01,QQQ,0,-0.0011470879055646144,-0.0011477463144462519,0.016581005014893655,0.011701897661067025,0.01511692551496746,0.0152928897945237,0.007886021217055318,0.00031049118151037805,-0.31315333782149835,-0.22600600498591228,0,5
2023-05-02,QQQ,0,-0.008721536651603912,-0.008759791844179077,0.013394436125060851,0.0121115321363906,0.0003445108661688234,0.006273077983400599,0.015025539950439724,-0.00850611658980744,0.37807155710084994,0.04730430238731209,1,5
2023-05-03,QQQ,0,-0.006543977303216542,-0.006565482995876337,0.014531298941180049,0.012301278271414806,-0.009564451168504906,0.0001355150081352452,0.016544201860584442,-0.007693483831362392,0.0594963853119459,0.0682025553548733,2,5
2023-05-04,QQQ,1,-0.0035298432782866485,-0.0035360878743651014,0.006046248790203959,0.012099784378637275,-0.010478264563373418,-0.0033602660063242196,0.009808919110225767,-0.0028069896477397878,-0.16127690912643344,-0.08407934422893115,3,5
2023-05-05,QQQ,1,0.02125457442666967,0.021031846424804712,0.012083842954000513,0.013849273427249027,0.01034486103138943,0.015811962141529357,0.02370715697430676,0.013878900401269689,0.03149060717378971,-0.042673088994864106,4,5
2023-05-08,QQQ,0,0.002477477997425259,0.0024744141082466697,0.012086865531273657,0.013772809118749835,0.011898065868858776,0.015855002690231768,0.008436204662936573,0.00393892736424851,-0.296109917557971,-0.31657771970424475,0,5
2023-05-09,QQQ,1,-0.0063332556756924285,-0.0063533958195707285,0.011646430097731673,0.012078081907060355,0.004070692075827331,0.005744133055306744,0.004844712914887422,-0.001117966930318323,-0.12880562060889933,-0.3749050614729422,1,5
2023-05-10,QQQ,1,0.01088171970743379,0.010822939828531553,0.01125119339839438,0.01227461726402208,0.010046358039147218,0.012487132095839737,0.01360608332884527,0.003147042905764595,0.9027032812067186,0.1776771549148528,2,5
2023-05-11,QQQ,0,0.0032602578956655304,0.0032549547781197674,0.010345070985005141,0.009268156242490458,0.007063695708872109,0.013941001270198594,0.008074930255577446,0.0015351549931234725,-0.26747740981295887,-0.10024591672969363,3,5
2023-05-12,QQQ,1,-0.003587007326833591,-0.003593456063343936,0.0066929051107974535,0.00922652578497323,0.0021272578701474476,0.009528924143721085,0.012946107341479324,-0.0052334930103031625,0.0938220581094662,0.007258161792537132,4,5
2023-05-15,QQQ,1,0.005415121748265639,0.005400512692637527,0.006942039954860583,0.009305590202276275,0.005631547293071026,0.013547537516233277,0.009431376093255102,0.003932286998542702,-0.310888488792719,-0.2946833074035049,0,5
2023-05-16,QQQ,1,0.0011319546423589344,0.0011313144647582263,0.005338927601160933,0.00860318441407582,0.003361151692490072,0.012252293745844689,0.008832745213693245,0.003373630962865818,0.1990555975023669,-0.12373111451718855,1,5
2023-05-17,QQQ,1,0.012104295871100401,0.012031624716209777,0.005776166248659282,0.008458678712075986,0.011794884614467094,0.020139631705027305,0.014227342947523598,0.008774082892081718,0.18658294018870936,0.06877498289459472,2,5
2023-05-18,QQQ,0,0.01857324533436433,0.018402869007526412,0.008784263518986736,0.009050320983318327,0.023661907080721578,0.03237583674963185,0.018068262647438653,0.01734435385663237,0.35225887154346225,0.4011451189522859,3,5
2023-05-19,QQQ,1,-0.0022532370252851264,-0.002255779383572687,0.008404788381229867,0.007757959693821203,0.014287075726350684,0.02577316405737995,0.008237277725974223,-0.0029037319538556916,-0.04140250881823915,0.3151581760432509,4,5
2023-05-22,QQQ,0,0.0033578609813618154,0.003352235954698024,0.008550514503045151,0.007741633911028195,0.011079808115992185,0.024859536604594945,0.007226834775789963,0.004133872560408922,-0.3011782977472143,-0.0936233846384652,0,5
2023-05-23,QQQ,0,-0.012676068905433047,-0.012757095729526213,0.012201494460860485,0.008881466855268121,-0.005429831263564666,0.008281437216707932,0.01208728268639717,-0.007532314705821426,0.12090413079814666,-0.018069411074214337,1,5
2023-05-24,QQQ,1,-0.0051296189117161495,-0.0051428205724839415,0.011700560350830244,0.008870281962722194,-0.010844427557874403,0.0011380784906915853,0.010109563789355493,0.0008449732426674742,0.3043447602179328,0.2744313700696517,2,5
2023-05-25,QQQ,1,0.024333076514836627,0.024041743762507117,0.013998188363002857,0.011353312599327165,0.011746097722681759,0.021330557029481945,0.012797063603330891,0.001710168506263869,0.06315032945785748,0.29561819966992764,3,5
2023-05-26,QQQ,1,0.02555008123109226,0.025229133253117375,0.0172629927279059,0.012800291088789675,0.03029964415913966,0.040117843603515,0.025208346319155323,0.02242042467399318,-0.05766734267784179,0.18737101730749628,4,5
2023-05-30,QQQ,0,0.004535099281071986,0.004524846704276442,0.01720735349586744,0.012815724296499504,0.027473186895187185,0.03765106118993278,0.015310011134663673,-0.007740014558384564,0.15308140365356238,0.2747800347242022,1,5
2023-05-31,QQQ,1,-0.00568596750502981,-0.00570219415697526,0.015361290870723493,0.013330796061427735,0.012929780874864072,0.025418155810935872,0.011740380616059656,-0.0010908083019166759,-0.10387572571787229,0.09419792112915903,2,5
2023-06-01,QQQ,1,0.011552189911708144,0.011485972845974857,0.013270380695254807,0.013305070547990341,0.012628843905078346,0.030918010327873446,0.01926776946990794,0.012308396296186106,-0.22450979488644562,-0.15572060717562064,3,6
2023-06-02,QQQ,1,0.007499627877355142,0.0074716454861309956,0.011377643621125913,0.012604674676619276,0.011534312835979055,0.033389536452954616,0.010796995303674065,0.0024025046151584903,0.05711190248887865,-0.09102319817809867,4,6
2023-06-05,QQQ,0,0.0007049884368759418,0.0007047400492616873,0.006592717287314368,0.012446428328295225,0.008507980986029118,0.028606242891899836,0.010298208311685538,0.0013260763208972097,-0.1144024687055597,-0.1749344232219734,0,6
2023-06-06,QQQ,0,-0.0001691655413030846,-0.00016917985140718628,0.006780524661875321,0.012560310487748779,0.005559915964465034,0.023330853995674694,0.008157431010486908,0.001580663770247463,-0.12431293397819165,-0.2754448732487169,1,6
2023-06-07,QQQ,1,-0.016965456731459327,-0.017111018792632215,0.010916440446656817,0.013285295738048345,-0.011964631752896304,0.0015043452372534016,0.025173886516168396,-0.017768134125067673,0.6725110170474313,0.16883952333241825,2,6
2023-06-08,QQQ,1,0.012413499947199425,0.012337084198108528,0.011138500807420296,0.013009876636566272,-0.0003452356521697064,0.007715971314560921,0.01354829438274456,0.011543305555856644,-0.3188402028720464,-0.1821006739522778,3,6
2023-06-09,QQQ,1,0.0038226672868770795,0.0038153794610025216,0.010689394604508509,0.011379025250352724,0.003561325329319631,0.0073197984717556785,0.013055874627254074,-0.000366593015318769,0.1281548291869814,-0.05487985792524086,4,6
2023-06-12,QQQ,1,0.01689700483572598,0.01675583842338657,0.013142309143654411,0.009805988480722228,0.017298797734127236,0.020833499343514417,0.015132328515441797,0.012072174298817115,-0.1614830939396844,-0.18071748771852236,0,6
2023-06-13,QQQ,1,0.007684038565109574,0.0076546667078103425,0.013108265297768765,0.00989449311412443,0.0202671960030949,0.02482363657765929,0.011230660013489258,-8.257529409363199e-05,0.28003317902099467,0.07955002016435131,1,6
2023-06-14,QQQ,1,0.007267624915963777,0.00724134299129453,0.005090409540058965,0.009351227098759301,0.01791584996580542,0.027082074456023397,0.015883472866388415,0.007239807752777283,0.21765812343032476,0.30362805792127445,2,6
2023-06-15,QQQ,0,0.011915784641575833,0.011845350645231179,0.005026517163283217,0.009379891523992651,0.020331723086254083,0.034023492635241626,0.021365235019091797,0.015496077016691302,0.023202964088048228,0.2841538981696077,3,6
2023-06-16,QQQ,0,-0.006292979025136813,-0.006312863282345482,0.008633319609181657,0.009983621211718164,0.00646112213862704,0.02371973309629105,0.014407585049367127,-0.012851493156347975,0.13766327236332354,0.39169850773987425,4,6
2023-06-20,QQQ,0,-0.0014315980767506398,-0.0014326237923354412,0.0074533532737671195,0.010077917191120101,0.0012333987333781327,0.018710210706177177,0.012105458472494985,0.0025959329355499127,-0.3920241684377008,-0.1566920463260908,1,6
2023-06-21,QQQ,1,-0.013627752849442731,-0.01372146301994892,0.010261946187228425,0.011432138828531738,-0.011946082708894412,0.0027265774818627797,0.014272437688200358,-0.010499252038121024,0.0848211654577713,-0.10357934801373858,2,6
2023-06-22,QQQ,0,0.01179881414500139,0.011729750849909237,0.011263309702662441,0.009546104322828989,-0.0007089844136852763,0.009570679339719446,0.016942531871545055,0.015362028865906797,-0.10819565254045183,-0.17044459450628446,3,6
2023-06-23,QQQ,0,-0.009913426609132858,-0.009962891807280272,0.00986233211202129,0.01021845068628902,-0.006704934657802641,-0.0031513295460660062,0.011208960697864343,0.0009111208901720185,0.027727244081255487,-0.15006345480810246,4,6
2023-06-26,QQQ,1,-0.013405287906555041,-0.013495949923758133,0.010766424512098785,0.011411738387615817,-0.014758703141455443,-0.017504633846666673,0.020027624309392266,-0.011933721890107045,0.07690876869523278,-0.08388195274138133,0,6
2023-06-27,QQQ,1,0.017194183722640588,0.017048036620498586,0.014881984515047795,0.011457772323075571,0.003879543396222429,-0.0016627770547915643,0.01686846919580724,0.012748744807976688,-0.06182725797420541,-0.14766896693956222,1,6
2023-06-28,QQQ,0,0.0019513627314782234,0.0019494612964150448,0.013275988296359896,0.011234030504707773,0.004375234661640137,-0.00020232175958279086,0.01276312220831994,0.007072206975236653,-0.059280045156500094,-0.18326682380234982,2,6
2023-06-29,QQQ,1,-0.0020025263005998273,-0.0020045340372032427,0.011977142948170252,0.010997707216567468,0.003669150576290914,-0.001769453181113767,0.007549967257111105,-0.0011805202265258287,-0.007462686567164201,-0.15465425558708312,3,6
2023-06-30,QQQ,1,0.015420451032591265,0.015302764191628349,0.012723430537534655,0.011478458814573444,0.015291981686085698,0.013716263309155208,0.00886948539332597,0.005087813078146424,0.2721826179281055,0.10048245975753312,4,6
2023-07-03,QQQ,0,0.002354814166398045,0.002352045936445002,0.00870252853194521,0.011278269665799772,0.010677478613982272,0.01530543988130395,0.005296272100648714,0.0005944854118112351,-0.6690159676389185,-0.5883007578754066,0,7
2023-07-05,QQQ,0,-2.6971469964331973e-05,-2.6971833700706327e-05,0.006865064314740297,0.011255643576471089,0.007104248612949782,0.014337988159788262,0.0090859940130258,0.004285290262964342,0.7733277071358367,-0.24638252282935513,2,7
2023-07-06,QQQ,0,-0.0076160439006857095,-0.007645194063298,0.008545933866776486,0.010525972180007555,-0.0021508597214593417,0.005081911867800715,0.00924944628553348,0.0025919665606421423,0.4327745357782298,0.08930117733489684,3,7
2023-07-07,QQQ,1,-0.0033200822094693327,-0.003325605911894236,0.008704627107296008,0.009965264120911869,-0.0067745957043472416,0.0017257766754310566,0.012172211112859025,-0.002695914610284896,-0.045387617545017966,0.04093814446195032,4,7
2023-07-10,QQQ,1,0.0003276602408053275,0.0003276065719113319,0.0039040544630005954,0.00933213155076967,-0.004797329300430309,0.0010081156116070744,0.009946399103318883,0.0010929989775493656,0.02896229237254877,0.07209023642053602,0,7
2023-07-11,QQQ,1,0.004940639182812623,0.004928474276866268,0.004665268738092215,0.007852368334902297,0.0012728530122418924,0.003078717890206528,0.010932712648125151,0.003762384063532872,-0.2120609169711416,-0.12734209064209634,1,7
2023-07-12,QQQ,1,0.01263004214759822,0.01255094844025706,0.007800125370271425,0.00701908584352593,0.01252012533636715,0.013265828534969604,0.01044747995567845,0.001289173849302306,0.6217940498402421,0.375849147078934,2,7
2023-07-13,QQQ,0,0.01697862856674126,0.01683610265362745,0.008428590928456152,0.008374430169432403,0.023214270288831607,0.02639411940008185,0.012046267587677276,0.008243601127896613,-0.24228000141991823,0.04144027464217115,3,7
2023-07-14,QQQ,1,-0.00021089321539025097,-0.00021091545649198906,0.007615874334796345,0.008250739537168985,0.01596302197978594,0.021955923390913235,0.012329072738827848,-0.0013698701722608326,0.1743718057921635,0.19911113333760944,4,7
2023-07-17,QQQ,1,0.009338534390454623,0.009295199856618197,0.0066693177632582475,0.007519195545427834,0.016595583471844755,0.02784454472742115,0.011032128952279603,0.007398624668006826,-0.25892997996319034,-0.07550627403618315,0,7
2023-07-18,QQQ,0,0.00818069432340951,0.008147413825457583,0.006358599656879923,0.007641889556036406,0.015431264139426304,0.031969846517463596,0.018666889313853834,0.009896321247932157,0.352177327992679,0.15635795997882385,1,7
2023-07-19,QQQ,0,-0.0002335031135758392,-0.00023353037967233092,0.007255638691347329,0.007654617725184902,0.008382778885158482,0.027503875463938066,0.009513528575772222,-0.0030246972896459086,-0.02115377655531825,0.08723288748336522,2,7
2023-07-20,QQQ,0,-0.02305191486308933,-0.023321765365596825,0.013023792263507658,0.01107309619100885,-0.013629539799905221,0.0013367903389045477,0.021902211661079633,-0.015289657379334284,0.32996321150610974,0.3832385976360908,3,7
2023-07-21,QQQ,1,-0.002999142431810431,-0.0030036488720330823,0.013030789827528724,0.011054616064983992,-0.014813267266934327,-0.004151647243277101,0.01247431583335815,-0.009362276126220023,-0.15904683931572372,0.1340938998466621,4,7
2023-07-24,QQQ,1,0.0015974293162712705,0.0015961547831979672,0.011783709167305423,0.011033013197117907,-0.009926111759467449,-0.0051640368121457225,0.008602809931445245,-0.001035484403152916,-0.33255591772507587,-0.2313578568528427,0,7
2023-07-25,QQQ,0,0.0067777934047119626,0.00675492742543593,0.01145405546588152,0.011089305113967385,0.00044915999266059714,-0.0012233435984844165,0.009391188301587335,0.004854719493311878,-0.0367928756986734,-0.26059591242674285,1,7
2023-07-26,QQQ,0,-0.003326572645918624,-0.0033321179901122377,0.011310633954401671,0.010674027642891366,0.0014218104465335557,-0.005777993959410033,0.010748696244500642,-0.000529525061910561,0.21034647661359984,-0.07897674125588727,2,7
2023-07-27,QQQ,1,-0.0023840657843755553,-0.002386912194126012,0.004307336432952659,0.00916438187506426,-0.0008914498275971461,-0.007486981151578531,0.024538579676713003,-0.016837685236923694,0.3582421504088096,0.2107499260089063,3,7
2023-07-28,QQQ,1,0.018214676133482266,0.018050776184501238,0.008800935214024303,0.010938778932828625,0.013087542717071576,0.009418210395026883,0.01129376451977575,0.007196566744319213,-0.11006065042023638,0.07392634071171833,4,7
2023-07-31,QQQ,0,0.0005215225092609632,0.0005213865636610748,0.008892415140834962,0.010559690035926463,0.009641647736741366,0.009660271719352576,0.0066182247801392985,-0.0002866564180702163,-0.22640322373727872,-0.17412541427498007,0,7
2023-08-01,QQQ,0,-0.0023193552788917104,-0.0023220491495150597,0.009100152631988778,0.010208480059428168,0.00517854124967676,0.00810107145337402,0.0075069842157283306,0.0012555543652884918,-0.06722641350843594,-0.2085590028374653,1,8
2023-08-02,QQQ,0,-0.021944232806282105,-0.02218858890252484,0.014249041368144888,0.012206554631994023,-0.015260610874760827,-0.011088459735828615,0.016163066827427228,-0.012840782027604383,0.7702395970833353,0.3525642433172027,2,8
2023-08-03,QQQ,0,-0.0016026369902535365,-0.0016039225866615325,0.01424233271516391,0.009945443357496173,-0.015372990517522833,-0.011898189860547248,0.01123843406442381,0.004973936902113847,-0.34422476615520503,-0.0710601997283713,3,8
2023-08-04,QQQ,1,-0.004681868127035305,-0.004692862400863973,0.009101786817109063,0.010001868157706588,-0.014040533539288136,-0.015590145720847048,0.01748504943238523,-0.00987356342003493,0.2944715774633704,0.19967312821085126,4,8
2023-08-07,QQQ,0,0.008466637204299854,0.008430996262839052,0.011017972846637641,0.01042068892154243,-0.0011981968769398943,-0.006982217339656871,0.010110192387746606,0.0035037914343783927,-0.3966173334111256,-0.2716778655832657,0,8
2023-08-08,QQQ,0,-0.008502114657769289,-0.008538463811015085,0.011070618918616576,0.010399545345753231,-0.0039680255246234974,-0.013654999427659353,0.010304841635199647,-0.0017175145536673343,0.20134352572091618,-0.1349048620681318,1,8
2023-08-09,QQQ,1,-0.010994545958144308,-0.011055432671035703,0.007572643113118976,0.010803097257893685,-0.011488765558093972,-0.02200744589001291,0.014263067599766182,-0.011765034737116757,0.14363744089074704,-0.018382126463549198,2,8
2023-08-10,QQQ,0,0.0018482003883217857,0.0018464945674603328,0.007933241572661842,0.010891666927475422,-0.00688673229250969,-0.018104012264226865,0.019731991219111306,-0.006415626263527846,0.40828998121245186,0.3612555056589142,3,8
2023-08-11,QQQ,1,-0.006375859031489406,-0.006396271632184813,0.008070146667039514,0.0082516936699865,-0.01012484168905825,-0.01986305050004622,0.009043956520433995,0.0006830787908704919,-0.3238426160507418,-0.06509777305426567,4,8
2023-08-14,QQQ,0,0.011222257386815926,0.011159755033347096,0.009088370601544831,0.009571877436274155,0.0036095221305840752,-0.00531527044393576,0.01578958796299776,0.013463627853063324,-0.1350190526246633,-0.18838446690220345,0,8
2023-08-15,QQQ,0,-0.010611638146723612,-0.010668343090462606,0.009473942068992661,0.009815441344610598,-0.0040283270923834325,-0.011524492904741224,0.011993782134095578,-0.007959638402708443,0.0809170488098967,-0.13021630234924242,1,8
2023-08-16,QQQ,0,-0.010589001797648434,-0.010645464218017153,0.00938955884060773,0.008047247395965807,-0.011689483085776109,-0.01885498354107884,0.013638697627491194,-0.009101556882791212,0.16799773385536643,0.0551981061762532,2,8
2023-08-17,QQQ,0,-0.010922713112551441,-0.010982803913766936,0.009510831623121533,0.00837695598362248,-0.01712035196973405,-0.025560664467383143,0.016897444886448294,-0.014781857921536216,0.17698273187881286,0.2062053267455155,3,8
2023-08-18,QQQ,1,-0.0012549953511803436,-0.0012557835173447884,0.009661458032892978,0.008421124590275551,-0.01397004925773182,-0.02309083109901422,0.013229781224551505,0.008078576361805869,-0.02256873729120845,0.18014561803577656,4,8
2023-08-21,QQQ,0,0.016111562907862087,0.01598314913972665,0.011678704779746649,0.009876773414888688,0.005487616743685031,-0.004284830373820658,0.015127085577189735,0.011901448299342126,-0.17150939511107766,-0.04701044206541949,0,8
2023-08-22,QQQ,1,-0.001429019267980114,-0.0014300412897894077,0.010972254093286959,0.009691033183778794,0.005740324938837915,-0.003357011214696004,0.010585199869121173,-0.008648159911948188,-0.12163167082540216,-0.16261515635313295,1,8
2023-08-23,QQQ,0,0.015768508664741665,0.01564547739307187,0.011878216164026663,0.010669125478131368,0.017897432136570135,0.012025499836632703,0.01607333393211115,0.012425253568873442,0.162595272421862,-0.027593521898238715,2,8
2023-08-24,QQQ,1,-0.021375747699927783,-0.021607517785443342,0.015463962757089547,0.01265588156189142,-0.005309201980178813,-0.00760194521407942,0.0314780485391954,-0.03064623491523969,0.2911285555894658,0.26786808671180173,3,8
2023-08-25,QQQ,1,0.007751512650485903,0.007721624031611363,0.015577633029652132,0.012892686998108017,-0.0008399613037530784,0.0007009705241345365,0.019775191309060535,0.005385648217216172,0.04664696862026396,0.27558722904904887,4,8
2023-08-28,QQQ,1,0.007527102245844075,0.00749891496904187,0.014236980714476584,0.012567182543883528,0.0051028088526205995,0.009229355010305307,0.009428026777701569,-0.0006266668706771129,-0.4152414576796907,-0.25242546000229515,0,8
2023-08-29,QQQ,1,0.02183982213547364,0.021604749689378977,0.01658838737568955,0.013900595959960179,0.020682147936426976,0.028906618561136632,0.024279773995420032,0.022397401543428855,0.42978244927890485,0.04415492702550883,1,8
2023-08-30,QQQ,1,0.005576935491079293,0.005561441963918945,0.015738810042244825,0.013149299203646027,0.022059862505713346,0.030592999259471343,0.009576469293396943,0.0052816379720463935,-0.2865483379037277,-0.23948922776032433,2,8
2023-08-31,QQQ,0,0.002998263591401207,0.002993777763346195,0.0073524003778597715,0.012093187387149134,0.01588361071635358,0.02822516464554914,0.007560901164791196,0.0027855568158541787,-0.143795454273151,-0.31531534638941794,3,8
2023-09-01,QQQ,1,-0.0010583585710305377,-0.0010589190279404193,0.00870006599824925,0.012081405876503581,0.00745993339487061,0.02172834224731779,0.012486856141466145,-0.00738695479411184,0.11392164161351448,-0.20471736247470107,4,9
2023-09-05,QQQ,0,0.0012715729998722392,0.0012707652356063193,0.009113024771392393,0.011513606054934337,0.002689417696122298,0.019119941597350643,0.0092364336008775,0.003450429568316019,-0.18735616011577538,-0.3291169014452604,1,9
2023-09-06,QQQ,0,-0.00880799660163134,-0.00884701629622775,0.0054865640939689535,0.012113018436229285,-0.00612647216008988,0.007059737302412161,0.013067198610401877,-0.006732423009807476,0.329409909659228,-0.10527915822118294,2,9
2023-09-07,QQQ,1,-0.007151705005473463,-0.007177401034624609,0.005194969995532532,0.011618248331965004,-0.010715532256851623,-0.0009344850069966659,0.009994360747770945,0.004997180373885472,0.2107505575749964,0.08263023621235077,3,9
2023-09-08,QQQ,1,0.00139759496955838,0.0013966192427172786,0.004802078704948123,0.008621559059585,-0.006474571292414355,-0.0025807382650141486,0.008736324063020712,0.0015321544896055989,-0.3123392501445428,-0.2041415645910677,4,9
2023-09-11,QQQ,0,0.011782851879712064,0.011713974599750543,0.008226160036359186,0.008949449063517008,0.005564433757470955,0.005685190966511655,0.01019535360413439,0.003487189335631372,0.11554436998779338,-0.04868938302706893,0,9
2023-09-12,QQQ,1,-0.011088528533035324,-0.011150464543961291,0.00940756266369324,0.009911762894838395,-0.002776709867048144,-0.007063700645337234,0.011858161689740467,-0.006608523306828165,0.036417722089511884,-0.015173199462938602,1,9
2023-09-13,QQQ,1,0.0038090902155003548,0.0038018540011401925,0.0090703850465037,0.0070683067736088,0.001305747328214979,-0.0031328263906562626,0.010615745296723584,0.00316326483028887,0.11861757386871541,0.1345557925916343,2,9
2023-09-14,QQQ,0,0.008177257629036205,0.008144005011689437,0.008739014963496258,0.007343919921834129,0.006686867855901113,0.004909071447717128,0.011649178113768664,0.0034043427020463554,0.03755234802065632,0.1592426990808229,3,9
2023-09-15,QQQ,1,-0.017122997393120065,-0.017271291173480918,0.01257396080553563,0.009033713435517196,-0.009615127650176913,-0.010405401573169382,0.017185022770670685,-0.013567093330402078,0.4532071591235527,0.5566047201704944,4,9
2023-09-18,QQQ,0,0.0010423823530740783,0.0010418394498312722,0.01063616847244859,0.00907923166770853,-0.005515722138963786,-0.007680739764469591,0.007473220272093306,0.003628279842186477,-0.4713813829299597,-0.17179867145765992,0,9
2023-09-19,QQQ,0,-0.0021312244689235538,-0.0021334987597159127,0.009649495838389636,0.009020350343997159,-0.00636561042758399,-0.007762513508574043,0.010505807445753461,0.0014891903554142588,0.01946156868589699,-0.16556359839206358,1,9
2023-09-20,QQQ,0,-0.014410335328432722,-0.01451517258947188,0.010651763111997736,0.009642066149560593,-0.01585708103345862,-0.019520571977279744,0.018466116398703773,-0.017279966171107393,0.20978584168179526,0.0038883574474430915,2,9
2023-09-21,QQQ,1,-0.01832471408654246,-0.018494691385661177,0.008988347051285105,0.010808793438499819,-0.023949420772846453,-0.03393764850160519,0.010837039341456354,-0.008148565800654234,0.532154800040427,0.4804017890123664,3,9
2023-09-22,QQQ,1,0.0001398591109860181,0.00013984933161204083,0.00897466352986444,0.010750214682648713,-0.017184342458017032,-0.03010252278989456,0.011706452181179862,-0.004782696653088213,-0.2602015062780706,0.05967881213401949,4,9
2023-09-25,QQQ,0,0.004749525813247946,0.004738282402048988,0.009884960926199421,0.009805036396330779,-0.006487147338266497,-0.02103508013550559,0.010562350064749286,0.007508454685161837,-0.24077868256648127,-0.19419709994893786,0,9
2023-09-26,QQQ,1,-0.015016036104424146,-0.015129918251634678,0.010296683098946031,0.010169447661077469,-0.012864143842174602,-0.030976056094113802,0.012129239497726419,-0.007787329772108511,0.3699371936274509,0.07672679485067357,1,9
2023-09-27,QQQ,1,0.002343346417600367,0.00234060506317757,0.010642128375612623,0.010039568415554145,-0.005283865117005959,-0.023729829520568346,0.015814130107344795,-0.0009567120637604237,0.04488265430683769,0.1034307394792664,2,9
2023-09-28,QQQ,1,0.008365118451396203,0.008330324749010742,0.008992464540047833,0.010067218109448259,0.0029527393209742847,-0.010471039702617313,0.0195702563611111,0.011013596270634765,0.006907929939713897,0.0929545626588395,3,9
2023-09-29,QQQ,1,0.0007262532280203349,0.000725989633760804,0.008996670449873748,0.009234034410848017,0.0034787399004325703,-0.0064559401738906175,0.016402121627494957,-0.009044696171830995,0.14837573711368512,0.26734546862064135,4,9
2023-10-02,QQQ,0,0.008345721249919169,0.008311088276339085,0.00957322331700827,0.00987776384471114,0.010919047018974615,0.004454279789532611,0.013276005842038384,0.00758632553098278,-0.20368010908597312,-0.01901930243239036,0,10
2023-10-03,QQQ,1,-0.017549669867754192,-0.01770549108942454,0.010637676344538726,0.010954757713968385,-0.007216753763775952,-0.009054476022497426,0.02154526732991945,-0.01075864140892917,0.17149409880077715,0.1013775026774808,1,10
2023-10-04,QQQ,0,0.013608636491397874,0.013516870599579178,0.01221587991682442,0.011579573858160162,0.003649113131977133,0.005776061613448125,0.014925366732913755,0.011187034064796222,-0.09411278388187538,-0.018844197257326112,2,10
2023-10-05,QQQ,1,-0.0029463191887398876,-0.0029506681314703798,0.011948751909051454,0.009971098580802081,0.00031246357751402165,0.0025800495444585625,0.0139266675489228,-0.002918740816901313,-0.1622528825426609,-0.14138568371271643,3,10
2023-10-06,QQQ,1,0.016755219001135302,0.016616398815022748,0.014017026860773961,0.011248323244540124,0.013438336165113807,0.017447507181312272,0.031097983265572268,0.025446417730520126,0.635149267714511,0.34493847258317656,4,10
2023-10-09,QQQ,1,0.005099982726604502,0.00508702186280896,0.013818525448294356,0.011258596872486306,0.015615335451853785,0.020657481941595224,0.017471672055045188,0.01175823877769304,-0.39633120183986215,-0.19693442255067017,0,10
2023-10-10,QQQ,1,0.005537967999021287,0.005522689834942973,0.007772516363018025,0.009560507385731493,0.013562084954344966,0.022216909019323605,0.01332783922650872,0.004606166447315505,0.03672900001765811,-0.15744880388577243,1,10
2023-10-11,QQQ,0,0.0071353235191999875,0.00710998754718517,0.007027146860485207,0.009586708474355428,0.014395267743296802,0.024911766563716187,0.008704117422968153,0.0034600172213049884,-0.18637265589071894,-0.2917993863698193,2,10
2023-10-12,QQQ,0,-0.00347493114588715,-0.0034809827424426842,0.0072031160187366414,0.009786451978839579,0.004698603683992664,0.018000001005709976,0.01678635044240348,-0.004842273309520543,0.29759963993290617,-0.06919659197774541,3,10
2023-10-13,QQQ,1,-0.01256986759848866,-0.01264953670836988,0.008322724125767818,0.011005831827485865,-0.008242792727869652,0.0032684995669356454,0.019699431055573664,-0.01427532838698828,0.0581190169375998,0.008293309950569094,4,10
2023-10-16,QQQ,0,0.01130645234864791,0.011243012157436283,0.009577341007383873,0.011233158254181336,0.0014206299780801235,0.012345805173069158,0.010937782496950906,0.007610082870766687,-0.15759130472899696,-0.13831175299872722,0,10
2023-10-17,QQQ,0,-0.003275564160570954,-0.0032809405645704004,0.009478928761755533,0.009144729001980871,-0.0016485257952306709,0.005370951842915916,0.01711273559335212,0.006533486412040115,0.15379707744829885,0.012932194512631057,1,10
2023-10-18,QQQ,0,-0.013117977258729652,-0.013204777856934413,0.009892066190003069,0.009813892069307188,-0.0105327688531629,-0.008797222866062993,0.016107458725492445,-0.0062898740013895525,0.06434231192315165,0.07919161578428446,2,10
2023-10-19,QQQ,0,-0.009356745781827436,-0.009400795115239724,0.010127299142542782,0.010300857539554831,-0.014445053847361833,-0.018414374167666114,0.018804269064640115,-0.013267170226367636,0.3314947356785587,0.3653373332036147,3,10
2023-10-20,QQQ,1,-0.014917986607831946,-0.015030378949089318,0.010586763159797194,0.009557137070227118,-0.023436477791038635,-0.030387223568047017,0.015773698220996477,-0.013520239990797014,0.00395023397007499,0.37720738919612784,4,10
2023-10-23,QQQ,1,0.003017583368939869,0.003013039602746126,0.007390814827443205,0.00938795584959174,-0.013020187309097708,-0.024556734437251815,0.023042559087959318,0.0068221808172069165,-0.1639270834912493,0.11882690007681362,0,10
2023-10-24,QQQ,0,0.009727984094431541,0.009680971900521307,0.010775197257707888,0.009890030260788517,0.0016231568301303678,-0.012505637293784289,0.011524139197916361,0.004531327999038488,-0.22390266577873308,-0.13186282716875264,1,10
2023-10-25,QQQ,0,-0.024475720778016186,-0.024780230226150834,0.013726116062770832,0.011387895861277484,-0.015738497082799285,-0.031112573467100058,0.01998879909954753,-0.01783015321415023,0.5120502271563927,0.23742808662179127,2,10
2023-10-26,QQQ,1,-0.019067277610237188,-0.019251402410977114,0.014755743893418733,0.012092936771257857,-0.02557563618731784,-0.04263120285960609,0.02211274441073416,-0.015639297466320697,0.10438050020719047,0.30093852223494677,3,10
2023-10-27,QQQ,1,0.0048011896178803415,0.0047897006660884145,0.015445484585532972,0.01248867445199484,-0.015711763981444693,-0.03265308626187613,0.013740178004968014,-0.0032329623325532525,-0.19262821572752453,0.03155356175057955,4,10
2023-10-30,QQQ,1,0.011265486882823028,0.011202503866941882,0.01691314263509997,0.012482541205501409,-0.0009382688429456776,-0.016185484312038922,0.011758607641037533,0.003938779540736884,-0.1288378255328333,-0.11726897001330838,0,10
2023-10-31,QQQ,1,0.0047821368501081984,0.004770738757396309,0.016065866187927696,0.012898101209978854,0.008606438813441253,-0.006630661422567963,0.013257752017749008,0.004695999997902752,-0.13791694168919588,-0.23494918400239306,1,10
2023-11-01,QQQ,1,0.017357010816861917,0.017208098549642337,0.013823906434175345,0.014228712822390414,0.022222296329970526,0.012448614650584444,0.01680314921414113,0.01489818667175235,0.2374732284637282,-0.06037577833210084,2,11
2023-11-02,QQQ,1,0.01815316533147393,0.01799036391440545,0.006487826020373483,0.015206774493136092,0.029120223988122973,0.029814232485805503,0.009348909672309558,0.005255279779771035,-0.014074622792311642,-0.05229916325184192,3,11
2023-11-03,QQQ,1,0.011749049886528473,0.011680565694106804,0.005409990557764127,0.014409981784318541,0.028168410807133837,0.03805743646619386,0.01233721727210418,0.008115123934415696,-0.08393566977978906,-0.10368868681699595,4,11
2023-11-06,QQQ,1,0.004079082776178522,0.004070785872881899,0.006679264072325869,0.014408051631230432,0.020937990398673056,0.03832290433375518,0.007788529385457834,0.001953923416604001,-0.2708645752198271,-0.3215686904562739,0,11
2023-11-07,QQQ,1,0.00945268544430733,0.009408288374987528,0.005825087792852291,0.01439580314152684,0.018294862838962755,0.04415307136191693,0.012234312565714335,0.0065628413467494085,0.3070553197404289,-0.11893846603115243,1,11
2023-11-08,QQQ,0,0.0006439450221029652,0.000643737778471376,0.006808297748115556,0.010604037523941873,0.010130002368163638,0.038251663897926,0.00849687343687181,-0.00037521211508958834,-0.297652105070366,-0.3405358347436064,2,11
2023-11-09,QQQ,1,-0.00769554332827993,-0.007725306817648381,0.007700771276949154,0.00782420029741587,-0.001230649090410707,0.022742083455672635,0.01399737786026733,-0.009554670763991415,0.5102149542668395,0.04372290379116328,3,11
2023-11-10,QQQ,0,0.022482157084608323,0.02223315849856,0.011217311853240685,0.00905746442697986,0.015370488154117679,0.03626187502118361,0.019525602771812204,0.01766985959550544,0.08262995874443457,0.14139418910721369,4,11
2023-11-13,QQQ,1,-0.003118433264554077,-0.0031233057098001282,0.011931260708861788,0.009808732878790442,0.007876849699707256,0.02516648317756154,0.008068177170253805,0.0011146338826184096,-0.3014296053150586,-0.1792560019681656,0,11
2023-11-14,QQQ,1,0.02152627738940338,0.02129785926127159,0.014223055065174883,0.01063303025056538,0.022670428522062247,0.037517739183434484,0.008026940028754334,0.004221925811846254,0.6642959726024034,0.3127405501409317,1,11
2023-11-15,QQQ,1,0.0007527270985292489,0.0007524439415709239,0.014211424480334642,0.010559530778172727,0.01659793759214523,0.030347699181102694,0.009063937419302776,-0.004209179813589412,-0.20136711086460768,0.05833991927972204,2,11
2023-11-16,QQQ,1,0.0008558491013384018,0.0008554830713256578,0.012436095557427303,0.010081520915716726,0.009019684235586523,0.025064258338604706,0.006834021691714569,0.002884356822844442,-0.162498568563059,-0.09085750742556098,3,11
2023-11-17,QQQ,1,0.00023311895751443323,0.00023309178951258502,0.009905174105738346,0.010018613255619212,0.005233971723726416,0.02033587727070163,0.0072168397522499594,0.0021547132947109544,0.027090983272133773,-0.05349669621430386,4,11
2023-11-20,QQQ,0,0.012174878858543403,0.012101361132365263,0.009490822626081415,0.010267025019431173,0.010353311562121492,0.02691462333184136,0.013884253435114987,0.012148692111658371,-0.04599984110590294,-0.10716255796311458,0,11
2023-11-21,QQQ,1,-0.005809478772610177,-0.0058264194372323885,0.00651651472377132,0.010774132764091993,0.0028551775738954177,0.016734872195542483,0.0065036855499455565,-0.0013881610533549645,-0.02459171363235324,-0.11589998900408649,1,11
2023-11-22,QQQ,0,0.0040930212385370535,0.004084667613725834,0.006573601058539409,0.010702452215493848,0.004656784431972927,0.01634237806141936,0.010318249491061164,-0.0013058088333998271,0.01809077693425931,-0.11517273895359714,2,11
2023-11-24,QQQ,0,-0.0014100196194248849,-0.0014110146325236883,0.006773915343107242,0.010069243009437838,0.0014037687818850841,0.009794410644634821,0.004491210130661289,-0.00035925608379853746,-0.6437342761950091,-0.6586573133367688,4,11
2023-11-27,QQQ,1,-0.0008728257776295933,-0.0008732069118408958,0.0068577057662346855,0.008131833665528047,-0.0010779732957273414,0.0061012878494843825,0.0073776896355871304,0.00041130988430291486,1.1719024353004048,-0.21756976960046204,0,11
2023-11-28,QQQ,0,0.00262092397100111,0.0026174953392521516,0.0038646508051827766,0.007862447209028928,0.0018229682967996208,0.005364546194143838,0.0070286835060588485,0.004582783045014862,0.03958441345413122,-0.17670602612096964,1,11
2023-11-29,QQQ,0,-0.0009740165159736192,-0.000974491178304504,0.002496521013116182,0.004679109442876661,0.00015897867888181594,0.0032272535093647026,0.01191785674262916,-0.007334041775719078,0.09356148442849044,-0.034788614038547605,2,11
2023-11-30,QQQ,1,-0.0025139682115429274,-0.002517133535756777,0.0019302580924450258,0.004823018399428581,-0.0017252996004034626,-0.00012086695503021883,0.012125668149021357,-0.003204470988076254,0.3613008448483319,0.31822782858327625,3,11
2023-12-01,QQQ,0,0.0028547676012871115,0.0028507004908568945,0.002387515326677428,0.004865000105869591,0.0009035440062006295,0.0017057743144961446,0.011528049569833979,0.005647975348565442,-0.2336413397332041,0.022618528367428503,4,12
2023-12-04,QQQ,1,-0.009283433557498388,-0.009326793186263949,0.004945308327705332,0.005867735999776051,-0.006935340844590465,-0.0076648831030862175,0.01020488093133114,0.0005957444857670658,0.26418309660880057,0.27788250607960907,0,12
2023-12-05,QQQ,0,0.002510863921902251,0.0025077169696965385,0.00492280111160967,0.004220465364055129,-0.002955369830022314,-0.004290883480068786,0.011160561880998678,0.007544404864774401,-0.1612502417610756,0.07584328015802999,1,12
2023-12-06,QQQ,1,-0.00578381834372077,-0.005800609396605871,0.005257488568509198,0.004217140648889755,-0.006286686090040572,-0.009178692762916496,0.014528360032207395,-0.013375359027466133,-0.021868958609927103,0.05586884065404685,2,12
2023-12-07,QQQ,1,0.013972293340218656,0.01387558067360839,0.009023110337023965,0.006201040820088175,0.006766317380756615,0.004569696356331754,0.011106237218154557,0.006081339209476232,0.18096351630348062,0.2300179591277931,3,12
2023-12-08,QQQ,1,0.004456493638515857,0.004446592874969291,0.009139576489333773,0.0063174515699295115,0.010091310185865288,0.008356425067133078,0.010651668479253865,0.009005068256058702,-0.05859638863964023,0.0753474509514882,4,12
2023-12-11,QQQ,1,0.008542143838573102,0.008505866174182586,0.007339818003761327,0.006744355453708497,0.013914555885111923,0.015312240267530752,0.010874584856849232,0.009649254284800821,-0.11757965194109776,-0.06627142948771847,0,12
2023-12-12,QQQ,1,0.007964329501228606,0.007932781623453344,0.007331018402807529,0.007036052426352471,0.01606147902770605,0.021175582254534753,0.011072921705546567,0.007862311377125395,-0.04798291179183456,-0.11852646946715861,1,12
2023-12-13,QQQ,0,0.012717223829525226,0.012637039041553777,0.0038425257101368324,0.007659731449137676,0.019272594253092912,0.030485210636423732,0.013813095143182595,0.010309782211921909,0.4127079232659887,0.20048714453225536,2,12
2023-12-14,QQQ,1,-0.0008666870668242455,-0.0008670628572042816,0.005084113102666346,0.007531623874380048,0.01176847499607847,0.025780056744888702,0.014716754638241467,-0.003926110659185849,0.0007165017389154649,0.1945832494901545,3,12
2023-12-15,QQQ,1,0.004833795012787023,0.004822149737845116,0.005047706398713829,0.007532701481165765,0.009986681224975369,0.026717783050800525,0.007348214346387882,0.0028700175246919968,0.13433896385429178,0.29266141723221084,4,12
2023-12-18,QQQ,1,0.006298754988249389,0.006279000739103147,0.004934593365678734,0.0059455678907711345,0.01011989662094459,0.027569755538050078,0.008371778312735808,0.005309544700004055,-0.25894245475908073,-0.03296708768525802,0,12
2023-12-19,QQQ,0,0.005109513770068297,0.005096504499798371,0.004842187187774759,0.005858275674014735,0.009626881846942714,0.02695070714434422,0.0047357133908694825,0.003975057867254604,-0.23381463205320752,-0.24780424657312072,1,12
2023-12-20,QQQ,1,-0.01485982645619166,-0.014971339768591996,0.008812767016698352,0.008109723375497115,-0.0054470605697583,0.00693967071649193,0.018538036515419503,-0.01290564332675451,0.5132882876576155,0.11011735415977664,2,12
2023-12-21,QQQ,1,0.011635415766428459,0.011568244855285847,0.010142146020575546,0.007845967811611456,0.0035576901879255107,0.014066034629864665,0.009015902937517459,0.0017441936307581443,-0.15679355469039125,-0.05613882902879164,3,12
2023-12-22,QQQ,1,0.001495952589786853,0.001494834767378883,0.010068228679972898,0.007906895447750308,0.003158933685930343,0.011309638449018555,0.008532983458129584,-0.001515880482121027,-0.2469864315355429,-0.2705650219410827,4,12
2023-12-26,QQQ,1,0.006121935531628209,0.0061032726143537275,0.010049366569349086,0.00779847746642016,0.007419457218787784,0.013448026008116232,0.0058888299623930974,0.003982907471747098,-0.33780672611761964,-0.49722686513399683,1,12
2023-12-27,QQQ,0,0.0020355256321034076,0.002033456756827867,0.009896846210918353,0.0076920486526351585,0.008206215507760017,0.012055820665501038,0.0041611435013043955,0.001338332587009812,0.4074375618879964,-0.28085662623591,2,12
2023-12-28,QQQ,0,-0.0004859631864680969,-0.00048608130484684153,0.004819920749913361,0.007029647640127116,0.0035697429119647683,0.009434734060447703,0.004798049099525519,-0.003319905954362589,-0.15482246994262128,-0.35076495746820147,3,12
2023-12-29,QQQ,0,-0.0043277235244375545,-0.004337115226142885,0.003812482555908229,0.00727461678255027,-0.001730393858746515,0.003306650592586724,0.009871688601979858,-0.004279346846063052,0.5783707989877613,0.0572012902870882,4,12
2024-01-02,QQQ,0,-0.016922190347823052,-0.017067006675442364,0.008804440085822922,0.009247486662445585,-0.015948535457921853,-0.013253440331040256,0.014414562774254215,-0.008008082075020876,0.36015104741679393,0.4555179191528598,1,1
2024-01-03,QQQ,0,-0.010581565588878239,-0.010637948452739465,0.007714270421991251,0.009429756910619425,-0.020455045552174034,-0.021647875603039157,0.0077763243780611625,-0.004000715457249369,-0.18998257704616306,0.17783437728348428,2,1
2024-01-04,QQQ,1,-0.0051464920254851165,-0.0051597808289916,0.006384992316610395,0.00911361475754262,-0.018146524918502216,-0.023645834819963185,0.008904244671471084,-0.00040360120352139165,-0.16105423506684713,-0.02098926441865212,3,1
2024-01-05,QQQ,1,0.0011861439058007406,0.0011854409929004106,0.006869162623679603,0.008178318644572123,-0.009842855889870994,-0.021012051111934493,0.010644472419638586,0.0007566850390512602,0.13922419914385986,0.14115009684691837,4,1
2024-01-08,QQQ,1,0.02066794653219639,0.020457262517147967,0.01440551964017299,0.010070110702187135,0.012932178305671949,-0.00013554086009248678,0.018593417116160492,0.017487932217987483,-0.054515747014878824,0.08748963687189448,0,1
2024-01-09,QQQ,1,0.001975522743000502,0.0019735739640962535,0.011808921535129318,0.01008231283237302,0.013331300984660954,0.0024375200634345617,0.01239086099114587,0.00955436864696445,-0.07865790204785073,-0.010261609974852481,1,1
2024-01-10,QQQ,1,0.006777541762798878,0.006754677477585069,0.009685633982837562,0.010132507734680515,0.01504299981565782,0.009771447186778026,0.010712378426078502,0.005984171773221038,-0.13211645444114795,-0.16476688932794858,2,1
2024-01-11,QQQ,1,0.002080794637578709,0.0020786327828146156,0.008201189097235459,0.010133767558746953,0.010591006210495024,0.012410614220005112,0.016984362301486616,-0.001073726621516728,0.6057627757428716,0.2707001197393275,3,1
2024-01-12,QQQ,0,0.0005129676981290299,0.0005128361751758348,0.008315730209390772,0.01013859824611102,0.004754360804076763,0.013366035875519877,0.007553621222269177,-0.002046774732902404,-0.27396848331933654,-0.10367469605415391,4,1
2024-01-16,QQQ,0,-9.768318123415387e-05,-9.768795254672114e-05,0.0026986802341001956,0.01004327865273719,0.0024085605214314576,0.013267047057380799,0.01050674382349956,0.0029634137354290165,0.10880161636570285,-0.008937016494766192,1,1
2024-01-17,QQQ,1,-0.005640755262073416,-0.005656724402358648,0.004464191804972549,0.008429547662374559,-0.0039576830525326345,0.006401027905100332,0.01149760631206009,0.002560450040531568,0.23877639341275092,0.2378794855377775,2,1
2024-01-18,QQQ,1,0.014194212976239573,0.014094418363922223,0.0073054386097988686,0.008229295981270195,0.007966330735973193,0.017001339612815247,0.01076679096863429,0.006016762366767151,0.09518074504468066,0.31802327819966814,3,1
2024-01-19,QQQ,1,0.019830985106339627,0.019636912690135233,0.010734868317203623,0.009015415371013526,0.022053356961108994,0.030848609321180165,0.016160087267837426,0.014353815898936412,0.18069422875131158,0.45660906035437865,4,1
2024-01-22,QQQ,1,0.0013058491081563428,0.0013049972287459966,0.01064344936605154,0.009008170497695919,0.017378902605087676,0.025922341451788844,0.008526052379294984,-0.003967768029217188,-0.3618124965339544,-0.0703290407054965,0,1
2024-01-23,QQQ,1,0.004149635655147588,0.0041410496614142644,0.010203655600047965,0.007428355599916447,0.014765774879305305,0.02555663899044669,0.007409523322400089,0.0024856623079620517,-0.2646310432569975,-0.3026696858297032,1,1
2024-01-24,QQQ,1,0.005549060839781905,0.005533721521390866,0.007728597595791742,0.007378731207885573,0.011371662310770914,0.026257003804475376,0.01057462920043289,-0.0037666476229288506,0.42250286330664943,-0.024159067808764423,2,1
2024-01-25,QQQ,0,0.0012212170963139535,0.001220472017256391,0.007728989579423948,0.007427854063793784,0.0062211407113264006,0.023109002198087536,0.011812488868307627,-0.004692266590674314,-0.0549714577830791,-0.09732386531718551,3,1
2024-01-26,QQQ,1,-0.005957484672974522,-0.005975301281479162,0.004439637572738393,0.00810046458931859,-0.0010135501896533228,0.013497057048421413,0.007209493782377832,-0.0014843202318081973,-0.16296272922339028,-0.21669779176989556,4,1
2024-01-29,QQQ,0,0.010240402565720785,0.010188324872641985,0.005992394654498003,0.008283006709730858,0.00617121395744924,0.01934407653737602,0.011172180155783728,0.009145131598472474,0.041944691278239965,-0.18228964478403675,0,1
2024-01-30,QQQ,0,-0.006656522514649099,-0.0066787759693660576,0.007298699549891644,0.008920842841934768,-0.0013806076841278436,0.008768922922857803,0.007726499053640698,-0.0042145124908066775,-0.05054180546689857,-0.21168370619162702,1,1
2024-01-31,QQQ,1,-0.01958633903010143,-0.019780693347434486,0.010997316175922617,0.011329596949153411,-0.01684928418939713,-0.013273401094369697,0.014446920480191566,-0.009219448322541174,0.7423065407332807,0.34569768651907795,2,1
2024-02-01,QQQ,1,0.011775507412833619,0.011706715637493481,0.013097800039077165,0.011073443437550214,-0.0031709482741252293,-0.0037500432888665225,0.010912407724570975,0.007378390780206911,-0.20312260781808011,0.09199327103027821,3,2
2024-02-02,QQQ,0,0.016900713916853105,0.016759485866879587,0.015206673441313065,0.010582565424397427,0.011191319804429112,0.011217526122704546,0.017579004020860257,0.012293586887032679,0.16847747242621836,0.3059478049457056,4,2
2024-02-05,QQQ,0,-0.001305491207539422,-0.0013063441035656709,0.014608906222802042,0.010630805326292505,0.00972843189514494,0.008300284410865721,0.0107441332949638,-0.001444974262018301,-0.3307450706682953,-0.11632353087779035,0,2
2024-02-06,QQQ,1,-0.0020071242961977598,-0.002009141269497583,0.01420368680341787,0.01064713597146045,0.0066152654953597345,0.005304140056142881,0.01163846318867182,-0.004701913555428323,-0.10135826238681145,-0.21086035926161073,1,2
2024-02-07,QQQ,1,0.010290112639752103,0.010237529844967952,0.008391639455655207,0.010971949532313898,0.009832006850156727,0.014180018959686125,0.00868936642399942,0.003670887197840279,0.05207261040950062,-0.15253787857508017,2,2
2024-02-08,QQQ,1,0.00185215313964604,0.0018504400190009207,0.008189529095562507,0.010972036677581157,0.006568110331561794,0.014524538238764206,0.004952406108177053,0.0015737270982204023,-0.20743144882228004,-0.30574208266922975,3,2
2024-02-09,QQQ,0,0.009842827696657341,0.009794702601796601,0.005962355133786729,0.010907534819154022,0.012688342710137634,0.021340453895479783,0.01085401536751409,0.007166855634569973,0.2359994513196766,-0.14151254911556543,4,2
2024-02-12,QQQ,0,-0.003912568434250918,-0.003920242553679287,0.006593850656620522,0.010800766519925183,0.005515556325180748,0.015637891652444225,0.010276057872625746,-0.003661843947854571,-0.10125081542555059,-0.21846213813626925,0,2
2024-02-13,QQQ,1,-0.015596927025150142,-0.015719838797160435,0.010765044748282607,0.011886564453856895,-0.010606153543301522,-0.0009604274464967144,0.013901896785190833,0.0029722641296108573,0.9423280216123096,0.4249210779357593,1,2
2024-02-14,QQQ,1,0.010897187654179241,0.010838241152221428,0.01090564276953013,0.009795111751116295,-0.00039227278919207187,0.006114901335126488,0.011060587361819614,0.004544802232285143,-0.3007983973131426,0.03976775529450838,2,2
2024-02-15,QQQ,0,0.0029777508379091877,0.0029733261195126204,0.01094905671466048,0.009393384017461143,0.0017891772363127778,0.0061595771335472005,0.008411744794228949,0.001359689158446442,-0.13963679265158213,-0.07950069756185518,3,2
2024-02-16,QQQ,0,-0.009067700209822283,-0.00910906203095685,0.010309945890720073,0.008684378994452128,-0.0043196706907456806,-0.003324004879708631,0.011819043798958014,-0.009933562920985937,0.3845850484971427,0.2925604832354425,4,2
2024-02-20,QQQ,0,-0.007548132619255132,-0.007576763938596187,0.010521670329872147,0.009037550191585472,-0.008156266825445568,-0.010588255347909747,0.015354070142791365,-0.002870098013733231,0.005268399839900129,0.256701305398932,1,2
2024-02-21,QQQ,1,-0.004001801038199582,-0.004009829670458487,0.008272466611007728,0.009102974253609583,-0.01077531889386274,-0.014095686040792366,0.00958663865561924,0.0024967555978606137,-0.07815813109380643,0.12209560635969141,2,2
2024-02-22,QQQ,0,0.029275799541964798,0.028855447704913217,0.015764457118299,0.01281110805863682,0.015894647911492754,0.013340245966115827,0.012451388486973154,0.008239584732234217,0.0825408304706805,0.17198245151591873,3,2
2024-02-23,QQQ,0,-0.002944783043601129,-0.00294912744817033,0.015925039579697667,0.012884881107574082,0.011837761117506007,0.009424532769439553,0.010917747889469793,-0.0065279089208022155,-0.2604281488574408,-0.15161940751576752,4,2
2024-02-26,QQQ,1,-0.0005265862393715182,-0.0005267249345966007,0.01498642770957463,0.012505116099667351,0.008510726614122222,0.009009566096946031,0.005118877332518229,-0.002399493363577536,-0.17089168186802295,-0.2907109955122067,0,2
2024-02-27,QQQ,0,0.002405244151246988,0.002402356181454124,0.013879993366350877,0.012447456962784093,0.006157453373229593,0.010908411539963359,0.006763066612437368,-0.0001599545823815257,0.02027648653883407,-0.2771203172735335,1,2
2024-02-28,QQQ,1,-0.005324545149948734,-0.005338771060614533,0.014101521471915584,0.011337877745149704,-0.003625962814218009,0.0039672267909844905,0.005442954492412132,-0.0003674612791969818,-0.022970231244734962,-0.24247396685576372,2,2
2024-02-29,QQQ,1,0.008569376161027042,0.008532867479946304,0.005375171547256729,0.011148423869093203,0.004484679865003782,0.011222459812463503,0.011569283702883881,0.0017570430923679872,0.2901259305135584,-0.016822789706799623,3,2
2024-03-01,QQQ,0,0.015056902508878478,0.01494467250746112,0.007954686587652183,0.011965065499449135,0.015505651559264866,0.02383056808904538,0.015321642027485522,0.012980203533309843,0.031951843972966465,0.002858350974581203,4,3
2024-03-04,QQQ,0,-0.003568067618160642,-0.003574448353877102,0.008489157207851945,0.011486548686140529,0.008448802148376844,0.017034568398823113,0.005094184614061276,-0.0035681344452732646,-0.21725537591498867,-0.17859346961025324,0,3
2024-03-05,QQQ,1,-0.017949724851223703,-0.018112775248995128,0.012858367156583794,0.012940781762110361,-0.008954792283524471,-0.0032141050029950158,0.01655558187083951,-0.011089977369624802,0.6872809585820536,0.3730714220179898,1,3
2024-03-06,QQQ,1,0.006283846149704342,0.006264185110132381,0.012849793030349482,0.012810084877897919,-0.004320358415278558,3.6542144322693204e-05,0.011582429826274642,-0.0034747428094274585,-0.2017124476190969,0.10539460396153233,2,3
2024-03-07,QQQ,0,0.015178164958589146,0.015064129068720788,0.014022221014602548,0.010102266185316273,0.007842040605858358,0.01351057080999074,0.013245367956433576,0.006848692842399635,-0.03693778455482377,0.08893515378894623,3,3
2024-03-08,QQQ,0,-0.014434895697154837,-0.014540092366558177,0.01388486056980913,0.011276691132241003,-0.003735215723374208,-0.0016281813165375247,0.023104054119363084,-0.015230722913587081,0.6191633334605977,0.634298507016086,4,3
2024-03-11,QQQ,1,-0.0037128952370751866,-0.00371980514173309,0.013886758455234684,0.011355824472829231,-0.0044385172269999495,-0.0055249984803293906,0.007359834401110242,-0.00027426827846014685,-0.36390368397691963,0.010220719789972854,0,3
2024-03-12,QQQ,0,0.014335025194271989,0.014233250198937064,0.012601676413066986,0.012202438325733535,0.006346592296422315,0.0073428760885285715,0.01719236206243108,0.00893728555612148,0.20586349760139555,0.1628881128483588,1,3
2024-03-13,QQQ,0,-0.00768605943833045,-0.007715749423679696,0.013364032373366504,0.01236967348304035,-0.0020492137350990314,-0.0015286175606537,0.00801992174290431,-0.005421877170624392,-0.31413955288250284,-0.21070309141133126,2,3
2024-03-14,QQQ,0,-0.0025212349609377016,-0.002524418626106417,0.01065087402875863,0.012131126609606843,-0.0017094777976960351,-0.004077629670305782,0.012774595992886467,-0.005345380184739524,0.37613996788711446,0.06469146198028786,3,3
2024-03-15,QQQ,1,-0.011886840224509587,-0.011958053607089347,0.009996077556830893,0.011410301956086956,-0.01128341166529101,-0.013300110588791658,0.014057387070546294,-0.004930387002942514,0.3999333272025014,0.40666383549207197,4,3
2024-03-18,QQQ,1,0.00953732327281176,0.009492130125752674,0.011208815499160021,0.012022476342805772,-0.002157677521212875,-0.0025374709390643124,0.00866140499940701,-0.002849132652653098,-0.3523480288710247,-0.11121119303179416,0,3
2024-03-19,QQQ,1,0.002491533975033766,0.0024884352502443363,0.008420739589976486,0.01051799458991685,0.0023880689044197823,-0.0007575853326328152,0.012975138949763631,0.0071649903082425985,-0.09127965209894384,-0.16906664358309131,1,3
2024-03-20,QQQ,1,0.011856674527171984,0.01178693487407756,0.009584338359688452,0.010980737822462727,0.012375063770140748,0.00981102348285079,0.013756850720273274,0.00907269599674853,0.015100885729500302,-0.1522912419966883,2,3
2024-03-21,QQQ,1,0.004732231519070318,0.004721069711149717,0.009293213060121057,0.009965395699675616,0.01378466912555587,0.014356976351039608,0.00817586631223273,-0.006705600010877768,-0.09868166355504138,-0.22817926323572024,3,3
2024-03-22,QQQ,0,0.001143752350525551,0.0011430987641194434,0.0045907959413005696,0.008524528108886547,0.008964402801635574,0.013686147873543941,0.00673627474769292,0.0023127849223773572,-0.281906282007945,-0.3936093314183333,4,3
2024-03-25,QQQ,0,-0.003629091453989375,-0.0036356925819509556,0.005669688855404422,0.008518513698626193,0.00200513937475133,0.0081877861230093,0.008386881576106528,0.002728039693287151,-0.01644728692322117,-0.3795181045708437,0,3
2024-03-26,QQQ,1,-0.0032378167562896465,-0.003243069827014722,0.006409441710055355,0.007391962486294789,-0.0033722022879133506,0.0048674614649188985,0.009276304641885818,-0.0066770794314526495,0.22860679688512087,-0.19987044941258136,1,3
2024-03-27,QQQ,0,0.0034061055322038847,0.003400317893238025,0.003801015705606589,0.006913887973001131,-0.00045395324434105433,0.007111915505405575,0.010326171140422558,-0.0036063432047667688,0.2113877335832699,-0.03846314796887684,2,3
2024-03-28,QQQ,1,-0.0018432019486962492,-0.0018449027356588488,0.0030207341859157582,0.006876681182276644,-0.0014616645074053691,0.004016766116599735,0.004474168706809561,-0.001731168253485133,-0.10927677517940382,-0.11182967003294275,3,3
2024-04-01,QQQ,0,0.0021169778622733837,0.00211474022210556,0.0032055763053911142,0.005098639818465011,0.0012962239763054662,0.003509320049452702,0.010135536672702696,-4.4922160183918865e-05,0.05128720181543778,0.018005467353590543,0,4
2024-04-02,QQQ,1,-0.008630167685776513,-0.008667623237077926,0.004770607641745257,0.005588052687844329,-0.005711752090781785,-0.005964937341845666,0.007725854390622377,0.002340480846037607,0.14280513310439202,0.17282794158291503,1,4
2024-04-03,QQQ,0,0.0022442739783821164,0.0022417593571670835,0.004937929806411797,0.005580478362862658,-0.0029319283449464884,-0.004525927055729184,0.011504437514291211,0.007153304878717722,-0.0973775240229825,0.06725874221525019,2,4
2024-04-04,QQQ,1,-0.015290632987751462,-0.015408740219294614,0.007576005834709615,0.0061833443625670045,-0.013956931342612555,-0.01788312592482444,0.02652751823017323,-0.024623015627464686,0.4334915318724999,0.4762159099521106,3,4
2024-04-05,QQQ,1,0.011783840066402762,0.011714951277904895,0.010542392633511791,0.007321009815043338,-0.0007350862368102895,-0.005097993937650314,0.01650721643117052,0.00844819463281054,-0.04405799429695967,0.3572995331172846,4,4
2024-04-08,QQQ,1,0.0002952398303537329,0.00029519625565122,0.010414459580304377,0.007295783407017815,0.001536675568563961,-0.0035032989021187566,0.00747601496475106,-0.0018350231120130823,-0.4858871925267515,-0.3020062957296621,0,4
2024-04-09,QQQ,0,0.003699457115119431,0.0036926309538607427,0.009873946776027143,0.007400745777273473,0.0047302369331252425,0.0007558395230724546,0.013093705763169232,-0.0016479602736854159,0.40144750914019944,-0.049277128500499257,1,4
2024-04-10,QQQ,1,-0.008728527251575358,-0.008766843974211014,0.010595295030423101,0.007814778749078167,-0.002348673144597635,-0.006866808063301533,0.006773435823977402,0.0031350002681636156,0.5592440852254865,0.3906964155008035,2,4
2024-04-11,QQQ,0,0.015968228515059746,0.015842077520742848,0.009718997986482385,0.009455989118923726,0.008975788799443496,0.00886834349286203,0.01901148169610798,0.011606744283412955,-0.26060205976371575,0.01879734032745639,3,4
2024-04-12,QQQ,0,-0.015941700885908627,-0.01607013661775536,0.01219273089623468,0.010750506076881217,-0.00611831056630352,-0.005922182072282012,0.012151406205840404,-0.006415817389899588,0.18010933576106214,0.1586180869642566,4,4
2024-04-15,QQQ,1,-0.016451130936055658,-0.016587953456166815,0.013942587710011188,0.011668970689779172,-0.018220766147095557,-0.019185815946552442,0.027009913829227756,-0.024883500114805078,0.18240193794838344,0.30052999995695884,0,4
2024-04-16,QQQ,0,9.290319773103128e-05,9.289888249597311e-05,0.013512537493299934,0.01153533584427628,-0.013126195750626346,-0.01685545938193367,0.00942213417521906,0.0004641731489077235,-0.2495461250425508,-0.030686085921040607,1,4
2024-04-17,QQQ,0,-0.012201393704782793,-0.012276441794590198,0.013836699470468422,0.011813535327098971,-0.019542821915710995,-0.02523660767467395,0.01897945302438637,-0.01676289462782824,0.19449169449169457,0.11926370097188932,2,4
2024-04-18,QQQ,0,-0.005706422866496141,-0.005722766703683213,0.007107388795508146,0.011136027892160278,-0.015179049717154558,-0.02814505539006229,0.012684948734989866,-0.007221708932894385,-0.1816281502448115,-0.06429116176935878,3,4
2024-04-19,QQQ,1,-0.02068913505076664,-0.020906153709321806,0.008308302651452697,0.011171626907004573,-0.02483937911129941,-0.042577758204570104,0.022926419041719718,-0.017929059026888097,0.6161540213192866,0.45243740971859414,4,4
2024-04-22,QQQ,1,0.010056734360140762,0.010006501909347598,0.011712964835180233,0.012162091788465067,-0.00932904723064143,-0.028061360308131,0.017349189515543408,0.003618436592602798,-0.36452127447461813,-0.11076386473437139,0,4
2024-04-23,QQQ,1,0.01492278713293227,0.014812537809930859,0.014968451661419364,0.013497599043455983,0.00833096608675743,-0.009613354902174853,0.01761058025901321,0.010219403528817632,-0.07159934487540709,-0.18195093441795374,1,4
2024-04-24,QQQ,0,0.003387798438368339,0.003382072777184497,0.014099030658668242,0.013556475672411174,0.011425474034893135,-0.0035045149183906554,0.012914522703523805,-0.003946759442382144,0.09137382926999615,-0.08517904808596999,2,4
2024-04-25,QQQ,1,-0.004829840497642568,-0.004841541869636146,0.014009369322893407,0.011872491460887688,0.0060441814953944295,-0.0034465590017169756,0.01712621134202225,0.012427302008435791,0.1848027365643896,0.06002437279216233,3,4
2024-04-26,QQQ,1,0.015431671831322102,0.015313814527204705,0.008559345254482974,0.01269881501417883,0.013712177645100798,0.013662144144414468,0.01316583515626182,0.007904225530628481,-0.2703729775126237,-0.20936051415196133,4,4
2024-04-29,QQQ,0,0.004060319884858554,0.004052099031424561,0.008583072469999911,0.011646138977326095,0.011202092295694355,0.017373550610198185,0.008727169063984819,-0.0008773460128104355,-0.2830502281796494,-0.39495999511489177,0,4
2024-04-30,QQQ,0,-0.018856277951934564,-0.019036324492159196,0.01269701161401189,0.013155003396622796,-0.007642804580245688,-0.00028027666071250845,0.01867096812461393,-0.015215116900056717,0.45445370425884835,-0.11293029053600534,1,4
2024-05-01,QQQ,1,-0.007230508509553868,-0.007256775327761922,0.012842167513022399,0.01279219412043273,-0.012514676591265705,-0.006498194137283031,0.02240342933491151,-0.0038520735113404016,0.1966248262374073,0.07156597350395799,2,5
2024-05-02,QQQ,1,0.012763351117280886,0.012682586047369604,0.014298208618429169,0.013349603301848794,-0.001057716487509186,0.005355237424031767,0.016882184062691274,0.0037620647764854626,-0.3003289845115087,-0.23457423911750863,3,5
2024-05-03,QQQ,1,0.020098436780220164,0.019899129286987893,0.015553899223353223,0.0122015296294081,0.016887436403262956,0.020554978594351292,0.008885037858964731,0.0023939060378357834,0.3270412210399627,0.07593267805672,4,5
2024-05-06,QQQ,1,0.010953330243431036,0.010893776997991544,0.01606087216539957,0.012246188430470642,0.024437534579815123,0.02657783288262472,0.008735438899731364,0.006745969104458051,-0.3769553110049819,-0.3024493380847172,0,5
2024-05-07,QQQ,0,0.00015915177360681376,0.00015913911030729366,0.01082947965427742,0.011808508503443105,0.01715440180355232,0.02310304414266562,0.005423223467746861,-0.0008622756348687869,0.025437354435740023,-0.26190061169944245,1,5
2024-05-08,QQQ,1,-0.0005905406018035242,-0.0005907150395829674,0.00881433789127743,0.011882998864407019,0.007920269433742577,0.019289734067778452,0.008979420734311464,0.005460698831390229,-0.1967795948522556,-0.37193177013591283,2,5
2024-05-09,QQQ,1,0.0021814116440996845,0.0021790358201911886,0.00885810004099268,0.011559275912651946,0.0036273762134590992,0.017607641922574135,0.007131048859244952,0.0015670121555371494,-0.01271654476296058,-0.3239593816206261,3,5
2024-05-10,QQQ,1,0.0023582735982141667,0.002355497235124737,0.004617872955210246,0.010825793747664198,0.0029904351771510296,0.017411034827800043,0.008609385558429121,-0.001084672520133057,0.10319323355071797,-0.22264318403076788,4,5
2024-05-13,QQQ,1,0.002307289923656919,0.0023046322175419576,0.0013951447769661284,0.010813520319820824,0.00401527135919344,0.01733981628436787,0.00549562489036794,-0.002049604004876324,-0.15202495888127565,-0.32726706744356693,0,5
2024-05-14,QQQ,1,0.006432295967920165,0.006411697037302488,0.0025082858207830017,0.007832559964619552,0.007910861273575875,0.018891282660672193,0.009059098206071044,0.007409914886532037,0.4994346400396621,0.03658221271908202,1,5
2024-05-15,QQQ,0,0.01563026364757758,0.015509369190919386,0.00579160881734014,0.007194838978599296,0.01775740387900937,0.027450088384550764,0.013937515558908665,0.009968113849902486,0.20263180029177774,0.2884110217811864,2,5
2024-05-16,QQQ,0,-0.002031280410365266,-0.0020333462584360973,0.006684009018482212,0.00744712225069608,0.010711396113119553,0.019562084318122563,0.006361699403973238,-0.0016124682081871725,-0.16120459089297645,0.08671905854592543,3,5
2024-05-17,QQQ,1,-0.00048683946373118125,-0.00048695800853959526,0.007068710186475519,0.00567427143838929,0.005855748147915341,0.015337014152750461,0.007033670520036126,-0.0007740939091742413,0.029421743280698243,0.16496170340146676,4,5
2024-05-20,QQQ,1,0.006972871568515782,0.00694867352102424,0.007036157757794443,0.005230505758960593,0.007561618037017492,0.01905915763741506,0.008385277966326684,0.00648257136280719,-0.31643377639741144,-0.18848085945919058,0,5
2024-05-21,QQQ,0,0.0019563146030594503,0.0019544035117045055,0.00714059370867628,0.0051409620442363,0.005138126526818221,0.01752427148490332,0.006953014826663002,0.0060921313702765505,-0.053382745912021634,-0.21133006032885726,1,5
2024-05-22,QQQ,0,-0.0001974493898021512,-0.00019746888549931896,0.003504582598277305,0.0051078349005163485,0.0036957476918819676,0.013781522585467165,0.008200720896317187,-0.0007674562675729017,0.08426818372130174,-0.14551981274910286,2,5
2024-05-23,QQQ,1,-0.004498496969193133,-0.004508645654006216,0.004187883580318369,0.005703307864251428,-0.0015582407927124953,0.006391132647463937,0.01895555466320931,-0.014960339406102932,0.6281528662420381,0.3180577443046868,3,5
2024-05-24,QQQ,1,0.009456582148421155,0.009412148582255142,0.005582747236925142,0.006066269175477273,0.0051448898752002314,0.012339634734240823,0.012431644788776256,0.005842438033311073,-0.27457016274156953,-0.05164392480915092,4,5
2024-05-28,QQQ,0,0.0037774469392970467,0.003770330302788949,0.005142280727145487,0.006050488001553505,0.006833594548121047,0.012448440290261154,0.006642248881959218,0.0010888976174383126,-0.11637203188459533,-0.17054998109622888,1,5
2024-05-29,QQQ,0,-0.00704818116292838,-0.007073136922725709,0.006580357302660616,0.006826361026809571,-0.000542973774647626,0.0029907517589802257,0.006366896080037687,0.0021076478262993205,0.13435659577065096,-0.044785784077236324,2,5
2024-05-30,QQQ,0,-0.010713490757259359,-0.01077129341556482,0.008247636453226828,0.006186431779547927,-0.00944603117007814,-0.007460336672855616,0.011921016889921789,-0.00867181604178101,0.026819820304513797,0.016512570425172513,3,5
2024-05-31,QQQ,1,-0.001860183357709877,-0.0018619156473560494,0.008115590099578225,0.0061812884394146115,-0.010007333781500538,-0.009030003177685875,0.020850886389807245,-0.002368425621120666,0.8319306541615363,0.7396392182813982,4,5
2024-06-03,QQQ,1,0.005369365864050124,0.005355002212020565,0.006875134839189317,0.006430243216349006,-0.002579706603247023,-0.004009145322790175,0.016895071280634562,-0.0031678342569996677,-0.4101406295527633,0.03517606541804508,0,6
2024-06-04,QQQ,1,0.002736390273024192,0.0027326531730516024,0.006665392667722372,0.006072965937148541,0.0024930922042221138,-0.0011651536787398165,0.009826179118582629,0.0033122088373548583,-0.27972119099931814,-0.2527276694563274,1,6
2024-06-05,QQQ,0,0.020159833710145403,0.019959314735890743,0.011310711065065806,0.008851257718230338,0.01951356965179407,0.01724261650008385,0.020088172996108707,0.01211840617457523,0.4228481028635862,0.02880667199870035,2,6
2024-06-06,QQQ,0,-0.0003452487298447604,-0.0003453083419087122,0.00881036223782923,0.008854934512347718,0.01388985444379598,0.01518486675781583,0.005062268099901121,-0.0018310415347905452,-0.3504290690591234,-0.3252443005247396,3,6
2024-06-07,QQQ,1,-0.0008847598910269872,-0.000885151522076022,0.00862343149549489,0.008644959417812487,0.007591323555492968,0.012224252265399693,0.008423312951370141,-8.641154410772139e-05,0.1758517398983921,-0.16807844824698603,4,6
2024-06-10,QQQ,1,0.004039192092273547,0.00403105645613433,0.008645377406082634,0.008292852437222794,0.006535118769196657,0.014786341377120538,0.007925173452998292,0.00651764583671173,-0.20011459676264143,-0.3146732202510534,0,6
2024-06-11,QQQ,1,0.006862698115489341,0.006839256987921871,0.008554915876863925,0.00844209265907318,0.0074869138106377076,0.01989355442425289,0.013181204980170553,0.009664711537657581,0.06739816464028503,-0.2582393742293403,1,6
2024-06-12,QQQ,1,0.013097878107884986,0.013012842620543807,0.005748384872081256,0.008491263753972403,0.016037266845202014,0.029279693391593753,0.011038351581335468,0.004576375996950247,0.565869960504777,0.1430714496616392,2,6
2024-06-13,QQQ,1,0.005420294728688546,0.005405657798378094,0.005056574900859171,0.006777236116679934,0.015732991493975446,0.02923505891677669,0.008310309827008925,-0.002093276390866472,-0.2511713569207068,-0.13057307066165746,3,6
2024-06-14,QQQ,1,0.0051811258321863285,0.005167749981159986,0.003596571791743766,0.006279768569287715,0.013982762495944767,0.028245168913577867,0.006736384719769124,0.005603150947058738,-0.09615221006226071,-0.11753923153277746,4,6
2024-06-17,QQQ,1,0.012249860348540142,0.012175437968691583,0.0038197759265173378,0.006554015025149834,0.017690952030336993,0.033758200974468355,0.01818706640498073,0.011679819387057876,0.5853820285291325,0.37793072211535206,0,6
2024-06-18,QQQ,0,0.00030918884963626603,0.00030914106061441515,0.00536188374219651,0.006764906933079915,0.01071513400193247,0.027325611596255683,0.005092680915795371,0.0004123248704697118,-0.3404687689754281,-0.0934743103574267,1,6
2024-06-20,QQQ,0,-0.007707938197113129,-0.007737797889478593,0.007382995683566429,0.006285471770142961,-0.00012459499418748798,0.015549577623874766,0.01484314177335093,-0.010176415588144083,0.3879150196819785,0.2577080210881817,3,6
2024-06-21,QQQ,0,-0.0026792607493394405,-0.002682856392300259,0.007628503115745783,0.006497188589154143,-0.004234514207656748,0.009250159454985196,0.00804255096230671,-0.002098983271681725,0.10431119117183152,0.3134597999976154,4,6
2024-06-24,QQQ,1,-0.011384695828661417,-0.011449997578345084,0.009074434143559264,0.007979763963543376,-0.013739827590649623,-0.004698577564371642,0.012777584685993403,-0.008825131300640589,0.007854381580914449,0.2706585943555979,0,6
2024-06-25,QQQ,1,0.011435599144336672,0.011370706932723351,0.008760165523253725,0.00846246853428732,-0.0004186680608309068,0.0034618073405536798,0.009578418065493144,0.0069527538128221905,-0.2314190352573442,-0.050105450352559755,1,6
2024-06-26,QQQ,1,0.0020651084259033503,0.002062979020629463,0.008910066520089471,0.008372204541750732,0.003348579342444147,0.0027857924175163085,0.005830129800627837,0.003803170767201284,-0.21635929373731244,-0.25728664029926607,2,6
2024-06-27,QQQ,0,0.0025813559983935974,0.002578030021455291,0.008331809309809151,0.0075554179449848005,0.005558830860248554,0.003653712272966958,0.007914726212598932,0.0031033705105560617,0.1532737244415514,-0.11954700930176809,3,6
2024-06-28,QQQ,1,-0.005190993511130171,-0.005204513526449794,0.008634378652434587,0.007725449530749969,0.00046768560566534667,-0.0022104982416873975,0.01811741192264916,-0.006840692119764334,0.3302367087304221,0.13677241185122124,4,6
2024-07-01,QQQ,1,0.0058651328064502906,0.005847999873674681,0.006059973782480963,0.007772556398946107,0.0030012008188320394,0.002912637553522446,0.012978044241841567,0.0039163504069402374,-0.28620533461767805,-0.19259248690062114,0,7
2024-07-02,QQQ,1,0.010499630676857219,0.010444892375927495,0.005754575335104902,0.007499859655902103,0.0103361411410825,0.012875890263462919,0.014071334306309682,0.01367583371315408,0.07331022599936543,-0.10336277544309957,1,7
2024-07-03,QQQ,1,0.008337159715786413,0.00830259756695284,0.0061267090343784265,0.00788738405119292,0.014268884994221187,0.019920306897474482,0.01018060177410176,0.009913223051535617,-0.32400948973940635,-0.3806365302013791,2,7
2024-07-05,QQQ,1,0.010426823974349242,0.010372839578189463,0.00652996003567053,0.007646265354167629,0.018721198265979178,0.027257444017985133,0.010185223558981459,0.00868078002503001,0.5774180870085082,-0.0044961326970507365,4,7
2024-07-08,QQQ,1,0.002378203374322041,0.002375379924283827,0.0034340392003231446,0.0073770278555117886,0.013556428176841218,0.025893802522821918,0.004833532520461368,0.0016313164573844544,-0.22411996111721333,-0.18384960276649642,0,7
2024-07-09,QQQ,1,0.0008646413290007704,0.0008642677420169775,0.004569973039538094,0.005325398267448551,0.007921303988596806,0.021762513546774054,0.007537053345414674,-0.002204995518436075,0.1585343790423983,-0.0101139231749936,1,7
2024-07-10,QQQ,0,0.010426573836389563,0.010372592021430371,0.004554082568451683,0.005196355088550289,0.011882061455170678,0.02744294391427604,0.010265903129726672,0.0065037722990819195,0.09496183802143321,0.08795656071526792,2,7
2024-07-11,QQQ,1,-0.02193023339847755,-0.022174275498233698,0.013264919655704055,0.009964850882835968,-0.010663032864657529,0.0025434041236787053,0.02494680185710322,-0.022144064416978807,0.7815373535043089,0.7530676385621131,3,7
2024-07-12,QQQ,1,0.005874840229643574,0.0058576506469592005,0.012544193951112463,0.010024808454075964,-0.004314179708330479,0.005725597964929774,0.015390522876626973,0.004690255046172622,-0.2573158870125244,0.2540725913965376,4,7
2024-07-15,QQQ,1,0.0026878755069841276,0.0026842696296007773,0.012562567408363588,0.009632850579786842,-0.0011595677492399759,0.004948318806297536,0.013934503195370762,-0.0009262630004358162,-0.1605523128910734,0.06616825398237869,0,7
2024-07-16,QQQ,0,0.00038288193062396836,0.0003828086500421435,0.01255213989508857,0.009642011899111786,-0.00020147420543803474,0.0024053121379876696,0.010630618939811893,-0.002572241453029717,-0.16695236811186653,-0.11501835399265836,1,7
2024-07-17,QQQ,0,-0.029354941612217744,-0.029794419857778642,0.016015654787440017,0.013613976938221065,-0.021194625870835204,-0.025995375946292865,0.014540787260767355,-0.013332534164618796,1.1683043937327073,0.7432641093703916,2,7
2024-07-18,QQQ,0,-0.0047324914090280945,-0.004743725102748897,0.014138349585767108,0.013241248375537576,-0.020877506216781416,-0.028335917371503094,0.019442675972936762,-0.012440031635753631,-0.12300599977252047,0.3937545772492812,3,7
2024-07-19,QQQ,1,-0.008863513557702096,-0.008903028159418014,0.012766717674336236,0.01256965101798865,-0.021733262381637197,-0.03284819273301831,0.01617447583996904,-0.008160291582835943,-0.14802198292108604,0.14368869657044914,4,7
2024-07-22,QQQ,0,0.014897737746613515,0.014787856429470558,0.016059504467378253,0.013858044366742308,-0.001473968210773502,-0.015430302909725135,0.011721702979282031,0.0024108480615192157,-0.04145527544484329,0.0445867467084502,0,7
2024-07-23,QQQ,0,-0.0035246920037793616,-0.0035309183656169196,0.015792436670967636,0.013792285255119977,0.0015253481353312281,-0.015453844869686484,0.008911277278639159,-0.0016410305953599665,-0.42227047146401986,-0.39284135641574947,1,7
2024-07-24,QQQ,0,-0.03587029189240043,-0.036529441444059785,0.018246801606970956,0.016191873809830275,-0.026941882325429378,-0.04301059562921605,0.024650695401701415,-0.022033688489356076,1.5263008697519598,0.4199221607278132,2,7
2024-07-25,QQQ,1,-0.011027748391573389,-0.01108900477180974,0.018215028555162993,0.015505426355791352,-0.029019102313609824,-0.046938741308715226,0.02654618633267648,-0.011752808144321057,0.007450024312037451,0.3991222312364413,3,7
2024-07-26,QQQ,1,0.010256050384107818,0.010203813955401486,0.02012546757494935,0.015963301486518568,-0.01393359185623333,-0.03074391552978184,0.013314608761213223,0.0006916834074147854,-0.3251053043701314,-0.06212338281062568,4,7
2024-07-29,QQQ,0,0.00200869587665764,0.0020066811446337596,0.017597780952683068,0.015921185788398316,-0.004138897709853762,-0.022195086372277517,0.0135062778560305,-0.003886533662158589,-0.2943981436333676,-0.3336492882042098,0,7
2024-07-30,QQQ,1,-0.013731352560006904,-0.01382649958381954,0.017594265677653737,0.01586056061166738,-0.007978993189360906,-0.027667661840303892,0.02663948373835971,-0.01785984161255968,0.46418838705104815,-0.05850086408680244,1,7
2024-07-31,QQQ,0,0.029593787134629013,0.029164343030047668,0.01758335025891632,0.017867111725502354,0.017983970225671886,0.0033889604176431387,0.013636277062850545,0.006839532862605866,0.07829426969881803,0.043061788723336214,2,7
2024-08-01,QQQ,0,-0.02422157162466987,-0.02451973844925348,0.02095946972141017,0.0191994754608425,-0.007269601805673154,-0.016761666319355273,0.04148290741379962,-0.025648647305919436,0.2716325380846245,0.30408351452669735,3,8
2024-08-02,QQQ,0,-0.023734909812543004,-0.02402112064941342,0.0225686837576488,0.020165535792332483,-0.024842348055913344,-0.03462859606152602,0.020182318986617993,-0.004746201022229526,0.17067315754078716,0.4458479547971954,4,8
2024-08-05,QQQ,1,-0.029816131498995757,-0.030269670292342177,0.024170231776341203,0.02008853918253084,-0.042039618171366144,-0.05385609029175964,0.04435967299319669,0.02509948877253313,0.31904823651452285,0.7292701459423474,0,8
2024-08-06,QQQ,0,0.009555063522833196,0.009509702625295269,0.026018092967808253,0.020964217844203152,-0.02516436761542018,-0.03620930668950917,0.028611964987042438,0.005260361217612459,-0.27798499145553157,0.15732282751869198,1,8
2024-08-07,QQQ,1,-0.010829713640466032,-0.010888781837448569,0.015794937088693943,0.0187350998021422,-0.019940641407270032,-0.040628237069471385,0.03276670295594489,-0.02624919141983669,-0.13037723781117216,0.013657915274089216,2,8
2024-08-08,QQQ,1,0.030590937624431547,0.030132363572754173,0.024896136166990924,0.021897883893849113,0.015345695570225582,-0.009049787966455725,0.026844412105901102,0.015893551454286527,-0.12814859855960037,-0.09730602298632185,3,8
2024-08-09,QQQ,1,0.00522227980222123,0.005208690988249387,0.0226726764250709,0.02164034599609984,0.019880839065135936,-0.001100053780528465,0.014437955741654903,0.00821509940448573,-0.29893652341506904,-0.3594045175204028,4,8
2024-08-12,QQQ,1,0.0021536175611542863,0.0021513018510281867,0.015058505819176735,0.021643776139014047,0.014720139316111158,0.003838479833277786,0.012893522531178784,-2.2175425463932887e-05,-0.1721272413176863,-0.4692395737418047,0,8
2024-08-13,QQQ,1,0.024812673155218068,0.024509837990763117,0.017036071704950088,0.02282550357743757,0.029231681585133895,0.02759233536675021,0.015729922584627663,0.014830369749958322,0.44214786832164066,-0.23275896885041036,1,8
2024-08-14,QQQ,1,0.00032436595645113364,0.00032431336118765586,0.014027383191307688,0.020563410457316064,0.01691301459463168,0.029833615947210568,0.014476475833760417,-0.0016828089207637249,-0.13348800658608684,-0.3224431194727597,2,8
2024-08-15,QQQ,1,0.025263116551478948,0.024949278723415347,0.012432767537264675,0.02046716194415824,0.030666709174570927,0.05239338716310615,0.01373837850337571,0.012074416640061331,0.10211696421630867,-0.22549388153803007,3,8
2024-08-16,QQQ,1,0.0012857956236200785,0.0012849696963330715,0.013043681655445092,0.018190354053742478,0.02106926924453667,0.04763920948248823,0.010071536995477184,0.00509924185816939,0.002690657931171403,-0.17688035604841845,4,8
2024-08-19,QQQ,0,0.013135910251121263,0.013050382359007351,0.01212259957825418,0.013224522436689515,0.021357910703212468,0.05076417666609534,0.01670981378671067,0.012837459043204559,-0.3815666065715566,-0.4103501279768529,0,8
2024-08-20,QQQ,1,-0.002098474161072783,-0.0021006790431066236,0.011505377252885763,0.0137845136817584,0.01162321456265869,0.03931689656506565,0.00913919973489383,-0.0001873557546520167,0.23050253394389508,-0.20759909250152664,1,8
2024-08-21,QQQ,0,0.004664116939144147,0.004653273648909995,0.01097232524394583,0.01207441771346839,0.007946616708236043,0.03348936756929821,0.010497844134947015,0.003014265136319465,-0.12155375171606309,-0.24387787968255525,2,8
2024-08-22,QQQ,1,-0.015854846231708852,-0.015981878816837103,0.01062406026223377,0.012430368917757069,-0.008212422579284673,0.011302585601345783,0.024193571229534753,-0.020604715596550867,0.47082482423184246,0.14641454594941394,3,8
2024-08-23,QQQ,0,0.010845444661544468,0.010787054624501913,0.011670958798717037,0.012523602624968112,0.00046688222511614974,0.01586873383786558,0.015566295816485963,0.0015858646630330514,-0.04446523015612247,0.0872236038908083,4,8
2024-08-26,QQQ,1,-0.009708387084850112,-0.009755820727188613,0.010722351065307854,0.013499813633937915,-0.006790848675608863,0.0009306943534852508,0.014892093996556978,-0.008572355333189311,-0.23872828362658238,-0.1714721259218952,0,8
2024-08-27,QQQ,0,0.0029873195420324627,0.002982866369505288,0.010999363583706937,0.011622451787931807,-0.002364624310682628,0.0009321013961796076,0.012940963185244255,0.006481047327146194,0.0020908766382783384,-0.13698828675705232,1,8
2024-08-28,QQQ,0,-0.011347440381001328,-0.011412313814453512,0.011117813393953926,0.012484525700770159,-0.00906115136748209,-0.012213530484861956,0.019168939514659734,-0.010371837226856981,0.35850236277717196,0.1627781800034287,2,8
2024-08-29,QQQ,1,-0.0014636940548089505,-0.001464766301373821,0.00917354049278947,0.009414762596253547,-0.008765266089273638,-0.01288154446481038,0.01808653985098049,-0.005535824720979333,0.09924703792103262,0.26713797049415966,3,8
2024-08-30,QQQ,0,0.011919330325254496,0.01184885457067697,0.009546765601007671,0.010235642725313325,0.004627973572466804,-0.0013754630817962576,0.013451465173285736,0.00258921448009718,-0.18536324136168347,0.04815404433400494,4,8
2024-09-03,QQQ,0,-0.03036086537217131,-0.030831302860485188,0.016154701031188434,0.013037280926546376,-0.020281243680707384,-0.027727424096612552,0.0294167002347119,-0.024070190943812186,0.3441859770217979,0.3210061508662485,1,9
2024-09-04,QQQ,1,-0.0025985200768809946,-0.002601902090265895,0.015591111928803771,0.013029956225178111,-0.016084933927833278,-0.026225371421497945,0.014651058547479893,0.004229559088309087,-0.27742679814694615,-0.0546259058171229,2,9
2024-09-05,QQQ,0,0.0009335226727840151,0.0009330872114814426,0.015656977827024722,0.012802839217030564,-0.010809389665900393,-0.020874179042380314,0.01616659670658569,0.004510114645212626,0.05990752220420803,-0.022978400961016,3,9
2024-09-06,QQQ,1,-0.02678727068629727,-0.02715258830452605,0.018365922717120536,0.014266595345333052,-0.028144816355173075,-0.04177870254951521,0.02830577880950482,-0.025286173984740083,0.46940126087006995,0.385028546289639,4,9
2024-09-09,QQQ,1,0.012859609646306946,0.012777626961659294,0.018641271940024125,0.014535594521180811,-0.006258233702657212,-0.02413366165540143,0.012448647334241779,0.0030900849865989665,-0.34851178483103007,-0.09000133266635635,0,9
2024-09-10,QQQ,1,0.009241742878550063,0.009199299274343709,0.015555498931053405,0.015128398215140103,0.004309218067378717,-0.011574700993994047,0.015211297979033145,0.005304255390877048,-0.10008429044425304,-0.18608069456670473,1,9
2024-09-11,QQQ,1,0.02171536588332379,0.021482946027766125,0.01854880158835645,0.017052318067704908,0.02253131792941554,0.011663974538608679,0.039333774420747626,0.0189384692346837,0.9488684413567248,0.4644094057601167,2,9
2024-09-12,QQQ,1,0.009816165298402346,0.009768299730470886,0.01865552244936313,0.017019881321692177,0.02710919483584484,0.02118237772349807,0.01534194502303649,0.009751429390241656,-0.30730079698494195,0.007519976745554491,3,9
2024-09-13,QQQ,0,0.004479898099275292,0.0044698932252007495,0.00639030502866689,0.017046377101521046,0.019911601635620668,0.024722301881471287,0.00905858169610634,0.006053135127541422,-0.2734365250899725,-0.24525631050895513,4,9
2024-09-16,QQQ,1,-0.004417795735594532,-0.004427583031327842,0.009478987823727265,0.016675411836686225,0.007288037869336295,0.02086210873076233,0.008389802579602451,0.0001056400023475556,-0.22417713779292248,-0.39745510579537546,0,9
2024-09-17,QQQ,0,0.0005282153228267639,0.0005280758662200569,0.010017696831583104,0.012984291995123883,0.0014975322552175374,0.018834316218323544,0.013920100703072345,-0.005878809675434936,0.33201686030036837,-0.16417363086770986,1,9
2024-09-18,QQQ,1,-0.004329469302527977,-0.0043388685938552385,0.006074141999420751,0.013072195098630977,-0.0040265919871270706,0.01206483393837754,0.016852748671324986,-0.0068675156557678994,0.32657457020914493,0.08643733695286748,2,9
2024-09-19,QQQ,0,0.025284131542248733,0.024969775681766393,0.012298981643326636,0.014907058508587792,0.016799369033694056,0.0327057561798918,0.011893704909092886,0.0015540499010886697,0.3225647219187555,0.3685916101373661,3,9
2024-09-20,QQQ,1,-0.0019033771162539903,-0.0019051908403096007,0.012604314037024795,0.010452529864832097,0.011841525661927976,0.023360947003062016,0.011171246569942807,-0.00010360379278431841,-0.34490219296168234,-0.06451564903205564,4,9
2024-09-23,QQQ,1,0.0026507312480956724,0.002647224256048908,0.011938626429300773,0.010350218386122946,0.010083811087221228,0.019744622765627717,0.00525936117759745,0.00018634710760095255,-0.28153116025646585,-0.3127521368088827,0,9
2024-09-24,QQQ,1,0.004823593310192109,0.00481199705942803,0.011739104432493389,0.010305204079327314,0.009659045085235851,0.018780387353277472,0.012715132834869889,0.0018783876443051039,0.04466449301614128,-0.27457585806702633,1,9
2024-09-25,QQQ,1,0.0009271830486856647,0.0009267534799883848,0.01086325012695889,0.008728609388267573,0.00431037541641377,0.015917038590280264,0.006663388726740687,0.002228033815245065,0.02301503510245606,-0.1867446537066052,2,9
2024-09-26,QQQ,0,0.007513103244876307,0.007485020456238445,0.003604154811938386,0.008580956037462317,0.009023904018421236,0.01994222282858793,0.016012373051154133,-0.007904805592318258,0.2060384408227527,0.005606172285453459,3,9
2024-09-27,QQQ,1,-0.005557096644814741,-0.005572594749352788,0.004925076658178009,0.0090357836428962,0.0013577571414824519,0.01172821217045139,0.010356813638825178,-0.00764525993883792,-0.28635361428098516,-0.2679594382555913,4,9
2024-09-30,QQQ,0,0.002711857551643604,0.002708187100282977,0.004926949402990898,0.008699769437439817,0.0019995846691958086,0.011215258003907769,0.011301392087304222,0.004714085698621545,0.32514846112440976,-0.05327687800314962,0,9
2024-10-01,QQQ,1,-0.013932467085891354,-0.01403043492565903,0.00830290624275877,0.010266030190622145,-0.010294620766534313,-0.004614960414112801,0.021734684925568272,-0.013184381858554877,0.41128955024751424,0.28526475123359907,1,10
2024-10-02,QQQ,0,0.0014129770826967203,0.0014119797699221337,0.008343601627919722,0.010042067475646904,-0.007316139826702317,-0.00550632824658337,0.012823723561405796,0.003310073494787565,-0.444395044857425,-0.24940925435650219,2,10
2024-10-03,QQQ,1,-0.0007469461563068824,-0.000747225259579487,0.006763622374637504,0.006015582014255024,-0.004827157124120074,-0.006025250452880826,0.011589606186212319,0.0038562682727612766,0.06709905660377369,-0.12295312922951884,3,10
2024-10-04,QQQ,0,0.011898115321619551,0.011827889237384426,0.009290134193094388,0.007074029754307839,0.006776344718756988,0.004648900427319136,0.011262673293447933,-0.0002667040302735369,0.21112830146977557,0.07671865126134603,4,10
2024-10-07,QQQ,1,-0.010711717330694981,-0.010769500785261954,0.010293063730548127,0.00796873766494127,-0.0015450288025216086,-0.005919970994810564,0.011743159181302287,-0.006778072159776074,-0.1861235848872146,-0.12409007439330111,0,10
2024-10-08,QQQ,1,0.014934658238237919,0.014824234301556771,0.010314349553355936,0.009216050736170751,0.010007153409197,0.008109345623525499,0.012668642108829741,0.009573688969173192,0.13200747944953184,-0.016463931792580766,1,10
2024-10-09,QQQ,0,0.007868363708511517,0.007837569562340718,0.010413652236206137,0.009480527805783508,0.013269131909519283,0.014509405613116533,0.011820038403470092,0.008486695084835122,-0.11590973401245053,-0.12573623362482456,2,10
2024-10-10,QQQ,1,-0.0011354862661925313,-0.0011361314191447036,0.010465300673299682,0.009267076076807924,0.007564072867993321,0.01270744464802065,0.010064179240051695,0.0035448512024833356,0.030222044408881876,-0.07911907216697622,3,10
2024-10-11,QQQ,1,0.001563037235505993,0.001561816964193774,0.009644741024801071,0.009004932390596845,0.006651634647367732,0.01291386673010897,0.008599260921629137,0.005338866139554275,-0.198284298496334,-0.2558430084496035,4,10
2024-10-14,QQQ,0,0.008391565314048721,0.008356551871862905,0.006307020330032224,0.009272963614823198,0.008759527674440104,0.0194400923664253,0.007200873158423826,0.0034895435880859995,0.2623265276465887,-0.046117445698266035,0,10
2024-10-15,QQQ,1,-0.013366895615827379,-0.013457036737544392,0.008839267116316636,0.009166414961154725,-0.005349664027530565,0.0038427362805208976,0.019725624388022407,-0.014020811636538044,0.3347799893323511,0.31138845177406616,1,10
2024-10-16,QQQ,1,0.00012232778494514207,0.00012232030351189138,0.007888642486063972,0.009184834976312438,-0.004324115546095242,0.0021292079061505653,0.008387953863395718,-0.000549674289868907,-0.33887794851154973,-0.13056299720758469,2,10
2024-10-17,QQQ,1,0.0006925211661650277,0.000692281484032442,0.007916447414879669,0.009150275615426256,-0.0030926969492202083,0.000849568292062175,0.010675988572444454,-0.010454440447753432,0.1832385375356571,0.02151585148344992,3,10
2024-10-18,QQQ,1,0.006554736463965094,0.006533347593639327,0.008535292834452786,0.008652165857898875,0.002989887172387906,0.005944510459655383,0.004594623208653487,0.0008298661379901538,-0.06893244201729465,-0.029399967282714545,4,10
2024-10-21,QQQ,1,0.0019212667570398523,0.0019194234846313663,0.0074582413826871545,0.007520723202113289,0.005765582639495337,0.005153421701343808,0.00997468510437785,0.00439941901213254,0.19741464377343587,0.13881949280272377,0,10
2024-10-22,QQQ,0,0.0010899250234155389,0.001089331486372025,0.002587770045633231,0.006185120317841372,0.004777088818791686,0.004891113380843137,0.011121731707306499,0.006555274484467363,-0.12034018426647763,0.007774567379898567,1,10
2024-10-23,QQQ,1,-0.01532377252252326,-0.015442394913294244,0.008336813882748614,0.007651967993166735,-0.009596573507500206,-0.009546352667722635,0.018638976225793108,-0.010595860988130486,0.47443958959446597,0.40951005352302294,2,10
2024-10-24,QQQ,1,0.008108688614011594,0.00807598984233504,0.009318091464499391,0.00816793479074573,-0.0019988189788968658,-0.0014603836427673489,0.007234150219590635,0.0004267785229072535,-0.44023371777993525,-0.2003315598343508,3,10
2024-10-25,QQQ,1,0.006093753075227193,0.006075261247021402,0.009244830305788737,0.008388470168817636,0.0037368372733599386,0.004225237941232862,0.011814852224515289,0.00036351874309542434,0.7599217249567536,0.32049137605052747,4,10
2024-10-28,QQQ,1,0.00016140406006659447,0.00016139103583245884,0.009204798610251294,0.007910497993763171,0.003906992126710307,0.004815138353151838,0.006861098119776507,-0.006138903043474295,-0.4717056093452109,-0.2888682379227443,0,10
2024-10-29,QQQ,0,0.009608480423896948,0.009562612555485295,0.010186904745556374,0.007009346048570048,0.011830631592253837,0.012557822877276026,0.015129508556304691,0.00895667399030261,0.36802293215091475,-0.0037316365464953316,1,10
2024-10-30,QQQ,0,-0.007557601147222814,-0.0075863045253452555,0.007043832416956189,0.00762023191638753,0.0009356636261537155,0.0037937308743016818,0.008930878320059897,-0.006027372749421108,0.062179402515162074,0.033375643993130755,2,10
2024-10-31,QQQ,1,-0.025242760321310675,-0.025566823931121085,0.013842204794145253,0.011308477043041179,-0.020986522899106408,-0.020078396399629606,0.017628645740492867,-0.017324015383864,0.38611372496303265,0.36580745999788067,3,10
2024-11-01,QQQ,0,0.007398997200430912,0.007371758895555303,0.014076041334393755,0.011377888137493684,-0.010583692886149132,-0.011418460665964525,0.011431488759976828,0.003975268127252832,-0.1840068662535277,0.0846045565521385,4,11
2024-11-04,QQQ,1,-0.0029133001643890655,-0.0029175520833986113,0.013963214110504591,0.011324893127840118,-0.009691020984597065,-0.012413692834687962,0.01053778564075316,-0.0016638542919504482,-0.3079469214815871,-0.2319591215323885,0,11
2024-11-05,QQQ,1,0.012757010650082945,0.012676325466318694,0.014763806789266094,0.012227319705627711,0.00620228965031977,0.0009476803955654756,0.010992424335355029,0.00943378159124256,0.04559583712583071,-0.19071590950251505,1,11
2024-11-06,QQQ,1,0.027163098392815943,0.026800728846438027,0.019542007295447337,0.013851505428405674,0.029660884966290046,0.024548739563126087,0.013604757854819583,0.010028745880925598,0.7690279876486432,0.41409221261635376,2,11
2024-11-07,QQQ,1,0.01574429329981819,0.01562163765659541,0.011046306994870721,0.014332356399331385,0.0333752763660935,0.036223569898433894,0.011782102328610091,0.010110118396079152,-0.2374321645598414,0.04133074900591627,3,11
2024-11-08,QQQ,0,0.0011685103589389456,0.0011678281820781677,0.012008807368009099,0.014349297390883576,0.023579816799420117,0.03350964322803862,0.004892425294566855,0.002144153805174069,-0.3022119678203883,-0.23496740739900268,4,11
2024-11-11,QQQ,0,-0.0005836330971837889,-0.00058380347727649,0.01137285979186279,0.014372370503889596,0.011770875482849164,0.02909186122255014,0.009042054652502149,-0.0029686793492330844,0.05422146611703638,-0.2032961961287464,0,11
2024-11-12,QQQ,0,-0.00180987018298584,-0.0018115099768669651,0.01268083087253325,0.014309034487773608,0.0017734348324940363,0.024612991878256496,0.009401067381612449,-0.0016739909960169206,0.06901003413675388,-0.14215406315744739,1,11
2024-11-13,QQQ,0,-0.0012867722024578754,-0.0012876008046989185,0.007407770716545481,0.013946634673224129,-0.0021155756885627985,0.020060688892676204,0.009816487162487156,-0.0002927876793801001,-0.04907626387152464,-0.16995353004734837,2,11
2024-11-14,QQQ,0,-0.0069496921363007,-0.006973953719057846,0.003042689719811566,0.010591885350959942,-0.007174539401971658,0.007985606798991851,0.009806389751635645,-0.00629017053323403,0.167380349568941,0.011942041667475367,3,11
2024-11-15,QQQ,1,-0.02382595440601043,-0.02411438306345204,0.009795461346987689,0.013911120972983063,-0.024136692291832795,-0.01780947250685716,0.017576641935377783,-0.012665516932965817,0.7943513659582628,0.7084462368839881,4,11
2024-11-18,QQQ,1,0.006947620900100926,0.0069235973886643265,0.011447572050642077,0.01387782379382163,-0.011990054473415612,-0.013718673728318143,0.010860625959245527,0.0037941583769963887,-0.47376173459175963,-0.11211947345125495,0,11
2024-11-19,QQQ,0,0.006879752468681444,0.006856194956515793,0.012715415457984935,0.013535759465879938,-0.001463724737753358,-0.009132074983720151,0.013811317295868531,0.012142611604471044,-0.09445068092523112,-0.19642669896295362,1,11
2024-11-20,QQQ,1,-0.0005759736563689666,-0.0005761395929146929,0.01275231993217591,0.010352588744652242,0.0015685502875288915,-0.009232858658762555,0.013753107117753781,1.989380227392225e-05,0.2056232924193615,0.01370544991611733,2,11
2024-11-21,QQQ,1,0.003597156827197745,0.003590702532021872,0.01291134191567833,0.008847221147440899,0.006658158970718198,-0.003990135229365976,0.018568256316796386,-0.0024888971087873553,0.16780369011178564,0.17705475003860816,3,11
2024-11-22,QQQ,1,0.0016040586527612533,0.0016027735247776675,0.0032918427881685904,0.008863661764110516,0.004580113290883148,-0.0007467652998175422,0.0074342807584442585,0.0027159808903652314,-0.309907984255663,-0.19021429926038314,4,11
2024-11-25,QQQ,1,0.0015816026635342428,0.0015803532472542514,0.002802897790353035,0.008917540144562393,0.0035498837840164388,0.002269240365928349,0.014100809036028158,-0.006491464205166705,0.10696448507130696,-0.11027182128254143,0,11
2024-11-26,QQQ,0,0.005369358255821632,0.005354994644426014,0.0022568821485225085,0.009164983364516804,0.006605218119031031,0.008368983974968769,0.005727451856038571,0.0024209002890004153,0.006896630167733342,-0.10631172330058702,1,11
2024-11-27,QQQ,1,-0.00787353067369645,-0.007904690583101726,0.005127746578326915,0.009446918409226483,-0.0021604317704837506,0.001808066843360212,0.012417099379853667,-0.0056477666114271114,-0.06023624567441477,-0.16124494165575265,2,11
2024-11-29,QQQ,1,0.008786937315683252,0.008748556849292655,0.006228503289136749,0.009712732343075868,0.004718687818304534,0.01040055723156974,0.009942084581097932,0.0075306813467280204,-0.3855930505581511,-0.4604644354791606,4,11
2024-12-02,QQQ,1,0.010887788266239262,0.010828943043815542,0.007395091132266576,0.005396535716400136,0.011868452564818055,0.01762553685014656,0.011036994463228412,0.008375507680723827,0.6399634798487022,-0.024899813295023,0,12
2024-12-03,QQQ,1,0.0030663248097948514,0.0030616332240454014,0.007315613369409295,0.005276892939338021,0.010889853671561811,0.017360495914423346,0.007354857879354062,0.005681453139026313,-0.26043853788891014,-0.25432599897518393,1,12
2024-12-04,QQQ,0,0.012362899612783806,0.012287103040251601,0.008241528579069478,0.005930811178411707,0.017833426511945083,0.02593967150860088,0.007533909690445298,0.005650373616277824,0.4026422338005904,0.039399331723072306,2,12
2024-12-05,QQQ,1,-0.002771188807077829,-0.0027750356593267966,0.006256912846398015,0.006150648681656247,0.008535027933091133,0.019371128738873367,0.0050065833433540425,-0.0028663698515181695,-0.3034784675422254,-0.24159949644771073,3,12
2024-12-06,QQQ,0,0.008949628056763803,0.008909817485815097,0.006272400226921643,0.006373324814230355,0.011018867225488727,0.02419242995249493,0.008363947482288029,0.007655795723333449,0.3078218562874251,0.03851253726829418,4,12
2024-12-09,QQQ,0,-0.0077873600356357375,-0.007817839865185583,0.008253208197978324,0.007406030502669234,0.00042146712125212815,0.012947527227983091,0.009761212067296967,-0.006031743856504492,-0.12996052620504495,-0.0838317197077394,0,12
2024-12-10,QQQ,1,-0.0034076969315535166,-0.003413516355058377,0.00869020166278667,0.007693922293808205,-0.004410032137199149,0.006760665562483892,0.011878904160046812,-0.005767578700989278,0.17778508687071937,0.08882096116732341,1,12
2024-12-11,QQQ,0,0.01790257000093476,0.017744206279861174,0.010575007846912106,0.009065139029483894,0.010838663777864577,0.020716043426111552,0.011466587611607144,0.009371396019345238,0.3210924024640658,0.40322332287449525,2,12
2024-12-12,QQQ,1,-0.006453840430359792,-0.006474756499725842,0.011153084073329635,0.008867281716332834,0.0025210745157615566,0.010004163680807032,0.005571563224328377,-0.0022361899108542943,-0.2670647774537903,0.03469991398528971,3,12
2024-12-13,QQQ,1,0.007654322718753326,0.007625177023169449,0.010960050432373398,0.00880856365283005,0.008639008135644666,0.013692230621528134,0.011065857697170781,0.00013197474139221502,0.2206722510868413,0.19265157819011214,4,12
2024-12-16,QQQ,0,0.01440068853346399,0.014297983459924168,0.010707247338324373,0.009174435111744681,0.017057750263718807,0.023814256312243653,0.011536775374992142,0.00954822101210868,0.11116940695751265,0.28874768232229986,0,12
2024-12-17,QQQ,0,-0.004403999162754357,-0.00441372533360429,0.010933420909634414,0.00958910546217403,0.006794482420459325,0.015647801498717362,0.006245759708830115,-0.001044070351793104,-0.10634179594057513,0.10716647496613119,1,12
2024-12-18,QQQ,0,-0.03607676750326039,-0.0367436218820556,0.01939555391744027,0.015255952839771929,-0.02459707638664732,-0.019731786664644035,0.04086703563385432,-0.03490619986683239,0.9140980646696362,0.9077278685997643,2,12
2024-12-19,QQQ,1,-0.004453242796967571,-0.004463188019315112,0.01937807077738655,0.015284454832297782,-0.024397131097881997,-0.022679974662899394,0.015215166520145911,-0.013469213719308079,-0.15102224367130257,0.47426095375653743,3,12
2024-12-20,QQQ,1,0.008732389276804975,0.008694482483637245,0.01955337606433239,0.015268307474319533,-0.011424720733387406,-0.012678075161631996,0.03042472906711416,0.016103696151965628,0.3033517219401487,0.7206537290258905,4,12
2024-12-23,QQQ,1,0.009742719470956063,0.0096955652060835,0.018519720929852056,0.015457278082503686,0.003738317228066723,-0.0033117917764001747,0.013704157991482216,0.006390159565438606,-0.5097835783908806,-0.1775450803848183,0,12
2024-12-24,QQQ,0,0.01355991137988477,0.013468798512456637,0.020383681923835068,0.015921589508846687,0.01929674085301003,0.008243217257264845,0.011165491989303177,0.009774602663273952,-0.4082728963899598,-0.5039937399626827,1,12
2024-12-26,QQQ,0,-0.000679402311405064,-0.0006796332097431801,0.007592624782900986,0.01492008006414018,0.013162983932438088,0.007456040035064504,0.009331451785727696,0.002422713968758069,0.08726976569352218,-0.4400190781588521,3,12
2024-12-27,QQQ,0,-0.01329295745571657,-0.01338209967181836,0.010804614377223614,0.015407859524831567,-0.0038183419189374845,-0.005350920502618983,0.016330538765405283,-0.006558833754073381,0.7725884602289097,-0.03639063659053665,4,12
2024-12-30,QQQ,0,-0.013299961188072862,-0.013389197783932438,0.012546845863001041,0.015602089404264956,-0.01623674120643448,-0.015945079823282415,0.014606891499003802,0.00019393529522919174,0.02199789595621704,-0.031203787560672325,0,12
2024-12-31,QQQ,0,-0.008494745752656852,-0.00853103174500891,0.011307670245291414,0.014472892718102131,-0.0202417600990471,-0.019424830559947925,0.01431604377905487,-0.010969265157535404,-0.1580788804071247,-0.17775577621131144,1,12
2025-01-02,QQQ,1,-0.001956090977874303,-0.001958006622355235,0.00602977912497736,0.014502258360108582,-0.014707068459458794,-0.016682952395481676,0.021252233040610632,-0.007913624155633837,0.24977847992581648,0.005446127380971166,3,1
2025-01-03,QQQ,1,0.016365269497480517,0.01623280176738895,0.012368111951033225,0.010897840814024812,0.005697824747815439,-0.0011569471789663055,0.013869670703813203,0.010188062243378277,-0.2014383151322623,-0.13586227322685163,4,1
2025-01-06,QQQ,0,0.011492856065874024,0.01142731488779436,0.01274175932828781,0.011234093058398942,0.016475537149235997,0.00814821817431799,0.011239940066698161,0.0009922492971907197,0.24261257075999243,0.10782568305491225,0,1
2025-01-07,QQQ,1,-0.01784429146374733,-0.018005420533192762,0.014091445340838345,0.012584014019971267,-0.001496337476707521,-0.009337867699210078,0.024182271900290632,-0.019806376924557095,0.016078782155487303,0.2144626121357882,1,1
2025-01-08,QQQ,0,0.00017466382578645856,0.00017464857383586718,0.013310041497447227,0.012077247383739697,-0.0028834346370471,-0.007714672834216008,0.01232813422235694,0.00036887946552410805,-0.16114613399181799,0.01504404115344693,2,1
2025-01-10,QQQ,0,-0.015681059233954575,-0.015805307652863476,0.015477556366594125,0.011583192247540099,-0.01736313696095826,-0.018972993628020074,0.014976094822864938,-0.008387441254349521,0.31693948235416447,0.24260133719324317,4,1
2025-01-13,QQQ,0,-0.0032138221722606275,-0.003218997590295203,0.012052403296510217,0.011522212680722708,-0.015554569333025237,-0.017557567410551034,0.012609690049309147,0.00869909266834079,-0.21805464750508852,-0.0645004758047949,0,1
2025-01-14,QQQ,1,-0.0009494079002959621,-0.0009498588734375701,0.008574906696383059,0.011139312878481676,-0.008978589944583781,-0.015144897127610912,0.016845554681617563,-0.007194251940806191,0.06445974342308691,-0.0038973462615001786,1,1
2025-01-15,QQQ,0,0.02300615156926722,0.022745500215600956,0.014001898828614938,0.013249368799649455,0.013216654391329019,0.007298751252000857,0.0124553803207525,0.007153544043388816,0.0361737192179552,0.030998131335057355,2,1
2025-01-16,QQQ,1,-0.0070058237432936155,-0.00703047975103388,0.01442684143699051,0.013147655902134526,0.0069831028050379995,-0.00011881841623573308,0.011773065593096434,-0.011368383369195321,-0.19247888871089547,-0.1652610935792317,3,1
2025-01-17,QQQ,1,0.016878613519458963,0.016737752538099393,0.013318819244062809,0.014082311126015493,0.018164557357272404,0.014482238563473082,0.020962078004065663,-0.002122951904738224,0.8363349746714372,0.46589741639253024,4,1
2025-01-21,QQQ,1,0.005864725296653273,0.005847594739957884,0.012378078910795537,0.013287928258445415,0.016502602085489704,0.019199267392844277,0.011268253059438524,0.000610142114352479,-0.5441944986197358,-0.3214131654117156,1,1
2025-01-22,QQQ,1,0.012785689222652774,0.012704642393504884,0.011511582419740748,0.013404197774869021,0.019065489669905844,0.030835095784673916,0.008610754943683926,0.0036633540694809815,0.4217453868291856,-0.028198248367336642,2,1
2025-01-23,QQQ,0,0.0021262150563852167,0.0021239578601086606,0.009333828548747057,0.0115820431827226,0.015027997708082497,0.029540563194448755,0.00814682772115756,0.006804847971068984,-0.31245795254963826,-0.3044948293171784,3,1
2025-01-24,QQQ,0,-0.005651073294553277,-0.005667101020333298,0.008865078806249314,0.01190425860303455,0.002965581182843069,0.020888918397971912,0.010581129050727127,-0.0063600137409824805,-0.139340855363993,-0.3810936586875511,4,1
2025-01-27,QQQ,1,-0.029114560132968426,-0.02954679925053849,0.016146543264216023,0.014662031430971433,-0.0234502583991385,-0.010173203757289917,0.015342458586870108,0.006281843390716732,2.0571879889125326,0.7799507063807851,0,1
2025-01-28,QQQ,0,0.014779705557380396,0.014671550077685502,0.017754417997805125,0.015119941750578493,-0.007890414721486994,0.0013239710276777839,0.021777108533644562,0.012790705388370883,-0.45378852327645924,-0.03202317718091641,1,1
2025-01-29,QQQ,1,-0.0018779393564720692,-0.001879704895315193,0.016032501376372202,0.015151564511022505,-0.005715647504044297,-0.0035680126305724924,0.010890790112365852,-0.003119865280137757,-0.1971790252513993,-0.2064860364589428,2,1
2025-01-30,QQQ,0,0.004262501403379915,0.00425344267703931,0.016261656558844543,0.013495106704374914,0.0021920323323652013,-0.000534950353863195,0.015065500529400214,-0.0012603046571485344,0.02935569815002448,-0.16446701126073304,3,1
2025-01-31,QQQ,0,-0.0014533204191049531,-0.001454377513547378,0.01623248020766753,0.013226735622912432,0.003558347917448801,-0.003740768710671194,0.01960452711015345,-0.008786922176003239,0.41280945489276855,0.14377726989403694,4,1
2025-02-03,QQQ,1,-0.008003014360549177,-0.008035210371788892,0.008579236624158139,0.012402205663421685,-0.005962918669590533,-0.01102904615707545,0.019085805114462766,0.009036584246754784,0.04710593675171326,0.23881297315052508,0,2
2025-02-04,QQQ,1,0.012275163587443405,0.012200434685062156,0.007634142704935608,0.012929554851362617,0.005213063842114618,0.0011738142801438478,0.013265728588856092,0.011260370139271203,-0.35814966683751925,-0.21069561562548011,1,2
2025-02-05,QQQ,1,0.00453811477694499,0.004527848581810545,0.007559780482434866,0.012270526021160239,0.007450035045364123,0.006612679606807559,0.012245629831642766,0.00963927827817747,-0.18861050109802358,-0.33443871284696636,2,2
2025-02-06,QQQ,0,0.005219679586380144,0.005206104277572621,0.007632910172892616,0.01239122569919439,0.010178133623461871,0.012454943881518243,0.007717702209631046,0.004247554415570076,-0.0804197954963779,-0.38082216570306926,3,2
2025-02-07,QQQ,1,-0.012613325199395509,-0.012693548487848538,0.010262334428865436,0.012897887907120523,-0.0028032605567250846,0.0009685471775877641,0.018693124213804257,-0.013619103517528697,0.5233476549435283,-0.08512928337213088,4,2
2025-02-10,QQQ,0,0.012105167830027241,0.012032486246543073,0.010142569134306048,0.008975216631559113,0.004997993645821985,0.010177211139146713,0.006847209043974674,0.003850440821063092,-0.29564439040043233,-0.2649291007394843,0,2
2025-02-11,QQQ,1,-0.002380750113849861,-0.0023835886054568434,0.00935016378469222,0.008049155775336362,0.00126678139403813,0.006584882382201895,0.007776191439365957,0.003859548590984515,-0.07324196271004368,-0.28375130413189753,1,2
2025-02-12,QQQ,1,0.0005871268568600208,0.0005869545653220953,0.009181312242073046,0.007981637203565858,0.0013039899050328874,0.005743586575049697,0.013861746895626609,0.011487651043902192,0.294113994463274,-0.06742552183100714,2,2
2025-02-13,QQQ,1,0.014385875368918999,0.014283380480183183,0.011061104045371103,0.0089595487241591,0.013288747550681768,0.01772243650418215,0.013264592099310945,0.011170316169445521,0.1481602917303093,0.06564476874809344,3,2
2025-02-14,QQQ,1,0.004198453159241167,0.00418966424608147,0.007247997996827652,0.008862573463173868,0.011716076624599392,0.018926315955960282,0.005914150645616915,0.003992490083111022,-0.3779305445275607,-0.2813762739030313,4,2
2025-02-18,QQQ,1,0.002267074708917294,0.0022645087724306734,0.006385392319446275,0.007994361859978155,0.010165924736514453,0.01714195168729371,0.0073370428102159735,-0.0006669730505795813,0.15128816633636766,-0.10020083044922135,1,2
2025-02-19,QQQ,0,0.00027808859980216205,0.00027804994033431285,0.005827087448154243,0.007509753344943624,0.006101657889589829,0.01454537886036289,0.008076899060067446,0.0017639530499501865,-0.043671286165815726,-0.1147858564862847,2,2
2025-02-20,QQQ,0,-0.004244510586287276,-0.004253544092281736,0.006906387112957304,0.007799477536156248,-0.0014943337514488064,0.008271065399408695,0.012325197880214155,-0.002784326201216511,0.3500246607243642,0.16661789428080054,3,2
2025-02-21,QQQ,0,-0.020754737905865128,-0.020973144748504424,0.01006187563868199,0.010469040910712102,-0.018635721632646263,-0.012002626723077614,0.02357071645736257,-0.02284629384712393,0.7737243322235112,0.8450278181417143,4,2
2025-02-24,QQQ,0,-0.01180420177417374,-0.011874424526676641,0.009468435867856789,0.010368669711396545,-0.02356062171881157,-0.023105585691962416,0.018072247365121533,-0.015173921519158874,-0.16616624693696413,0.48232984787286237,0,2
2025-02-25,QQQ,1,-0.012599336617714396,-0.012679381310035431,0.008128462575358103,0.009956938339533978,-0.026335181779066796,-0.032517715349850596,0.019027819637606986,-0.011401246093322055,0.24629473062309648,0.6703231293677892,1,2
2025-02-26,QQQ,0,0.002415564864961306,0.0024126520778944283,0.0088194759678924,0.010104862365195807,-0.014653128672028726,-0.027719628047408462,0.01608049493964561,-0.0018816202416070005,-0.29592153657539844,0.11828378541086493,2,2
2025-02-27,QQQ,1,-0.027771232425729764,-0.028164144627252696,0.011307902730361022,0.01276333550742652,-0.028262295164113604,-0.049687840812421835,0.03670897140101321,-0.034470143980910924,0.5221025260029717,0.562962369165823,3,2
2025-02-28,QQQ,0,0.015791498225737888,0.015668109814383158,0.016536090449089134,0.013010343949351738,-0.006001096816433016,-0.02956914783833786,0.023693851574236677,0.016075837215177205,-0.09140482001220251,0.34423259788026805,4,2
2025-03-03,QQQ,0,-0.02188244572599274,-0.022125417526418723,0.017860733905515857,0.01351627912218288,-0.018994439630560467,-0.04329566594566003,0.03804346237299829,-0.02828824196803064,-0.06435556301674572,0.16955646657924817,0,3
2025-03-04,QQQ,1,-0.003017842733340159,-0.0030224056030494495,0.017866426305899262,0.01317664868982096,-0.015046121113817645,-0.03806960990272401,0.032376867208578367,0.002772259374098778,0.5223068503965265,0.5838677226811555,1,3
2025-03-05,QQQ,0,0.013036089657736394,0.012951851145003523,0.01977874223591624,0.014641980686395262,0.002796623096076978,-0.01838243690297081,0.024929453472133982,0.011708983102905739,-0.317518570792953,0.01765843458760563,2,3
2025-03-06,QQQ,1,-0.02750937432362144,-0.027894842943317677,0.019702808682116844,0.01593227809927077,-0.020064337344962158,-0.0361454542023828,0.02507641293931954,-0.01112031883818952,0.24286920086262542,0.18411451220675978,3,3
2025-03-07,QQQ,0,0.0073535355517866385,0.007326630128709155,0.017774082527844088,0.01618579806185039,-0.0063242178241086355,-0.02243975889731986,0.02617209931881704,0.009504074324672675,-0.04966799422659063,0.10793646486648689,4,3
2025-03-10,QQQ,0,-0.03875637924004838,-0.03952739458487464,0.022437803029563046,0.019125880113277725,-0.03535511877517272,-0.051438150406679095,0.03166821216675746,-0.022173959975229914,0.4012322099910992,0.4431816406393385,0,3
2025-03-11,QQQ,1,-0.002390396627835467,-0.002393258186939029,0.02248676964029408,0.019202157567038365,-0.02816188939522002,-0.04571693264924692,0.024981449434728662,-0.0015878056320711412,-0.10313559764178015,0.24778315102228654,1,3
2025-03-12,QQQ,0,0.011280767030684036,0.011217613679963101,0.022053513018233623,0.019940892225776722,-0.006929753662972549,-0.027545241747085836,0.019346333047047932,-0.004674827233607294,-0.3168913101650941,-0.1665542892792682,2,3
2025-03-13,QQQ,1,-0.017990407279772747,-0.01815420212118024,0.020522300096634697,0.019049914701819607,-0.016662580254411252,-0.03878197772353187,0.020682427513943568,-0.016608931573982938,-0.008681934210610365,-0.16507214997512065,3,3
2025-03-14,QQQ,1,0.024170456746661628,0.023882974430771142,0.024651001155193062,0.020279450892712346,0.012261272570027737,-0.009754609714706985,0.015705153291673067,0.012517663095556743,-0.06443486608552229,-0.21309823040580633,4,3
2025-03-17,QQQ,0,0.006483723303685851,0.006462794385910797,0.015731798089887408,0.019720467607791784,0.014525319232473466,-0.0003872095894693617,0.016763638770006858,0.0065886944780622885,-0.041746436195854275,-0.24205645775545626,0,3
2025-03-18,QQQ,1,-0.017047523814134324,-0.017194505694540396,0.018427319449677203,0.02023524227417076,-0.004000530726058216,-0.013134990287651416,0.015018421882009182,-0.010158309338534156,-0.06401098111363446,-0.2514248338364412,1,3
2025-03-19,QQQ,0,0.01338143739833697,0.013292696740082377,0.018730948083348523,0.02026807546944644,0.007648129319188568,0.0044825381555044785,0.02193744155667107,0.008556903401217734,0.03475608039455058,-0.21656149200619612,2,3
2025-03-20,QQQ,1,-0.003389523100645664,-0.0033952805477515113,0.015780058165776493,0.01853405199801897,-0.0003420578476333036,0.0029507200464773398,0.017551574885687073,0.004990783548153497,-0.09027387874935378,-0.2573622706395159,3,3
2025-03-21,QQQ,1,0.003296728647070646,0.0032913063511408325,0.01153897673411403,0.01835765784289542,0.0024600835079222616,0.008568328412202009,0.01835129500478704,0.014259217763023094,0.14829597205040712,-0.12518854007737545,4,3
2025-03-24,QQQ,1,0.02194435852217902,0.02170704658333289,0.01506196180050172,0.014524092813215405,0.020788762404621686,0.026681953314040996,0.01457747162729886,0.005986823894286817,-0.18154890860402184,-0.21560796554839956,0,3
2025-03-25,QQQ,0,0.005706509884879862,0.005690289436190987,0.009751032785541465,0.014354573870397196,0.01829807373410297,0.027688972766889197,0.0065121015772828346,0.004212492612658357,-0.2468235784211622,-0.3457871124443477,1,3
2025-03-26,QQQ,0,-0.018400608259918627,-0.01857200524732061,0.014648267486187593,0.015852385655498,-0.0021713852196013628,0.0070653169436543095,0.02100344626097979,-0.016087717055737385,0.33001090830875124,-0.10203667772942249,2,3
2025-03-27,QQQ,0,-0.005698004255080491,-0.005714299812244583,0.014888380240736588,0.01457071366639206,-0.009111826848867355,-0.0015743778552750332,0.013121590605942922,-0.0016376288611859185,-0.033421799688683196,-0.10154145483507537,3,3
2025-03-28,QQQ,0,-0.026327826670848542,-0.026680609685395318,0.019200116504805236,0.015173796634981626,-0.030739213321678283,-0.025840098611791706,0.025989456835318038,-0.022654790797392816,0.38524281591165765,0.23529576327747526,4,3
2025-03-31,QQQ,1,-4.2570708409961355e-05,-4.2571614568664984e-05,0.013191227008410522,0.014906111506674403,-0.02199115616808489,-0.023217092436431552,0.027125905817148892,0.015154138804369261,0.14313969087952239,0.3709997428743339,0,3
2025-04-01,QQQ,1,0.008061051218208437,0.008028734499819556,0.013869926651122154,0.01431592003785982,-0.005495317050827397,-0.015110685025703452,0.019708948631855076,0.011555798320403363,-0.2234723199680002,0.05891109908705516,1,4
2025-04-02,QQQ,0,0.0072984309904364775,0.007271926326485101,0.01403596777885518,0.013797050873516712,0.005244161376679823,-0.007090080654486575,0.029391599481989442,0.021518061624400446,0.21232037943250348,0.2532228835090089,2,4
2025-04-03,QQQ,0,-0.053533500041604065,-0.05501970255828681,0.026664785911512532,0.021706119076845675,-0.03596776757155207,-0.05474727856106221,0.021755307647593782,-0.012663216958156205,0.4121055426950866,0.6316682541877092,3,4
2025-04-04,QQQ,1,-0.0621088926226101,-0.06412142693090495,0.03474391741472347,0.027697845773738083,-0.07758280861070677,-0.10264191755365137,0.04039800314439563,-0.03530835053519642,0.6618584853306233,1.3109911443361884,4,4
2025-04-07,QQQ,0,0.0024132042363624873,0.00241029713503238,0.03511312249991342,0.02562506780883549,-0.05673525467582019,-0.08750233414574449,0.09971614455740364,0.036778736956416376,0.3797865544323775,1.5496308206157168,0,4
2025-04-08,QQQ,1,-0.018008560140283514,-0.018172687712796787,0.03175908597992459,0.024650431320963857,-0.04975730526728639,-0.08874486745723276,0.07611376169613544,-0.05043820960107126,-0.37329796913782753,0.428319918630085,1,4
2025-04-09,QQQ,0,0.12003084661093011,0.11335622654464217,0.07320479350828893,0.04969554860005463,0.06925856822219245,0.024759120597528606,0.12609185690247138,0.12135137711330755,0.4111563575020174,0.7485610589401959,2,4
2025-04-10,QQQ,1,-0.04253217437814427,-0.04346316097561331,0.07142133413582825,0.051274879846147155,0.025889824522473237,-0.011119322484384297,0.0506217293823669,-0.016271286979754215,-0.24141621213786135,0.21503351473320942,3,4
2025-04-11,QQQ,1,0.01842309531588948,0.018255446043871082,0.06244090355679509,0.05130251842938697,0.02976440538417635,0.010354824166241228,0.032520009380732344,0.021927358897636293,-0.5157610756559311,-0.41564263077166996,4,4
2025-04-14,QQQ,1,0.006778217976530554,0.006755349138877875,0.062232478271007,0.05137672145917103,0.021106093831655626,0.019797261064826932,0.02674069486856435,-0.01502816302192757,-0.16276641554155757,-0.5057713732015952,0,4
2025-04-15,QQQ,0,0.0011147237784188135,0.0011141029352037535,0.060098852965277456,0.05128269835611122,0.0034617833929724284,0.02429281415485618,0.013586624657023332,-0.0011994990628892773,-0.19428235915268588,-0.5991982652098384,1,4
2025-04-16,QQQ,0,-0.030153549444919214,-0.030617518412046074,0.02585918657178745,0.051891124732930616,-0.01740094730112285,0.0005608407725099518,0.03309352469091123,-0.010801073684832928,0.3834686280158852,-0.444929096170239,2,4
2025-04-17,QQQ,0,-0.0001800510977835179,-0.00018006730892849987,0.01797663823085941,0.04910093809006997,-0.01667295005454883,0.0018611487844264474,0.014289899717236224,-0.006865414119980752,-0.08459675871671646,-0.47669313760378285,3,4
2025-04-21,QQQ,1,-0.024746776536028525,-0.02505812533144436,0.016759534219373765,0.045147870398686035,-0.031879592148238545,-0.02522745319887687,0.025443245822870473,-0.011683420821047692,-0.015337779066396107,-0.43677217755875974,0,4
2025-04-22,QQQ,1,0.026252104429252743,0.0259134323833754,0.022685233905064578,0.045720761853359174,-0.0006564772321414614,-0.004296588630533504,0.02269721363848222,0.012898235193564284,0.18471640546962242,-0.22467157301052343,1,4
2025-04-23,QQQ,1,0.022678161829116528,0.022424835154219558,0.026065202616422183,0.04518393744487187,0.023585540162654794,0.009576938875521357,0.022917257114767792,-0.00787920589157025,0.06685288426977465,-0.11308936672332404,2,4
2025-04-24,QQQ,1,0.028137042087404307,0.027748467571606206,0.022714943153612548,0.025186173455307877,0.04151805959250221,0.037672322457708685,0.025915739583607017,0.023812642077580617,-0.17643021374130619,-0.13655597888027582,3,4
2025-04-25,QQQ,0,0.01114796939756113,0.011086288772516717,0.02194422013796039,0.020205252812006892,0.03993731001801115,0.04313040556142789,0.016489242712218462,0.011970782541229316,-0.1579550919246846,-0.16340507113967906,4,4
2025-04-28,QQQ,1,-0.0003173860935313799,-0.00031743647115689555,0.01198264612539267,0.01978402199874963,0.021930816518063168,0.03867006914534876,0.018561188089454315,-0.0013106887909592666,-0.13298929377136792,-0.2437071397302838,0,4
2025-04-29,QQQ,0,0.0066045186085208485,0.0065828043312921025,0.01164440781979934,0.019781457153652253,0.015044416248888082,0.04139711320023354,0.014526696502931128,0.011400100385998639,-0.08755976012494482,-0.2885533764496203,1,4
2025-04-30,QQQ,1,-0.00012626468624998832,-0.00012627265830733592,0.011690178704277826,0.01980582092350039,0.005936558159993943,0.037294787949847974,0.03161864872061753,0.017853694369264195,0.5291035537073998,0.059782417979982405,2,4
2025-05-01,QQQ,1,0.013060693579919791,0.012976138160696316,0.006207527707412451,0.01586542571064672,0.012932871238072963,0.04231532299690244,0.01332202973173811,-0.00357876538181315,-0.07464335001046773,-0.006584318725976757,3,5
2025-05-02,QQQ,0,0.014843970682578478,0.014734877211648012,0.007116344388722819,0.0156887010969069,0.02098233527650728,0.047647037263168546,0.01249643807921787,0.004706659241019678,-0.09461521591079614,-0.08883499284763552,4,5
2025-05-05,QQQ,0,-0.005932567714046821,-0.005950235304661433,0.008773136020481144,0.011717071640345553,0.009225548529216754,0.029774503491293514,0.010173323594073897,0.002744503828961005,-0.2781521797333374,-0.31714785155868397,0,5
2025-05-06,QQQ,1,-0.009301632291448647,-0.009345162618770608,0.010967969953205658,0.012174068163834791,-0.0025979833754121717,0.012273714531404245,0.014304748908345573,0.003857715641283418,0.15813772761793743,-0.1700914698354069,1,5
2025-05-07,QQQ,1,0.003925891410551996,0.003918205209095582,0.010873887580570252,0.011069659928894478,-0.0019205596124358681,0.010143255422930153,0.01871056518609437,0.00253070290135399,0.1592128419492287,0.007418139638937671,2,5
2025-05-08,QQQ,0,0.010324807856508578,0.010271871090702156,0.010315654897037285,0.008212723555740093,0.00563890507249476,0.016125551404171157,0.01746054244490822,-0.000491249738961108,0.04134314574162712,0.06710985777566636,3,5
2025-05-09,QQQ,1,-0.0006553326461603559,-0.000655547470458373,0.007804202545951779,0.007983816344134488,0.005336006685739747,0.012213678421147955,0.010893283349937537,-0.004569450385387072,-0.2984061691461837,-0.22858947838653698,4,5
2025-05-12,QQQ,1,0.04074022031102564,0.03993221027822358,0.019125364321252128,0.014136208421968152,0.03692797552406413,0.045763610248783504,0.012643254868101266,0.0016963172561711734,0.6238682771883575,0.21375734866593454,0,5
2025-05-13,QQQ,1,0.015240685593548076,0.015125713046787226,0.016173406027819755,0.014347928399799148,0.038240008077953025,0.053015298621922335,0.01761725421515204,0.012628688716929326,0.18139035630486178,0.35149719968793813,1,5
2025-05-14,QQQ,1,0.005993290616784108,0.00597540228829363,0.015877905711084543,0.014080790634866867,0.02978910488587494,0.05005953979252942,0.0067340989941843165,0.0036959828789288936,-0.11742344601799148,0.19218301008935068,2,5
2025-05-15,QQQ,1,0.0010988376891514218,0.0010982344089152107,0.016958822130372957,0.014188563509936301,0.018400837545309745,0.04327821435668566,0.013087604565181838,0.0052853333182080724,0.06676238181837513,0.2501034414342018,3,5
2025-05-16,QQQ,1,0.004352375522520768,0.004342931329376576,0.01611580762940732,0.013982077017248061,0.00955130040193719,0.04098378296508032,0.008835011059735939,0.0016326137305311661,-0.035066486153453535,0.17929272068576219,4,5
2025-05-19,QQQ,0,0.0009589263411915461,0.0009584668650406414,0.005840136111358623,0.01345687618735866,0.005009642593162944,0.034531387642706024,0.016120953679082117,0.015109714683427597,0.08557979609295252,0.2088503264177981,0,5
2025-05-20,QQQ,0,-0.003333288687402569,-0.0033388564702674373,0.003593292684752009,0.012754356331239752,-0.0001421693271337343,0.023202935828506188,0.008219954515311722,0.0015401252685349634,-0.19069898470007351,-0.04310264698779753,1,5
2025-05-21,QQQ,1,-0.013896723145220391,-0.013994186604268322,0.007104328910994528,0.014492684458320002,-0.011894885678967793,0.0031166424873911858,0.022778796600086446,-0.006256496371489831,0.6767832615199352,0.4926859377296571,2,5
2025-05-22,QQQ,0,0.0018712740162123431,0.0018695253641221043,0.007200762332287605,0.014464247571932445,-0.008039864705453481,-3.302077740696685e-05,0.010532325784639734,0.0006619687599700801,-0.2200166075676646,0.12646406173844382,3,5
2025-05-23,QQQ,1,-0.009260799373807527,-0.009303947171663829,0.006753673772698541,0.015095958894323452,-0.012549716074047423,-0.013376159452310965,0.012367161595094229,0.0060452755993335786,0.04965004531787254,0.1133755337442739,4,5
2025-05-27,QQQ,0,0.023525155431094902,0.02325270366875909,0.014548945003885686,0.010881718032682272,0.010989992740431997,0.007225251870430993,0.01379442948834532,0.009822621426431088,-0.1908885161586552,-0.10281009810019448,1,5
2025-05-28,QQQ,1,-0.004431824747123891,-0.004441674394465522,0.014615875072972144,0.010104057910618093,0.007040790958766641,0.002118475752772575,0.010130564367731854,-0.006262245924999156,-0.01247398165852498,-0.10269557658541317,2,5
2025-05-29,QQQ,0,0.001965755991673257,0.001963826421659043,0.012538250430435547,0.009948143815259835,0.006329185147593064,0.003846071936239648,0.01740347851558627,-0.012159717679506821,0.2546486495758751,0.10143387270619719,3,5
2025-05-30,QQQ,1,-0.0015771160810517104,-0.0015783610377511081,0.012691467972769042,0.009959802505599987,0.0027585391158606587,0.002289973878748519,0.01684506383581233,-0.0006353324508945121,0.1563661594885266,0.23302137324760497,4,5
2025-06-02,QQQ,1,0.00789815467131949,0.007867127512170669,0.011089094819855386,0.010191697098469942,0.005252968714229533,0.00987472404244305,0.01446145241112708,0.011542092357507146,-0.33844298491933533,-0.17885150230873947,0,6
2025-06-03,QQQ,1,0.007817038605177906,0.007786643854106323,0.005527936909539282,0.010462725482393884,0.010749605547859531,0.01673083082312532,0.01155548136064706,0.00714338423832016,-0.015470435272145644,-0.1788016361991166,1,6
2025-06-04,QQQ,0,0.002787849308422796,0.0027839704639562868,0.004069133869229166,0.010355796312637536,0.009750535645968172,0.017897037115111702,0.0073295128515870455,0.0014393851471913494,-0.061515351608679714,-0.22765093788031043,2,6
2025-06-05,QQQ,1,-0.0075269937167377066,-0.007555464490138775,0.006571415098190668,0.009448037467003626,0.00029346882465386415,0.007955432155448916,0.019597145859842475,-0.01016638636481636,0.4756342588003182,0.16197118071123873,3,6
2025-06-06,QQQ,1,0.009775333856663515,0.009727864383261675,0.00702402756536137,0.009733846023045273,0.005926317791922653,0.014705848330589077,0.006773520415683962,-0.00015097564121462263,-0.30417556921705624,-0.1707256204521671,4,6
2025-06-09,QQQ,1,0.0014719249811292467,0.0014708427613880914,0.006749361895749076,0.008763122665719795,0.0045504555493913745,0.012040718798749017,0.006300157935686857,0.0010563201100092633,-0.20670873854993288,-0.30883476204964555,0,6
2025-06-10,QQQ,0,0.006614042775864082,0.006592265964048494,0.006547114120629722,0.005714518082935725,0.008556233224136456,0.01621701964845723,0.011314663778057564,0.005723288514618873,0.20707536948591065,-0.15432724961703825,1,6
2025-06-11,QQQ,1,-0.003369674832291225,-0.003375364972740158,0.0070671493040415515,0.005580076161747112,0.0037781483883834177,0.010198436899953478,0.012452940528953127,-0.005993095855120072,0.32057701009226647,0.10060804900463438,2,6
2025-06-12,QQQ,0,0.0023478902451739003,0.002345138257607182,0.005040404431729464,0.005576666888771928,0.0027810008984889834,0.009939247073473156,0.007155072776395557,0.0048390031051400014,-0.3649112679465931,-0.2642080218712407,3,6
2025-06-13,QQQ,1,-0.012554693992334776,-0.012634170062090888,0.0073207004701162925,0.007307394824904153,-0.008705910085754831,-0.004219558723113526,0.011635867824554922,-0.0013644078098814078,0.6365507595682731,0.2357493749784132,4,6
2025-06-16,QQQ,0,0.013909831841346865,0.013813977981700809,0.01002575882008853,0.008094731026373909,0.0037271250591437433,0.007522090912397417,0.0092742373424246,0.00714416216275919,-0.3259427674578603,-0.1536536747084576,0,6
2025-06-17,QQQ,0,-0.009751322340147528,-0.009799177840909223,0.010551299910960514,0.00861255067242906,-0.004141015668253756,-0.002637342985589819,0.01019360877420368,-0.004946314295628889,0.12117345921679012,-0.04704854549229465,1,6
2025-06-18,QQQ,0,-0.00017016957490878504,-0.0001701840553938183,0.010535650647996062,0.008570994625273658,-0.003026906140595864,-0.002848393185405751,0.009715079449331837,-0.002093917001855349,0.04273498194680525,-0.01218056477304752,2,6
2025-06-20,QQQ,1,-0.004083025814642927,-0.004091384123763753,0.01037895401390773,0.008296404556683231,-0.004534799627782027,-0.007301530748416329,0.016307805426906657,-0.01020176713665242,0.4015142041902078,0.3825417587336959,4,6
2025-06-23,QQQ,1,0.010282416632169111,0.010229912194552604,0.009877270460241916,0.00836124149694961,0.0036955827253697393,0.0024662295912225574,0.016172735019414904,0.009187424076799955,-0.17807879176231067,0.1158215948689838,0,6
2025-06-24,QQQ,1,0.015291997423467318,0.015176253311771859,0.010302780227528015,0.009596233243846652,0.01670645201066412,0.015942489630825563,0.00825121077858389,0.005382880235405232,-0.10310839002804639,-0.02447967383333416,1,6
2025-06-25,QQQ,1,0.0025564521959329234,0.0025531900305484356,0.007886383029551887,0.009457271348912302,0.014462302240714875,0.017094548705171686,0.007250106433755866,-0.001660377851374676,-0.014035473790766306,-0.04664328608276491,2,6
2025-06-26,QQQ,1,0.009350246401112816,0.009306803438873246,0.007535258646908566,0.009592053067344418,0.017150775431216347,0.023832300656532857,0.009478169891058952,0.0052820378138281054,-0.022158636913503615,-0.04772938207632271,3,6
2025-06-27,QQQ,1,0.0034236711768294015,0.00341782375729327,0.0052587329483365225,0.009593473937172373,0.012394281879696933,0.024451716458271378,0.009958725486565932,0.0015166777674824464,0.3142036091063056,0.1907283951944927,4,6
2025-06-30,QQQ,0,0.006476923410523083,0.006456038274533782,0.005152871269069239,0.007950355838808893,0.01148189383727316,0.026239582403188688,0.006875118746515108,0.0006893387441147123,-0.2089094449008373,-0.037594064395351956,0,6
2025-07-01,QQQ,1,-0.008429327436220935,-0.008465055132035104,0.006761918816053346,0.00821793578751965,0.00031093593059505764,0.015077627080784417,0.011005491865235684,-0.004984247415501396,0.23311312946362905,0.1420078845261954,1,7
2025-07-02,QQQ,1,0.0069653802948459465,0.00694123409366032,0.007024858256357774,0.007070159826163707,0.003739444707900663,0.017932927454106462,0.008935119969916023,0.00849570616045421,-0.3494668549158131,-0.24846379387121886,2,7
2025-07-03,QQQ,0,0.00984025887445128,0.009792158814384777,0.0071285303299269175,0.007096550650270236,0.00993560319397635,0.022690912198916946,0.007267109411901911,0.005495459104800779,-0.2762799582903419,-0.43574139294108605,3,7
2025-07-07,QQQ,1,-0.00753299090963655,-0.007561507184480121,0.00872324584338507,0.007657888387863465,0.0008957078002109764,0.010196595513034312,0.008599525938837818,-0.0026918452482293277,0.7149507440391778,0.002532788412797027,0,7
2025-07-08,QQQ,1,0.0005616468760403226,0.0005614892114653713,0.00826237542728755,0.007503215524449316,0.0012036794297212161,0.006951447198117355,0.005258654367722861,-0.0018793198492308785,-0.2027815203321771,-0.1742701865659284,1,7
2025-07-09,QQQ,0,0.007078811911321425,0.007053874736834054,0.0069876240007803675,0.006493171313901334,0.004917473750401191,0.0110437339346523,0.008169869889703455,0.003192215397485855,0.19063819900258072,-0.011443649842227788,2,7
2025-07-10,QQQ,0,-0.0014381240993828204,-0.0014391591923592628,0.006920751503876702,0.006646540894762426,0.0017891344884024551,0.006974243987666995,0.008170352624909498,-0.0025857932509623428,-0.1936230267972262,-0.18393481804287204,3,7
2025-07-11,QQQ,1,-0.0022502913367919986,-0.0022528270471138256,0.0052853181615746744,0.00634891686785255,0.0002636211600506311,0.0032568279491664853,0.006759425839305119,0.0016266481726351799,0.1413878637546131,-0.059280036490396926,4,7
2025-07-14,QQQ,1,0.003626737330323815,0.003620176576460743,0.0038478135887269286,0.006356181889751325,0.0023788417817833807,0.0054174659285806115,0.009603074817232762,0.004007349911398268,-0.07989429207493448,-0.08873151661095813,0,7
2025-07-15,QQQ,1,0.000916927775388876,0.0009165076539110473,0.0038290241470965787,0.006109882715488342,0.001716559389145278,0.005416102466277106,0.0073895843791834,-0.006300810882418563,0.18720938845042845,0.08804343153145466,1,7
2025-07-16,QQQ,1,0.0010238175122312398,0.0010232937685303867,0.0023166795115926943,0.005157279730955404,0.0023669753193138465,0.004576807906154778,0.015521863263207746,1.7852300361996462e-05,0.2088142392040242,0.3281041550363273,2,7
2025-07-17,QQQ,0,0.008092791568432123,0.008060220539776175,0.003858812228256037,0.005291399240424039,0.008175955995961548,0.01070253716812819,0.00913941329599895,0.006773893640758646,-0.22729557848941118,0.01620802502623242,3,7
2025-07-18,QQQ,1,-0.0009612364892568337,-0.000961698773317643,0.0035073608945537797,0.004563727351470821,0.004661175443919863,0.008816299957929097,0.008435147111072669,-0.003303000013656822,0.2488855575180957,0.1967969223752215,4,7
2025-07-21,QQQ,0,0.00518475626428172,0.005171361693961707,0.0036923967340213954,0.0036242668099280948,0.00700045700747598,0.011838872755562058,0.007116297761725858,0.003700396654115201,-0.21569901376060474,-0.0483700520359539,0,7
2025-07-22,QQQ,1,-0.005175821567338423,-0.005189262530531202,0.0051914616673419,0.004300595591294374,0.00017100558774729713,0.004995798851453959,0.01017187729672767,-0.005404904942311879,0.09282438275346516,0.022474273089237773,1,7
2025-07-23,QQQ,1,0.0045612613042338435,0.004550890276577846,0.005326982879442298,0.0040086505643894,0.0024036892176926283,0.008215001698016033,0.007593196806513658,0.0026140246699934955,-0.07060914339066249,-0.04332379875765047,2,7
2025-07-24,QQQ,1,0.0021284781994783675,0.002126216198933051,0.0042821340426802456,0.0038891043231086306,0.0033919950257730314,0.008636659968872085,0.005220059422686247,-0.00021233188142679249,0.051229258516037435,-0.01209171419397681,3,7
2025-07-25,QQQ,1,0.0024070577535559856,0.0024041654304367555,0.0041296914743309075,0.003631879113986083,0.003985021299723668,0.008872690365332003,0.006071535801339115,0.0025489927248962354,-0.2754479544890066,-0.26885274701772277,4,7
2025-07-28,QQQ,0,0.003125014196743381,0.003120141488760275,0.003799838782443749,0.003613096886716043,0.005706977823078496,0.009879362461484797,0.0038221420852535604,0.0007045908707212285,0.028334225681340364,-0.23913794394509968,0,7
2025-07-29,QQQ,1,-0.001548851414103325,-0.0015500521244291576,0.0022644916863516456,0.003785148187719737,0.002017235474940371,0.006429664325520168,0.009776361271314076,-0.006132174539413208,0.44333893144796455,0.09241454146668948,1,7
2025-07-30,QQQ,0,0.0013399059679111147,0.0013390090949707556,0.0018151491934936042,0.0037784833405377157,0.0018697077478961877,0.00586330107613886,0.009803244387376987,-0.0002815536389760471,-0.04464040225852506,0.06640523241696306,2,7
2025-07-31,QQQ,0,-0.00529917346957709,-0.005313263889738629,0.0034581445232850032,0.003718514230306939,-0.0034393736273744535,-3.535647660657393e-05,0.018728043612507163,-0.01658712818286284,0.4876340545842177,0.4974825108376604,3,7
2025-08-01,QQQ,1,-0.019698840210181645,-0.019895448618330924,0.00911815618904505,0.007438993471210628,-0.018747087834071863,-0.01845147060455188,0.013134632412361423,-0.00885781374595601,0.07408966533361405,0.5408785481983029,4,8
2025-08-04,QQQ,0,0.018451647668815463,0.01828348149673964,0.013708175379224133,0.009594321120554302,0.0007912186919858399,-0.000327878174839924,0.00960557237177895,0.009033159651617587,-0.31312319166349667,0.03975333727977404,0,8
2025-08-05,QQQ,1,-0.006789513883707743,-0.006812667493779401,0.01392570478890327,0.00970452793848446,-0.003532193426939889,-0.006942710490595916,0.012080186973395154,-0.009055687197396191,0.02091051357463214,0.04914714998786285,1,8
2025-08-06,QQQ,1,0.012583230778398846,0.012504719857981073,0.015499280194916304,0.010439352846559558,0.009257906845451025,0.0049279486676165885,0.012706964889147727,0.011067388096409248,-0.14060772685989986,-0.10148651940827957,2,8
2025-08-07,QQQ,1,0.0033843434297078367,0.00337862942794942,0.015262837634362796,0.0104663685460274,0.011151769583011006,0.007574008890122164,0.01436147116009507,-0.004250691392630191,0.06310536848724535,-0.04925351336568273,3,8
2025-08-08,QQQ,0,0.009328206014554974,0.009284966987870291,0.00962016402709237,0.01080804128165584,0.013144165617614556,0.015502536838997827,0.00809886058081244,0.007187265313703791,-0.20708229314261295,-0.25351818633005907,4,8
2025-08-11,QQQ,1,-0.002958969475517881,-0.002963355880658547,0.008113510582737389,0.010876647454294825,0.0070386991356907735,0.011655514063667827,0.009100524537632328,-0.0032017728647652155,-0.060773496333905386,-0.3012726233005488,0,8
2025-08-12,QQQ,1,0.012568801217258008,0.012490469509450541,0.00670553539616218,0.011428685698607163,0.012653553138332718,0.02206226053868332,0.013665737740041541,0.008502007922600507,0.27271546738582253,-0.10444491194964545,1,8
2025-08-13,QQQ,0,0.0005000854950809597,0.0004999604940021385,0.006349735441668481,0.011439531436813751,0.008574900371310257,0.020358372227669452,0.007515966794931682,-0.004152623497843514,-0.022162478970560007,-0.12013340208408729,2,8
2025-08-14,QQQ,0,-0.0007754576213360176,-0.0007757584441243637,0.0067995973076923144,0.011196587244442651,0.0040759728688812835,0.01690668313753174,0.00686524095101187,0.0027840929480481376,0.1022997236060792,0.011309974243599141,3,8
2025-08-15,QQQ,0,-0.004397317914971555,-0.004407014553970967,0.006746165867216779,0.008529466735838716,-0.0013041976683400014,0.008286922343541336,0.0073646423269238,-0.004242775076391321,0.08927242707760041,0.15271475107821963,4,8
2025-08-18,QQQ,0,-0.00039855070157024386,-0.00039863014400953745,0.006462947256423105,0.006967183317806103,-0.0031713710479999158,0.005600235544096943,0.004389059201581298,0.0011622769192260424,-0.39711238030565765,-0.2749091236125476,0,8
2025-08-19,QQQ,0,-0.013567484997967227,-0.013660364372327649,0.005808246233892474,0.008175161072686869,-0.01302374855502264,-0.009598135483222747,0.014417317003075318,-0.012335372180066572,0.8019040595353826,0.2905894767423016,1,8
2025-08-20,QQQ,0,-0.005937425982603939,-0.005955122579177186,0.0053306360758195144,0.00748604530022804,-0.0139466472133285,-0.015235285017239586,0.016909163800234956,-0.004275671885543057,0.42841648590021686,0.7007517268097585,2,8
2025-08-21,QQQ,1,-0.004629655189958615,-0.004640405235717182,0.00481831453311533,0.007485638358280191,-0.012797396663315364,-0.018776740384096047,0.009763462397432057,-0.0018958914420996052,-0.3952040280746173,0.02412997173971254,3,8
2025-08-22,QQQ,0,0.01542735935581585,0.015309567580036543,0.010751077608930616,0.008590084700697146,0.004322988622936341,-0.003191052557079521,0.01898448833401268,0.012927883567223795,0.10907704864019774,0.09654901352937273,4,8
2025-08-25,QQQ,1,-0.002884703541631506,-0.0028888723179463227,0.010726297563949312,0.008587674477210774,0.0038194189404139323,-0.005628125444972043,0.00724054120975013,-0.00014028240957027785,-0.33896481891029684,-0.2765777416447127,0,8
2025-08-26,QQQ,1,0.004015229514192642,0.004007189993329163,0.008831135075095978,0.007509697866426959,0.006669959144014914,-0.0003387449568332812,0.007230217773062506,0.004878592173708601,0.0017124545083375686,-0.26274288701350446,1,8
2025-08-27,QQQ,1,0.0015368674330140664,0.0015356876608754177,0.007905392106517329,0.0075438501079509125,0.00553359812860954,0.0023963475779380516,0.007067964515702251,0.0033239967277922285,0.08281089640207617,-0.19423056067671618,2,8
2025-08-28,QQQ,0,0.006259921164795568,0.006240409244684386,0.006807450795895524,0.00790330764914073,0.006955247680563215,0.009166931656118704,0.009649680668681078,0.005173280057936144,0.2670342377278476,0.017910281507575565,3,8
2025-08-29,QQQ,0,-0.011575387044938212,-0.011642903361598123,0.007045908116503911,0.00859646008132099,-0.004155059088138957,-0.0013025198934241144,0.0112937242418639,-0.007412990167312978,0.19754038971614452,0.20186153143908325,4,8
2025-09-02,QQQ,1,-0.008380319673946368,-0.008415631976851579,0.007883940207793209,0.00888212258068711,-0.010877267470452034,-0.007675610773047015,0.011455332532376709,0.007678462128485142,0.17573317342014327,0.3116529740806535,1,9
2025-09-03,QQQ,1,0.007867573488270274,0.007836785510990651,0.008717561333532384,0.008343404232253928,-0.002208882275459456,-7.017325691194287e-06,0.008731148935951201,0.001475724899059259,-0.17679365117917079,0.07873524875268578,2,9
2025-09-04,QQQ,1,0.009051446492677417,0.009010727675887509,0.009812689542578799,0.00846972371144913,0.0062097003708176945,0.007395634416001551,0.01151127729172183,0.007866962734696724,-0.12361931174880414,0.0037966871496839527,3,9
2025-09-05,QQQ,1,0.001442963791609131,0.0014419237197609291,0.009349076066900249,0.008180725100966851,0.008021332991210661,0.006596364732999183,0.016520467159891104,-0.007631471257570908,0.4379932795105026,0.3796225455264841,4,9
2025-09-08,QQQ,1,0.004877993791721602,0.004866134929340404,0.006995931593667265,0.0068718716717014825,0.009944745854036707,0.01028843117147038,0.005308033525488671,0.0008644985117160021,-0.3214851666239895,-0.0541087707395741,0,9
2025-09-09,QQQ,1,0.002833068052898069,0.002829062479194455,0.0032314817491506135,0.00672866537927795,0.007570969344499412,0.011352024615031375,0.006728008227169095,0.0014491467218148964,-0.05097538569031779,-0.12020554846510378,1,9
2025-09-10,QQQ,1,0.0003272515827008604,0.0003271980475805236,0.003436809934457459,0.006694309043234851,0.004195207173750992,0.010259111618070804,0.008942391862146324,-0.005207760438210137,0.12044283260164157,-0.04332139069576313,2,9
2025-09-11,QQQ,1,0.005820661713889175,0.005803787111732461,0.0022945899357774318,0.006837848803891337,0.006958135621500272,0.014270822218550805,0.005589482580429653,0.0014402765062992084,-0.09252453962845786,-0.1448107885890424,3,9
2025-09-12,QQQ,1,0.0044171671037789295,0.004407440054649214,0.0021515218196213833,0.0067298525000522216,0.007722914578924378,0.01705905423400722,0.006426927914060026,0.0027690331909450885,0.13409303219520052,-0.0374174222364867,4,9
2025-09-15,QQQ,0,0.008556872664215343,0.008520470143072778,0.0030959778559746264,0.005154792472645629,0.011892724570535362,0.02199159383089344,0.005947930095640484,0.005506067264177236,-0.1258347965057276,-0.1394951221575016,0,9
2025-09-16,QQQ,0,-0.0008450830805090126,-0.0008454403645190567,0.0038930708165345845,0.0034716620124925113,0.007361165042584439,0.016639557500533586,0.003999249381161733,-0.0024130418169260428,-0.1672261008153687,-0.24078070599270296,1,9
2025-09-17,QQQ,1,-0.0019958425128963064,-0.001997836860608615,0.004483427749253868,0.0037758920185382975,0.002174298243857953,0.011144978796066685,0.012485205866396712,-0.0018608960097606692,0.8782040003140048,0.3828981730783221,2,9
2025-09-18,QQQ,1,0.009016904099347967,0.008976494550609004,0.0051329549803683944,0.0037702085217463845,0.007364231804693366,0.01676161920232655,0.008707187489900743,0.0006892373606046165,-0.11984613344709505,0.18517257781580687,3,9
2025-09-19,QQQ,1,0.0067693390576313295,0.006746529959148262,0.005305122440538881,0.003831654988476424,0.009846502520719058,0.01958875567691698,0.007031309471928866,0.0033816457206267106,-0.04704818951584511,0.1520984741986886,4,9
2025-09-22,QQQ,0,0.005920014489817493,0.005902560057156947,0.004891126772686281,0.0038728028583388777,0.011999153820654751,0.021449501249179992,0.008615827112459324,0.007461474964904836,-0.01789295158953952,0.10783429896453822,0,9
2025-09-23,QQQ,0,-0.0066422865178928925,-0.0066644446780568245,0.006635571618007262,0.005158168742500873,0.0026807018859582588,0.011514286698723675,0.00928005528293494,-0.006922627195839999,0.13088489505693301,0.20466669375367408,1,9
2025-09-24,QQQ,0,-0.0035105464204016057,-0.003516722847813014,0.006926807782633741,0.005520300623980742,-0.0031061179358791158,0.005231362592939881,0.010907700183610375,-0.005804131900187703,-0.22874736019679587,-0.07183575632083494,2,9
2025-09-25,QQQ,1,-0.0043112810845634675,-0.0043206014549967975,0.0062304016490409755,0.005816119006943845,-0.007038465512024694,-0.0008087454901769542,0.011178647383872682,0.0022458916960960483,0.42266345438242103,0.2591039331263594,3,9
2025-09-26,QQQ,1,0.004110868708396165,0.004102442173319787,0.0055463086132599825,0.005801226497592018,-0.002059668541075421,0.0016144155233832613,0.008816337931551486,0.002725658591287792,-0.23382336767239797,-0.041416189233569045,4,9
2025-09-29,QQQ,1,0.004631128390526484,0.00462043770934617,0.00516790862522396,0.005405510227556108,0.003728347349642114,0.004946587570646921,0.0077448461248975885,-0.0006342823389757226,-0.11050399908718489,-0.15327752856662846,0,9
2025-09-30,QQQ,1,0.0027391934617468916,0.0027354487081812096,0.004303564385869521,0.005365097031544976,0.0057459988538017814,0.006031915301909496,0.007703568409239794,0.0032418202047859402,-0.0372230923449659,-0.198266895537349,1,9
2025-10-01,QQQ,1,0.004796954247462626,0.004785485524438471,0.0038342705204103327,0.005278323377602844,0.008155439923859475,0.008503201462204402,0.012475428077562698,0.01018138430236284,0.00786095268385556,-0.15939977405763694,2,10
2025-10-02,QQQ,0,0.004111072081054212,0.004102644713341874,0.0008089226114245182,0.004795984793559244,0.008188927491265652,0.010773679458402352,0.006967977606433737,-0.0021909153875937543,-0.0668278620713183,-0.19046808699544604,3,10
2025-10-03,QQQ,1,-0.0042097062459061085,-0.004218592005638122,0.0037899016393771346,0.00480428923099991,0.0015409375665564884,0.005759343225014257,0.00979374181095817,-0.0054904569359549,0.06207414989923543,-0.12117516713555376,4,10
2025-10-06,QQQ,0,0.00751012746217139,0.00748206685981323,0.004383266800333097,0.005015588133196045,0.006062417450828361,0.012382596063178486,0.005571558189539511,-0.001216189036944601,-0.09724173391477575,-0.1831706537013501,0,10
2025-10-07,QQQ,1,-0.005265629590874843,-0.005279541877825977,0.0057472087930321375,0.004799101871334566,-0.0006050537618744745,0.005994281720080208,0.010968428724104506,-0.0074053555236103085,0.38719225205602203,0.14745256836626863,1,10
2025-10-08,QQQ,0,0.011463807753162802,0.011398596217510715,0.007299412075170471,0.005499515837206195,0.00812182132707373,0.014935875613030003,0.01071999227344348,0.009960241100018077,-0.1302141403035587,-0.003493200187059786,2,10
2025-10-09,QQQ,0,-0.0012102266705616982,-0.0012109595862472844,0.007432943705717617,0.0051451711415696245,0.005254265948483328,0.010826654600251118,0.006754112995893193,-0.0012755417783601678,-0.1003124642009251,-0.056336020696758804,3,10
2025-10-10,QQQ,1,-0.03471426066481298,-0.035331118534957184,0.01818914892060693,0.012902966432444398,-0.02525247302727407,-0.023217406465429802,0.039466803924218974,-0.03581946931560965,1.1429782002590505,0.8558617136360438,4,10
2025-10-13,QQQ,0,0.021221340338120287,0.020999303481887388,0.021222444911331885,0.014656903092124899,-0.00268708486498348,-0.0030306111844869976,0.00953847353278935,0.003885434095353387,-0.32517814921507804,0.21196120037378519,0,10
2025-10-14,QQQ,1,-0.006660950871777316,-0.006683234011422456,0.021290102358179706,0.014808272831521361,-0.007188708593746429,-0.00928253330981954,0.021098247316697422,0.0045186582661775054,0.050561234868518934,0.22226086256188515,1,10
2025-10-15,QQQ,0,0.007056798922467911,0.007032016239585381,0.020676778912370214,0.014911509853512785,0.0028876437616036643,-0.0021209652008886692,0.01783086266306929,-0.0029635917179494952,-0.09244803708499028,0.07895433055715895,2,10
2025-10-16,QQQ,1,-0.0037029295951590546,-0.0037098024105661764,0.020657054072469906,0.014872767037791234,0.00275094166440204,-0.0048695628451771444,0.02116970115961857,-0.008461263639886618,0.13018764280198392,0.16495211160904932,3,10
2025-10-17,QQQ,1,0.006566703626556647,0.006545236754773143,0.010971346125208406,0.014992311451840571,0.004490748866809557,0.0015405862524535685,0.015285583178937885,0.010000803322468235,0.0146924572426812,0.13450874010050162,4,10
2025-10-20,QQQ,0,0.012600799301938137,0.012522069909412181,0.008054028672131295,0.015349286655580175,0.01393379968984565,0.013517056794050797,0.0094376590745183,0.0072470324352678925,-0.3646405618057088,-0.2834675998778683,0,10
2025-10-21,QQQ,0,-0.0002615575361040179,-0.00026159174824247344,0.006449425948470494,0.015212865345744621,0.009191011332648769,0.012099605743229214,0.005558765446143192,-0.00042510260839368093,-0.026736331910746314,-0.2873702146151972,1,10
2025-10-22,QQQ,1,-0.009634020903854679,-0.009680728312092768,0.00869329421809654,0.015099363150274941,-0.0016093541754035323,0.0033372901949901834,0.019105436577426825,-0.008726002792856482,0.38036112820006207,-0.033097857345179005,2,10
2025-10-23,QQQ,1,0.008406478919983362,0.0083713412613875,0.008702703733676731,0.015379205961222891,0.003279779237383318,0.011791942461470306,0.011323958754273727,0.009373368264764507,-0.30310448479801166,-0.3232895189899009,3,10
2025-10-24,QQQ,1,0.010678283621570861,0.010621673394476616,0.00923846399243261,0.009566159961965845,0.009623359961716815,0.017940504415539626,0.005340960209583865,0.0018019535530766776,0.11175815686100599,-0.183177319758406,4,10
2025-10-27,QQQ,1,0.017809206690438284,0.017652480809063675,0.01059436904594018,0.008949472793819097,0.022069006555357706,0.03163109354689131,0.0072374917612510236,0.00571640173664619,0.1357497506954286,-0.053176953555640116,0,10
2025-10-28,QQQ,1,0.007689944792912851,0.00766052788082483,0.010118214710819272,0.008110331305600762,0.022758865067857403,0.03363579230609792,0.008614113842827207,0.004061167615463402,0.13118823777325117,0.08625853846779208,1,10
2025-10-29,QQQ,0,0.004502978524613344,0.004492870449753994,0.004984223468985706,0.008103799749677147,0.01740784044151189,0.032632305606666856,0.010635802136590487,0.00028318989942581306,0.10175714960364868,0.1870639697383445,2,10
2025-10-30,QQQ,1,-0.015288617310262875,-0.01540669324432642,0.012403616466099847,0.010134082526452952,-0.003082898987142091,0.012558908388073053,0.011958805009677553,-0.009680932791231993,-0.0859382879382049,0.10321733982712233,3,10
2025-10-31,QQQ,1,0.004824015081852373,0.004812416806311504,0.012013012235448683,0.010105851304334662,-0.0020780505529348625,0.013323235512152642,0.011842266218849014,-0.00804196938261586,0.07588197687437326,0.1992104267938346,4,10
2025-11-03,QQQ,0,0.0047847085426828695,0.004773298207042309,0.009365288731831255,0.009671045882973106,0.0014290190747026088,0.01481403906017742,0.009399996655660457,-0.00477077723796379,-0.4396464223717331,-0.3173916022979286,0,11
2025-11-04,QQQ,1,-0.020298077920951396,-0.02050691472773014,0.012449498924768154,0.012237691993507794,-0.014629841024558443,-0.007039371659303906,0.01362147002199412,-0.006465840565149014,0.7179922646907626,0.13257208456834424,1,11
2025-11-05,QQQ,0,0.006508019386607167,0.006486933663192751,0.012830207055413378,0.011680139283656256,-0.004259074780186722,-0.003420028372751238,0.015182062380222119,0.007744731746887008,-0.23722560268710402,-0.11604223084481302,2,11
2025-11-06,QQQ,0,-0.018627335191010785,-0.018803008975921465,0.013633244028242935,0.013296568784625063,-0.018296503721655366,-0.02215407847829942,0.01888095763720837,-0.016275584159933926,0.48115263357877125,0.24320946365278795,3,11
2025-11-07,QQQ,1,-0.003155329947613583,-0.0031603184975965704,0.012694615666926671,0.012802469147773094,-0.015284154968076336,-0.024091248873297277,0.018543225234085494,0.002350763067384093,0.1347886919660377,0.3322276394493735,4,11
2025-11-10,QQQ,0,0.022124205973549582,0.02188301666081216,0.017780663453002585,0.013561747022103178,0.009387234213773077,-0.001723520880954843,0.01198859806604976,0.006963739542433547,-0.3166783567991358,-0.09235116204255112,0,11
2025-11-11,QQQ,0,-0.0026635198225943846,-0.0026670733027627236,0.014936183253211933,0.013242051026671281,0.005942731356932018,-0.002569104375114928,0.008379314356967092,0.001611421738397916,-0.19762374396234617,-0.25189902184056434,1,11
2025-11-12,QQQ,0,-0.0007883526216219128,-0.0007886635349665383,0.014596191442582165,0.01306996467523096,0.005865980716960317,-0.0010004873992721652,0.0112828683982492,-0.006017555860733494,0.05740291694897115,-0.18169809150160865,2,11
2025-11-13,QQQ,1,-0.020415998883927977,-0.02062728609540354,0.015158870457376222,0.013722254553371761,-0.013625035086793802,-0.018609920584068074,0.01949667787631174,-0.014800586097239759,0.5035199096205243,0.21007796661520461,3,11
2025-11-14,QQQ,0,0.0007560348771753489,0.000755749226772906,0.015119406767739587,0.01353105565522564,-0.012597558558157251,-0.014655716042184297,0.026986895180070258,0.015528309145439588,0.12271496181322683,0.32753534398149053,4,11
2025-11-17,QQQ,0,-0.008540549015193744,-0.008577228495181721,0.008626510204112613,0.013314206133505826,-0.01477688859047288,-0.018557121782166175,0.020798260935918723,-0.004354304307423105,-0.20274000996412667,0.013539919571309511,0,11
2025-11-18,QQQ,1,-0.012175830190974346,-0.012250562852395674,0.00866446017808312,0.012464699885393619,-0.018681526430754714,-0.026877611174940808,0.018294871405982835,-0.005520158743116724,0.30503959254757995,0.2830032209305209,1,11
2025-11-19,QQQ,0,0.005970087684219916,0.005952337323178902,0.010457775582556263,0.012416829906987212,-0.005883172784832635,-0.01731382017798666,0.019377872187741344,0.004689546884990843,-0.12259847612967179,0.08491146303934882,2,11
2025-11-20,QQQ,1,-0.02367181454499534,-0.023956493501140486,0.011555018786280298,0.013168063912953535,-0.022048076664098692,-0.036471888849828105,0.04787291051736282,-0.04242832545404141,0.6104607346313506,0.6364090705799323,3,11
2025-11-21,QQQ,1,0.00751285026821602,0.0074847693660125,0.01306335065255051,0.013688993127513916,-0.00847896763036271,-0.026081395575491828,0.02764394955360501,0.004425820468715779,-0.12229156333444313,0.3946009786910285,4,11
2025-11-24,QQQ,1,0.02557318657013896,0.025251662702624245,0.01905662295400814,0.014421489441758494,0.01636504139664985,0.0018126954199237932,0.019352269460235487,0.016597136408769014,-0.4177892905455749,-0.1926766198099289,0,11
2025-11-25,QQQ,1,0.006163778463540881,0.006144860080415704,0.01768866645035761,0.014701233867487343,0.018326595945327595,0.01010797133200314,0.021441239137742787,0.008914524690156907,-0.04333193170467409,-0.240592217986205,1,11
2025-11-26,QQQ,1,0.008835685553265638,0.008796879302698457,0.017801976594257526,0.015096284748916156,0.02239970293289595,0.02018550407174624,0.009469213074881987,0.0028734383725393517,-0.26350004951277695,-0.4369442388375606,2,11
2025-11-28,QQQ,0,0.00810711302939704,0.008074426929661094,0.00807303544652132,0.013644859157810938,0.019294525650224825,0.026606352115492893,0.006330078243801035,0.0050965164063129995,-0.4566538345410628,-0.6730951352706115,4,11
2025-12-01,QQQ,1,-0.003358901246406143,-0.0033645550190568585,0.01044342809567945,0.013743311066967301,0.006887979251885223,0.021750474279979226,0.011277126045161023,0.005768912861455975,0.7781057896016392,-0.3845508400411606,0,12
2025-12-02,QQQ,1,0.00782600884554241,0.007795544478029548,0.00505603107349762,0.013392533721320963,0.009222472375970403,0.026629595390408767,0.009944101194641999,0.004100309846074082,0.33166494130515467,-0.16880148909769932,1,12
2025-12-03,QQQ,0,0.0024437976227449365,0.0024408164053415504,0.0052080601638989634,0.012295359703163752,0.006908465222205784,0.024537172187323764,0.009989899381925705,0.006294219755327451,-0.12284523063045227,-0.22922766329266342,2,12
2025-12-04,QQQ,1,-0.0009301496659684938,-0.0009305825236047838,0.005133167410860244,0.01239937885760764,0.0031628322035579526,0.01971869359397882,0.008641006956540933,-0.0031843410585150503,-0.016174208220460895,-0.20848319659256853,3,12
2025-12-05,QQQ,0,0.0040773927632637985,0.004069102724247209,0.004351948399264645,0.007812328690125336,0.005236088039965114,0.017247406642286967,0.00834421489598764,0.0017617085386069501,0.13908446963741672,0.010589149373393392,4,12
2025-12-08,QQQ,1,-0.0019185487002324475,-0.001920391472132188,0.003935307996317505,0.008250269836912207,0.0010198017925104885,0.009678193403897861,0.011399729219209146,-0.004671469799806524,-0.1893490903529289,-0.07653029136346412,0,12
2025-12-09,QQQ,1,0.001233364091471456,0.0012326041227952445,0.0024418736775436486,0.004440818669995452,0.0012750553502902662,0.007681882252926764,0.007816881014511438,0.003274390451786136,-0.1451001325283463,-0.16994001523131919,1,12
2025-12-10,QQQ,0,0.00409573948915698,0.004087374780175956,0.002777879827498886,0.0043368814174915265,0.004060333616012324,0.008764676308836261,0.01317629568000025,0.006027105734986192,0.4810905371945311,0.23638061311055836,2,12
2025-12-11,QQQ,0,-0.0032344057942019777,-0.0032396477908376298,0.003370648564994269,0.004223138852418494,-3.1886538696679345e-05,0.0036773633606590472,0.012920487478948292,0.002821342286173691,0.058900918384776624,0.2641069026855829,3,12
2025-12-12,QQQ,0,-0.019118350173092713,-0.019303469072931456,0.009030343235995898,0.00734883393536785,-0.015416516036448114,-0.0146212267162521,0.019579462996996023,-0.013599571984699218,0.2897732732938867,0.4647840604726954,4,12
2025-12-15,QQQ,1,-0.005019361348245099,-0.005032000654318303,0.008976135869187865,0.007429176542076132,-0.016019838270662556,-0.01852224866096619,0.014716069113626641,-0.01266234964773781,-0.34088535325917024,-0.050419132315311366,0,12
2025-12-16,QQQ,0,0.00198183236809113,0.001979871129127453,0.00909914681124025,0.006861122221449883,-0.009824884736030604,-0.014954025695139594,0.010850683120918764,0.005737661819523142,0.11333879713029549,0.05596846538523459,1,12
2025-12-17,QQQ,1,-0.018537002937461078,-0.01871096637106273,0.009523569390999348,0.008488779198842337,-0.01954671964344923,-0.02960278647504555,0.021808624229979465,-0.020634235579615457,0.28106460596742133,0.29615089543624884,2,12
2025-12-18,QQQ,1,0.014490087582794464,0.014386109494544108,0.014238142340875849,0.010269170250492147,3.9381655763559564e-05,-0.013336209126317833,0.009855706602056279,-0.001131522556934702,0.11636234454237049,0.36719588238577283,3,12
2025-12-19,QQQ,1,0.013035517941304642,0.012951286785451543,0.013652348117852053,0.011223498884333556,0.011935674601438295,0.0008922053372519834,0.009396192311954222,0.008333974155085248,-0.2346220260206553,0.03431001168121428,4,12
2025-12-22,QQQ,1,0.004793423736397351,0.004781971862048984,0.013235487963649765,0.011381918347273803,0.0136385956135463,0.006387302300038478,0.006244475795068033,-0.0034440391041510193,-0.2760767801119103,-0.2515476195165409,0,12
2025-12-23,QQQ,1,0.004683311224304099,0.004672378642792019,0.013230876964996256,0.011496314102469169,0.014682646422826462,0.011451610009007185,0.007489394623476182,0.0063247704097777096,-0.05909649429903141,-0.3005275080361157,1,12
2025-12-24,QQQ,0,0.0029255937289227596,0.0029213225081328176,0.0053504390905583215,0.011452666438427593,0.009650305003593651,0.01488466279008449,0.004115916066085456,0.003119025180252866,-0.550862832073618,-0.6650061507531271,2,12
2025-12-26,QQQ,0,-6.415532994641371e-05,-6.415738798803972e-05,0.004863985394303169,0.011409282740040693,0.004525636028100299,0.014965675340678386,0.003810080660093494,-0.0012326041833892248,0.568047561550082,-0.44521625987353297,4,12
2025-12-29,QQQ,0,-0.004840560837798935,-0.004852314296639015,0.0040515959889961895,0.009495304892524543,-0.0018199168893615614,0.00873333933306264,0.006531283643896415,0.0012417667498251428,0.12080539230243303,-0.3227995256427483,0,12
2025-12-30,QQQ,0,-0.0023194000033860407,-0.0023220939779831085,0.0038495990607961906,0.009331200931319597,-0.004205519195006668,0.004814115544820252,0.004775461158377972,-0.0006615161362967444,-0.03794098889960351,-0.32261407953061005,1,12
2015-01-16,SPY,1,0.013113921481819668,0.013028678451663112,0.009071986740338277,0.011918311861910228,0.001897981463790055,-0.0019504295716840092,0.016451195865441696,0.014388491970001974,0.19967680912997232,0.21049861004925985,4,1
2015-01-20,SPY,1,0.0021329478717628803,0.0021306763678765606,0.008707332512640907,0.010481696625388483,0.0046239731870934,1.0039847617049347e-05,0.012598829687030466,-0.0016798238544637161,-0.38176634277202715,-0.2347346799685437,1,1
2015-01-21,SPY,1,0.005048050355941358,0.005035351667559418,0.00890468496623325,0.009990735037551473,0.00869230420053757,0.00343917669810323,0.013498765363290944,0.007841200154117555,-0.061442342266001315,-0.24366207164861808,2,1
2015-01-22,SPY,0,0.014870749900356195,0.014761264385676043,0.009641181012319174,0.010304210754403286,0.0183912302243463,0.01645757070661391,0.019265613853385325,0.010343647009815249,0.4181891238764075,0.04123662764646996,3,1
2015-01-23,SPY,1,-0.00548263837142382,-0.005497723194865856,0.008321497357165163,0.00885262601885114,0.006887187411484863,0.011348561631881804,0.0062685678944953945,-0.0039846061139112866,-0.32599509050448505,-0.2855287234454552,4,1
2015-01-26,SPY,0,0.002341710694722998,0.002338973163072744,0.00733468792927821,0.008462390160242793,0.005471409755031242,0.013116982116921472,0.008353238234554214,0.003614821992602048,-0.2170506685001634,-0.4170145255160097,0,1
2015-01-27,SPY,0,-0.01319029386938364,-0.013278058409949445,0.010648646106958353,0.009194676624900923,-0.00845103599579744,-0.0002907367897152513,0.011725819627086234,-0.0011331513334769726,0.4568529187683472,-0.14506854651588486,1,1
2015-01-28,SPY,1,-0.012824494136723708,-0.012907437865656846,0.011772017539815851,0.01005021955657907,-0.018344125407645517,-0.012166535144479629,0.02145266034826092,-0.01973844744790641,0.2571509781072867,0.1072918806318428,2,1
2015-01-29,SPY,0,0.009243425392279958,0.009200966379712128,0.009748531771155878,0.010342928988943893,-0.005259688881228963,-0.0035912887647464586,0.018065726558364144,0.00803473685557166,0.03009299507519536,0.15534577728530952,3,1
2015-01-30,SPY,1,-0.012574559108227024,-0.012654287951754384,0.010507736177556895,0.01074959273099213,-0.012398689027707022,-0.016329356814135054,0.015156769083718005,-0.005584136885262614,0.1390917669343159,0.2978052401796596,4,1
2015-02-02,SPY,1,0.012384107141026002,0.012308051364335881,0.013017655615323703,0.010654746534202826,0.0033393202051852366,-0.004289938774660107,0.020844779331827514,0.009347638533670438,-0.17510116082712912,0.10596215493478334,0,2
2015-02-03,SPY,0,0.014461325019053062,0.014357757348144595,0.013671775189900964,0.01157722171555982,0.015729084457409392,0.008726472841529498,0.01133006429437346,0.009064021368919335,-0.23845757692802882,-0.15387408787801193,1,2
2015-02-04,SPY,1,-0.0038082105404236843,-0.0038154802364074314,0.0116500318471936,0.011608204613131619,0.007942507869853843,0.0044003148723039676,0.009170313813102729,0.0006865407557156295,0.08126209113546179,-0.0921438807838213,2,2
2015-02-05,SPY,0,0.010095297878330634,0.010044680737058442,0.01175273508006155,0.011037445020544628,0.013980887374166695,0.014530006274312335,0.007468509102501507,0.006150515000888221,-0.27067525298440065,-0.30182056013188496,3,2
2015-02-06,SPY,0,-0.002765500618901129,-0.002769331680570808,0.008690948801945118,0.010918517627906603,0.005144227471903129,0.011435565327317487,0.011231638999030517,-0.004889593913504176,0.28298003536382677,-0.10942641581903367,4,2
2015-02-09,SPY,1,-0.004476315783340512,-0.0044863644834860494,0.008898696504090276,0.010992002308859687,-0.0020000815589571452,0.007314531664127655,0.007325291637949786,-0.0006836909055398487,-0.3059790565917627,-0.37981780854879965,0,2
2015-02-10,SPY,1,0.010653627098199836,0.010597277081093814,0.007726398727269097,0.01046983437239282,0.006697897523667562,0.016010533510381064,0.011851575595187626,0.004517158799906793,0.10256022196998371,-0.2972838752692434,1,2
2015-02-11,SPY,1,0.0005801746172358069,0.0005800063810097456,0.007136989899598655,0.009127471136384319,0.004475416201846993,0.013220142627542897,0.007840835934377975,0.0015487733627820108,-0.052788875693865256,-0.2944606815957921,2,2
2015-02-12,SPY,1,0.009616926574335993,0.009570978288612864,0.00701723859119396,0.009154856663360213,0.011386153671463894,0.019504781772742064,0.009716697668918847,0.004954537410750323,0.07089972531996591,-0.1971520291713964,3,2
2015-02-13,SPY,1,0.004116248001097889,0.004107799428639147,0.006311281895580252,0.007235819284353378,0.01140711965986796,0.018566846528772718,0.005165742541826466,0.003395950783017356,-0.03973001428045664,-0.15683586976099773,4,2
2015-02-17,SPY,1,0.0015733311714998255,0.0015720947826745046,0.004606054011094748,0.006819888363916799,0.007673646398293377,0.016128695371490753,0.005826176008898192,0.003390672084824296,-0.17830819554523092,-0.24894440409511975,1,2
2015-02-18,SPY,0,9.514781234565284e-05,9.514328607984623e-05,0.003910435865663608,0.00581093322899551,0.004570443414755321,0.013632205467472902,0.00419729498922802,0.0022417304802712142,0.04787301768782437,-0.17805149258545538,2,2
2015-02-19,SPY,1,-0.000713759914489076,-0.0007140147623712068,0.004161604489121851,0.005508159405172042,0.0009344070459709197,0.010024373959094834,0.005634843871571728,0.0027218951122764427,0.13402617884787782,-0.025331627017631475,3,2
2015-02-20,SPY,0,0.006000655478488381,0.005982723246409805,0.002803082049358454,0.005044682672582432,0.004718389843922699,0.01358895473214683,0.012411715469468182,0.008401803520724543,0.5404827114937816,0.4357562160202899,4,2
2015-02-23,SPY,1,-0.0001422635163423891,-0.00014227363675711757,0.0027266410650751845,0.004804800130192139,0.0032107620144217197,0.010699893917593739,0.00346075176770183,0.0012800050693843041,-0.4718736603632172,-0.1999480903975407,0,2
2015-02-24,SPY,0,0.0028409643576132737,0.0028369364453402213,0.0028088255757719666,0.004089233644470654,0.00443872429888259,0.010100668389589451,0.006110309656865155,0.003268295080355826,-0.02605525250937024,-0.20824002927026342,1,2
2015-02-25,SPY,0,-0.0008496312711629983,-0.0008499924123839264,0.002964207752260899,0.0034015858120168977,0.0021595389619111227,0.006927877791172543,0.0048190695209911075,-0.00014173097787886543,0.008132762448549213,-0.18113305415245318,2,2
2015-02-26,SPY,0,-0.0011816321498669957,-0.001182330827576905,0.0030546938804954025,0.0035438859228930112,-0.00035007940221887246,0.0036130990475677915,0.005011406940108605,-0.0006618730466178648,-0.004979353067338987,-0.16806328120055947,3,2
2015-02-27,SPY,1,-0.0034063106791039077,-0.003412125363494667,0.002253448042489703,0.0028050384760341376,-0.003208311884546511,-0.000631124234764191,0.004638813561586796,-0.002840058981006686,0.48664541891856583,0.222068515713004,4,2
2015-03-02,SPY,0,0.0063139160676342065,0.006294066806810328,0.0038371220206206338,0.0031550789437835114,0.0023453915444111573,0.0046254867069823735,0.006357322068749539,0.005740614483702313,-0.19046411784299933,-0.0037308538102899247,0,3
2015-03-03,SPY,0,-0.004104352880826001,-0.004112798855206101,0.004133652079737684,0.0035385985422179277,-0.0011167704001515677,2.351225507779553e-05,0.009315747904342754,-0.001655109951743638,0.2609902230390644,0.21031256719338964,1,3
2015-03-04,SPY,1,-0.004215349737880292,-0.004224259371549799,0.004438022522612117,0.0038410174749276033,-0.0040079130304101485,-0.004239118079120585,0.006796615855767888,-0.0008079761115817838,0.03780983233296298,0.2111078120691272,2,3
2015-03-05,SPY,0,0.0010938819038750491,0.0010932840510129438,0.004570299646452736,0.0038433936261409113,-0.00204848062661922,-0.0033764498349948546,0.004510478445855132,-0.0007596069083151202,-0.3286036689106808,-0.1741215217659423,3,3
2015-03-06,SPY,1,-0.01406458678874356,-0.014164430367511471,0.007560266895151359,0.005415190406925106,-0.013126797164125792,-0.015650173276050117,0.013561247076315586,-0.009168170116191067,1.4472571644140335,0.923531524044553,4,3
2015-03-09,SPY,0,0.00414468388527256,0.0041361183425063786,0.0069283349726055,0.005719634073542232,-0.0056029310745598915,-0.010232191085905007,0.005968952544462137,0.0029844762722310686,-0.5225649557747916,-0.09588197481443816,0,3
2015-03-10,SPY,0,-0.01622175721598529,-0.016354770352321246,0.009025464430286248,0.007164473173809201,-0.015966793216799613,-0.02311853029702038,0.009094890531423797,-0.008369265783648522,0.7493122271593173,0.45740267613723207,1,3
2015-03-11,SPY,1,-0.002341686075098326,-0.002344432109673278,0.009148496238305522,0.007124374189915115,-0.012840201067240264,-0.0220831265542355,0.0053583035680771765,-0.003848182142184209,-0.2989766505241491,-0.012301385468399983,2,3
2015-03-12,SPY,0,0.0127141226212939,0.012633976772139732,0.012201794319937323,0.008769886942923098,0.0029640930507741636,-0.007618705102220957,0.009646281694083944,0.008964297212910664,-0.14664394524706825,-0.1729351955193218,3,3
2015-03-13,SPY,1,-0.0061323221070981315,-0.00615120201901842,0.01087172949532693,0.00886005921397996,-0.0015715093040625794,-0.011416333634332587,0.01620153201869783,-0.004546125753170698,0.7278950140169267,0.3638740560277802,4,3
2015-03-16,SPY,0,0.013360279236710904,0.013271817748494286,0.01270826623588363,0.009845036067251341,0.011551859123306585,0.0034348647033115576,0.013690686174530689,0.009046466336658732,-0.16200698352142617,0.09809357409774866,0,3
2015-03-17,SPY,1,-0.002972366741717858,-0.002976792996886246,0.009344436487317928,0.009819217854843135,0.005638427484433883,0.001975476394754816,0.00693342204477322,0.0013000350006597522,-0.305577108462063,-0.2276025927140619,1,3
2015-03-18,SPY,0,0.012021398072621148,0.011949714982270265,0.00952632433120864,0.010623141838437072,0.011894877861472253,0.013908280730515754,0.022421568874866085,0.014803063471015107,1.4209875315309213,0.7101942777291197,2,3
2015-03-19,SPY,1,-0.0045614260869413226,-0.004571861135474364,0.009523748460776716,0.010718020253216042,0.00495995893826362,0.009750409252438086,0.006858460637071138,-0.002190925410352473,-0.4846463308836866,-0.1448784683633686,3,3
2015-03-20,SPY,0,0.008826843285032027,0.008788114439290062,0.008489075141039045,0.009889058192839984,0.008490597058517846,0.016776922128791893,0.007295783369004599,0.003337928214352109,0.5071164282085834,0.2985736340487619,4,3
2015-03-23,SPY,0,-0.0019489883934236119,-0.0019508901426954495,0.007583412242056433,0.009921952946949577,0.004265805685359503,0.01353852992368032,0.005275166904337428,-0.0019959992994967035,-0.596069776850701,-0.46846234864196123,0,3
2015-03-24,SPY,0,-0.005618520275222028,-0.005634363531905606,0.008114721903155046,0.008274190909894721,-0.003077878458795147,0.005538270267426482,0.007910356707359194,-0.004908261850556217,0.08387325954767388,-0.38793354638298083,1,3
2015-03-25,SPY,0,-0.014653780852376674,-0.01476220804829076,0.008431143446471563,0.009819153988189168,-0.014142799733759537,-0.010230325895551506,0.017410433166550037,-0.01583207873642897,1.0502677838142134,0.20797939429626555,2,3
2015-03-26,SPY,1,-0.002381637773354539,-0.0023844783836963757,0.008424785080912526,0.008958510638240429,-0.013371711923368168,-0.012155302713611316,0.010977751396842482,0.0015124782808312437,-0.04046157983521992,0.10947195576585522,3,3
2015-03-27,SPY,1,0.0022897394863934384,0.002287122027706978,0.006352933465699379,0.008753908515658864,-0.006653186552014523,-0.010286160373792042,0.0051187199666750975,0.002973726884567892,-0.2229622022222919,-0.10985009222641284,4,3
2015-03-30,SPY,0,0.012200005010708281,0.012126184748154856,0.009908651232131842,0.008569317245815729,0.007167516428463916,0.0015007672681921491,0.007971755389619231,0.006135879305615239,-0.1913468248429867,-0.2580100712100619,0,3
2015-03-31,SPY,0,-0.008739683394795361,-0.008778098414900626,0.010312598216317312,0.008998840868716324,0.0006785724028892659,-0.006962683410346893,0.00839527906629696,-0.004004640804076216,0.3180304926991362,-0.04578121752700415,1,3
2015-04-01,SPY,1,-0.003536114773644794,-0.003542381605344147,0.007884094385372544,0.007920538942559872,-0.002801932887817715,-0.00865020721427845,0.009254342108424716,-0.0033431970708211424,0.08310332124570174,0.10997000168471738,2,4
2015-04-02,SPY,1,0.0035972640853234594,0.003590809405700668,0.007892329794093494,0.008025408407781166,-0.0003487455375545956,-0.004062170850218982,0.007684086511889122,0.00398797463131642,-0.36708942809948175,-0.27942056394665815,3,4
2015-04-06,SPY,0,0.006733256093602646,0.006710688968310841,0.00829113166372225,0.007763714883790997,0.004349263459040298,0.0038932651703951215,0.01577635638802157,0.011978413460366823,0.31607612809533614,0.0009123612477950349,0,4
2015-04-07,SPY,1,-0.002646621563655027,-0.002650130058311717,0.006122718298582148,0.007774261833235386,0.0026311867186070703,0.002553537422498975,0.007312561383665168,-0.0027903484525718942,-0.2896950376066074,-0.29487966795687115,1,4
2015-04-08,SPY,1,0.003377277558356484,0.0033715873644810657,0.004412098531500175,0.0077362664530899,0.00451108424325386,0.0063483211908024195,0.006889870656492572,0.0020717546107384085,0.09990115256357068,-0.23213312319923574,2,4
2015-04-09,SPY,1,0.004423671599800727,0.004413915924610379,0.003474925331521934,0.005976215820009122,0.005845541220774075,0.009266651937438475,0.009577390730898791,0.005390293212857097,-0.04256204960386967,-0.21490648824120362,3,4
2015-04-10,SPY,0,0.005457028556365318,0.005442192923872824,0.0036375906633060178,0.0059197004187371595,0.007840499753347219,0.012441020824008442,0.005401480117148407,0.0040152789203837655,-0.149925948784847,-0.2794867598091707,4,4
2015-04-13,SPY,1,-0.0045227260718953,-0.004532984539968865,0.004494424556295848,0.006302614111998386,0.002070583394981451,0.0062371546748363205,0.007623796353653181,-0.003716580728280563,0.023564791833109,-0.2284910818450394,0,4
2015-04-14,SPY,1,0.0019126896898287171,0.0019108628280131157,0.003943086888503158,0.005113899678743002,0.0018649634521026304,0.00756054405398543,0.0077088846698600165,0.0030643972752925105,0.008910938973569538,-0.2042292674692836,1,4
2015-04-15,SPY,0,0.004487141880195278,0.004477104673448196,0.004060378909382037,0.004022226770637868,0.004007714638002646,0.010138273438442091,0.005189223147128649,0.0018090436491438914,0.32529204433028536,0.08597340857622782,2,4
2015-04-16,SPY,0,-0.0002848760706279929,-0.0002849166555236593,0.004005302193342097,0.003645181360956048,0.002315701137163506,0.007591720743236108,0.005665868915500614,0.0016187989328510113,-0.3073908889141188,-0.1872128535042632,3,4
2015-04-17,SPY,1,-0.011503797351798517,-0.011570477908230181,0.006265352092405701,0.005619774080488456,-0.00723755597133835,-0.0047192281792872715,0.01062506554399839,-0.004738228590007282,1.7723721946358086,1.0067704662011687,4,4
2015-04-20,SPY,0,0.009137246319551151,0.009095754241768894,0.007695623676540542,0.005946404787246472,0.0011070769440790773,0.00340476646254384,0.006170445332427898,0.003778860394851279,-0.5176183539389221,-0.008889190866894991,0,4
2015-04-21,SPY,1,-0.0011917789455474503,-0.0011924896788224615,0.00770356454552012,0.00586495596530681,-0.0001909596997159424,0.0010983829130981615,0.007689728633729595,-0.005078995940236421,-0.2129277195342203,-0.21257914789673082,1,4
2015-04-22,SPY,1,0.004914318210440083,0.004902282364581012,0.007766099124830994,0.0059499433405108965,0.004530718244502463,0.004746376957747822,0.009285330498724317,0.002952289853787796,0.07862204691854169,-0.14032695093451275,2,4
2015-04-23,SPY,1,0.002516511997324722,0.002513350883218912,0.00782194134103495,0.005868087204845325,0.006300321655426266,0.006190074581158056,0.009183954273731719,0.0048061374968324305,0.31075735389946413,0.10612304927366467,3,4
2015-04-24,SPY,0,0.0023202104060511264,0.0023175228741774134,0.0038125798614946603,0.005689973576635317,0.005090644238209929,0.007751522946858769,0.004063122911612785,-4.729171998399579e-05,-0.4021849006539885,-0.3305169385958774,4,4
2015-04-27,SPY,1,-0.004157853523502175,-0.004166521431401726,0.003560208444778084,0.005653253469808345,3.787721928771859e-05,0.0027593401269017104,0.009136732560996529,-0.0073470425523520615,0.29400724635317976,-0.1383135428083616,0,4
2015-04-28,SPY,0,0.0031790594255569626,0.0031740169003064977,0.003459423196197993,0.00569460764122294,0.0014683811426319249,0.005014750893169939,0.010297039538682665,0.003321613979292099,0.09457635704483858,-0.06871384121085056,1,4
2015-04-29,SPY,0,-0.004114787564440503,-0.004123276597838732,0.0037426145633712906,0.0057489534154405025,-0.0025957576067210386,0.0008127137451623412,0.008033404106302199,0.0009507639476810006,0.44692419715991183,0.3107444525487917,2,4
2015-04-30,SPY,1,-0.010020568347046566,-0.01007111217745571,0.005417190915635674,0.006581893654463659,-0.01005815052291159,-0.00831572466451469,0.013007484861897348,-0.0067657620350169865,0.2834071555135105,0.5344078364479377,3,4
2015-05-01,SPY,1,0.010841445021497309,0.010783097889095927,0.008040882414632607,0.006368593536534464,0.0015589230396553244,0.0011163472596862345,0.007115594730631357,0.006303760089273392,-0.35897979540609115,0.0731249603674291,4,5
2015-05-04,SPY,0,0.0028473644968667333,0.0028433184331699835,0.007930964234681839,0.005798272084929782,0.003885868475474341,0.003266261642350221,0.0043554333548915,0.00042613075084180506,-0.3140482999467117,-0.2472778676311399,0,5
2015-05-05,SPY,0,-0.011451649949037246,-0.01151772502241144,0.009298044858281191,0.006963489777584551,-0.0052095550834995175,-0.007893105833711944,0.012936601441121522,-0.010093374852549467,0.5977819510709572,0.15281090622337357,1,5
2015-05-06,SPY,1,-0.004117050830202307,-0.004125549217520508,0.009298150502220787,0.006793856776007681,-0.0069121813606648486,-0.010760834894621318,0.01512692405934472,-0.00725331308536563,0.19178265926149463,0.2988580913565382,2,5
2015-05-07,SPY,1,0.003989908443985168,0.00398196986841004,0.00849652493250477,0.006898956170399518,-0.003340022598260828,-0.00573118001303663,0.0089457513790483,0.004569050387689345,-0.34662543073385055,-0.13949138807817085,3,5
2015-05-08,SPY,0,0.013165810310246773,0.013079894310583207,0.009240171259332934,0.008217376959388845,0.00891526842914181,0.007373574202888422,0.005121404618967323,0.0035090583139270022,0.766417096058809,0.39170332956593157,4,5
2015-05-11,SPY,0,-0.0047724930759063255,-0.004783917785043279,0.009461706564441796,0.008254282373870202,0.004780427226945383,0.0026422440780531353,0.006475374910244542,-0.00453753689385676,-0.514309652527982,-0.32185318680121733,0,5
2015-05-12,SPY,1,-0.0029913417010191123,-0.0029958247059704846,0.007621812127721428,0.008217014376493298,0.0007435337479522186,0.0003383041311058044,0.009589283716292953,0.0017651596589386576,0.5814371249575674,0.04177902147553958,1,5
2015-05-13,SPY,1,0.00019070290575151638,0.00019068472426386762,0.007117828305961817,0.008128334931814217,-0.0009512042930456266,0.0007912760270845087,0.0070318606877714076,-0.0021380574221136223,-0.20930595785767026,-0.15342358197316508,2,5
2015-05-14,SPY,1,0.010427355085564916,0.01037336520861043,0.008100944131856561,0.007962507857918353,0.006268709295119246,0.009423072711359115,0.00667488934597194,0.004591939005296585,0.01337412153433215,-0.08883606200975214,3,5
2015-05-15,SPY,1,0.0010840463063506167,0.0010834591524497839,0.005885662240590694,0.007303817513651463,0.006576694911777592,0.00969121739036427,0.0035304085453814653,0.0,-0.2024714908166031,-0.25427553172151407,4,5
2015-05-18,SPY,0,0.0031066634948690997,0.0031018477871116445,0.00501523751755452,0.007312202117733939,0.007326878235925038,0.011971832212812394,0.0058423963545126195,0.004052019355885579,-0.025622760916532594,-0.27593953415189887,0,5
2015-05-19,SPY,0,-0.00032865022543271394,-0.0003287042427535525,0.004409247842961222,0.005949861555149991,0.0041005296106004785,0.009659055249210402,0.004126828269288854,-0.0009848373122177574,-0.032664115348552736,-0.2703863963616143,1,5
2015-05-20,SPY,1,-0.0007041006782168013,-0.0007043486735156534,0.0045620134282132,0.005651980652569353,0.0006956363319421399,0.006638981913654085,0.0060051551299527715,-0.0012666620755475803,0.06576892889927977,-0.17374558384040628,2,5
2015-05-21,SPY,0,0.00291248273729261,0.0029082496765981958,0.0017707898355662727,0.005626755605084337,0.0023944433178517688,0.007365309272329368,0.005829558807884815,0.0037139450951900635,-0.15734183391341117,-0.2857198001480956,3,5
2015-05-22,SPY,0,-0.0023886033694077158,-0.002391460633256237,0.0024027798455596374,0.004240507988378227,-0.0005160618038755338,0.004309879768952918,0.0029571425266489847,-0.00023464041749950525,-0.11319609786827989,-0.2894246905356592,4,5
2015-05-26,SPY,1,-0.010751929728646914,-0.010810149417163295,0.005124319817145551,0.005363513582766651,-0.009030281254872818,-0.006530538116711115,0.012758977362249554,-0.008003752340363535,1.1643918618924496,0.4507320321529067,1,5
2015-05-27,SPY,0,0.009492115658769729,0.009447348595401195,0.007415747630994643,0.005991514785795232,0.0006867604108695691,0.0016150273044366337,0.010508881518121302,0.006863890879252959,-0.25014037645022147,0.12258077724634475,2,5
2015-05-28,SPY,0,-0.0011281192851824162,-0.0011287560907167205,0.007424115233291712,0.006033113358179267,-4.6983181592241685e-05,-0.0006631487001577119,0.0045212237874983135,0.0006122775005481392,-0.19567232389984335,-0.07514261198142946,3,5
2015-05-29,SPY,1,-0.006213088150530122,-0.006232469703950194,0.007535423430949226,0.0054648147130718526,-0.004047265409197309,-0.00637202814767146,0.007580682336130754,-0.005838616934999485,0.666158939160729,0.48776366443604613,4,5
2015-06-01,SPY,0,0.002036599717715193,0.0020345286599772194,0.007763838963191056,0.005503501933667102,-0.0006801451507729706,-0.003940572706423229,0.008115510054212833,-0.001745754047963599,-0.25280900675314366,0.08980116769247926,0,6
2015-06-02,SPY,1,-0.0009926473520791568,-0.0009931403527394522,0.005767734336523962,0.00536447437439187,-0.0022941678175748548,-0.004113475811130862,0.009098654772399135,0.0016112042982030972,-0.019368151293995606,0.047916737267372556,1,6
2015-06-03,SPY,0,0.002649545166764966,0.0026460413096902613,0.00351308755749945,0.005475478377203789,0.0010864665771106452,-0.0009523174130795509,0.006320737442880307,-0.0003773671276164505,-0.040533808217980805,-0.012319562069096235,2,6
2015-06-04,SPY,0,-0.008446462372512342,-0.008482335881474512,0.004950946982758153,0.006025889428854425,-0.005179235993693632,-0.008104829056129859,0.00999668610950702,-0.0044535102515173485,0.7294607547861613,0.5752398597618473,3,6
2015-06-05,SPY,0,-0.0017130930539331901,-0.0017145620757927915,0.004417822151535437,0.005842804703301508,-0.005593562785407458,-0.008057538163728561,0.007620891292082589,-0.0008573121143013048,-0.19869333459746596,0.19186468696153325,4,6
2015-06-08,SPY,0,-0.006149962761284211,-0.0061689516763792085,0.00439218163285321,0.006007548172504509,-0.008805288102082476,-0.012050964152497401,0.006821255193348961,-0.005533312657348984,-0.2682016388849403,-0.15400049565033114,0,6
2015-06-09,SPY,1,-0.00014377031943579865,-0.00014378065537901108,0.004500876299145286,0.005196086571230758,-0.0061978979843119175,-0.0111386476567098,0.006764229708573595,0.0,0.17932638920857413,0.01631625982936935,1,6
2015-06-10,SPY,1,0.011993435950000908,0.011922084628824159,0.007937011011899862,0.00578712814526754,0.006652234607481322,0.0015526409305104405,0.010077855755647144,0.007546457791959812,0.2810176065624026,0.2518476320305032,2,6
2015-06-11,SPY,0,0.0032235635355319925,0.003218378993411264,0.006793635762347836,0.005922639914317066,0.008453523548233477,0.005177312547575141,0.0042084329848155995,0.000709330235975143,-0.4509425029709858,-0.3119606677138016,3,6
2015-06-12,SPY,0,-0.007654885201858308,-0.0076843342177372875,0.007911259206073747,0.006095561718420435,0.0005050956034871046,-0.0019815728267502664,0.00854540000462168,-0.0029909081116502347,0.8325527502693688,0.24870052314809743,4,6
2015-06-15,SPY,1,-0.004286140283115358,-0.004295352113934392,0.007570678035343024,0.006128763680900838,-0.004380790861686745,-0.005096079646766061,0.007956305919121543,0.002252689906432409,-0.08123803389510009,0.11532159640010242,0,6
2015-06-16,SPY,1,0.00545207760455968,0.00543726883079465,0.007837274828924538,0.006476377889975757,-0.0006654881298062687,0.0008567825143261931,0.007801679701113812,0.006317940795925576,-0.3141556564258161,-0.230770826095264,1,6
2015-06-17,SPY,1,0.0016171919297796045,0.001615885683022178,0.0054579478777336795,0.006428511998482968,0.001293317763445545,0.003110448443196967,0.009307216619740884,0.0,0.48530387465683256,0.10383287135792552,2,6
2015-06-18,SPY,0,0.010399569561248878,0.010345866045788021,0.0072689137482944135,0.006635304642055478,0.01060115494835423,0.012264587857507614,0.012824719541850719,0.0069566098986656374,0.30905005658652995,0.4275799334820405,3,6
2015-06-19,SPY,1,-0.004439484575987307,-0.004449368351063576,0.006389107327966413,0.006824971889105801,0.004373094319293003,0.0067814297714150484,0.005627553218687247,-0.0030739105960257735,-0.21335773829656013,0.11457792414968804,4,6
2015-06-22,SPY,1,0.0051230170952834,0.005109939090083948,0.00548962920908971,0.006432256589930187,0.005883683405057738,0.009807985165191768,0.004483020772143245,-9.439984953628864e-05,-0.4581797642067249,-0.38647303921483545,0,6
2015-06-23,SPY,0,0.0007077360329823534,0.0007074857059397033,0.005506053954964729,0.006404410350293324,0.003919396602753977,0.00831270191275979,0.004101042329077861,-0.0004714155925490442,-0.031390743464976834,-0.38626039173438387,1,6
2015-06-24,SPY,0,-0.007262098978533249,-0.007288596381767043,0.0071281563316554575,0.006020471366150728,-0.00424755965311574,0.0007184229242174212,0.008029458428304376,-0.005762333334918887,0.3480083765596522,-0.14011680631288792,2,6
2015-06-25,SPY,0,-0.0030408550782149435,-0.003045487872172181,0.004810313691069969,0.006006984943621023,-0.005497164867453774,-0.001970842264643835,0.007010874868536609,-0.005874019219857387,0.05200130433887673,-0.11456323073170616,3,6
2015-06-26,SPY,0,-0.0001904102309704392,-0.0001904283613001212,0.004593999976133928,0.005433166954207273,-0.004752717022081465,-0.0025529656411384938,0.006752571279096387,-0.0022349421128877596,0.07277921147101041,-0.022300965950668328,4,6
2015-06-29,SPY,1,-0.020970255720311415,-0.021193254604999545,0.008847157349780402,0.00864635205406347,-0.019605829062048663,-0.022225076465013816,0.021629415688499215,-0.01264121530514094,0.9450126134151446,0.7715569964336519,0,6
2015-06-30,SPY,1,0.002093129046639941,0.00209094150404443,0.009132754288210367,0.0084188644662525,-0.011714507164720778,-0.018598509583521605,0.009842751128967103,-0.006802993538021191,-0.09720695701784565,0.4735815984337872,1,6
2015-07-01,SPY,0,0.008015474218518559,0.007983520938605437,0.010930938095254686,0.008918524366551063,-0.0009148871895490185,-0.009754565888282607,0.00707649954718718,-0.0011071859253332264,-0.25663618606741234,0.0872866843984561,2,7
2015-07-02,SPY,0,-0.0009156370002507686,-0.0009160564518717607,0.010961410962377469,0.007986798236524074,0.0006274152553260581,-0.008560500384513614,0.0070169013431723316,-0.0036526637135199306,-0.23243288162441655,-0.12227650043182436,3,7
2015-07-06,SPY,1,-0.00284593672968414,-0.0028499941074748847,0.010892091618491178,0.007950481240460211,0.0007745864656711898,-0.009444556311763108,0.010302741279921467,0.00461679024404496,0.13031731173657723,0.002648478796829279,0,7
2015-07-07,SPY,0,0.006288732241384931,0.006269040678308357,0.004614716167003428,0.008072963699209764,0.004539356457262667,-0.001363351845363292,0.019617304923104803,0.0051217506967868,0.4733597004121197,0.35822296319338776,1,7
2015-07-08,SPY,1,-0.01677741713635028,-0.01691975225563347,0.009829050635557989,0.009271196979658721,-0.011053410710697764,-0.014565120680570254,0.012159647946424367,-0.009156086650584889,-0.05638067382272027,0.19260873877303752,2,7
2015-07-09,SPY,1,0.0018090455131718475,0.0018074111611179333,0.00869315125381709,0.009312464516156544,-0.006767050517253681,-0.010111554218923069,0.012461369371709169,-0.01033616431145707,-0.12136927120517549,0.009824043119280867,3,7
2015-07-10,SPY,1,0.012591629753432754,0.012513014425722169,0.011076142449912951,0.010479194837655675,0.005573635055278414,0.003506570036739154,0.014617197536952085,0.0009166020915634845,-0.10169929034903835,-0.11298113241160002,4,7
2015-07-13,SPY,1,0.011037181100761906,0.010976715920710589,0.011831900582703947,0.011165317307625475,0.01367548223300541,0.014606998983238917,0.004593480213624501,0.003732230053089253,-0.1806585821226987,-0.27417093901406986,0,7
2015-07-14,SPY,0,0.004338237738421569,0.004328854712493779,0.011727638978267138,0.0084020212910017,0.015462486706602219,0.016422691486600804,0.006675611039121201,0.004577491176284414,-0.22965907226777937,-0.39042857012836196,1,7
2015-07-15,SPY,1,-0.000332202481658217,-0.0003322576731257243,0.00568294084379866,0.008451962326064561,0.009210070141347337,0.013756969188152057,0.005884333119653803,-0.0005694258986397281,0.19831819027384778,-0.22007668433601046,2,7
2015-07-16,SPY,1,0.008024220529551096,0.007992197663627465,0.00522908883159507,0.00845261751797215,0.010144282700850216,0.01953597977096644,0.0033983161244936304,0.002029583916932035,0.08956013485289649,-0.12992263989029595,3,7
2015-07-17,SPY,1,0.0008479008156392354,0.0008475415508089057,0.0047819558558174135,0.008395773485112966,0.006213096867668133,0.01787324483844066,0.003532903215975519,0.000895013648383121,-0.16547388391622686,-0.26469622654459013,4,7
2015-07-20,SPY,0,0.0005173646636498219,0.000517230876694974,0.0034791300731527083,0.008223504610810074,0.004052028771571736,0.015544178716045298,0.004559275966693596,-0.0007520736174353701,-0.20872964169381103,-0.394403761486542,0,7
2015-07-21,SPY,0,-0.003951044588593966,-0.00395887058597566,0.004355487736910517,0.008381595018788855,-0.0009247831868676171,0.009732554101333557,0.006355063550635506,-0.0032010200970965562,0.10672166798208016,-0.2695859681810606,1,7
2015-07-22,SPY,0,-0.0017944324403729173,-0.0017960443628775025,0.0045152435684652,0.00555073927921585,-0.003432255556019004,0.004643817658532612,0.004172023483474672,0.002086011741737336,0.13727826588853964,-0.10622090827323172,2,7
2015-07-23,SPY,0,-0.005630042716297412,-0.005645951144978234,0.002805070676734988,0.006230889478563933,-0.007058001838765704,-0.003513160098166712,0.008982148666614249,-0.006382102355723903,0.020765124695633963,-0.03554907064516133,3,7
2015-07-24,SPY,0,-0.010371934874810251,-0.010426098236081316,0.004130056822925541,0.006355302672423231,-0.013179605535921679,-0.01409173867579272,0.013171607101642035,-0.010936771366530837,0.3010293992537767,0.27062287119010064,4,7
2015-07-27,SPY,1,-0.005817272658897532,-0.005834258897245981,0.0031616047489326613,0.0053351513432755866,-0.013491117965469757,-0.01844060450226681,0.006233732143146817,-0.0007248920146113927,0.1240380450936267,0.38882771051304243,0,7
2015-07-28,SPY,1,0.012282686733887882,0.012207866575876025,0.00868218236584679,0.006703403160090433,0.0009370082033695049,-0.00574728320172313,0.012993873793162955,0.0074113701077088865,-0.06660793843508406,0.2418096667417513,1,7
2015-07-29,SPY,1,0.006879187051623159,0.006855633402651051,0.009616266858581751,0.007113452021533611,0.008401286538213926,0.0010163112207217662,0.008258524741375247,0.006158146702464752,-0.1437009084963511,0.05500719368642937,2,7
2015-07-30,SPY,0,0.00023730991713821759,0.00023728176359405495,0.009186958538126814,0.006553641600126596,0.008023268979573617,0.0019581385208184976,0.007613275959435553,0.0031404817786857024,-0.1369384817087984,-0.07528180264568063,3,7
2015-07-31,SPY,0,-0.0015176438326226505,-0.001518796620518792,0.007163772037362138,0.0065350288495121655,0.004092912372707147,0.0013798296850429104,0.006101567010240826,-0.0043515191415816005,0.13101778227555294,0.03100670788487725,4,7
2015-08-03,SPY,0,-0.0033732548362300774,-0.0033789570873672403,0.006515902622800764,0.006555953721789584,-0.0021499745475438425,-0.0006669873372231461,0.008932836752060346,-0.0031835665036602317,0.1036033811414887,0.09044395574450359,0,8
2015-08-04,SPY,1,-0.0019543353789174267,-0.001956247584104176,0.004026981858031719,0.0064965694808958,-0.004147491988770402,-0.0014927546373078027,0.0069146255095085835,-0.0015259516933072126,-0.2820576717380756,-0.22000177313922864,1,8
2015-08-05,SPY,0,0.0032955714320339613,0.0032901529379278927,0.0025604828034261474,0.006634568907666034,-0.00019987769632667796,0.002419354297795273,0.007507730358595687,-0.0018056052721962818,0.048471782236301664,-0.1799415336439647,2,8
2015-08-06,SPY,0,-0.008187795029744316,-0.008221499124361209,0.004118516537631897,0.006894378711608204,-0.006049128200814158,-0.0049193024921988515,0.013172306628456202,-0.009225294805052983,0.3525484107112049,0.08275300113584239,3,8
2015-08-07,SPY,1,-0.0019199168704820968,-0.0019217622732679018,0.004102149499132698,0.006066047520362388,-0.005537842728451037,-0.006806040106663969,0.007061881220415755,-0.0010088715899913019,0.01574754289378344,0.0996980024644254,4,8
2015-08-10,SPY,0,0.012599281470683454,0.01252057096491832,0.0077654700415281065,0.006851071561657585,0.0062409625778296896,0.003895095858472475,0.006641816694171081,0.006164031691735129,-0.3189202260347197,-0.2127546560051281,0,8
2015-08-11,SPY,1,-0.009023306893516936,-0.009064263489277025,0.008939438828018731,0.0065468465985656825,-0.0021615416435327717,-0.004850229086428626,0.00818302485465925,-0.001435627362804889,0.5707026349589577,0.23345980851844805,1,8
2015-08-12,SPY,0,0.001198140887056498,0.0011974236890761603,0.008755485716217749,0.0060852001873282395,0.00013401839313309516,-0.002778082261487791,0.018251164927609715,0.008739305457291784,0.3651791620334166,0.5812792395323807,2,8
2015-08-13,SPY,1,-0.0012446767025442451,-0.001245451955950827,0.007847207962025477,0.006073417410279199,-0.001407160057257828,-0.002991341550277582,0.0073779934673696345,-0.0003353234650617731,-0.480703122231279,-0.17739481961932035,3,8
2015-08-14,SPY,1,0.003642537234173737,0.003635919261362197,0.007844223226625372,0.006242614086135637,0.0008220745906193372,0.0011569637414152734,0.005997217501918788,0.004749822616479405,-0.185681217856132,-0.31080419165583206,4,8
2015-08-17,SPY,0,0.005586931110438842,0.00557138209811292,0.00567630182513461,0.006424267659308966,0.006394353413779363,0.006365460714557347,0.011642914079882475,0.009007664048426896,0.08636354268992186,-0.22570045512471126,0,8
2015-08-18,SPY,0,-0.002896701728399176,-0.002900905288453437,0.0034624478256551684,0.006469381302176868,0.0022242380310566467,0.0031626797337853674,0.004660875835356312,-0.0013316788101018033,-0.09333068597719063,-0.29093405954881213,1,8
2015-08-19,SPY,0,-0.007905548619567382,-0.007936963144628884,0.005369638302454693,0.006852406531139363,-0.005129083083749708,-0.003935103072279622,0.012721739202777334,-0.0036825722280255263,1.4123237093874272,0.5747478000596771,2,8
2015-08-20,SPY,0,-0.02088141374889363,-0.02110251380656969,0.01061326664358362,0.009157793628444844,-0.021520227988328644,-0.022687586636018886,0.021258048067514326,-0.01229961432229244,0.1236333884565124,0.6516857695274665,3,8
2015-08-21,SPY,0,-0.030102451543037922,-0.030564833210370068,0.014253278042354248,0.01273813823200772,-0.0403031612579855,-0.04748840156197787,0.03182470780208761,-0.019332741679882807,0.7835241362665886,1.4663423122036119,4,8
2015-08-24,SPY,0,-0.04210691244426734,-0.04301910686764998,0.016025912045986978,0.01577232636922325,-0.06150957962768022,-0.07824470083099144,0.08043096372731456,0.010720542151294686,0.4635347104707743,1.7684276611410832,0,8
2015-08-25,SPY,1,-0.011767668336303383,-0.011837455372755379,0.013901574748113824,0.015770101530990226,-0.05121131334523765,-0.07950999449020069,0.043647337148746454,-0.041754022970556776,-0.27089747484594706,0.781470854556453,1,8
2015-08-26,SPY,1,0.03839388884134132,0.037675181782170775,0.031000985264545554,0.022021887411682768,-0.00075006956449164,-0.03732658216390594,0.03342356365964671,0.012390695856541328,-0.08267540141755836,0.5124255510788287,2,8
2015-08-27,SPY,1,0.02473495944423032,0.024434003001823967,0.03470089064453389,0.024192356205236572,0.028936374501117745,-0.008907803226547273,0.021368345161824714,0.011420160142157201,-0.191928537952054,0.12914348555382915,3,8
2015-08-28,SPY,0,4.983461594876282e-05,4.9833374244911965e-05,0.03154389098131744,0.024087248883488715,0.02744919643883037,-0.003834461103844,0.00967253485614767,0.003929464883107683,-0.41485329420060046,-0.3623013353419833,4,8
2015-08-31,SPY,0,-0.00807866808236335,-0.008111477344256102,0.021875304845156766,0.023825677948934067,0.010634564618829057,-0.005458915562108979,0.01070117797912817,-0.0022210006564568107,0.017980929392872547,-0.3718664734478353,0,8
2015-09-01,SPY,1,-0.0298476449880819,-0.030302152795846027,0.026993155407715984,0.024927424801229513,-0.024021440571817987,-0.026221842006331486,0.020919680235442994,-0.006990425014806841,0.5676808402756175,-0.08047626800957153,1,9
2015-09-02,SPY,1,0.018980881473129374,0.018802992016619058,0.021917012354668,0.02643325294653803,-0.006457188216188348,-0.0011909771329068342,0.015620227218130283,0.004059236279633977,-0.37394902507964833,-0.42169807535429316,2,9
2015-09-03,SPY,0,0.0007163239465750593,0.0007160675090309709,0.01768360158937676,0.025966128824933023,-0.001970118102180507,0.0038448105946000677,0.015744402447657246,-0.0036176066185174345,-0.05104845407074221,-0.4427257695883773,3,9
2015-09-04,SPY,1,-0.015136680917545275,-0.015252409791271404,0.01818926682590488,0.024688139079241965,-0.010318744745277386,-0.008683498869668793,0.01166709841218399,-0.0013482486771892307,0.36158850348285654,-0.20034522306275415,4,9
2015-09-08,SPY,0,0.025130962307442717,0.02482037253354452,0.02298014573197012,0.021642523069930794,0.014803262433124242,0.01209806782570233,0.012452803975726736,0.007604318749667085,-0.4397086164351147,-0.4722293561614537,1,9
2015-09-09,SPY,1,-0.013371971156811102,-0.01346218105513941,0.018350855917241025,0.02178051370534588,-0.0018653720000946228,-0.005270348061742536,0.025687311504354864,-0.022727342322024436,0.2871949921439818,-0.2449277677729096,2,9
2015-09-10,SPY,1,0.005442198801258069,0.005427443547170618,0.01634073154491233,0.01822829062556164,0.003114314965709797,-0.0005662498331600041,0.015265220281515878,0.006630389397149204,0.06202572922113969,-0.11749370618413901,3,9
2015-09-11,SPY,0,0.0045439551769221875,0.004533662580218589,0.01643946991931498,0.016307145459642486,0.006445578738868862,0.005273035774096657,0.011720792751005434,0.006960797299433383,-0.24537942174286664,-0.2714316793109246,4,9
2015-09-14,SPY,1,-0.003710504559958694,-0.0037174055580830867,0.014224610078653444,0.016319573284736544,-0.0007851324921549496,0.0032191900772196025,0.008022350116968556,-0.004772797440831033,-0.33619180023259854,-0.4913004645087764,0,9
2015-09-15,SPY,1,0.012499627474500619,0.012422152072070425,0.009915191092163829,0.016695585620584402,0.010643322691014756,0.015348517534483852,0.015411213925490141,0.009409521884810073,0.4323893671650807,-0.24749883031454423,1,9
2015-09-16,SPY,0,0.008666509991275495,0.008629171368838229,0.006016054551875886,0.012927824397184725,0.013836455914972179,0.019760388988759425,0.010059349795408519,0.006840284183999408,-0.12498967543068829,-0.2655972888747815,2,9
2015-09-17,SPY,0,-0.00224804861956851,-0.00225057927426775,0.0069425052310463494,0.01197066800825469,0.007597374024024717,0.01523371631696313,0.01804819784642207,-0.0014498977038658318,1.7720643171027581,0.8756594700838312,3,9
2015-09-18,SPY,1,-0.0163412895155175,-0.016476281030954,0.011368281913246332,0.013349865327298335,-0.008594130686328971,-0.0018213350275663176,0.01900764311634189,-0.0013285460973139745,-0.18978353654781477,0.44921540236555346,4,9
2015-09-21,SPY,0,0.005167568748845497,0.005154262685770128,0.011381446167335824,0.012193333177461328,-0.004948617655107124,0.000849574440271228,0.012573742268460851,0.0001018340063750729,-0.5272852464147189,-0.26678103989761615,0,9
2015-09-22,SPY,0,-0.012979514747658683,-0.013064484695810563,0.010948367322751175,0.010144774898979005,-0.014345820963858946,-0.010881809106472518,0.00979992318662188,0.0001547285874838267,0.45556068410668304,0.039936181039335494,1,9
2015-09-23,SPY,0,-0.0015985637369810846,-0.0015998428032863998,0.008846187672485574,0.00922056446368816,-0.010343075415529701,-0.012371068788804784,0.009066995524712186,-0.002627347922478654,-0.39703647194213565,-0.3480390252224146,2,9
2015-09-24,SPY,0,-0.0036155424425229343,-0.0036220943132452277,0.008737115004838312,0.00906402338046849,-0.00804232936653504,-0.01496853023824729,0.015040330374433145,0.0039032007484946485,0.7176179483697702,0.1192161691929392,3,9
2015-09-25,SPY,0,-0.0002598356991091455,-0.0002598694622530928,0.006625022156299406,0.008864928170627263,-0.005641119767442637,-0.013777881668803116,0.01638924399614391,-0.009196430804284157,-0.027130333519891026,0.06246657839205172,4,9
2015-09-28,SPY,1,-0.0250968586833622,-0.025417155158402593,0.010424600638741992,0.011623505475010591,-0.02207495530637915,-0.035081616111361624,0.022265117841485226,-0.01965796379423024,0.1513084406287326,0.1454714818725873,0,9
2015-09-29,SPY,1,0.0005850577016417446,0.0005848866221089821,0.010794219761926986,0.01033084019742654,-0.01557333399830485,-0.029879944425975302,0.014925440875415358,-0.0007967767135987683,-0.10906759565954627,-0.008251290696416391,1,9
2015-09-30,SPY,1,0.018658480712493875,0.0184865466540991,0.015592816118133828,0.012105771321436025,0.004866384546597269,-0.007934520929184008,0.012554496249144764,0.006618741387524679,0.02770526188715694,-0.01981273345127421,2,9
2015-10-01,SPY,1,0.0026090385449883957,0.0026056409123436097,0.01567444049816336,0.012270070592568334,0.008302419265759031,-0.0019531436276907232,0.013900448477159679,0.000260324090384969,-0.19805814551060863,-0.13910581257097687,3,10
2015-10-02,SPY,1,0.014937766631057503,0.014827296950008062,0.01718233065525001,0.012556054439285199,0.021059960581039316,0.013192267418804082,0.031142981130063786,0.027559654369982166,0.6097414536272019,0.39743105855204175,4,10
2015-10-05,SPY,0,0.017794727768836838,0.017638255132490954,0.008648287148029867,0.013731213784451298,0.027968965151637937,0.030145889684526583,0.012267146389847213,0.01023106198791584,-0.4013325857936819,-0.1746606751104861,0,10
2015-10-06,SPY,1,-0.003426174826417494,-0.0034320576041810824,0.009936438396627592,0.01295280567351512,0.014286784987437962,0.024553105654865348,0.009984346487393013,-0.0026221788052177967,-0.12702816954927454,-0.25836730579071987,1,10
2015-10-07,SPY,1,0.008190802950081011,0.008157440377295266,0.008713830762029707,0.01301545391749585,0.014499586497427996,0.029845605847298007,0.011815013452130438,0.0025641517409519367,0.12725335412992123,-0.1813443078122695,2,10
2015-10-08,SPY,1,0.009026579765296416,0.00898608370567544,0.008173207793242054,0.012910959671550204,0.014286128067519277,0.03470101094162681,0.014878144052634731,0.0113596873601006,0.2312647768876004,0.012197273687521326,3,10
2015-10-09,SPY,1,0.0005958651543256366,0.0005956876971753289,0.008218588688370092,0.012880165009136886,0.008454807297295863,0.03082240144057713,0.006554732512782589,-0.0002483019691399371,-0.30045369252400445,-0.2687143455453327,4,10
2015-10-12,SPY,0,0.0009440489108620831,0.0009436035769443407,0.005351277714741153,0.007942875420346296,0.006332005233658178,0.0247074429165981,0.004219992316818584,0.0004965053342505879,-0.4732789635114487,-0.5797653134029184,0,10
2015-10-13,SPY,0,-0.006302202193145479,-0.006322144902195959,0.0062949693228308784,0.008811240632862516,-0.002460949655498368,0.012007511057991804,0.01051582693513619,-0.001993490698488296,0.5610916454475172,-0.3073249034064319,1,10
2015-10-14,SPY,1,-0.004793856289690757,-0.004805383673924801,0.006028435716518614,0.008261138981442503,-0.007124266086792841,0.0032722938313591854,0.009641286574064052,-0.004445995714915989,0.12571176085062596,-0.17866642003338495,2,10
2015-10-15,SPY,1,0.015354437654735653,0.015237751197577865,0.008558326487086257,0.008981716031333858,0.006976990630981783,0.013462735412185012,0.01359456815179292,0.011345483065207605,0.3535197596114068,0.10887623758693188,3,10
2015-10-16,SPY,1,0.004546662047698602,0.0045363572031016375,0.008674848395654751,0.008310070394925219,0.009605899866361511,0.013871152726430358,0.006754400753437967,0.0021693163606671256,-0.14583106583908723,0.029202818529371344,4,10
2015-10-19,SPY,0,0.000491909271775004,0.0004917883240711518,0.00869029658760983,0.006833502716338507,0.008249645705353581,0.011896774814285527,0.006123408564814815,0.004296272183641975,-0.3321362086435603,-0.28044747642414913,0,10
2015-10-20,SPY,0,-0.0012787281869465206,-0.0012795464574724136,0.007750389644156164,0.006659401534788348,0.004112925415634239,0.007934808450735353,0.0063593455623290485,0.0012817081538723774,0.025150312516743156,-0.23959467925160727,1,10
2015-10-21,SPY,1,-0.006203066493078224,-0.006222385442624656,0.008115512229434067,0.00688702288209203,-0.004635125058108147,0.0004711019910699221,0.010510286249366278,-0.0086439492243018,0.3007004595371485,0.01088015267720066,2,10
2015-10-22,SPY,1,0.016893133829902762,0.016752031731881445,0.008727045294397068,0.008199662156952593,0.00928317250655497,0.015334086058413465,0.018031276383674435,0.011232627979543991,0.7141819714224114,0.6961067112363482,3,10
2015-10-23,SPY,0,0.010961809465635408,0.010902164315577778,0.009471328624501679,0.00864222654130212,0.016109938625028075,0.02333565830225348,0.007961369826221351,0.0012544970173024729,-0.17419875285644126,0.351662207362867,4,10
2015-10-26,SPY,0,-0.0024576877414214104,-0.002460712813410204,0.009842508552417535,0.008800333261756796,0.010022092600359356,0.018069349207667562,0.003907368773127867,-0.0014471927030454937,-0.5220721353786253,-0.3615531295484935,0,10
2015-10-27,SPY,1,-0.0019320067331601853,-0.0019338754654922852,0.009927154206777682,0.008401938367879207,0.00464903967239394,0.012938937365882142,0.00586812188057844,0.001939908638184136,0.12852983355786374,-0.2726776735297817,1,10
2015-10-28,SPY,0,0.011374511064002224,0.011310307708846778,0.008688064292234503,0.008256055762227203,0.009108443279631118,0.01963144998548705,0.013381589438028382,0.0094202751122811,0.7445004094688714,0.22666982690818083,2,10
2015-10-29,SPY,0,-0.0005744883208088636,-0.0005746534024515526,0.007058424942870176,0.007489137839395067,0.005063019993124751,0.015833532883487766,0.005087581125709715,0.0023037951210838157,-0.3339143691959263,-0.14944863623615368,3,10
2015-10-30,SPY,1,-0.004309660751833144,-0.0043189741076323784,0.006268433472962871,0.007825936444291116,0.00032710177084904757,0.009168059712182375,0.00813162234810476,-0.005405170266950715,0.44795554843662844,0.2127628451304635,4,10
2015-11-02,SPY,1,0.011830853899260196,0.011761416480006837,0.007717888850148185,0.00833997119673197,0.008871098127479549,0.017640209127249618,0.011760737625307088,0.00993659750696944,-0.34183063529882074,-0.20893061101130506,0,11
2015-11-03,SPY,0,0.0028993068128488897,0.0028951119290656635,0.007186718336464963,0.008180981265676898,0.007544548668591222,0.016710555227262835,0.00933469877826495,0.004905456842924078,0.10403635992711324,-0.13987885386173637,1,11
2015-11-04,SPY,0,-0.0030331949021806803,-0.0030378043611234418,0.006465208301801921,0.007800829531011021,0.0031377211038932096,0.009487246993747256,0.008422042715366954,-0.004684199028029243,0.010272336610107846,-0.12645739845179027,2,11
2015-11-05,SPY,0,-0.0009983139854603529,-0.0009988126327655777,0.006499640769294526,0.00650068135125576,0.0008762623039726414,0.00611845627658214,0.00898160649827348,-0.0013306029988238485,-0.18514827304896364,-0.21984521416703395,3,11
2015-11-06,SPY,0,-0.0005229880557893196,-0.0005231248617434403,0.005876578000603559,0.005791087647366983,-0.0016537660142494914,0.0043756576990057194,0.008868125115082942,0.001430284090359325,0.4089189082333975,0.13762712143672529,4,11
2015-11-09,SPY,1,-0.0093316446931907,-0.009375457264780174,0.00452255136567553,0.0066250525787423,-0.008793393049990716,-0.005510441051749582,0.01213515156728637,-0.005876430853212066,0.18590496191325356,0.2681797466364493,0,11
2015-11-10,SPY,0,0.002306601029762323,0.0023039449092294717,0.004360426226068833,0.006584775070813285,-0.004192213525124666,-0.0041493927052098645,0.006794871087825728,0.005060011949078542,-0.4208430432482728,-0.26407788837009005,1,11
2015-11-11,SPY,0,-0.003931589369731925,-0.003939338384515878,0.004415534241132936,0.005601554889564862,-0.005619498945584334,-0.00749123494883519,0.006127914349748268,-0.005457676000572716,-0.10581406689458661,-0.29543831460985703,2,11
2015-11-12,SPY,0,-0.013959816638520861,-0.014058171293612531,0.0065873817764020666,0.007022666501962991,-0.014491147007555716,-0.01947733533654994,0.010847410335956417,-0.008038758654282687,0.7880965716475548,0.22079048607134832,3,11
2015-11-13,SPY,1,-0.011228262916358922,-0.011291775733693221,0.00647147037094824,0.007602734286059078,-0.018473301239805506,-0.02797902588401968,0.010912628631923969,-0.008857415039498122,0.26593452428055175,0.5112238881401616,4,11
2015-11-16,SPY,0,0.015206956526728987,0.015092489765257788,0.0116837422790247,0.008352588210550278,-0.001165764334654651,-0.010933397274056955,0.017348802088565533,0.01631073385481103,-0.2339665223526164,0.12297846084296404,0,11
2015-11-17,SPY,1,-0.0007295193191906302,-0.0007297855478958226,0.011459848373602047,0.008180625989083489,0.001110911652581148,-0.009018934732824557,0.010485889342781699,-0.002524415061866651,0.02956771716993134,0.1283115192317581,1,11
2015-11-18,SPY,0,0.01586599004583955,0.015741440895596703,0.014134604806105303,0.010045614016809666,0.0160143746117829,0.007495981047907163,0.014123415347228923,0.013055729611049722,0.001806417736578414,0.10450611734867188,2,11
2015-11-19,SPY,1,-0.0008624667820218423,-0.0008628389204838882,0.011658676048759888,0.010045306101558927,0.01148487663216402,0.0074050417311375405,0.0040750089574704135,-0.00019173156352152287,-0.27296289428683274,-0.20409139093759165,3,11
2015-11-20,SPY,0,0.0036444182589081553,0.003637793457504479,0.008337878260817373,0.010140321744521341,0.008547983657443359,0.011433118665108433,0.006015729411289027,-0.0006684143790321142,0.06564233936556696,-0.1390612336475986,4,11
2015-11-23,SPY,1,-0.0011466533746496976,-0.001147311284608321,0.007268834844722137,0.009648912333739015,0.004053332038376878,0.009790287173506274,0.0069729268365203495,-0.0014805499635328213,-0.30932705041404507,-0.36707290029364814,0,11
2015-11-24,SPY,0,0.0013392400728982068,0.0013383440907794864,0.007033323374053332,0.009633809509723281,0.001665080337975855,0.010756958425236274,0.011641883031656537,0.0071198875311165675,0.5227563944605982,-0.05734009745374935,1,11
2015-11-25,SPY,1,-0.00014321754745461046,-0.00014322780406672564,0.0019717534897242955,0.009517466805701395,0.0009564706009039803,0.00984184958946388,0.0034845393142153938,-0.0008591535836813842,-0.47428151270703034,-0.49681487721357953,2,11
2015-11-27,SPY,0,0.0011464250434616297,0.0011457684000850676,0.0018055077338617232,0.007991160513749205,0.0011369228873110426,0.008702628809743818,0.004488385017811029,0.0006207558007880976,-0.2820752557228632,-0.6067770678086117,4,11
2015-11-30,SPY,1,-0.004151313577388183,-0.00415995420118076,0.0022321270703983148,0.0068976126423035975,-0.002428185634651081,0.0015503162512677804,0.006340890732084326,-0.005053623640494637,2.0232945136101272,0.24217192780645758,0,11
2015-12-01,SPY,0,0.00953533266455353,0.009490158321268538,0.004983590113137978,0.005952313003289915,0.005536297113820199,0.008651036423397596,0.008164661449264381,0.005920503341867104,-0.13263554231550923,0.10141017924038587,1,12
2015-12-02,SPY,0,-0.010204934820266076,-0.010257362150921878,0.007258038483930221,0.007148633196569369,-0.003945473966840862,-0.0031026347031432033,0.013151668106913242,-0.009923067070283453,0.10814503404919762,0.2381965114425615,2,12
2015-12-03,SPY,1,-0.014002901566461001,-0.014101867149005187,0.009316573557274886,0.006706598318938923,-0.014399913560857791,-0.015593792441323306,0.021069740257168647,-0.015419246240816175,0.5328495693061592,0.8054462012457937,3,12
2015-12-04,SPY,0,0.019502876310140804,0.019315132323282747,0.014041437609341019,0.009448214605319055,0.00476435998426461,0.0030910962352037608,0.02120519720543231,0.0195029156895691,0.1605644665457857,0.8813975953199584,4,12
2015-12-07,SPY,0,-0.006058158249891532,-0.006076583343024744,0.01421184796404598,0.009592442404931737,-0.0009970477619872797,-0.0025275766858524618,0.012091950633079681,-0.004205848310437127,-0.4711262381819039,-0.012696161211374846,0,12
2015-12-08,SPY,0,-0.006719775218964719,-0.006742454565634937,0.01324113362182797,0.009799128896683985,-0.004148026162343221,-0.008223753491220176,0.012155525401054008,0.0022276693439932773,0.013185712423464002,-0.035554349313787204,1,12
2015-12-09,SPY,1,-0.007779736303654694,-0.00781015632802351,0.012975723082558194,0.009982360992746865,-0.0088525569451402,-0.014044750956181296,0.0218245305141736,-0.004122440920757903,0.5710334673471835,0.4303972821293416,2,12
2015-12-10,SPY,0,0.0025812977913086677,0.0025779719642358145,0.011499349947837887,0.010072036827489259,-0.006543499907492367,-0.009859489414650313,0.01114785953921309,0.0021906189867263687,-0.2849271712391819,-0.031862391603492135,3,12
2015-12-11,SPY,1,-0.019381208490608426,-0.019571486671652316,0.007835137752950303,0.011444960119780164,-0.01846576247667142,-0.025449888680806998,0.01293338974120164,-0.007228921448641701,0.8184388209997684,0.5376356605318751,4,12
2015-12-14,SPY,1,0.005052453637040655,0.005039732822720744,0.009691757226723484,0.01176729495108675,-0.008250729169381299,-0.01778064207086849,0.015341248038565687,0.0041074209045478096,-0.1363245258751935,0.2639953450148733,0,12
2015-12-15,SPY,1,0.010497420284809156,0.010442704948640191,0.011855741202149378,0.011882248200722905,0.004044679638296467,-0.004747719820496044,0.01582806810682703,0.0016121242597679547,-0.15525163225963512,0.02772167514465318,1,12
2015-12-16,SPY,0,0.014632379187655031,0.01452635889538012,0.013193810710412104,0.012695877262862648,0.016059286219333613,0.010060342905911845,0.017395921998505842,0.008043822752269484,0.2787532387959728,0.2408853967382394,2,12
2015-12-17,SPY,0,-0.015238192511193627,-0.01535548686149113,0.015441225164820101,0.012850518580265062,0.0015645493724729675,-0.004968816939254106,0.017466408331357645,-0.01698653258066401,-0.12143368338772798,0.0855043210713482,3,12
2015-12-18,SPY,1,-0.017815071848993447,-0.01797567048453974,0.014981325007775308,0.011842720577307182,-0.01563388857018555,-0.01868706599778558,0.015288212158644145,-0.01356216374244802,0.45236506492193485,0.5207757003522555,4,12
2015-12-21,SPY,1,0.008249225363089474,0.008215386472596897,0.01534527732263102,0.01241970553404604,-0.007484725573863038,-0.00794067969600909,0.008887386487142115,0.0012908718639026043,-0.6058199595454934,-0.39947514381003857,0,12
2015-12-22,SPY,1,0.009074123905009834,0.009033201413563674,0.015114846537481965,0.012833812890947238,0.0018340114743919944,0.002158595472978142,0.011345713486128969,0.0038476656205604655,0.12040954928790049,-0.33027261726813295,1,12
2015-12-23,SPY,0,0.012383528229916507,0.012307479534660715,0.014586645006155308,0.013230320617169788,0.01501899093651704,0.013622979106601374,0.007279327155172543,0.006497639431292735,-0.00035126843934130125,-0.30907973311465364,2,12
2015-12-24,SPY,0,-0.001650533597463144,-0.0016518972287276057,0.012276660077663553,0.013241923619145324,0.011318764708895035,0.01143842377109272,0.004423506011615727,-0.00019448057886677013,-0.5626558738304958,-0.6845575685231869,3,12
2015-12-28,SPY,1,-0.0022853043179761334,-0.002287919611142719,0.006686905037168134,0.011346344979048902,0.0038840207777042224,0.006886812875144255,0.006443386027028004,0.0017085136311277508,0.35765230863047903,-0.527092475448599,0,12
2015-12-29,SPY,0,0.01067246674948974,0.010615917963777477,0.007045502531653926,0.01163391599103559,0.008941558390005877,0.01479440610937055,0.006391904026640187,0.004309715816776008,0.4057790679500273,-0.28943467761141717,1,12
2015-12-30,SPY,0,-0.007087777266155504,-0.007113014882548896,0.008609313979305967,0.011678826809508358,-0.0005725441912506346,0.006561050784650524,0.007001169440191566,-0.00569749375256066,-0.3165239468181912,-0.47801112044877503,2,12
2015-12-31,SPY,0,-0.010003522373206453,-0.010053893812565384,0.007916937988415687,0.011089054077356494,-0.00850116950278379,-0.002079308698010651,0.009847434428790335,-0.006142493714387729,0.8143094269059046,0.015836929017892798,3,12
2016-01-04,SPY,1,-0.01397949219917416,-0.01407812560915822,0.009512465536367806,0.010920004306969374,-0.017910348084694716,-0.014762353765980007,0.012170194895273444,0.0026435172067215385,0.9355637594350175,0.8841433214377563,0,1
2016-01-05,SPY,0,0.0016914080976904167,0.0016899792779314637,0.00990588092751276,0.009244779702945436,-0.012534598009380726,-0.013743660332681151,0.009185654919520113,-0.00019857640191075804,-0.5014883957302223,0.06625273138416676,1,1
2016-01-06,SPY,0,-0.01261438227854117,-0.012694619071175417,0.0062253809786339135,0.009696586404015202,-0.016716252704084278,-0.0248233952387108,0.012402901585655476,0.0024201421558482923,0.37229015443074975,0.3922061766183469,2,1
2016-01-07,SPY,0,-0.023991315903093002,-0.024283794968354755,0.009209843962388081,0.011249039789637193,-0.028895320751900933,-0.043787088177215217,0.019710265025469985,-0.006553006539179653,0.4031454330541979,0.7860597099106201,3,1
2016-01-08,SPY,1,-0.01097672874709521,-0.011037417552425488,0.009173138752826271,0.009617572863611524,-0.02792837493252842,-0.0476663461830632,0.021876142318010078,-0.016752929102721612,-0.01695542600337996,0.6216613942516893,4,1
2016-01-11,SPY,1,0.0009898387963380717,0.0009893492289512196,0.010674875895208656,0.00981564431249147,-0.0181037379084229,-0.04026116180853878,0.018600054090792052,-0.004662939340441769,-0.10426170971683923,0.31130128902802023,0,1
2016-01-12,SPY,0,0.008068563715407207,0.00803618689488772,0.012494557443490416,0.01083324894996296,-0.002328456328111961,-0.026902591202360937,0.017593661816373684,-0.000825527066675442,-0.08306210502960232,0.11926666520748275,1,1
2016-01-13,SPY,1,-0.02494041198578334,-0.0252566939397747,0.014722702394218325,0.010697334664771147,-0.017093789800705306,-0.04223514479012136,0.03332474070063307,-0.02890200671323952,0.2833996303614277,0.32579247770727937,2,1
2016-01-14,SPY,0,0.016416371801428076,0.016283079970340175,0.016250252960448637,0.01345922192035336,0.0012518218810462223,-0.019549968398776207,0.029543607251736367,0.012555998869456976,0.08874077684520754,0.30464478283714924,3,1
2016-01-15,SPY,1,-0.02146586733707212,-0.021699610114710666,0.01823979711067505,0.014216466633432396,-0.016021468773831926,-0.03266007980227048,0.017347487071042132,0.0055683100195021975,0.34905455083066306,0.5802628455972445,4,1
2016-01-19,SPY,0,0.0013310122883376518,0.001330127276702342,0.018264623164849208,0.014334494040173616,-0.010512654823386591,-0.024863283016673288,0.02058329924150262,-0.010002153548748722,-0.39896394111186084,-0.03751212449079111,1,1
2016-01-20,SPY,1,-0.012815143252889238,-0.012897965548432033,0.01713392242243872,0.014140608628454314,-0.014889536430337191,-0.02945369560449096,0.03502132502993949,0.003350781609889259,0.46763645973969026,0.29998410337019443,2,1
2016-01-21,SPY,1,0.005601967150179021,0.005586334487471589,0.015031317429636737,0.014644459331364353,-0.007115978076381646,-0.017788172572873018,0.022716264298507496,0.0025777117782753234,-0.31678798441307177,-0.12908579474426163,3,1
2016-01-22,SPY,0,0.020515373378905855,0.020307767709810243,0.016353199145861606,0.015374200517544026,0.014775303280435859,0.004227337913088158,0.009906152577278475,0.003899280735187726,-0.1402303383154665,-0.23587807904594937,4,1
2016-01-25,SPY,1,-0.015116633631731102,-0.015232054599445988,0.01454929503207644,0.01570315304396264,-0.0003836148230199621,-0.008716874847477518,0.014427075930874922,-0.012005048448182263,-0.22545146257476845,-0.3860062201086958,0,1
2016-01-26,SPY,0,0.013643429378711991,0.013551195770980407,0.015836360375723092,0.01647438529483281,0.010949487558501225,0.005822500556027066,0.013321274446597598,0.009446973763904047,0.08180533045131733,-0.32077417704366895,1,1
2016-01-27,SPY,1,-0.010883515649099507,-0.01094317436480452,0.01539073045108504,0.01642109172956383,-0.0026824668205821522,-0.0022064263822421104,0.02373668085524232,-0.007648469955888916,0.3165478797023189,-0.11147975069980853,2,1
2016-01-28,SPY,1,0.005209342905210246,0.00519582121753448,0.015373547275907428,0.014560956794454327,-5.2787706363632836e-05,0.002842515072500218,0.016003333221144233,-0.00447465820948286,-0.2255628853031828,-0.28544186968924956,3,1
2016-01-29,SPY,0,0.024377275038755197,0.0240848914177052,0.016546310804562852,0.01571528185278992,0.020868477005045794,0.02631484965953068,0.021050415272407762,0.019471618066784865,0.4640546374517729,0.06212629582815499,4,1
2016-02-01,SPY,0,-0.0003612055542902004,-0.0003612708047286972,0.013430386461084142,0.01363676012175729,0.014076194247914842,0.02277965971634366,0.014231576951833963,0.0058172499054102485,-0.35371656106774685,-0.24130542110622677,0,2
2016-02-02,SPY,1,-0.018022522163064325,-0.01818690588361971,0.01631533848292626,0.015206612051361043,-0.004158235732272475,0.0032338827834257344,0.012658928159928891,-0.009376969101907101,0.3417812226226944,0.02525089921850876,1,2
2016-02-03,SPY,1,0.005995045725882386,0.00597714693965834,0.015191423068955594,0.014421423833143841,-0.0015033025731406857,0.006248892720079002,0.024450094489537274,-0.0005746857961809741,0.12318906865448942,0.20677872697391142,2,2
2016-02-04,SPY,0,0.00156813266041822,0.001566904424255,0.015172639551170994,0.0143999357600925,-0.0025302298283478297,0.005230633215254965,0.014629506517289333,0.004666768173228335,-0.31953930386447726,-0.15072457116952542,3,2
2016-02-05,SPY,0,-0.019049876772505248,-0.01923366349474076,0.011702464716809477,0.014394275020212762,-0.01561802006331936,-0.012587515945454153,0.023404372439075696,-0.01591710800296659,0.2956781178197372,0.09209941792408194,4,2
2016-02-08,SPY,1,-0.013461382378352371,-0.013552808191739985,0.011597661356987305,0.014225810844729632,-0.020424281348097373,-0.02474199804220445,0.017871518485623742,-0.001884082981460699,0.059397649073529735,0.11574922339533344,0,2
2016-02-09,SPY,0,5.40358079235137e-05,5.4034348041298585e-05,0.010707082456111721,0.013278634428610839,-0.015450837242174664,-0.022236166751331776,0.020397063049272923,0.011289223704948146,-0.03661943739436846,0.048339448780776895,1,2
2016-02-10,SPY,0,-0.0008626764368513395,-0.0008630487563108247,0.009296206862038563,0.012946052725786385,-0.00996066684877639,-0.021604185121234076,0.017273757617320612,-0.0061155483464011085,-0.19672857916321385,-0.13958249338856432,2,2
2016-02-11,SPY,1,-0.013008127229380384,-0.013093473857512805,0.008438126388459031,0.01318358504768336,-0.013625614339021541,-0.03113345021399283,0.01650767701040868,0.0028518387786809424,0.4779896109749342,0.21845359629725292,3,2
2016-02-12,SPY,1,0.020617103308536056,0.020407447599162687,0.013850616950648015,0.01233340815120508,0.008146209913304059,-0.007429580886394893,0.01454361529505453,0.009028969011278188,-0.41736035376786795,-0.25576462522129695,4,2
2016-02-16,SPY,1,0.016878124456797483,0.016737271593006753,0.013854247054777611,0.013944307477718293,0.020355486699823233,0.011404855305325201,0.011548406136786225,0.005350397224011095,-0.057835627944001655,-0.2922831712450529,1,2
2016-02-17,SPY,0,0.016334961017297145,0.016202980862436434,0.014382038088575275,0.013770077367799253,0.028781292206285114,0.026438165501040167,0.012084184835369355,0.00899770447662977,0.13104954898391452,-0.1769870924283018,2,2
2016-02-18,SPY,0,-0.004096234029226653,-0.004104646576872817,0.01494155456456662,0.013774356835662239,0.0171670252797258,0.02180407277372476,0.008022790249696819,-0.005745344864829004,-0.24753050338395477,-0.33966655880805374,3,2
2016-02-19,SPY,1,-0.00046821376448846763,-0.00046832341077962525,0.011273228195205215,0.01377182087356569,0.006943779068512512,0.02110835507443798,0.00904951479891834,0.004341695030624934,0.12164974644088988,-0.2473230309527118,4,2
2016-02-22,SPY,0,0.014479114531702697,0.01437529311440322,0.010078994858318285,0.012568016554610737,0.012864942892152564,0.03214396279454279,0.005983409972276495,0.004693886032025277,-0.09715487878180729,-0.28424302599956897,0,2
2016-02-23,SPY,1,-0.012629745967565165,-0.01271017916064654,0.012408508307137186,0.012444376056099696,-0.0025621349320531506,0.015395606390282257,0.01103100334246134,-0.008659756060728092,0.07540503066857207,-0.1852148492485216,1,2
2016-02-24,SPY,1,0.004575440894132976,0.004565005383711629,0.010079633778689067,0.01237794501690313,0.001669210948241684,0.015874041659560634,0.022084621241373656,0.01348157162881866,0.35311824561057215,0.13034880431812268,2,2
2016-02-25,SPY,0,0.012112121147561883,0.01203935637612119,0.01085952228883753,0.012470079241008595,0.010187672591048358,0.022655968260990367,0.014040165594844289,0.009342887516186817,-0.2657868527877718,-0.14609173458399305,3,2
2016-02-26,SPY,0,-0.0023013333183155016,-0.0023039854555859662,0.011060861065959297,0.011089596351435796,0.004655379931409742,0.013817932141908296,0.009055291819575402,-0.0075291800945350915,0.17254306261362262,0.07522875392629924,4,2
2016-02-29,SPY,1,-0.00784232257634676,-0.007873235312541027,0.009830301247207277,0.010724228042327916,-0.0019694260145597386,0.0022578180812868887,0.014863379054956119,-0.00794425220085606,-0.03015857978321501,0.04428396426856174,0,2
2016-03-01,SPY,1,0.023506718183794684,0.023234690029070748,0.012312535195281974,0.011781696422960446,0.015428011345574921,0.0214119601466507,0.01928111313029751,0.01589665243238062,0.12612642662174856,0.15534812839318035,1,3
2016-03-02,SPY,1,0.004492292489812533,0.004482232261644903,0.012315013256508286,0.011015318937710234,0.01396090486716095,0.02277328498686182,0.009153421201135357,0.0063719756844018895,-0.277748824574382,-0.14206510537566597,2,3
2016-03-03,SPY,1,0.003919912584407159,0.00391224974565052,0.011832982622104802,0.010714313686655059,0.013556139287615343,0.02274022810484566,0.00850144624218437,0.0049801575863986074,-0.07072010935898065,-0.19792025369304644,3,3
2016-03-04,SPY,1,0.0032534474805074876,0.0032481664714767433,0.011300584538490697,0.01060656043184353,0.011373707939596134,0.021658602628800816,0.01159945696683401,0.002099885908106246,0.35852276189895793,0.07648823330960997,4,3
2016-03-07,SPY,0,0.0007983845682639767,0.0007980660288380292,0.009227072900098028,0.010022034097308865,0.0050506511460621795,0.019455104619615193,0.009130166337184798,0.00627069340304989,-0.2248726928479059,-0.16320091285655014,0,3
2016-03-08,SPY,1,-0.010918001098523034,-0.010978039874730783,0.006432212827251634,0.009736179347681489,-0.006211277852655295,0.0052185436600944435,0.008579125989578214,-0.004615760555526465,0.23703988265698128,0.024444814090488487,1,3
2016-03-09,SPY,1,0.004939685913610381,0.004927525693817714,0.006507621412929697,0.009742743621592111,-0.001682366512382516,0.007030778663414505,0.006821832896207094,0.00010034245786363024,-0.23531940739617452,-0.17860995704479043,2,3
2016-03-10,SPY,1,0.0008021363501411471,0.0008018148107131751,0.006229289183464547,0.009236000328930108,-0.0006413079535838584,0.005806526659467126,0.01845370232801832,-0.0021004871655930344,0.6543957249486294,0.3066994060733699,3,3
2016-03-11,SPY,0,0.016137259393640635,0.016008437859786895,0.009716457974461705,0.010070282857824455,0.01312113602374465,0.018101355531285224,0.016346980899977444,0.007453046014810715,-0.12034147184336519,0.14171511032509265,4,3
2016-03-14,SPY,0,-0.0012822883674400432,-0.0012831112026514546,0.009843351413195483,0.009411863068817009,0.009894463414453547,0.012251922912821511,0.0062820982917795015,0.0016818180239989288,-0.46644245439950127,-0.3632680062846275,0,3
2016-03-15,SPY,1,-0.0016296574839747002,-0.001630986820170932,0.00737910325213793,0.006779442605757368,0.004471579003564541,0.008555447174269926,0.007349998624617497,0.004022633870374102,0.26567815030158126,-0.15871378492879473,1,3
2016-03-16,SPY,1,0.00578731598141613,0.0057706338007035285,0.0074216347150812025,0.006843319503084145,0.006324894785662005,0.012200773452632152,0.01125994148678427,0.008630903679048335,0.3878335199116445,0.13988964942340476,2,3
2016-03-17,SPY,1,0.006343790961549356,0.006323753815995481,0.007243243157906084,0.006953796438958352,0.007632305796160699,0.016168705363245328,0.012103874181212155,0.00683920169297176,0.038477779358902175,0.14430067049030515,3,3
2016-03-18,SPY,1,0.003929752151420995,0.00392205084499242,0.00383734690516427,0.006966046256002353,0.008934966149869661,0.01763321004734575,0.004799900750981747,0.001028587528777918,0.03048812728768935,0.17013513782061995,4,3
2016-03-21,SPY,0,0.0014189414224212715,0.0014179356763257545,0.0033016447964337547,0.006952044133783594,0.00717550960755986,0.01649128146131451,0.005586315228759949,0.0029401226206324364,-0.47296787509647875,-0.36873182847010655,0,3
2016-03-22,SPY,0,-0.0005374807483171651,-0.0005376252428721529,0.0029186256393936953,0.005294527045430168,0.0032500184933403897,0.012336010599740543,0.008146782725127241,0.003926202754834553,0.33657357319061476,-0.1364525449745565,1,3
2016-03-23,SPY,0,-0.006599335255081162,-0.006621207147727404,0.004934301336176839,0.006155358742589921,-0.0042628705581369,0.0032457746027159118,0.006467136937296178,-0.004409357178938401,-0.1684526514821194,-0.27306490330178,2,3
2016-03-24,SPY,1,-0.00044288427878358405,-0.0004429823809921629,0.0038889949342179645,0.006204496810894,-0.004255037478787305,0.0005272970088983087,0.007029693905669864,0.005544530283106436,0.04081798834089012,-0.19079181557386837,3,3
2016-03-28,SPY,1,0.0005907445423771751,0.000590570121508982,0.0031699219163727975,0.0038605464467392826,-0.002551976139388068,0.000369149041180572,0.00564802265624034,-0.001817175561506724,-0.26022363440883156,-0.3545907081133215,0,3
2016-03-29,SPY,1,0.009250240673982502,0.00920771921903718,0.005677356505857352,0.004606742009372014,0.0062301642751756425,0.007807693234923363,0.014056057312723682,0.011639379928430588,0.488953374716784,-0.0578315410351139,1,3
2016-03-30,SPY,0,0.004387777930033865,0.004378179698814932,0.005886140868146041,0.004499106536127986,0.009199602229772674,0.009804861781386842,0.006204550462249586,-0.0013572407908623598,-0.07057033303954141,-0.11823780900238656,2,3
2016-03-31,SPY,1,-0.002427179599347129,-0.002430129974778872,0.004622008878257231,0.004563981031553304,0.004476845343596603,0.005764845171769117,0.005245018755023336,-0.001894028375077939,0.0951632194874561,0.0011617969493091795,3,3
2016-04-01,SPY,0,0.006812061607512243,0.006788964349805582,0.004694953507978147,0.004620214416505193,0.007576768215616703,0.010963714097617316,0.015463682739058213,0.01257642274856518,0.20975407071590246,0.23716007250172022,4,4
2016-04-04,SPY,0,-0.003237990055755424,-0.0032432436894307415,0.00556508749730831,0.004778501763061491,0.0013788203662550291,0.006770382576271494,0.0057052068081214855,-0.0028042441904944306,-0.4450702871350728,-0.2529878954792456,0,4
2016-04-05,SPY,1,-0.009987956004890775,-0.010038170275876723,0.006667560884882303,0.005880887372953746,-0.0077267920046726335,-0.003051614553321924,0.011579592213760525,-0.002345217822999387,0.5695576168952865,0.13672506996019962,1,4
2016-04-06,SPY,0,0.01092133437569709,0.010862127293590262,0.008380770676541123,0.006848708625234385,0.0027203590935425126,0.006921946252053335,0.012292520376188667,0.010921179787825192,-0.0784891363024296,0.054277017399741334,2,4
2016-04-07,SPY,1,-0.011965861195975314,-0.01203802838585677,0.010099255257985676,0.007665507566439878,-0.00776461537523232,-0.00548574228886034,0.012040563654343871,-0.0058009283657348915,0.23975661967904993,0.25960964148601606,3,4
2016-04-08,SPY,0,0.00269680232898617,0.002693172482106654,0.009396595078226475,0.007691855382165089,-0.002740526954859046,-0.0034743326940861463,0.009642597748321675,-0.0040907585120844945,-0.165278107132506,0.039146400852129615,4,4
2016-04-11,SPY,1,-0.002347383411373083,-0.0023501428349419484,0.009383150119413446,0.007752537881195843,-0.002912851858344667,-0.006191296780472477,0.010523769364722898,-0.005992671023332826,-0.11871873704501024,-0.10510892707200015,0,4
2016-04-12,SPY,1,0.009312854970616291,0.009269757702539572,0.009315531187042448,0.007760492171304766,0.004673985162342964,0.0026731755051587758,0.01248654899870455,0.008324341093333847,0.37719726591648506,0.20360032705203657,1,4
2016-04-13,SPY,1,0.010101211850620961,0.010050535585595988,0.009118222753029932,0.008278392404016375,0.013260187427881487,0.011825877795569983,0.006087003698671498,0.004830917874396135,-0.1648383276723311,-0.005149683890350865,2,4
2016-04-14,SPY,0,4.766357391661202e-05,4.7662438044326905e-05,0.005546454827955466,0.008201594459848364,0.009316083021623456,0.010649950199298708,0.004806074709469205,-0.00028842608386752907,-0.32307103026478046,-0.305491759937251,3,4
2016-04-15,SPY,1,-0.0011052759593714878,-0.001105887227298652,0.006004993613330791,0.007982651694824311,0.005001499389993169,0.009111230696071004,0.003701765745855219,-0.0011056955608520246,0.16175787305885803,-0.15850139995041745,4,4
2016-04-18,SPY,1,0.007026238053986278,0.007001669061318161,0.0052559361892710035,0.008115467837597166,0.0069779995744319034,0.014727986812220761,0.01097313886173751,0.007026695170106344,0.08935133365715608,-0.10229122351013475,0,4
2016-04-19,SPY,1,0.00315453595334958,0.0031495708438127323,0.004708030341979044,0.00704768469750958,0.006299610929986432,0.015117988879784994,0.006007411432422241,0.0007627939312012983,0.07009608510741416,-0.027361618404293853,1,4
2016-04-20,SPY,0,0.0009527713753423317,0.0009523177767896129,0.0032072540114429725,0.006448366949274628,0.005234325989527555,0.01428003425911828,0.007287443684383845,0.0007144994401234425,-0.08170424192191461,-0.09613982921452502,2,4
2016-04-21,SPY,0,-0.005378226572636535,-0.005392741298885895,0.004638137230513354,0.005078143005141449,-0.0010897612511621135,0.006386063562227484,0.00761472558869647,-0.005473034091034524,0.0566545376527583,-0.01398224834369266,3,4
2016-04-22,SPY,0,0.0,0.0,0.004542231657222627,0.005134644966017531,-0.002224897054947772,0.004224245080319822,0.006617068347301594,0.002013896728839067,0.15819709434622786,0.1364961776022826,4,4
2016-04-25,SPY,1,-0.0017228785221095055,-0.0017243643841950984,0.0031999975324365753,0.005076984206057736,-0.0033443827124730596,0.00028768168222081947,0.0053779429824185425,0.0016806209197519997,-0.33334643134576036,-0.2267758422974001,0,4
2016-04-26,SPY,1,0.001485906360263023,0.001484803493775999,0.002768649341188274,0.004426960342905078,-0.0009278724292474116,0.00033503902826304,0.0055491948878967304,-0.0005740294730264908,0.14656510469799677,-0.07056013354965973,1,4
2016-04-27,SPY,0,0.0020583900542554545,0.0020562744720793447,0.0029920035594037738,0.0032581422610305564,0.0018472272055769512,0.001746603486374676,0.008442435345758288,0.004221254269964991,0.01931345746742208,-0.030022376264176143,2,4
2016-04-28,SPY,0,-0.009075750733335108,-0.009117186255202192,0.004507143777080972,0.0044904598136999005,-0.005798905160040113,-0.007078960260175404,0.013431774454521732,-0.004845100897513365,0.25716997674881736,0.1723643081791344,3,4
2016-04-29,SPY,1,-0.005398878979400612,-0.0054135055951576305,0.004714594082811088,0.004776382442941213,-0.008657931480560377,-0.011753746371600093,0.010158698196182616,-0.0018866069434280695,0.46502434779388624,0.589741872508426,4,4
2016-05-02,SPY,0,0.007948426322484714,0.00791700397762174,0.0066962892727307904,0.004947739226329643,-0.00016343458823320223,-0.003292487703062452,0.008553977524331508,0.005074439691906964,-0.5633604144242442,-0.28972767450001513,0,5
2016-05-03,SPY,0,-0.008703312639001037,-0.00874140766076259,0.007415920968255078,0.005352932811304044,-0.006228061205036828,-0.01019298536026747,0.007360082515084604,-0.0017431754934336301,0.7112963915868014,0.19086003306635924,1,5
2016-05-04,SPY,0,-0.005578235689888356,-0.005593852148529699,0.006981519974097254,0.005380358614297399,-0.0076192926377788295,-0.013303069535976153,0.0069759885665157464,9.751213784196706e-05,-0.13322702709305678,0.019492684026653384,2,5
2016-05-05,SPY,1,-0.00019474908118377598,-0.00019476804724849472,0.006534106544028384,0.005314745961289837,-0.005424659307771362,-0.011592383207514212,0.007345760482437843,-0.0028701904305211416,-0.2669512747740228,-0.2374277848424743,3,5
2016-05-06,SPY,1,0.003658631154619174,0.0036519546432955963,0.0067420109551915245,0.005580731203900128,-0.0011945498738306082,-0.00641897109113565,0.009261978889839708,0.008134880338968552,0.32085265723344847,0.018660714642128706,4,5
2016-05-09,SPY,1,0.0008265076824531814,0.0008261663130619823,0.00502509548310517,0.005630082487544883,0.0016540851541484436,-0.004289697236018686,0.0050590711148468595,0.0015566087173651056,-0.16727425404467333,-0.15960270595298132,0,5
2016-05-10,SPY,0,0.012433871618604986,0.012357205884012679,0.006613957272443728,0.0071031577087633324,0.0118539285660606,0.008320017325463613,0.008852562984947446,0.008368787332252601,0.04164442574040428,-0.12619251258367736,1,5
2016-05-11,SPY,1,-0.009354722087045686,-0.009398752308502623,0.007831931290736812,0.007599115799538514,0.0009403797333802366,0.00026644712451329156,0.009811905392720609,-0.006781798072597224,0.054920345620751654,-0.0827522930631508,2,5
2016-05-12,SPY,0,0.00029058109347723793,0.0002905388829681499,0.0078090544905745065,0.007101132684151376,-0.00030965128036597456,0.0009886390713145232,0.010227268293893017,-0.0035216158578934035,0.0961652819753569,0.014139446933264521,3,5
2016-05-13,SPY,1,-0.008714291775874683,-0.008752483252776777,0.008870398254888159,0.007429868895870687,-0.008099573542907024,-0.006978743949772714,0.012026553740334503,-0.007031725715635408,0.0768901048486208,0.15204130385225811,4,5
2016-05-16,SPY,0,0.009865211723875777,0.009816868208688767,0.010141134716058276,0.007698744863384273,0.0008227559940496842,0.003396705495383623,0.011953536631477996,0.008879742417116882,-0.1968165714084329,-0.09130045798049746,0,5
2016-05-17,SPY,1,-0.009333602009512498,-0.009377433020082648,0.008492380284452778,0.007775139875450325,-0.00505128960959722,-0.0053363174865859175,0.0124479668732188,-0.007798123404029825,0.4831545501943557,0.3344357169505241,1,5
2016-05-18,SPY,0,0.00029309700870960853,0.000293054064172793,0.007889847605904436,0.007577460001301555,-0.0032201521777845965,-0.0049964963329558465,0.013060057410782658,0.0022989689644414392,0.04470049571502788,0.35046448821935505,2,5
2016-05-19,SPY,1,-0.0034652093767417735,-0.0034712271206043255,0.00785310003370777,0.0076558704228828975,-0.004388206345175449,-0.00807347522718116,0.008624887424741701,0.0006860697408772541,-0.038576703222748865,0.2321072764462948,3,5
2016-05-20,SPY,0,0.0063174672644250585,0.006297595716097781,0.007644254208184358,0.007854158010820449,0.0011888347088702123,-0.0016954942631289827,0.00605116876949094,0.0027816090635956877,-0.09044489974486813,0.10222704866840382,4,5
2016-05-23,SPY,1,-0.001362593700167336,-0.001363522875117873,0.005691522713308964,0.007856464195739493,0.001356558313717171,-0.002726327530061856,0.004136007335148311,-0.0014597236192265648,-0.4410669927917219,-0.3736095506007766,0,5
2016-05-24,SPY,1,0.01296221498228789,0.012878924454678753,0.006678263038696036,0.007952822016669157,0.011355581311949692,0.010485382393272902,0.010185798720310325,0.008245607815590757,0.5939614127526729,-0.018391168880777964,1,5
2016-05-25,SPY,1,0.006783003420878009,0.006760102353527309,0.00666368582655575,0.007525932334384517,0.013904257180840096,0.015966558266070408,0.009105329812363033,0.002923278936618805,-0.18085095009718,-0.19158461502426571,2,5
2016-05-26,SPY,1,0.0002870644633503616,0.00028702326823104585,0.005722892965765527,0.007525988125463019,0.009169206029972399,0.014888528551383562,0.0035332576610864457,-0.0004774928492640898,-0.2785214052470981,-0.39484185846003217,3,5
2016-05-27,SPY,0,0.004298982993845124,0.0042897687648908445,0.005677510345068092,0.0066657664599562875,0.008887238785037166,0.016550823255560232,0.0037226114820840856,0.003388568310044497,0.16154824378128363,-0.27134440968992823,4,5
2016-05-31,SPY,1,-0.001902461393787469,-0.0019042733719754068,0.0058223903776084595,0.006280946099400311,0.0025130573786737997,0.013117886302691728,0.007171399046035802,-0.0034194587245982757,0.7112186036080932,0.20268032367907485,1,5
2016-06-01,SPY,1,0.0020493651880779673,0.0020472681038796736,0.003386318458920405,0.005003421692154215,0.002269092677797735,0.012544475288653212,0.007603272642578327,0.005499278797462628,-0.36351854851773857,-0.19486991215961003,2,6
2016-06-02,SPY,0,0.0030431613345289765,0.0030385402917536553,0.002426425526074416,0.004936067345101045,0.003759434100476966,0.012699894609510709,0.008055229542586168,0.005290755930435924,-0.09853981200008011,-0.22321904144440918,3,6
2016-06-03,SPY,1,-0.0029865820105099417,-0.0029910507462780345,0.003179094784902647,0.004869346795584148,-0.0001329840472431565,0.006736329229384941,0.008703932609059157,0.00014268147109096314,0.6140468588160464,0.27524511508675764,4,6
2016-06-06,SPY,1,0.005088435220758747,0.005075532884220912,0.003401876434293879,0.00478973799486995,0.0038950228818603883,0.009028164425003204,0.0059801128802793365,0.0030849984085814216,-0.3623344218732648,-0.14378809933150627,0,6
2016-06-07,SPY,1,0.0015612234648521017,0.0015600060224674195,0.0029739651527674396,0.004590744759845792,0.003707890448784168,0.007491433891801513,0.003971050644060412,0.000709090423816782,-0.06029250851480261,-0.19783752864476,1,6
2016-06-08,SPY,0,0.003259781508096138,0.0032544799385370027,0.0030525383368404696,0.0030437696275576777,0.004978382124059655,0.008615382814922246,0.003918060070822564,0.0025018824983904947,0.08521717168403997,-0.09696772518933128,2,6
2016-06-09,SPY,0,-0.0013658098965146914,-0.0013667434649997645,0.003300178738735364,0.0027407887510553673,0.00249564052452933,0.005900141798239611,0.004869740466394773,0.002694942740402405,0.11509591074021963,0.010877908793582414,3,6
2016-06-10,SPY,0,-0.00947737259508874,-0.009522568677494014,0.005711116795937745,0.004395063278784788,-0.00680817823736779,-0.003977999679847022,0.006794677796026553,-0.0018530807621738067,0.5426749192607361,0.4436583724530341,4,6
2016-06-13,SPY,0,-0.007711758739252228,-0.00774164811628264,0.005623536342739931,0.004818782826996542,-0.011757458115536967,-0.010819563726153003,0.009648399922539927,-0.004346597532749438,0.03445513102086273,0.3984414098806035,0,6
2016-06-14,SPY,0,-0.0019668757039326135,-0.0019688125440495696,0.005149185686415881,0.004820397399607095,-0.01028533259684139,-0.011921164940179474,0.008750035212590145,0.0001922754141000601,0.06206391102595976,0.4589325001373663,1,6
2016-06-15,SPY,1,-0.0013938054090527618,-0.0013947776593354888,0.0039022315359753435,0.00471198841976375,-0.0073011344292781555,-0.012115984649057943,0.00879639439584941,-0.0013939304724643173,-0.1274179529231333,0.2173834564053685,2,6
2016-06-16,SPY,0,0.00298411437600854,0.0029796707447120596,0.005057106301388142,0.004706120781825928,-0.0007961234871777245,-0.007969866446246088,0.01434421654068893,0.002984332694043321,0.3702981456959711,0.5213862611077309,3,6
2016-06-17,SPY,1,-0.003724087249108332,-0.0037310389264968435,0.0038778106572777585,0.0047428499312010715,-0.002147686586315256,-0.01039877420082358,0.006999068209962177,-0.0031374904775271113,-0.21719204644322898,0.17269999196531738,4,6
2016-06-20,SPY,1,0.006439987392896418,0.006419339275749891,0.004152228301289487,0.004958669660616454,0.0038143911380335016,-0.0028758712461004476,0.008907195408070659,-0.0046451546148884035,-0.2927332885113668,-0.18520204016395636,0,6
2016-06-21,SPY,0,0.0028387346342302333,0.002834713036103942,0.004001195624024496,0.0050515650143542245,0.0052305144298807615,0.0009846628790521894,0.00547287264976743,0.0006721045972027703,-0.12474876071390606,-0.29481926201832476,1,6
2016-06-22,SPY,1,-0.001631147135574773,-0.0016324789044679378,0.004044232443899101,0.0048236769555840865,0.0022135446851083707,0.0008761860436179436,0.007524597987755818,-0.002635934862483679,0.318772537768228,-0.09588583849195753,2,6
2016-06-23,SPY,0,0.013022244194510701,0.012938183756464383,0.006674739641450125,0.006663413982587643,0.011835979486836123,0.013994118924451904,0.007625903738356091,0.004766217108985617,0.07504041942015793,-0.05394825030237693,3,6
2016-06-24,SPY,0,-0.03590898088122518,-0.03656957065570321,0.019136221115125966,0.013021792661882515,-0.021416795109992615,-0.019709338936839682,0.03992537783167689,-0.001915235379348339,2.2457885320359696,1.5541285966556861,4,6
2016-06-27,SPY,1,-0.017909824240662786,-0.0180721461681701,0.01921625124728129,0.01383160446573209,-0.03124668248143292,-0.03364380456419458,0.014633723203638796,-0.00987147314115489,-0.3079032066515437,0.6268589588138758,0,6
2016-06-28,SPY,1,0.01803627915986583,0.01787555517492123,0.02229784295758638,0.015464179929082432,-0.008731962063888155,-0.014418440106842678,0.010472506725704479,0.00853683371638085,-0.3093625934781723,0.09702585749712411,1,6
2016-06-29,SPY,1,0.01702728012134269,0.01688394081811051,0.024435925032671585,0.016565893607553818,0.009565069402641235,0.0023707516486117797,0.010788866894103376,0.008885019316328171,-0.1383703595880097,-0.07277015592582414,2,6
2016-06-30,SPY,1,0.01364582246312307,0.013553556642187381,0.0245277372364827,0.017105201158471462,0.024672858806538134,0.014971760419178803,0.014381524207245882,0.010955016360799914,0.2016571930391775,0.10268069535839719,3,6
2016-07-01,SPY,0,0.002100521740020511,0.0020983187286729432,0.015084222369929118,0.017018465608696673,0.02015836273643412,0.015430926464819139,0.005728528888228785,0.0021004508801811357,-0.3573259064402967,-0.2860880766443925,4,7
2016-07-05,SPY,1,-0.007193295483977735,-0.007219291975921749,0.010921516581578828,0.017148022963001896,0.004221013159556364,0.007853604111347723,0.006556569213671028,-0.0025843182293348926,0.03534382534394798,-0.2740566575058525,1,7
2016-07-06,SPY,0,0.005997765497999685,0.005979850500130723,0.009602479016958449,0.017226802013523994,0.003993762155162672,0.01330064695851707,0.013183878501773853,0.008805282273645451,-0.1255167175605194,-0.37491109938608536,2,7
2016-07-07,SPY,1,-0.0006198918998518987,-0.0006200841122740997,0.007744473833151591,0.017214439091720605,0.000620917522749842,0.011973094476882995,0.00962495383174689,-0.001620033095730418,-0.10859755367287538,-0.43915534870945283,3,7
2016-07-08,SPY,1,0.014890215169569787,0.014780444249264946,0.008188003709980579,0.017370985566574872,0.012454993887575316,0.026129679589764976,0.010234558781691449,0.007581098420236371,0.565195142638836,-0.13977695109998833,4,7
2016-07-11,SPY,1,0.0035271585918186243,0.003520952756314699,0.008172137896055193,0.011565433674730112,0.012670339582268708,0.02472510508800907,0.005253578325204952,0.000984996729083671,-0.4503743347440864,-0.4325324704399601,0,7
2016-07-12,SPY,0,0.007263036596839578,0.007236787767379127,0.005708439204556712,0.008321554079315133,0.013733205815334548,0.024615376412951084,0.00871677801061465,0.0019577596202636264,0.37539367057836137,-0.1329794843315275,1,7
2016-07-13,SPY,1,-0.0001393971625487378,-0.0001394068792359704,0.006385575470212479,0.007719846273920866,0.00858791184023655,0.018780987890624434,0.00510578737588777,-0.0024136848615305987,-0.1377577619880801,-0.20326863494720127,2,7
2016-07-14,SPY,0,0.0055832315004693545,0.005567703036004623,0.00557582370844366,0.006615031480250175,0.007984606451824972,0.019895561147678542,0.004667257556943701,-0.0012938945803797634,0.04473908119293535,-0.1310777643917218,3,7
2016-07-15,SPY,1,-0.0013416165007255065,-0.0013425172738950053,0.003668364607837127,0.005981538430470851,0.003655112080321654,0.015484215312317362,0.007842037816288346,-0.004382309039540944,0.17455160477425968,0.08012457245753613,4,7
2016-07-18,SPY,0,0.0026874171952977477,0.0026838125463930496,0.003656167262175732,0.005974533643743175,0.0035430138072629624,0.015113537442200675,0.00430619034733404,0.002037331291009276,-0.4519557577126304,-0.37838811655068005,0,7
2016-07-19,SPY,1,-0.0010165874744501036,-0.0010171045499616227,0.0029403182670029266,0.00504272100959533,0.0013711588228624283,0.010394283708872631,0.002778764587878068,0.001250482932339015,-0.07458719236316513,-0.38887825604102566,1,7
2016-07-20,SPY,0,0.004162721001988556,0.0041540808483189195,0.003092512060225015,0.004982157714194316,0.0035222961556438115,0.011089269163916171,0.00545812786186106,0.004162976485132791,0.07017666531114708,-0.31690837778674064,2,7
2016-07-21,SPY,1,-0.003777156258039982,-0.0037843077265611313,0.003222909017497706,0.0053580819219793884,-0.00040681535210906894,0.004118192195652792,0.006775447894605769,-0.003180320888891952,0.16536937215760106,-0.18693189881517414,3,7
2016-07-22,SPY,0,0.0044852003671767005,0.00447517183148971,0.0035850155703086024,0.0035309828438532995,0.0027695591496359473,0.006476967006934897,0.005545016071049083,0.0038353209972243544,-0.07362051896431399,-0.17646643734298262,4,7
2016-07-25,SPY,1,-0.0027160326693749237,-0.0027197277783130858,0.0038685716560757626,0.0038007619516681047,-0.00017546683412972275,0.002234279081768875,0.005023024598574309,-0.0016129313526065667,-0.11012383038025086,-0.24967803882334771,0,7
2016-07-26,SPY,0,0.0004616709221543225,0.00046156438492239715,0.003805687784774025,0.0032233758074181906,-0.00023059332205699334,0.0018627313579653304,0.006511816700034037,0.0010160311363016552,0.2542797875900926,-0.017737366879343908,1,7
2016-07-27,SPY,1,-0.00106099042149288,-0.0010615536702660577,0.003230324861520875,0.0032673304145042666,-0.000765959371038516,6.016083491688917e-05,0.0075970769221690064,-0.0030848481118557255,0.199818779831765,0.18391393536394451,2,7
2016-07-28,SPY,1,0.0011542923658842685,0.0011536266826643882,0.0026965144864744043,0.002806586230859641,-7.397924588736782e-05,0.0009140299894996318,0.006287857286825102,0.002219293546757442,-0.22653801738501667,-0.04921972824072818,3,7
2016-07-29,SPY,0,0.0016149538811274233,0.001613651245383707,0.001774577044293747,0.002769464278306183,0.0016517266339666214,0.0019336554369162595,0.006513851795191613,0.003049008513580681,0.22270383804587324,0.21146851293098523,4,7
2016-08-01,SPY,0,-0.0008291756598266531,-0.0008295196161105522,0.0011839887243873643,0.002697216852705952,0.0005534388196293261,0.0008581078663845165,0.005709241771888307,-0.0011510658740723817,-0.0780689995145839,0.09261163621839286,0,8
2016-08-02,SPY,1,-0.006407641994334967,-0.006428259050631269,0.0031897718022765695,0.0034199684933878933,-0.004756037708148697,-0.005261268623122595,0.010431546598223148,-0.005077271524190023,0.25895154096088735,0.3019100219233717,1,8
2016-08-03,SPY,1,0.002922756987096875,0.002918494037251307,0.0036657568520587712,0.003259242879206246,-0.0015335957385913535,-0.0019347229396570187,0.005197675605134426,0.003248547253209016,-0.4149920635350586,-0.23387024111400523,2,8
2016-08-04,SPY,1,0.0010644494864624487,0.0010638833618132892,0.0036570009727265,0.003057715087625253,-0.00013835498074210584,-0.0009369280351209097,0.011696171272026169,0.0004623276993405517,-0.13720329816867183,-0.31849312012400854,3,8
2016-08-05,SPY,0,0.008178686900552457,0.008145422689477044,0.005325709606332638,0.0037866283359178597,0.007052844867019514,0.006797202278062464,0.008409925764205071,0.00817886873859786,0.5432312629466249,0.03789852264596694,4,8
2016-08-08,SPY,1,-0.0005957668858761478,-0.0005959444254859392,0.0053068127301620525,0.0036471743588190565,0.005422630745969048,0.005547756155737993,0.003571423081937324,-0.0016025222275988186,-0.4449119654148851,-0.4102814789682109,0,8
2016-08-09,SPY,0,0.0005961220356449637,0.0005959444254859392,0.0034522912524454033,0.0036466494135853284,0.003587853830378629,0.005484122597940955,0.004401005976201522,0.00022916513936542242,0.28429453848370567,-0.22095126219949857,1,8
2016-08-10,SPY,1,-0.002474868873960423,-0.002477936424167382,0.004052665702446571,0.0037469812144045995,-0.00023880811441345795,0.0024782528636630996,0.005359343053591893,-0.003069021924960111,0.13052054858668094,-0.0828223840276725,2,8
2016-08-11,SPY,0,0.004640449896645915,0.004629716202328993,0.004297025859912243,0.003967964286988772,0.002337832909227844,0.006258824942181773,0.004535899927061784,0.0017868569571334002,0.2513449002521526,0.13429542998354815,3,8
2016-08-12,SPY,1,-0.0008688080267663656,-0.0008691856592024649,0.002682693140874162,0.003993873162100655,0.0012099526631406121,0.004764965311113922,0.003298370254468573,0.0007788420585616251,-0.15434670771250814,-0.012657583720843024,4,8
2016-08-15,SPY,0,0.0028837415178299963,0.002879591511708135,0.0028513879888568605,0.004016432733542716,0.0031409339170698214,0.006667009827620696,0.0028324506323554786,0.0009136870062582018,-0.18756065140629719,-0.16629762740390164,0,8
2016-08-16,SPY,1,-0.005157851239467215,-0.005171198870684179,0.0039730950060687786,0.0037725702791066534,-0.0018319929304638771,0.0003670138858848926,0.003293622789622069,-0.002927718992584899,0.06825659710721,-0.04706083552480189,1,8
2016-08-17,SPY,1,0.0018814088588936517,0.0018796412259920459,0.0038230958662177996,0.0037313929386729896,-0.0006222383349445693,0.001242678244953277,0.0069265803065868695,0.0016972253081995413,0.41193792564306864,0.29641094340807683,2,8
2016-08-18,SPY,0,0.002243779715373817,0.0022412662008148843,0.003318715769988475,0.003751719403906859,0.001427629079950199,0.0023632665730308755,0.0031601501978107682,0.0023816262763704014,-0.29473888756533306,-0.09568400573417979,3,8
2016-08-19,SPY,0,-0.0014621349897556701,-0.0014632049521994261,0.0033764339367944856,0.0028765541565422027,-0.00010978820277940393,0.0007326743981883599,0.004626423517616769,0.0010535281485555068,0.42374026454397407,0.27975602821865175,4,8
2016-08-22,SPY,1,-4.5865930369926033e-05,-4.586698224429142e-05,0.0030011091380936225,0.002865553392611109,0.0003569823318201326,0.0004668862919894323,0.00444424651844635,0.0012370763275744558,-0.18655408719165467,0.004443567155411499,0,8
2016-08-23,SPY,0,0.002013451352902651,0.0020114270764599596,0.0016186114377048178,0.002920549545623972,0.001445110369438396,0.0021188436242249864,0.0031927580708380845,-0.0012770753901795895,-0.12986403514489442,-0.12905878549831795,1,8
2016-08-24,SPY,0,-0.005114820724244407,-0.005127946195180755,0.003011256525932485,0.00330041875760783,-0.0032029470579290065,-0.003102604176818846,0.007084108912883125,-0.0043418507083725355,0.34325795142998405,0.14416874937391166,2,8
2016-08-25,SPY,0,-0.0006883637250606478,-0.000688600756151736,0.002608446246307617,0.002890892034753988,-0.0028305877833799675,-0.003355587134662996,0.004461827267414707,0.0013799588784747612,-0.03491061482889046,0.11003194367676028,3,8
2016-08-26,SPY,1,-0.0018834911089190554,-0.001885267108701072,0.00263140960582715,0.0029255445553012546,-0.003567703072034245,-0.004699632582304436,0.013169948335638747,-0.002890991593731937,0.769688030879107,0.7888787694665633,4,8
2016-08-29,SPY,0,0.0049244573377604794,0.004912371857772158,0.0038201737681044373,0.0032441849531767626,0.0014952903720819588,0.0005362237050174912,0.005840711268402265,0.004231043775826048,-0.42450143380381256,-0.0006922647773867086,0,8
2016-08-30,SPY,0,-0.0016489341332965868,-0.001650295121510048,0.003648985655160644,0.0028267648625354257,0.0007343265811869948,-0.001131904282720364,0.005681252934953974,-0.0011912146677333232,-0.17570657369557263,-0.1819598027227326,1,8
2016-08-31,SPY,1,-0.002843929502611031,-0.002847981153682788,0.003088787735334538,0.0028759187805625593,-0.00168090850622582,-0.003520577366825317,0.0058820769987902215,-0.0010569170851246336,0.46726720525858445,0.18340037735246795,2,8
2016-09-01,SPY,1,4.594629937892947e-05,4.594524388057408e-05,0.0030907729203047524,0.0027272711978585705,-0.0013506419895531474,-0.002802813361561851,0.007820752571327487,9.202867419743415e-05,0.14747008015761787,0.27833839864938836,3,9
2016-09-02,SPY,1,0.004508283761827991,0.004498151890742541,0.003550079037272431,0.0031546971838488317,0.0021571104903530536,0.0017709407651305131,0.005357379789437234,-9.159884846762672e-05,-0.1895901852128179,0.03079184813617064,4,9
2016-09-06,SPY,0,0.0030222255532497133,0.003017667810311764,0.003097006285432799,0.0033033551905538878,0.004568113540524887,0.004568088844064233,0.005761291835473273,0.0015089247172362153,-0.28491220636139725,-0.25839435113609255,1,9
2016-09-07,SPY,0,-9.144507279512659e-05,-9.144925415061067e-05,0.0028830951861348853,0.003243859662592026,0.0035465028410175403,0.004457804505365814,0.004203976349573815,0.0007768148957690258,0.3501245985598418,-0.028172066133894447,2,9
2016-09-08,SPY,0,-0.0022829910315261825,-0.0022856010287082285,0.0027050318708337438,0.002844529582035885,0.00021962986536294693,0.0018613819368020756,0.0036136152345004145,-0.0005031589644515295,-0.03202930184743236,-0.06212548978611099,3,9
2016-09-09,SPY,1,-0.023934594860674285,-0.024225681351921935,0.011586815094068916,0.008201688618819173,-0.02003297088369904,-0.02013200400917403,0.01742175765327041,-0.01700697064407885,1.9902891789660053,1.3511288732403335,4,9
2016-09-12,SPY,0,0.014347349049909086,0.01424539981466122,0.013938101892309337,0.009700437130933848,-0.00411524529194518,-0.00563951569222354,0.021187438264192223,0.01859784810769534,-0.24133948826905294,0.7013823315867211,0,9
2016-09-13,SPY,0,-0.014375497804292814,-0.014479826329558243,0.014593296373360614,0.010417832834035468,-0.013162033615486624,-0.017617589562207492,0.012334732552855682,-0.007493951953990105,0.08754875501826476,0.6614595203900215,1,9
2016-09-14,SPY,1,-0.00037564591111982626,-0.0003757164837194793,0.014568628713495305,0.010434786226234052,-0.008152855311843843,-0.015787410711685435,0.010314581168797955,-0.0006563804869205726,-0.26605928606433993,0.14056588040715967,2,9
2016-09-15,SPY,0,0.009993438186002068,0.009943833986521433,0.016157201056056655,0.011114044070926926,0.004779438879425335,-0.004986929850285593,0.013993217663366161,0.01089402701112245,0.0018064544976916785,0.09679741248695994,3,9
2016-09-16,SPY,1,-0.003865847401485545,-0.0038733391036362974,0.011411657266128201,0.01114528888982969,-0.00019474193769386527,-0.0074838124310177,0.0052463703372794285,-0.0005152736207281661,0.1547930154380155,0.2099180036295265,4,9
2016-09-19,SPY,1,0.0001872146320358592,0.00018719710956371927,0.008766560306366883,0.010977342162841056,0.0017223813749966954,-0.005511174033427824,0.008639639757763433,-0.0033624489996026572,-0.48304328108613703,-0.37499075147840055,0,9
2016-09-20,SPY,1,4.723223280844735e-05,4.723111740201347e-05,0.0051919311376665426,0.010873837711036515,0.0005845774892809796,-0.0033700227945711037,0.005643353548862213,-0.004617347494309179,-0.13190198191911573,-0.46285375821869146,1,9
2016-09-21,SPY,1,0.011245571770819307,0.011182810415161448,0.006695299949688689,0.011661466895903633,0.00829942555740093,0.008821869423083273,0.012089228302289538,0.0073749150044019295,0.5830607203299203,-0.17121878207237684,2,9
2016-09-22,SPY,0,0.006301438581360896,0.006281667531166768,0.005967081147292266,0.01186269008849187,0.011833864040291742,0.015288873334134534,0.0037787652784778227,0.0008294593353974654,-0.3047185277337502,-0.42487703988164327,3,9
2016-09-23,SPY,0,-0.005479436356395806,-0.005494503532750272,0.006441361893697225,0.00876353278900524,0.0038389078177953895,0.007943624256707027,0.004614248774304965,-0.0033683818910449806,-0.0397476743867593,-0.37879909319106153,4,9
2016-09-26,SPY,1,-0.008102376653803423,-0.008135379294963663,0.008040927426865775,0.008038335621772872,-0.005062200103694403,0.00024961412067270317,0.005673896365275902,-0.003627563779175195,0.21996743215144732,-0.18856345036479605,0,9
2016-09-27,SPY,1,0.0062083423365830726,0.006189149973510943,0.008361923754752077,0.006576599020277654,-0.00088048586353906,0.004858905792842094,0.009623908101957082,0.007101164451249257,-0.12615875129275844,-0.21715136518398614,1,9
2016-09-28,SPY,0,0.004963622859994743,0.004951344696733528,0.006991656261972462,0.006613572841554576,0.003316138716848105,0.007704014356680666,0.009776215505030706,0.0037529423700222737,0.11358969001768271,-0.08557023108519324,2,9
2016-09-29,SPY,1,-0.009047438945542607,-0.009088615571448244,0.007322159247539969,0.006841529084429761,-0.003453660983135931,-0.001636945900641451,0.013077642841378396,-0.007948249857742107,0.46515427120156505,0.34875060278559356,3,9
2016-09-30,SPY,0,0.007545902987233122,0.007517575078468397,0.008172126704369795,0.007028679338307585,0.0037773191725800626,0.004527858331059065,0.008161347352881283,0.0030141858273617797,-0.08485710225453769,0.2858013306178584,4,9
2016-10-03,SPY,0,-0.0024036167754616367,-0.0024065100994876687,0.0070212878227552825,0.0071249100352570646,-6.470256993107437e-05,0.0010115235235896858,0.004633490714777594,-0.0001853792214072701,-0.2874570509774076,-0.08707795771214433,0,10
2016-10-04,SPY,1,-0.005098025710678522,-0.005111064978980728,0.0069270844001707585,0.007392385544637383,-0.004341091596295588,-0.004673444071197519,0.010096765498614192,-0.005696868905866185,0.4362960576970283,0.24290718263553956,1,10
2016-10-05,SPY,1,0.004425156532107621,0.004415394315902432,0.006818254844968616,0.006571494499064634,0.0010026866502628184,-0.00018087489987816951,0.003713862114837952,0.0010213138524811382,-0.3929374454451551,-0.21500003665403034,2,10
2016-10-06,SPY,0,0.0006959126980363717,0.0006956706630782961,0.005085225418140672,0.006196103365980691,0.0006772676574149372,0.0011647915427634992,0.006036067337334518,0.00190371765522065,-0.13580257086354652,-0.31139669686557103,3,10
2016-10-07,SPY,1,-0.003429771171731155,-0.0034356663200760806,0.0037697763323450597,0.006050009624599215,-0.0015880554459158924,-0.0018290000293356146,0.00976400069762532,-0.0049051956846083945,0.42685539208675394,-0.034532851397072184,4,10
2016-10-10,SPY,0,0.005208409975822281,0.005194893122478561,0.004590692319557082,0.005622163673999399,0.0032581279680345965,0.002476434724816956,0.0032845644108516416,0.0,-0.422474865878962,-0.4186829938403155,0,10
2016-10-11,SPY,1,-0.012629440996485997,-0.012709870288639458,0.007278289316584046,0.006700892516082443,-0.008261740225302017,-0.009200947045799102,0.014652710787580198,-0.010340401319022741,1.5140757882557132,0.3811586581103821,1,10
2016-10-12,SPY,0,0.0013118829777061247,0.0013110232110928877,0.006799985721127944,0.006435428235094227,-0.005185642279626257,-0.006549845738056725,0.006133306052922188,0.0005618726440104947,-0.43340052804612195,-0.2060429907371808,2,10
2016-10-13,SPY,1,-0.00327532730397162,-0.0032807029296106904,0.00667085953565095,0.005904480918038696,-0.005880280507560065,-0.009034436508618904,0.011217899617940527,0.00400636703457206,0.37217207893742876,0.12165205558007974,3,10
2016-10-14,SPY,0,0.0005161900914871786,0.000516056911211038,0.006775254161126985,0.005178977058859042,-0.0035814268426749285,-0.00705396250546475,0.007751593319735447,-0.004809707254975477,-0.07903548842211194,0.061013185515165214,4,10
2016-10-17,SPY,1,-0.0034719960160841667,-0.0034780373820382238,0.005538083635752497,0.005211344474115868,-0.0035188767086929973,-0.00893151770844669,0.005725286224927258,-0.003331885434698268,-0.37570356372300107,-0.31805171206458815,0,10
2016-10-18,SPY,1,0.006262209559185994,0.006242683400437876,0.00398825071503749,0.005582918931517039,0.0024579051943229846,-0.0022736227984549995,0.0048543374695068165,-0.002473855329105591,0.3190695264063752,-0.05270911216796015,1,10
2016-10-19,SPY,0,0.0026670783771001183,0.0026635280348576984,0.004120726433585316,0.0054385517765165765,0.004594355511800652,0.0010182959838411776,0.004859327471131322,0.001214814043760826,-0.1346499335889173,-0.1738510529427253,2,10
2016-10-20,SPY,1,-0.0018669334338632382,-0.0018686783261561146,0.003832834342268013,0.005430318947337853,0.0019016302138270547,3.7138919391610514e-05,0.00663953897865496,4.6803038544585315e-05,0.10704578527703279,-0.09742360559902852,3,10
2016-10-21,SPY,1,0.00046779336599511723,0.00046768398478924667,0.003833858492331337,0.005365729081437851,0.0015633319435053306,0.0010010608552240008,0.006171719160666741,0.00046750908193287505,0.20979551818445996,0.0928694485621182,4,10
2016-10-24,SPY,0,0.004252702657008722,0.004243685472959946,0.0031761302437289776,0.005260614972538725,0.003464909013264572,0.00585560946387087,0.003907030682231105,-0.000511630745821221,-0.32487139279664967,-0.26960176655857215,0,10
2016-10-25,SPY,0,-0.003350328749664233,-0.0033559536680947133,0.0031299245096971305,0.003380971853921474,-0.0003265233371664289,0.0021385323247289367,0.004658095929368891,-0.0023756033362929757,0.10633518769140737,-0.12404197871208611,1,10
2016-10-26,SPY,0,-0.002008006626562975,-0.0020100253747612484,0.002991311040699186,0.003438674773517864,-0.0018306816560266226,0.00011220513824339307,0.006988440721563715,0.0024858063064936054,0.13770488846943985,-0.005825544119950954,2,10
2016-10-27,SPY,0,-0.002666621198561425,-0.0026701829662023613,0.0031019381269740747,0.0033787384658790953,-0.003831889026167712,-0.002629374552042707,0.007176779163909672,-0.006570992870153452,0.020007793357153636,0.04726045538759327,3,10
2016-10-28,SPY,1,-0.0029555453127044773,-0.0029599215616809005,0.0031676384518676205,0.0035049693496834572,-0.005437559826834248,-0.005307217307691459,0.010415623384964129,-0.0028150797843380566,0.8210675445026043,0.7922201166331244,4,10
2016-10-31,SPY,0,4.725827164042684e-05,4.725715500342176e-05,0.00134145259017372,0.0033191579723847206,-0.003207655139613963,-0.005339340004179238,0.0038980033795356075,-0.0017845753867189124,-0.5642788672139447,-0.22206305234665957,0,10
2016-11-01,SPY,0,-0.0072454798135586085,-0.007271855784021675,0.0026646369659692956,0.0032741830872917693,-0.00748817575042382,-0.011296897508073389,0.01592072280211945,-0.00901703956693788,1.0038647027622507,0.47301593852342094,1,11
2016-11-02,SPY,0,-0.006018611036877952,-0.006036795877988332,0.0028977331336385607,0.0032670049334327903,-0.009735483110251297,-0.015152510530611285,0.00887733410946836,-0.00431990709559427,-0.15841924454601575,0.18723026711727364,2,11
2016-11-03,SPY,0,-0.0045771014566948764,-0.004587608458902714,0.0028416464013948685,0.003353617710560401,-0.01016477580497166,-0.017306998025272025,0.008476588088640345,-0.0057622109729721285,-0.1392759951534296,0.004224800437824694,3,11
2016-11-04,SPY,1,-0.0011015765649357023,-0.0011021837463456308,0.003141582180577102,0.0032389848861522743,-0.007500217220422933,-0.015874284343570633,0.007227966494501621,-0.0017232329904786502,0.22692780356940068,0.20485802834387212,4,11
2016-11-07,SPY,1,0.022056850399875927,0.02181711684877019,0.01220091322427697,0.008315847311684546,0.013812272373207701,0.006658987443398656,0.022248857932152057,0.0220570164344948,0.0061655704939695966,0.14928455283531616,0,11
2016-11-08,SPY,1,0.00450404390631709,0.0044939310550091704,0.01141263243479854,0.0084166195574785,0.015384216677529317,0.011221686343568793,0.011237008614482742,0.00667637478323179,-0.02753133342259062,0.07248023830550454,1,11
2016-11-09,SPY,1,0.010602051910947319,0.010546244262435778,0.01052504234797771,0.009005779736687357,0.019727285198207323,0.02067007027408807,0.02241375841723021,0.01888218608006392,1.4203794811565942,1.1932622634285956,2,11
2016-11-10,SPY,0,0.0024955665182471165,0.002492457763120015,0.009073428563667562,0.008902766940983407,0.01448869535627706,0.021410464155984243,0.014219955335917005,-0.0017487569142923029,-0.33400160198739304,0.3518389794365129,3,11
2016-11-11,SPY,1,-0.0023050395182413475,-0.0023077002112863454,0.00937655631009861,0.008866617828098824,0.004754018765502188,0.017197668107304276,0.00638647543654874,0.0015734743382520707,-0.41577611956774985,-0.1845591851811904,4,11
2016-11-14,SPY,1,0.0007854550998478427,0.0007851467914212762,0.0048249681177063115,0.008853042768877661,0.002341600538513733,0.01606729387691619,0.007141883889213161,-0.0020273807486572365,-0.059398703366493444,-0.2531679953506588,0,11
2016-11-15,SPY,0,0.007802750563143501,0.007772466535436173,0.005251701107123676,0.008388846201607899,0.006278803528678933,0.020514948109656705,0.0068190000613754295,0.005713258070042934,-0.03095157538591664,-0.2580459857581252,1,11
2016-11-16,SPY,1,-0.0018783300185853946,-0.0018800962925240583,0.004094078889685723,0.00796233241979752,0.00301078451693515,0.014741081406210332,0.0033094375288785,0.0014248830762661722,-0.28406068131182316,-0.45207798067041716,2,11
2016-11-17,SPY,0,0.0051409187315596405,0.00512774932480653,0.004431307514369588,0.007393835516936057,0.006249308930667663,0.015130456251592594,0.005228155806894621,0.004310948994497949,0.06369470432520496,-0.40771106273796465,3,11
2016-11-18,SPY,1,-0.002237952799231002,-0.002240460758090812,0.0044154307044567825,0.007502722546961372,0.002081938918170767,0.008208483843093806,0.004473505973265114,-0.002601941412158497,0.2359492930948519,-0.2534817938735797,4,11
2016-11-21,SPY,1,0.007551644384070633,0.007523273459516311,0.004980494971889541,0.0046230270039431315,0.006363168274477138,0.012551613264311534,0.005383915160101716,0.004471395426958216,-0.1607033146391733,-0.3524977575226953,0,11
2016-11-22,SPY,1,0.001953220734857819,0.0019513156794976894,0.004290510678752072,0.004616274443567412,0.006212976402649506,0.011519291935020215,0.004807027277672393,0.00031747914363391695,-0.06869366569708824,-0.3749860382434873,1,11
2016-11-23,SPY,1,0.0005439304207492945,0.0005437825442182742,0.0038414228332642854,0.0037966935867001766,0.004167640939931605,0.010068534560869091,0.004591301602200629,0.003273030433162195,-0.16029898115054353,-0.3544105790547223,2,11
2016-11-25,SPY,0,0.003715709891574326,0.003708823694378083,0.003653112168389398,0.0038343363208027093,0.005583736108649706,0.011691774073318228,0.002487575922997983,0.0018995846103625877,-0.3311168099017665,-0.4901345615672583,4,11
2016-11-28,SPY,1,-0.004694754674992585,-0.004705809649554915,0.004487020451974062,0.004197181834055175,-0.0009332677847793125,0.005078475761784107,0.005064184746979117,-0.003074732878053465,1.0218603042329089,0.06526774325172768,0,11
2016-11-29,SPY,0,0.0019500548893887082,0.0019481560005774057,0.003215401940767662,0.004179920448526108,0.00032597695318625775,0.005059160661235129,0.005759134082420017,0.001768544268512612,-0.08731333050377088,0.006843806933878316,1,11
2016-11-30,SPY,0,-0.0023990858172922014,-0.0024019682347056204,0.003374354234913586,0.003832697422441003,-0.0018931247321278821,0.0016908913503705936,0.006813200976209977,-0.005640030557509309,0.6210781164370331,0.5828275509608165,2,11
2016-12-01,SPY,1,-0.003675608159277366,-0.00368237980531827,0.003664223172017925,0.004018459544611234,-0.004542873898311539,-0.002761492086615025,0.0071580748499854244,-0.005255236831301167,-0.3023281473151631,0.08396626011789166,3,12
2016-12-02,SPY,1,0.0005010920957722043,0.0005009665910522543,0.0028071964838191537,0.003716093328976453,-0.0023796192292764307,-0.0025743423710209434,0.004506785184213742,4.549782364112761e-05,-0.05313984602830191,0.01931473831405417,4,12
2016-12-05,SPY,1,0.006009041521663594,0.0059910592332466095,0.00381739369981845,0.00399014503931429,0.003141325852702659,0.0022814975385485603,0.00444140382799565,0.0015862502297635534,-0.09356589965566675,-0.052271625190330684,0,12
2016-12-06,SPY,1,0.0031669633197755065,0.0031619590542071307,0.003970503011188766,0.0034061483182553903,0.0055970662856221765,0.00474939831877319,0.004882026150868741,0.002169766408509275,-0.11734460728384466,-0.14858407564109588,1,12
2016-12-07,SPY,1,0.013080998492723372,0.012996181095387804,0.006288554738303215,0.005202514246665098,0.014866098947494244,0.016041407563991417,0.014851901510828113,0.013903944436848267,0.8494139692104199,0.4832764872666955,2,12
2016-12-08,SPY,1,0.0024486368811444947,0.0024456438547506565,0.004909730220393404,0.0051854503937700264,0.012246671061920678,0.01648304969763359,0.006412265193220007,0.002582653753171412,-0.09954749088163872,0.2627321882331368,3,12
2016-12-09,SPY,0,0.00604047215833603,0.0060223016420053455,0.004203248728582105,0.005320750284620257,0.012145164302284295,0.020324478630885157,0.005146194238336581,0.004879955755537158,-0.11742135539099674,0.04793099067129014,4,12
2016-12-12,SPY,1,-0.0011477540233786332,-0.0011484131974555112,0.005330372180179546,0.004909193834707474,0.006262273395966966,0.01651136827337729,0.0053004074177666494,-0.0006625172284808271,0.15919746198546014,0.17903761565024823,0,12
2016-12-13,SPY,0,0.006674114477642545,0.006651941179024234,0.005305965414712223,0.005064799674876954,0.007546983205812152,0.020156011292636222,0.0059025474084760015,0.0032595816247403967,0.08294181016525815,0.21961424300568844,1,12
2016-12-14,SPY,1,-0.008254471959351029,-0.008288728757784192,0.006120513839532753,0.006016391039905837,-0.0019000866320857401,0.009248884602822471,0.012576406333474285,-0.006727930850263649,0.2898716933312213,0.5240024139893313,2,12
2016-12-15,SPY,0,0.004117041692533796,0.00410858986612439,0.006252910982837542,0.005621592621854938,0.0007410561567233742,0.010136335732585655,0.008489556676050706,0.002874044419699814,-0.12301037600928555,0.27395431801079284,3,12
2016-12-16,SPY,1,-0.001955671293910388,-0.001957586115930887,0.005803186497479359,0.005806381287496274,-0.0010894771233104228,0.005167555410141356,0.006238678361043577,-0.004291850998977774,0.2516359586021255,0.47210463166515404,4,12
2016-12-19,SPY,1,0.00217759253511729,0.0021752250168631804,0.005845398240010652,0.00571273476346779,0.0005476996497102427,0.004742290363027646,0.004173151793146504,0.0012430578437153162,-0.4224460779362257,-0.16741301212369764,0,12
2016-12-20,SPY,0,0.003857674474588846,0.003850252729407977,0.005208979805812098,0.00572404842191332,0.004430136532823203,0.005929773508193126,0.00305108317501032,0.0011054610070625626,-0.0055600385649499096,-0.19428992892006858,1,12
2016-12-21,SPY,0,-0.002782998409715187,-0.0027868781496680484,0.003251223877857097,0.004620445520253573,0.0005574302785287255,0.0020234631299129724,0.003005492489640884,-0.0021215280775207183,-0.24410165763567637,-0.36663709188598026,2,12
2016-12-22,SPY,1,-0.0017274860264087089,-0.001728979851017165,0.0029214879305231953,0.004675163306884274,-0.0010816071082740963,-0.0003948469219801076,0.0036347841402206925,-0.0009751826894994779,-0.17214065882283647,-0.45349479246662294,3,12
2016-12-23,SPY,1,0.001464489692857951,0.00146341837365771,0.002770849600966839,0.004303523714529369,-0.0002125261776779741,0.0008350086874537865,0.002262318783682984,0.001242133022151406,-0.3472360816875404,-0.6245342205906728,4,12
2016-12-27,SPY,0,0.0024808865481436015,0.002477814229444597,0.0028170139357180774,0.00432621856706196,0.0016112399417396173,0.0027196393953756726,0.003229783708255631,0.0011060967846838541,0.16280812473772266,-0.5351834714085414,1,12
2016-12-28,SPY,0,-0.008264439571426085,-0.008298779382549526,0.0042349024464136825,0.004570020333841751,-0.0049045055618880395,-0.004673882381936223,0.010239625680506815,-0.009577672938100381,0.5020212080379636,-0.2646855528349731,2,12
2016-12-29,SPY,0,-0.00022272774384357596,-0.00022275255135095762,0.0042359632346522045,0.0037668793122188956,-0.0038716607132334158,-0.004804449569350888,0.004677490519165217,-0.0005790699683601715,-0.24025118964037762,-0.37397523623078743,3,12
2016-12-30,SPY,1,-0.003655187277931571,-0.0036618837979540686,0.004375282859951578,0.0036016043053084088,-0.005879542030241436,-0.007583204857323778,0.009344574126462658,-0.005339727544413139,1.2383373617189055,0.4306343492264413,4,12
2017-01-03,SPY,1,0.007650210058786078,0.0076210955953763815,0.006032877493063044,0.004457121688448859,0.0021446410692622653,-7.981537690437968e-05,0.008665112897345381,0.0008887851626308014,-0.1617621559235327,0.3111655541590812,1,1
2017-01-04,SPY,0,0.005949242846820413,0.005931615978060023,0.006618261486409704,0.004799128447864369,0.00782859275773129,0.0054003003778622105,0.005052740955234572,0.004254971787268047,-0.1381480082962574,0.14915485506849824,2,1
2017-01-05,SPY,1,-0.0007943547770643544,-0.000794670443998946,0.00479638629454825,0.004658195048626336,0.005239449241437599,0.0046016558463952695,0.004861475594401204,0.0005744889802844202,-0.004640329979020752,0.16327684932285536,3,1
2017-01-06,SPY,0,0.0035775163142361954,0.0035711322243399124,0.0046987163266663315,0.0046687228311915515,0.006280037069853472,0.007551830840619278,0.00816671572632658,0.003001844957553852,-0.08700162033197667,0.056346011963474885,4,1
2017-01-09,SPY,0,-0.003300842175235963,-0.0033063019726995435,0.004583062099140551,0.004782709088539434,0.00036218177137392615,0.003745324043736842,0.00286461215804907,-0.0019831516503444947,-0.3440502292485037,-0.2974667933449595,0,1
2017-01-10,SPY,1,0.0,0.0,0.0036680477914420957,0.004771912021075856,-0.0007148804230151518,0.003411772161712845,0.006358188222233137,-8.825951098975765e-05,0.3585919807753353,-0.08271342459322062,1,1
2017-01-11,SPY,0,0.002825808704246313,0.0028218236124688545,0.0027948562286503054,0.004790300975576266,0.0016493140231508274,0.005877318951357013,0.006670833016228338,0.0032691530799113353,0.17057826409437382,0.026539024709543835,2,1
2017-01-12,SPY,1,-0.0025096720702424413,-0.0025128265761473756,0.00307845520736754,0.003899786433197723,-0.0009790184064190077,0.0024071983602851343,0.007902840115376656,0.0001324449417080574,-0.0339825853985265,-0.019160277413940663,3,1
2017-01-13,SPY,0,0.0022955089147866925,0.0022928782592233077,0.002754703730841556,0.0038968062485476877,0.001455568764628934,0.003509282206606068,0.0031314403407448573,0.0014114026827015077,-0.13028544011359922,-0.1629139790572003,4,1
2017-01-17,SPY,1,-0.003523452058291965,-0.003529674035019248,0.002819638544917676,0.00387873552725044,-0.0018881007023634488,-0.0012272494774986376,0.004330324502280694,-0.0002651122762626343,-0.02355149008496782,-0.12698135508001407,1,1
2017-01-18,SPY,0,0.0022099246402496053,0.0022074863484258245,0.00302136016958433,0.0031979386328143907,6.178049227401061e-05,0.0003131824943296557,0.0039728488653068645,0.0009270182753203191,-0.10528111977635823,-0.17592919704483356,2,1
2017-01-19,SPY,1,-0.0037046519956804858,-0.003711531214214858,0.0030461147818793507,0.0028683331619816783,-0.002596165085262503,-0.0030979443767579218,0.007009329763531817,-0.004099773808830321,0.21563767832928482,0.020395251346368548,3,1
2017-01-20,SPY,0,0.003674304837671727,0.003667571069223108,0.003521778079565561,0.0031186197918852045,0.0008829786965143249,0.00041488746542039934,0.005910879382131439,0.0001764823355114969,0.9392122362210398,0.8359180066180181,4,1
2017-01-23,SPY,1,-0.0026022015942761545,-0.0026055932058941522,0.0034706121031004506,0.0029738656193195523,-0.0009277001328387158,-0.0017215127983581935,0.006791890486124388,-0.0026021504030415824,-0.41888663343877697,0.06159285316868668,0,1
2017-01-24,SPY,1,0.006411701157286842,0.006391233642561112,0.004266622946243142,0.003486162343086756,0.004280147831578374,0.004173828296377025,0.007994689078575352,0.0053004074177666494,0.2730250887271255,0.26449188771881915,1,1
2017-01-25,SPY,0,0.008655570223776277,0.008618325537518068,0.0054566646828588476,0.0043207203992518105,0.010458080328874075,0.011477637996200718,0.004634948979132288,0.0038041556081588285,-0.11634728790553739,0.0876280612591891,2,1
2017-01-26,SPY,0,-0.0010452938335747675,-0.0010458405341822186,0.004791324478174844,0.004349441480612045,0.006371953100717809,0.009428505408005439,0.0030514918293638974,-0.0003051092732865158,-0.28976393246144794,-0.21263978697277386,3,1
2017-01-27,SPY,0,-0.0015700438137244976,-0.0015712776241061377,0.005170940265027273,0.004275041139658238,0.0028292115570787146,0.006762397890710536,0.0036178268576371997,-0.0019614547634631612,-0.004328780554504141,-0.20307186047995252,4,1
2017-01-30,SPY,0,-0.006201749994481198,-0.006221060727604311,0.006128524048326975,0.004816778466278897,-0.004610734211788925,0.00029880735226273103,0.007844998468236112,-0.002717250831235197,0.3353848781884776,0.04056949031509416,0,1
2017-01-31,SPY,1,-8.768693666583172e-05,-8.769078139003739e-05,0.00540679073261297,0.004638503650594136,-0.004637071500483869,-0.0003514006557128191,0.005639258099349656,0.0024231344704844474,-0.04836506879465441,-0.028321790614517228,1,1
2017-02-01,SPY,1,0.0003952860526472701,0.00039520794769831724,0.002631588913456527,0.00460275034651506,-0.0025417959701459214,-0.0003383430578793867,0.007251764186422125,0.0003955361419305463,0.042657694700108495,-0.017476072015434663,2,2
2017-02-02,SPY,1,0.0006592744487088353,0.0006590572227782587,0.0028400675840523568,0.0043722320917738665,-0.0005176635328182355,-0.0004957890426620093,0.005623402191173419,0.0006590332944880657,-0.11956995716508445,-0.13821925170209415,3,2
2017-02-03,SPY,0,0.0068927973049863756,0.0068691505768585515,0.004637380732077976,0.004710346416771105,0.0060448744797059195,0.0052466804485222784,0.004763553461241663,0.0022724805394097125,0.1565600882028666,0.06047047952264939,4,2
2017-02-06,SPY,1,-0.0017879058621828037,-0.0017895060735044765,0.0033140827863606835,0.004644841705561196,0.0030317757247291244,0.002228163537742578,0.0034517785720114586,0.0002621468950660381,-0.2826737269621862,-0.22159985937907245,0,2
2017-02-07,SPY,1,4.377217993090099e-05,4.3771221956312445e-05,0.0033016690483295076,0.004277862932862386,0.0018378938122365351,0.0016844212021285276,0.0040980138695458045,-0.00191822491952183,0.0024415946675988565,-0.17804464091382854,1,2
2017-02-08,SPY,1,0.0013103288559517257,0.001309471124288919,0.0032682884573933067,0.003246374946701105,0.0017303534497294937,0.003141817701257432,0.004717401151120795,0.00131040031693279,-0.10987170989035266,-0.23256120950241688,2,2
2017-02-09,SPY,1,0.005933016286980397,0.0059154852529479385,0.003772083170677485,0.0037421115496814534,0.0051874820154613754,0.00853298547933612,0.0074593937100961944,0.005932649527842197,0.27903937075060803,-0.027080864963865414,3,2
2017-02-10,SPY,1,0.003945989597891053,0.003938224601298224,0.003075899732085498,0.0037995615263081493,0.007248420149086776,0.011389118044329516,0.004978394611573323,0.0022077684278612015,0.0009203216728930208,-0.03515882137666626,4,2
2017-02-13,SPY,1,0.005442684552855681,0.005427926669404393,0.0025737523564993954,0.0030124541740943413,0.009357826184578144,0.014580073359483636,0.0043950545691716315,0.002973123215969919,-0.16410894951064814,-0.1634766394809447,0,2
2017-02-14,SPY,1,0.0039949238894716466,0.003986965369775497,0.0018011491392552355,0.0029322913690229863,0.00922395308965096,0.01590118800160223,0.0066649598728486725,0.004901958211283578,0.28862439088037606,0.0858189229856332,1,2
2017-02-15,SPY,0,0.005220394560220498,0.005206815538603138,0.0008934912602992825,0.0029109258061242433,0.009539954230773473,0.017974231768149274,0.007496251972057166,0.006296856885498425,0.22046154495211567,0.30986302597982984,2,2
2017-02-16,SPY,1,-0.0008511655679529495,-0.0008515280150476201,0.0025542853496919983,0.0030891526638587045,0.00512155335949771,0.014053830804804823,0.005575644075800235,-0.000978913515754286,-0.023775778986884988,0.2502916452867243,3,2
2017-02-17,SPY,1,0.0015764570368586028,0.0015752157328678962,0.0026793329973607105,0.002790580051776838,0.0036288825515280454,0.013135652370271256,0.0049583401463604545,0.004872833530750781,-0.08874040395456217,0.14501632896411176,4,2
2017-02-21,SPY,0,0.005955126693882651,0.005937465010600107,0.0027995660962774004,0.0025365754394171577,0.006409062971058699,0.01585928551650051,0.005010223816084948,0.004118551303952001,0.15209036825764444,0.2608992115313191,1,2
2017-02-22,SPY,1,-0.0008881864771609349,-0.0008885811484820039,0.003258030109198143,0.002680777305895111,0.0033120000396242855,0.011766976943667018,0.003008183383720782,0.0011015782651024803,-0.3016534732832581,-0.12464733752159662,2,2
2017-02-23,SPY,1,0.0006776712701939136,0.0006774417547035227,0.0028084434421237502,0.0027362739562672607,0.002697449052506684,0.009340689751077047,0.005656857101778337,-0.0018574908491070183,0.20125025758590498,0.018436181885608027,3,2
2017-02-24,SPY,1,0.0012685398090979128,0.0012677358922692505,0.002551949415777513,0.002593661837956612,0.0022522448375650317,0.00797907575116441,0.005860823854050134,0.005436162162572005,0.1040756728793728,0.09977317451945256,4,2
2017-02-27,SPY,0,0.0015630056560693717,0.0015617854340392867,0.0025521429144774546,0.002569105922893527,0.002104794116161157,0.007153144340944495,0.004056759032936842,0.0019861444469040372,-0.31398030628198526,-0.23584218883860197,0,2
2017-02-28,SPY,1,-0.0026993320504146157,-0.0027029818166068864,0.0017737996491353676,0.0027779435316687942,-0.0005833188002841716,0.0028584094761758827,0.003929491202840932,-0.0008450456322707241,0.7156721884654449,0.24094172525914526,1,2
2017-03-01,SPY,0,0.01399746354035436,0.013900403726370136,0.006400689124373586,0.004804792946485854,0.010416664494504957,0.01428054342577778,0.008179924543914929,0.005830778947133951,0.5383176278517645,0.735595235130845,2,3
2017-03-02,SPY,1,-0.00629724852760527,-0.006317159832083696,0.007659202161683598,0.005440471556876988,0.0025076975025566384,0.006467102316864537,0.005677077242492963,-0.005384844294871452,-0.5290503639759665,-0.16658243034367948,3,3
2017-03-03,SPY,0,0.000629361536641948,0.0006291635717268207,0.007670743627029703,0.00539141288496292,0.00172252527777772,0.0055289924427168735,0.0036948603500776395,0.0010496704115631856,0.16696039632149873,-0.024253358483747545,4,3
2017-03-06,SPY,0,-0.0029778208240198722,-0.002982263354014414,0.00791718322122597,0.005580620794333974,-0.001763693823820911,0.001428153590750103,0.004673686780427631,0.0008842387952302631,-0.32428212256768285,-0.32309559955620515,0,3
2017-03-07,SPY,0,-0.0029868634216664303,-0.002991333000449181,0.007947494060454072,0.005434795589368141,-0.00518811888298043,-0.0017774465634753378,0.0042551810036562335,-0.0015166860862228294,0.17533737125732296,-0.1805327291857387,1,3
2017-03-08,SPY,1,-0.0018563680867551557,-0.0018580932733769373,0.0024947951108913527,0.005465439745982771,-0.0043434498500969365,-0.003748042809124441,0.005224595568792041,-0.003286419446077789,0.2006813744840923,-0.03556901253063938,2,3
2017-03-09,SPY,1,0.001267971205727747,0.001267168009120745,0.002013742076283397,0.005475169205315068,-0.0018963035887404889,-0.002661198072028359,0.006337135696406436,0.0006759766124727161,0.16010351956279223,0.09709064509131715,3,3
2017-03-10,SPY,1,0.0035042926745845193,0.00349816694773164,0.0028837331861543553,0.00556891007693874,0.0022179040420793328,0.0004335775350734483,0.006009194130499098,-0.0011766137658552713,-0.09585163408278652,-0.007599170849898251,4,3
2017-03-13,SPY,0,0.0005047921797587396,0.0005046648150459632,0.0025725691486010384,0.005554695980661374,0.0026392671647406107,0.0006437831003556216,0.0026091874839141204,0.0007996062844481843,-0.30167565741410407,-0.30760367660503196,0,3
2017-03-14,SPY,1,-0.003826577629064687,-0.003833917708145229,0.002837185348840418,0.005633400921144807,-0.001113184719226168,-0.0033655859358271423,0.004427030458648925,-0.0011805328777441438,0.04582861773623392,-0.24187671241721742,1,3
2017-03-15,SPY,0,0.008653353921600937,0.008616128251670574,0.004562027457016024,0.004266227531974937,0.0055040084388500166,0.005609779188982422,0.009050383807750046,0.005851150883707164,0.6045510414022526,0.30407843977158433,2,3
2017-03-16,SPY,0,-0.00196680702503349,-0.0019687437298037125,0.004911457566384633,0.0037870509815129067,0.0021600160122214884,0.0035432506029473565,0.004600354823799627,-0.0026347910217236884,-0.1846114456640071,0.05177053992650871,3,3
2017-03-17,SPY,0,-0.0017562882031961768,-0.0017578322854898687,0.0049044236786681145,0.003824572067360696,8.796551039247369e-05,0.0019320185320790273,0.003953743181519453,-0.003028396301590431,0.1360423261513326,0.18368794147027323,4,3
2017-03-20,SPY,0,-0.001096725339826743,-0.001097327183139818,0.004941631951206722,0.003714380091267635,-0.0010005343459251748,0.0007952316802879444,0.004387601955401307,-0.001096884395118372,-0.40971055739134243,-0.29861881159964365,0,3
2017-03-21,SPY,1,-0.012839598770063354,-0.01292273884183448,0.007610349407366261,0.005490036000034928,-0.012039969008444729,-0.011116859952001956,0.016970559475221542,-0.01574938086469341,1.5088851666444603,0.6157928067233813,1,3
2017-03-22,SPY,0,0.0023532350601533913,0.002350470538726057,0.005737875063814111,0.00557283205064871,-0.006662626314777542,-0.008263057363627424,0.006673215254663552,0.0021816079801304815,-0.25976998588111766,0.16827430927325482,2,3
2017-03-23,SPY,0,-0.0010674619904440519,-0.0010680321337686038,0.005794575874306779,0.005538395915052351,-0.004839345918188798,-0.008564553154205456,0.007426968770023579,-0.0010670992031014655,0.02911882028345003,0.18845212887464902,3,3
2017-03-24,SPY,0,-0.0007263370334665842,-0.0007266009440094479,0.005862478826738206,0.005334835453440591,-0.0028739394823730224,-0.008107900704204196,0.008874419869159045,-0.0022186375186779867,0.12045178632072595,0.2851883524283061,4,3
2017-03-27,SPY,1,-0.0010260383954764363,-0.0010265651332037606,0.005867320715243573,0.005303088506900524,-0.0012140874041218774,-0.007795829853458058,0.00995989148252565,0.00728669208285076,-0.22266052411939397,-0.034285677056791086,0,3
2017-03-28,SPY,1,0.0072767179748296495,0.007250370401287398,0.003603213849128518,0.005855836886987892,0.004687899378511329,-0.00034069195361041693,0.011445955845341936,0.008788112548595812,0.06894327907654829,-0.004640134071978497,1,3
2017-03-29,SPY,1,0.000934948926274437,0.0009345121337585027,0.003561256250404731,0.005002930282184118,0.004546454318283599,0.001604454168723457,0.004595947937394746,0.002340473126993264,-0.3373147675696029,-0.31551480909229124,2,3
2017-03-30,SPY,0,0.0031842841609972528,0.0031792250650761744,0.0034258221522218513,0.005154240039901978,0.0058062252017387905,0.005288443250570207,0.005308531844905332,0.0034823631935225544,-0.08413989255920862,-0.3577758799356394,3,3
2017-03-31,SPY,0,-0.002327888437106518,-0.002330602181742414,0.003791484149409761,0.00517314669575052,0.0018613210451174922,0.0034989982567967814,0.0035184478699855407,-0.0006782043554885264,0.29953875628107496,-0.15072671262816173,4,3
2017-04-03,SPY,1,-0.00173907331532408,-0.0017405872588156512,0.003926354648696447,0.005184892169206782,-0.0013325033439531841,0.002368284336468962,0.008990649235581917,-0.0019932197396959335,0.16021840937109655,-0.05074900133155791,0,4
2017-04-04,SPY,0,0.0006373054995658656,0.0006371025066567171,0.0022230773008418015,0.002895340901238975,-0.000831723406399365,0.002260025669122312,0.004340443712599734,0.002042535010804521,-0.33993559058523726,-0.3162713782496701,1,4
2017-04-05,SPY,1,-0.0029726464960621035,-0.002977073585281431,0.0025374575343017542,0.0030531931491831303,-0.003158963638894896,-0.0009319354224619492,0.012063007575466455,-0.006264267171547066,0.9268270221831822,0.29975057589504006,2,4
2017-04-06,SPY,0,0.0028111482071782046,0.0028072043195628282,0.0023984110425545237,0.0031175193142245596,0.0003654020976735506,0.0012758056313464383,0.006852816010986016,0.002128202923317409,-0.3645641660064375,-0.14203752777626788,3,4
2017-04-07,SPY,1,-0.0010195263854863024,-0.0010200464560252698,0.002245379782421309,0.003132775016207421,-0.00019568070743058996,-0.00031471225256973767,0.005783545165432791,0.00021264321945857416,0.07632080629717164,-0.030737981444305618,4,4
2017-04-10,SPY,0,0.0005954616084375974,0.0005952843915206785,0.002152836086130685,0.0030822013845415754,0.000391163607084799,-0.000450169095733588,0.006500674606259254,-8.499435931790049e-05,-0.09134242591614561,-0.09590951513741475,0,4
2017-04-11,SPY,0,-0.0011895415453497815,-0.0011902496114650774,0.002174741353759721,0.0020894910605205835,-0.00044199150350876515,-0.001528941045659482,0.007833105090251615,0.000681156518802999,0.3021505487663294,0.18588568502326241,1,4
2017-04-12,SPY,0,-0.004382343035349678,-0.004391973647319247,0.0026404502795168783,0.002441374476436488,-0.004187178452556006,-0.005266527333091076,0.00506944880957202,-0.003024651517646249,-0.07020136225329465,0.07383229965367955,2,4
2017-04-13,SPY,1,-0.00649462604582951,-0.006515807891487313,0.002871899233873436,0.0026650139070281344,-0.008181557209979706,-0.010136551829865503,0.008474623315787641,-0.004836521510719391,0.1345639862992949,0.1631861193720876,3,4
2017-04-17,SPY,0,0.008859904482134695,0.00882088582676488,0.005922182322524772,0.0042225147433559915,0.0011438916740367233,-0.0008688046513933845,0.007249806687749642,0.0062631663594202485,-0.2635109237255654,-0.13757189170270967,0,4
2017-04-18,SPY,0,-0.0029843282632060486,-0.0029887902503649144,0.005969478534387161,0.00428141474747974,-0.0005897868250592797,-0.0032306660166595558,0.0060328754695576975,0.0006417674811781937,0.21665541024538992,0.05235685839882698,1,4
2017-04-19,SPY,1,-0.001838453135132978,-0.001840145164226925,0.005975207775597865,0.004272594738564524,-0.0010440098447951351,-0.004197386330282438,0.007547348798461473,-0.004605158670387715,-0.17453602128186207,-0.1445502917996746,2,4
2017-04-20,SPY,0,0.008139023963886327,0.008106080738098598,0.00694175725098093,0.0050387504237067605,0.00595861197650116,0.003667708350601817,0.008840518377864582,0.005082222816253155,0.34748667756430507,0.17648090478470801,3,4
2017-04-21,SPY,1,-0.0031869903380125075,-0.003192079607564402,0.006144584269385161,0.005056928947033227,0.0009727385139759459,0.0008318395920421384,0.005015909355074389,-0.0028055416030154092,0.192472470136823,0.33303176338238805,4,4
2017-04-24,SPY,1,0.010997989189012403,0.01093795110362894,0.006798518395671958,0.006182796097128969,0.009741046324416303,0.010989260582794369,0.012016216340016114,-4.213891198487271e-05,0.07989959217246523,0.3656633387878958,0,4
2017-04-25,SPY,0,0.005818643282087477,0.0058017803585368455,0.006227965689820617,0.006376348279331263,0.011585210425555159,0.015482328675016754,0.004791725325125532,0.00269009028538957,-0.35661132171069687,-0.13039628277554638,1,4
2017-04-26,SPY,1,-0.000628924322538027,-0.0006291221784016088,0.005963027831786287,0.006353730039424692,0.006714170242602124,0.013402844167973882,0.004947351066864538,-0.00046119916517129334,0.10435954903824474,-0.03599118009179092,2,4
2017-04-27,SPY,0,0.0008389458659219251,0.0008385941475399505,0.005651579449460557,0.006029270318946768,0.004792314204176362,0.012286512084705326,0.004062491951862825,-0.0007119745608888428,-0.322212449455447,-0.3279013152156798,3,4
2017-04-28,SPY,1,-0.002179312826896873,-0.0021816909848908494,0.00539843607317426,0.005487642117184086,-0.00033588694101716055,0.007699100968161288,0.004185851927787412,-0.0034323653678492386,0.10664462648688477,-0.22976251714105977,4,4
2017-05-01,SPY,1,0.0025202202254732686,0.002517049796150417,0.0030798786474672208,0.005000950587995886,0.0009142618712361106,0.008484369972143524,0.0040640240090033765,0.0,0.05272394731540242,-0.1876527345249258,0,5
2017-05-02,SPY,0,0.0003771048199525673,0.0003770337338009355,0.0017442942028489605,0.004754281778136911,0.001106981204559876,0.006780249438299579,0.0028470636669214056,-0.0002930500188530762,-0.1421418158711173,-0.2805319396659878,1,5
2017-05-03,SPY,1,-0.0012145346486173159,-0.0012152727935532681,0.001830204650056275,0.004700853881568293,-0.0001760102967426347,0.0034250753268316725,0.004942027530492494,-0.001214593708307454,0.2747156025983126,-0.08795818791520316,2,5
2017-05-04,SPY,1,0.0011741742466317984,0.0011734854431821873,0.0018711667219174376,0.004204366993168417,0.0008636314951977475,0.0031597157486817906,0.004773267097551917,-0.00029312617209739124,-0.15963039581501748,-0.20261384827391515,3,5
2017-05-05,SPY,0,0.003936789673901542,0.0039290607954383105,0.0019757777579929277,0.003925320443935143,0.003440971322803188,0.004951323886615455,0.004348043539891025,0.002132173174591064,0.00876303839564474,-0.14174800394843012,4,5
2017-05-08,SPY,0,-0.0001668644863628277,-0.00016687840979034974,0.0019460984856223302,0.0024404890225246103,0.0024510353424305187,0.0037357941821014595,0.0031282586027111575,-0.00037537575762513033,-0.21960184705804553,-0.25742050785041815,0,5
2017-05-09,SPY,1,-0.0009178711293075237,-0.0009182926309545536,0.002100077345849044,0.001830797214279393,0.0009698780780189598,0.0024408339391086553,0.004792503430143382,-0.0021670455822290434,0.061536776361611034,-0.17983490415396686,1,5
2017-05-10,SPY,0,0.0017960531953342684,0.001794442220436565,0.0018837027347606158,0.0018437529557547563,0.001603609503488146,0.0036235740851944254,0.0030076495364837652,0.002005078444224342,0.05705641393059624,-0.08879429691277452,2,5
2017-05-11,SPY,0,-0.0020431358346042483,-0.0020452258839451787,0.002367048795639627,0.0020217757786876057,-0.0009600257283722824,0.0012462763989160575,0.006016304176668659,0.00012533435776851802,0.1485344551311567,0.03793198896726113,3,5
2017-05-12,SPY,1,-0.0016708755873241499,-0.0016722730568208277,0.0015214412124841055,0.001957065947406632,-0.002029549807829323,-0.0008028206478601918,0.0031786963841092114,-0.00046008035483051184,-0.13543666200008664,-0.08803945237067423,4,5
2017-05-15,SPY,0,0.005523559677417911,0.005508360764046927,0.0031662065792997206,0.0024821583919228626,0.0029466775152320324,0.004036229862845575,0.004134152453825071,0.003465995017429058,0.14850304288228933,0.05625799628119621,0,5
2017-05-16,SPY,0,-0.000915499646270912,-0.0009159189720202576,0.0031659342189935464,0.0025327923941771344,0.0014934357226812356,0.0025682738512131653,0.004321780621553433,-0.002327117520005443,-0.172436848845829,-0.11663659302632878,1,5
2017-05-17,SPY,1,-0.0177439996939186,-0.017903311826077406,0.00860783705709084,0.006341887137787009,-0.012941866527671375,-0.014126188528601258,0.018035662271036337,-0.017744062289010286,2.3600322393046302,1.535280973329161,2,5
2017-05-18,SPY,1,0.004028477749240089,0.004020385159350326,0.009246395549051397,0.006517551503152036,-0.006795523677530002,-0.00933043740403472,0.009841799373297643,0.004411863419044624,-0.3782589832036294,0.4771363223965861,3,5
2017-05-19,SPY,1,0.00650396679322629,0.006482907265526805,0.010042060992462206,0.006771238400761047,0.00022648828081561767,-0.0023069061473686148,0.007626501262500355,0.0041292534444788845,0.07439393840316044,0.47885143465230384,4,5
2017-05-22,SPY,1,0.005077295456492159,0.00506444945552964,0.009976680366086814,0.007004188744224323,0.005963650301826773,0.002817467762308068,0.0037254056608895317,0.002595271627529692,-0.4695256296332364,-0.22803883175751982,0,5
2017-05-23,SPY,1,0.002213038716018856,0.00221059355266906,0.010050559318336195,0.007030326600833769,0.008215295406997836,0.004780123447270412,0.003042346303865927,0.0004167789322256027,-0.2076508016639731,-0.3859897804044399,1,5
2017-05-24,SPY,1,0.0023325497569075537,0.0023298335856400954,0.0018303020065798383,0.007045238963323386,0.006517243509447823,0.006812016567403489,0.0033289074041951,0.0012066963935365518,-0.029250109119042134,-0.39832031724292316,2,5
2017-05-25,SPY,0,0.0047795948146289735,0.00476820881722162,0.0018606098139039135,0.007119795141667347,0.007123485163683219,0.01061770686866903,0.004643429234486407,0.0023217146172432035,0.3653279406406025,-0.18031062933765307,3,5
2017-05-26,SPY,0,-0.00020649399973704519,-0.0002065153225583316,0.0021621301805961803,0.007073372886701145,0.004071192366379428,0.009257226790796436,0.0018630328755085816,0.0007038727848806964,-0.27222315000226305,-0.39783864546334435,4,5
2017-05-30,SPY,0,-0.0008690264261348446,-0.0008694042485073439,0.0022566188509601914,0.006922376063448632,0.0015510473127009483,0.00787516161547841,0.0026103821727974747,0.0006629802955883042,-0.24507880136993643,-0.5291714064643149,1,5
2017-05-31,SPY,1,-0.00024861331768788464,-0.00024864422710102474,0.0023687948610264737,0.006910211924733773,0.00014900863770450634,0.007053034906940647,0.005127379721886734,-0.0016539608937370192,1.607700152548584,0.16460950197833646,2,5
2017-06-01,SPY,1,0.007952575638931814,0.007921120565135276,0.003902530616554886,0.0030179189649401678,0.005811130132468145,0.011879393179092368,0.007190996753258628,0.005744511231293527,-0.24874722210118083,0.006743643728195359,3,6
2017-06-02,SPY,0,0.0033280965842883425,0.0033225707278461414,0.0037199734458350365,0.0030035225934872327,0.007152220567553824,0.012132847699939386,0.005217337449733661,0.0030810944279091794,0.28572402192511825,0.3300866011919852,4,6
2017-06-05,SPY,0,-0.0007368915815920696,-0.0007371632196466749,0.0038049075033534277,0.0029605489945032587,0.004520666801649531,0.009011310267170725,0.0022134219052340203,8.199480411872847e-05,-0.4958749736370496,-0.25040549623482156,0,6
2017-06-06,SPY,1,-0.00319689788324784,-0.003202018878397439,0.004332077279360821,0.0032586544505439036,-9.859169846904159e-05,0.00425310534381973,0.003534152310734013,-0.0005341893070588361,0.12699669789793022,-0.1398689230407778,1,6
2017-06-07,SPY,1,0.0018502598380383262,0.0018485502158096523,0.004230509027490216,0.003252277848637954,-7.383070299182837e-05,0.004613734031688521,0.004474533294664372,0.0002462953903550174,0.07481627937445667,-0.08458667146372334,2,6
2017-06-08,SPY,0,0.0004922410291130497,0.0004921199182401637,0.002495087897040074,0.00325190716367512,7.368976415822459e-05,0.0037962880489501583,0.004758598850467438,4.0999740168058875e-05,0.21805434736435791,0.08027920867070892,3,6
2017-06-09,SPY,0,-0.001517573908642822,-0.001518726590260755,0.0019234703877025227,0.0031130948047958817,-0.0008209890979166135,0.00159244941134018,0.01253634972552433,-0.002785827711021573,1.005382808673752,0.9487255804084833,4,6
2017-06-12,SPY,1,-0.00020531109438259865,-0.00020533217359108846,0.0019301959400127018,0.0031130571982454763,-0.0005091757585334866,0.0007073924793388198,0.004277519291105532,0.0009459783774936349,-0.34893056215048945,0.19901047079082823,0,6
2017-06-13,SPY,0,0.004889865939754712,0.004877949376443702,0.002441866953377278,0.003319485497364066,0.0032739000936941043,0.00434108797604571,0.004221652583546687,0.002336287130914196,-0.30242334925518044,-0.19158822155061317,1,6
2017-06-14,SPY,0,-0.001267714307074841,-0.001268518536617691,0.0025962237548581243,0.003385951439540288,0.0015254250569891603,0.001915717385956306,0.006452674291906753,-0.0025320391882792856,0.30857708891737556,0.07699301934379066,2,6
2017-06-15,SPY,1,-0.0019244465081897921,-0.0019263006345315858,0.0028092009203878688,0.002511722601101292,-0.00039377768338932917,-0.00018055481969314613,0.006387024470651792,0.004491559376861921,-0.15441532881353348,-0.08618461394627508,3,6
2017-06-16,SPY,1,0.00021865104217644316,0.00021862714152121043,0.002679823161696625,0.0022570362313829805,-0.0005139765497316207,0.00018027010863463921,0.004942937459833094,-0.0005355063662090454,0.2721466518417992,0.1691184299128483,4,6
2017-06-19,SPY,0,0.008324749300906209,0.008290289688448027,0.00440438967955869,0.003478957778813247,0.005750851085446929,0.007736383499166832,0.0051315736228596575,0.0043926570889820625,-0.22978814496452526,-0.12426342641525667,0,6
2017-06-20,SPY,0,-0.00674387048722469,-0.006766713138309122,0.005471557321253918,0.00406019335898031,-0.0007415835509066993,0.0005363652085781379,0.0051995456035696,-0.0050767880989316784,-0.12618121178432462,-0.24142702322251952,1,6
2017-06-21,SPY,0,-0.0002468062905699453,-0.0002468367522547865,0.005444396671540744,0.004031692172239809,-0.0009021643850982697,9.488530026602326e-05,0.004846761863307051,-0.002094840021196592,-0.016321538526422374,-0.25562721680806766,2,6
2017-06-22,SPY,1,-0.0004528662004900097,-0.00045296877535783153,0.0053584772147895225,0.004035207861505446,-0.0015623856581573614,-0.00045803903189112205,0.0036631518153380093,-0.0004939511551705632,-0.21132560166923908,-0.3954035269691075,3,6
2017-06-23,SPY,1,0.0011943691368612175,0.0011936564454648746,0.005376154670149807,0.0040048755439350235,-0.0007725009969148378,0.0003646785186008916,0.004281393398599817,0.0009056902448906519,0.5173201111712622,0.007414073580683578,4,6
2017-06-26,SPY,0,0.0006579452014836562,0.0006577288504328038,0.0032153083938984833,0.004000190362113372,0.0010121316306597183,0.0005654925229150454,0.005453062174405649,-0.002501027575303909,-0.15355711871592614,-0.10782409341487154,0,6
2017-06-27,SPY,1,-0.008056130774108605,-0.008088756739809355,0.003791273593425988,0.00447565929933623,-0.005677561338372272,-0.006664573033198451,0.008517146895168462,-0.007035843903537881,0.45056392800768963,0.25051390336670565,1,6
2017-06-28,SPY,0,0.00895021559580833,0.008910399813075287,0.006041937621584349,0.0054293054626757065,0.0027756554711138026,0.0020464760309715224,0.006144352549130155,0.004082496879027062,-0.14839442318751772,0.07898695450907844,2,6
2017-06-29,SPY,1,-0.008788617365795282,-0.008827465042458904,0.007362151975092085,0.006116999658589252,-0.0048160378417063665,-0.00625426267392748,0.015431315974410123,-0.009480413378787815,0.5269236150571224,0.5508130880001532,3,6
2017-06-30,SPY,1,0.0018643950108570007,0.0018626591836561346,0.007422670813429268,0.006160296247159044,-0.0018658240351514532,-0.004057057715123991,0.004664045272023752,-0.0019811611769748726,-0.1882099716034734,0.2548086518951549,4,6
2017-07-03,SPY,1,0.0016957336095559938,0.0016942974766216423,0.007497357321411784,0.005440100696861599,0.000718987423536932,-0.0013604909371336404,0.00481718604011815,-0.0027585563054833635,-0.5490269025704699,-0.41204675118656675,0,7
2017-07-05,SPY,0,0.002312024973542437,0.0023093563562852637,0.0063592818562423,0.005120699871586197,0.0018405696675130034,0.0010474276502199231,0.005399157285705301,0.0005770077353625558,0.3900975128850839,-0.17963400989758016,2,7
2017-07-06,SPY,1,-0.009144465385809153,-0.00918653266095415,0.0059888392171359925,0.005869789697488849,-0.004906172317616253,-0.007124047273112222,0.006986656933608529,-0.005539693006208547,0.2016109473869876,-0.028044150034263304,3,7
2017-07-07,SPY,1,0.0064849154846957635,0.006463978886242394,0.005816101620669676,0.006330512107621708,0.0009176144503078021,-0.00038413161203620927,0.007130720835904035,0.003731163183258741,-0.1135842375016819,-0.15578725867460796,4,7
2017-07-10,SPY,0,0.0010740723703452915,0.0010734959673124322,0.0057852504342122725,0.006327506441437317,0.0015206532057561173,0.0010036337325511901,0.00429560341291168,0.0010738693411279983,-0.3675720990887027,-0.44143094157491325,0,7
2017-07-11,SPY,1,-0.0007425906747431377,-0.0007428665317732452,0.005760335415669997,0.006319565276277342,0.0007934735307826291,0.0007149123421090753,0.007014056948015482,-0.0007426359673532293,0.37343337888297023,-0.2253532935476671,1,7
2017-07-12,SPY,1,0.007514502775613385,0.007486409549601447,0.006679602900951031,0.006149092410167151,0.00728172130856386,0.0071195618094277435,0.003699111735288047,0.002918172816163454,0.18381240244188213,-0.04987569250543278,2,7
2017-07-13,SPY,1,0.001680447325088208,0.0016790369532984073,0.003597853805991294,0.00551813433806876,0.005760905938469341,0.00842487489172461,0.003237474514752445,0.00163918485976978,-0.3378403768469932,-0.3386400833209344,3,7
2017-07-14,SPY,0,0.00466413011619804,0.004653286764789932,0.003258697124863234,0.004592701174707738,0.007591036842062415,0.0113715946278925,0.006791603283467687,0.004664100311712054,0.5267356783104815,0.09541100429746874,4,7
2017-07-17,SPY,1,-0.00012222862286281888,-0.0001222360933903488,0.0034583949419003646,0.004629556595922104,0.00486203080287595,0.009696826623970756,0.0023628216408130677,0.00024441910740777626,-0.44357123062856463,-0.3251088358837393,0,7
2017-07-18,SPY,1,0.0005295556981335103,0.0005294155329966799,0.0031872817017945232,0.0046399204290102115,0.0025466487912244595,0.008800283257130781,0.004284677475795523,0.0024484049191756145,0.2746817209880741,-0.14589768116990387,1,7
2017-07-19,SPY,1,0.005413935076831855,0.005399332411866631,0.0024790393522809736,0.00480650177186088,0.00552858957131952,0.012507253236620386,0.004024085342538473,0.003942773773911788,0.193994268000234,0.026755356261935592,2,7
2017-07-20,SPY,0,0.000445316880785418,0.0004452177566500737,0.0026297527666388058,0.0030188646665495365,0.003785988839364096,0.010245539417015115,0.0038417864482848114,-0.0007278901515277733,-0.07640155738395549,-0.015511965024349483,3,7
2017-07-21,SPY,0,-0.0008902373238623973,-0.0008906338204432984,0.0024907770711411962,0.0028879319255288526,0.0018179882777276113,0.007381591372127128,0.002962226014835773,0.001785434333092353,0.746906770311784,0.6365147939778271,4,7
2017-07-24,SPY,1,-0.00024300833250467946,-0.00024303786381452142,0.002505834119334269,0.0029617477371840285,0.0005270229670537585,0.0053113362261203445,0.0028364073393794304,0.00012161772722745156,-0.4337885956901074,-0.0913715150252492,0,7
2017-07-25,SPY,1,0.002430886842689217,0.0024279370167636927,0.002550762759947145,0.0028228264078343497,0.001530118717852691,0.005612972740786981,0.0025839769403022037,-0.0010497194546362743,0.17788268704032184,0.06082806466624402,1,7
2017-07-26,SPY,0,4.048376972409784e-05,4.048295027825333e-05,0.0012574378202593705,0.0021521710548871127,0.001213996747747803,0.00425771226554339,0.002663928974047679,-0.0012916541845358223,-0.13366329421876477,-0.059090963927739604,2,7
2017-07-27,SPY,0,-0.000929815096451847,-0.0009302476426551465,0.0013778278235447045,0.0022688255694342184,0.00020212984260514766,0.002193145197849411,0.009356377082599116,-0.0030650497864440347,0.48746200767623593,0.31799221235351594,3,7
2017-07-28,SPY,0,-0.0011730909096576703,-0.001173779519385576,0.0014324326657665983,0.0019938938683920454,-0.0009954199939203878,0.0004699230848275171,0.0037704954339936258,0.0010541648978678773,-0.29220281884391786,-0.04911030407040873,4,7
2017-07-31,SPY,1,-0.0005669506360748144,-0.000567111413357857,0.0014547424047253181,0.002015401376658677,-0.0015213833648717312,-0.0005994347145470424,0.003840388757707425,-0.0024254794703065206,0.3144500523075202,0.17766829237230075,0,7
2017-08-01,SPY,1,0.002228782445982347,0.002226302394698898,0.0013692285244645262,0.0020879619363994967,0.0007850157343984865,0.0009550932805078016,0.003152019551178511,-0.0005657455178618655,-0.16385955372751893,-0.03651536479923523,1,8
2017-08-02,SPY,0,0.00048529366887173353,0.0004851759519830523,0.0013932624917679399,0.0012645513220263705,0.001262602123887513,0.0012584941981046427,0.004970343800302302,-0.0001212218820418599,-0.14240041852556928,-0.1681499568492062,2,8
2017-08-03,SPY,1,-0.001940091552449008,-0.0019419759677514747,0.0016184760158486585,0.001424405721022743,-0.00048579341303423007,-0.000627408426913445,0.002830443391502364,-0.0014151908462319287,-0.13461212593621852,-0.2720734255131352,3,8
2017-08-04,SPY,1,0.0018225398034878992,0.0018208809930131409,0.001716550816502323,0.001503928430588634,0.0009306989590838199,0.0009792891787723246,0.0033128314935186825,-0.0004444109908404731,0.47326708439396903,0.11648987120406651,4,8
2017-08-07,SPY,0,0.0018590725870666347,0.0018573466503877256,0.0017156827901949976,0.0015778121435754352,0.0018997625434844512,0.00241435219367947,0.0020202836029829517,0.001535373613436415,-0.46844919075355784,-0.3899777898148884,0,8
2017-08-08,SPY,0,-0.00246099984627135,-0.002464033083946937,0.002050781502557638,0.001644003756384834,-0.0005174381981655207,1.2124809216640386e-05,0.008403708444982573,-0.0010100602220048747,0.9290326613533364,0.16168313184685879,1,8
2017-08-09,SPY,0,-4.036832627463127e-05,-4.036914109750711e-05,0.002030051335677641,0.0016436344392449663,-0.00040424432470342886,4.456475133007842e-05,0.0050716111243115525,0.0031646803888251704,0.014795996072547668,0.14638214580723963,2,8
2017-08-10,SPY,1,-0.014115390507436931,-0.014215960140126604,0.006682376062001667,0.004754183744325814,-0.011957463174270488,-0.012697762540439084,0.01112511903794971,-0.010272438378597027,0.9235909095263488,1.0212544647126225,3,8
2017-08-11,SPY,1,0.0014769998225587777,0.0014759101311714318,0.006626929017652948,0.004840699510629556,-0.00785194070490769,-0.010120934686089766,0.004302938420513385,0.00040976494949536006,-0.37856730813125883,0.20593643013669283,4,8
2017-08-14,SPY,0,0.009913081652459965,0.009864269380144286,0.0086644313781366,0.005976234390938839,0.0030676966969496178,-0.000214942711035504,0.005049025827049493,0.003868223308799399,-0.02107656080748066,0.16651549098460805,0,8
2017-08-15,SPY,1,-0.00012167173987387425,-0.00012167914248006895,0.008631976050596242,0.005921437410240429,0.0035581051088475757,-8.119474162460172e-06,0.003401070339386044,-0.0019029930716397627,-0.2462645940410878,-0.12102499641999076,1,8
2017-08-16,SPY,0,0.0017443158957153315,0.0017427963435387994,0.008696396286565185,0.005953574272659038,0.005562454669597594,0.0019394133220880239,0.004532436458298664,-0.0006879453220242969,0.026660536143237046,-0.11103437757986234,2,8
2017-08-17,SPY,0,-0.015590949379390762,-0.01571376645974709,0.009290538376376976,0.007707136642817947,-0.009574767164759579,-0.01213060257490739,0.014254425305893045,-0.012792434555728134,1.265525297317312,0.77074583736834,3,8
2017-08-18,SPY,1,-0.0015628322684414497,-0.0015640547646613712,0.00922678528485757,0.007616288175157865,-0.00998518208464394,-0.011787004975725934,0.008192694702216148,-0.0007821621547596806,0.06426627981545696,0.7046942668703935,4,8
2017-08-21,SPY,1,0.0007824588949343347,0.0007821529335645394,0.007170863390428369,0.00756484164873264,-0.006259584033426857,-0.009008408498066722,0.005646204750386045,0.001071523687314308,-0.5212383362096704,-0.21655061462825298,0,8
2017-08-22,SPY,0,0.010457214397983527,0.01040291594383902,0.009421397537668559,0.008519646800847658,0.005012049489324433,0.0020986799999462846,0.008498550737711717,0.007677444106237303,-0.0355828726876708,-0.2457103577757116,1,8
2017-08-23,SPY,0,-0.0035853896069149016,-0.003591832521079752,0.009358053329428028,0.008562531833152682,0.003364315225297121,-0.0003963830228106424,0.003642611971426414,0.0009413323202858083,-0.20488247563751083,-0.3912119240673181,2,8
2017-08-24,SPY,1,-0.002330694052047333,-0.0023334143470350455,0.005653903823733329,0.007281187290547423,0.00028702193492269323,-0.002819916312645776,0.005836704799107143,-0.00412242655851403,0.010714328397452011,-0.32784767318436536,3,8
2017-08-25,SPY,1,0.0023361388770326563,0.0023334143470350455,0.005522136927079304,0.007304033949834392,0.0011052890624940748,-0.0006700745509815587,0.004981630261774533,-0.0013883068450966825,0.2700776678747461,-0.1343614290432762,4,8
2017-08-28,SPY,1,4.074239372098276e-05,4.074156377154026e-05,0.005557155592678845,0.006464927501242799,-0.0002208676569790402,0.00017577453136974341,0.004527473257909261,-0.0024472441538834293,-0.3705480100363251,-0.43006903698616705,0,8
2017-08-29,SPY,1,0.0011449649823009889,0.001144310009795646,0.002444934991598814,0.0064916785560734614,0.0014069042514430752,0.002001156335134313,0.009133552386249638,0.007364471994164169,0.2605680675251938,-0.27739366166970303,1,8
2017-08-30,SPY,1,0.0047375417463593195,0.0047263549136040695,0.00262757986484532,0.006680920285983057,0.00495918485948188,0.0071314743469288455,0.0069436433211496115,0.0048196408404044605,0.21306249841109048,-0.12996827223296525,2,8
2017-08-31,SPY,1,0.006015902368627701,0.005997879076097057,0.002482375359162144,0.004263160068323531,0.008122219634826955,0.011368497415653378,0.006971470542286921,0.0031209641239103715,0.673425137189912,0.508152434485007,3,8
2017-09-01,SPY,0,0.0014143379866602412,0.0014133387527479613,0.0025634548735624456,0.004102886245821882,0.006857594350790919,0.010680168735585971,0.002662163871345364,-0.0003226921250627397,-0.4026525014956085,0.010636234520675192,4,9
2017-09-05,SPY,1,-0.007182170581249925,-0.0072080865314498865,0.005148141909117484,0.005050889680248844,-0.0015825376496622079,0.0021299084926063028,0.010393947186420801,-0.004853178738580824,0.47400777331591604,0.4292825048364022,1,9
2017-09-06,SPY,0,0.0034137394901438967,0.0034079259084354163,0.005238394485263376,0.004018348066831852,0.00016194776556766044,0.004953383429964653,0.004253780049163913,0.00024306254854914778,-0.3663275666638949,-0.0868444482704851,2,9
2017-09-07,SPY,0,-0.00012135250092892846,-0.00012135986473893468,0.004973338527214356,0.003758301269551662,-0.0006557188698951277,0.0038875486949419003,0.0035187477289244187,-0.0015369257141051567,0.002033948640207006,-0.09614674784022581,3,9
2017-09-08,SPY,1,-0.0011748007300476093,-0.0011754913493717822,0.003998986341193184,0.0036628586791986385,-0.0010938124154625806,0.0016532475517621048,0.003285461104290985,0.0001622801411998147,0.09990746915207627,-0.025709428102936638,4,9
2017-09-11,SPY,1,0.01066589172985033,0.01060941235365842,0.006559694966367874,0.0047657718093228356,0.008441085387199676,0.010428180611842697,0.005160453208931916,0.004717035395113385,0.1179957639332756,0.07786996047371142,0,9
2017-09-12,SPY,1,0.0033705198162703454,0.0033648523456646373,0.0046362652452561414,0.004738027949170085,0.008583222023537562,0.01158624579073142,0.0026839648913993316,0.0016824827173419256,-0.2027442100307154,-0.1613472098610097,1,9
2017-09-13,SPY,0,0.0004799954171432752,0.0004798802561927218,0.004790404660903629,0.004759541582723157,0.006412494628087462,0.009898294194066182,0.0024828222527061255,0.001802006030924528,0.04098706411698538,-0.13726412160456525,2,9
2017-09-14,SPY,1,-0.00031947009962163264,-0.00031952114106470475,0.004819726595688201,0.004724000971658046,0.003491141320944857,0.007915573874236248,0.002882310696184991,0.001160901851841558,0.6115063821165665,0.32577342327551095,3,9
2017-09-15,SPY,1,0.0013459282868515388,0.0013450233372820364,0.004442676516072567,0.004469086637795912,0.001749403089448709,0.008079053480966714,0.0028951142178853697,0.0020105351847338727,-0.0001456316274177638,0.34117584561308245,4,9
2017-09-18,SPY,1,0.0021270116423435237,0.0021247527556313983,0.0014333004486502571,0.004478746642285107,0.0024771436339134922,0.008956346707810425,0.0033652351101183787,0.00044068991660024326,-0.5155188384657621,-0.33549673829262705,0,9
2017-09-19,SPY,1,0.0010012397398047046,0.001000738833620396,0.0009184962138176035,0.0033767797542945443,0.0025512478932951943,0.007879492264049937,0.0018800048828125,-0.0001199951171875,0.018879554971104273,-0.2769232988976742,1,9
2017-09-20,SPY,0,0.0003599017453597142,0.0003598369962611869,0.0009345359600904874,0.0033807323022266027,0.0020074998497416896,0.006465083835732077,0.005078594934475136,-4.002785352832105e-05,0.26462540412370705,-0.08789893446001273,2,9
2017-09-21,SPY,1,-0.0026795124573671947,-0.0026831087765630812,0.0018519628299447297,0.0036278019784946095,-0.0011056150552032351,0.0022599127379396844,0.0031614905982705567,-0.001960963196690599,-0.19073221416689468,-0.2505950686825763,3,9
2017-09-22,SPY,0,0.00020052693167516011,0.00020050682883798743,0.001779922963174495,0.003539379072487193,-0.0011053518180877964,0.0008207966012718781,0.002449309788704526,0.0015659481424193657,0.06227987571404281,-0.18799486864254478,4,9
2017-09-25,SPY,1,-0.0020445454965860588,-0.0020466384329527187,0.0016226547008768315,0.0017976821826537184,-0.0025164895665285014,-0.0016062475787758101,0.005900065248702651,-0.0008830071286075569,0.11423438903424854,-0.07424588735515114,0,9
2017-09-26,SPY,1,0.0006026924181292692,0.0006025108719951433,0.0015294506776821599,0.001470006545968146,-0.0012028883126370404,-0.0011106399929052824,0.003568275985013816,-0.0013631478645923475,-0.05226375813992612,-0.11860558390302156,1,9
2017-09-27,SPY,1,0.0038940840479668726,0.0038865217285275477,0.0025945688422822793,0.0018997947301261592,0.002694596636407809,0.002330772434966377,0.006483153290861776,0.0006803192157173097,0.4977515624422173,0.27487116547809287,2,9
2017-09-28,SPY,1,0.0011999859513840416,0.0011992665437041694,0.002134171109954302,0.0018922705467195953,0.003125460983990802,0.0029325368671067054,0.0032434932625293247,0.0024827228870536143,-0.44718486347149555,-0.23416004534277135,3,9
2017-09-29,SPY,1,0.0035150439314368676,0.0035088806032073094,0.002409816876314941,0.0021000948067763326,0.005209532219965229,0.005636026813761408,0.0047535450140379154,0.0035551625895495396,0.9111275871617819,0.4887081336716492,4,9
2017-10-02,SPY,1,0.00433863762311959,0.004329252869811562,0.001689933349561315,0.0023543673933873583,0.006839428525450719,0.008949068997451404,0.004095646012119297,0.0033003372417407992,-0.3103017130570941,0.0044156646844846215,0,10
2017-10-03,SPY,1,0.002140196806120098,0.0021379098473817137,0.0013071316256200026,0.0023797605350841704,0.005959599915843272,0.009941321878423226,0.002615740499964804,0.002140112834726371,0.13193500838656114,0.10005099308078069,1,10
2017-10-04,SPY,1,0.0011864436563302494,0.0011857403882595818,0.0014100498562401036,0.0023634633802152995,0.0046669970873294275,0.009889150107355915,0.003482547288417378,0.0018599913576403122,-0.162499139352973,-0.0731813327043408,2,10
2017-10-05,SPY,0,0.0059250507204660074,0.005907566636177641,0.0018543780578519694,0.0023460802882000493,0.007174312306965636,0.013741619121565574,0.005837326523349757,0.004417489964640702,0.1352763718509622,0.02616972861656386,3,10
2017-10-06,SPY,0,-0.0011388506189130565,-0.001139499602055949,0.002748054416616195,0.0024995194449324684,0.003534801782901331,0.010603790047962969,0.0033444456625592715,0.0008656353570196495,0.26955990604948155,0.2436538125238834,4,10
2017-10-09,SPY,1,-0.001651106298761973,-0.0016524708770164764,0.0030317753774710297,0.002431623307639975,0.0005909766776976966,0.006926929234099655,0.004123642271620942,-0.002670572680086427,-0.556046177119758,-0.42915875649654356,0,10
2017-10-10,SPY,1,0.0026383993180179033,0.002634924852547016,0.0030744924095171015,0.002386323156859095,0.0018414624437455007,0.007370771757965855,0.004202699523045985,7.851144223361817e-05,0.2026165332052252,-0.3012139584529897,1,10
2017-10-11,SPY,0,0.0015709217625530236,0.0015696891556782333,0.003072874018394453,0.002315628142197027,0.0019487462724712135,0.006973226959281931,0.002750371157716504,0.0020038889498750177,0.10722663235587837,-0.18204462507497676,2,10
2017-10-12,SPY,1,-0.0014901545192322896,-0.0014912659037049636,0.0019793709306032,0.0025588314805342167,0.00047142749560125097,0.003772351224277104,0.002709504560919453,-7.855286332077406e-05,-0.012778373253513942,-0.1956519324222592,3,10
2017-10-13,SPY,1,0.001217634056418504,0.0012168933412901595,0.0019244097561169318,0.0024800300202000142,0.0012332689205760694,0.003523000587393188,0.0024692517218766626,-0.0007446987609186253,0.16435320439136425,-0.011458162526997495,4,10
2017-10-16,SPY,1,0.0013334353970713142,0.0013325471616072448,0.001529306359079317,0.0022672481196747345,0.0015142659399018932,0.003687783906500819,0.0027036055188493363,0.0003134147179240634,-0.3025288136582944,-0.28364032472028167,0,10
2017-10-17,SPY,1,0.0007052131303968423,0.0007049645844618979,0.0012469145498183243,0.002244542241579434,0.0015525776810410008,0.0033659986605973913,0.002115772260163105,0.0009403498694576288,-0.17426488094459425,-0.36663339389860117,1,10
2017-10-18,SPY,1,0.0009784314022391882,0.0009779530502331824,0.0011650510052578764,0.0022438919882984375,0.0019825857716868622,0.0033389282500844164,0.0017584875301881345,-0.0007033711608999097,0.29553246094863916,-0.15387195723202607,2,10
2017-10-19,SPY,1,0.0002738565399211801,0.0002738190480631175,0.0004257029446908217,0.001433472230528051,0.001354527085732693,0.00316892095034893,0.005807776623257489,0.003767183801672509,0.5139734349434923,0.28532159409128877,3,10
2017-10-20,SPY,0,0.005160227270714524,0.005146958923521794,0.0019780806797878333,0.001951236806043028,0.004822479661269474,0.00726311987509809,0.005337009391614811,0.0015970904754013114,0.44056423030573244,0.8193640129633388,4,10
2017-10-23,SPY,1,-0.003889169314748253,-0.003896751799824294,0.003209303496738116,0.002379786918286503,0.0002734325941697868,0.0024973714535905245,0.00578693758107787,-0.00532090094884442,-0.28327113451540986,0.2332582814501576,0,10
2017-10-24,SPY,0,0.0017570477515571614,0.0017555059489060554,0.0032484139091082348,0.002321803538307858,0.00117854468519063,0.0034967735184197046,0.0026500103647968446,-0.00015591794220665394,0.04725941988850879,0.23465577850239283,1,10
2017-10-25,SPY,1,-0.004950157143803091,-0.004962449755361753,0.004149594682465466,0.0029104323578003693,-0.0034430074837088487,-0.0015761327050827223,0.009017088081180714,-0.0034741174763589424,0.5494719574996376,0.7338383959964105,2,10
2017-10-26,SPY,1,0.001292754228582771,0.0012919193412939123,0.004211201327833814,0.00287327778305968,-0.0020222515289270993,-0.0006684495166114912,0.0032032190625957252,-0.001445409461450413,-0.32702311038005005,0.12411322560326599,3,10
2017-10-27,SPY,0,0.008176236534438441,0.008142992198608034,0.00524641994562252,0.0037922239020490175,0.005666237272126784,0.006416393827708422,0.00881198485151551,0.004834835374402859,0.22585890713200962,0.31295630266594765,4,10
2017-10-30,SPY,1,-0.003725344281799048,-0.0037323006587817176,0.0052127361347397245,0.0040815977148584755,0.0014196071260828003,0.0020957965141767954,0.0046399283960785855,0.0010917408584402992,-0.3655433162892623,-0.18702607083991396,0,10
2017-10-31,SPY,1,0.0015578217289731189,0.0015566095834111948,0.005201571371277018,0.00409344037024584,0.0025182872793347855,0.00299924526463502,0.002449665217957788,-0.00011664507407733509,0.11087818707320718,-0.1341563218786882,1,10
2017-11-01,SPY,1,0.0013223667131940786,0.0013214931563556576,0.004233839979462713,0.004097826085778119,0.0021249695065954644,0.003632690636454994,0.005270443754948728,-0.002131523377511914,-0.10118763348854487,-0.23636701247280223,2,11
2017-11-02,SPY,1,0.00038843765907170535,0.0003883622366949169,0.004276014126504232,0.0040966697296242385,0.0009793327422884524,0.0033186191696417122,0.00606036104424865,0.0006992450690359274,0.04145180959620087,-0.19855451744532981,3,11
2017-11-03,SPY,1,0.0033385903131499806,0.0033330295937155086,0.0026310494093460678,0.00391313871337646,0.0037439476545715333,0.0061431329817438485,0.004655360430525535,0.002638100719022443,0.05562848209461557,-0.11687484457422903,4,11
2017-11-06,SPY,0,0.001547777004687001,0.0015465804323850918,0.0010685693099504042,0.0035962762623759663,0.0036603558403407455,0.0066266665887848575,0.0030197398999571596,0.00212937799667154,-0.16675868480626688,-0.2482536248856353,0,11
2017-11-07,SPY,1,-0.0006954468527075042,-0.0006956887880456009,0.0014965720487266966,0.0036277454630881715,0.001781493321812544,0.005101880910269863,0.004865466114552691,-0.0011583881976858397,0.15809041218385333,-0.11679514885656228,1,11
2017-11-08,SPY,0,0.0017009921140413997,0.001699547065401319,0.001515020084376301,0.003007988241665795,0.002227920984783749,0.0053193346387914175,0.00413977374227305,0.002476048004940053,-0.12230140759831798,-0.15576882770036937,2,11
2017-11-09,SPY,0,-0.0036278799958332497,-0.0036344767120279897,0.0026951421107592874,0.003418391170131028,-0.0018558692640213703,0.0006821256232849571,0.007876573198076988,0.00170722237477261,0.8840153280390572,0.5259953060865523,3,11
2017-11-10,SPY,1,-0.0003098641551764203,-0.0003099121729936982,0.0021590992578452792,0.0023131663931848824,-0.0018873033504749337,0.00022474632706281916,0.0035696790770058176,0.0013967537198514156,-0.36914987037981606,0.00388266973709972,4,11
2017-11-13,SPY,0,0.0009300156316891517,0.000929583435096859,0.0020431428652492247,0.001873259676987823,-0.0005570590024394084,0.0005422978486808727,0.005130027347336795,0.003964047348916579,-0.16264314066753693,-0.15364536600761047,0,11
2017-11-14,SPY,0,-0.0023228450396529654,-0.002325547029204955,0.002223548351802148,0.0020499366012983905,-0.0021527876658673506,-0.0020059987663696432,0.005166920752581178,0.0012431813824874084,0.2207228551064533,0.031408441961827904,1,11
2017-11-15,SPY,1,-0.005005031128225479,-0.005017598246604749,0.002408498440769291,0.002581851148765611,-0.0050900943509238905,-0.006597090628316704,0.0061959175751856,-0.0007013977055804048,0.3179684645895309,0.30112571610095884,2,11
2017-11-16,SPY,0,0.008501117899381905,0.008465186888839682,0.005075249852028835,0.0038313032069604794,0.003017486810068304,0.0014483555064681575,0.006096642556688668,0.00427153677556745,-0.16129511270054386,0.07171443633832508,3,11
2017-11-17,SPY,1,-0.0029388226571651632,-0.002943149475717277,0.005293319493127455,0.003811588875491839,0.00024823742036295116,-0.0012665461513352572,0.003175615058253686,-0.001394221467890537,0.11773610516842004,0.16803428763319217,4,11
2017-11-20,SPY,1,0.0017063354232016437,0.0017048812868409868,0.005344682132567963,0.0038200892976216136,0.0019783346126944767,0.0006508037334977956,0.0025567661914338933,0.0006197146333516654,-0.3653969016642731,-0.25695502951592764,0,11
2017-11-21,SPY,0,0.006542796430915043,0.0065214852443435944,0.005834493646997352,0.004364086858545756,0.006768808886447042,0.006683079553007731,0.0074851550900114335,0.003125231813734206,0.43892003203294827,0.05023188759600239,1,11
2017-11-22,SPY,1,-0.0008846817950380892,-0.0008850733569332192,0.00484736946507807,0.004362785992909693,0.003298441891095072,0.0055394174099261395,0.002230717585637019,-0.0009230393629807692,-0.34901007274115026,-0.31062005832421224,2,11
2017-11-24,SPY,0,0.0023099236695500736,0.0023072598971562996,0.0035847358310444185,0.00417501111895122,0.004266149771702921,0.007008427944941609,0.0012292844007959517,0.00015357262683985282,-0.38142578619424694,-0.5246460847485392,4,11
2017-11-27,SPY,1,-0.000499201772417246,-0.0004993264151051946,0.002968611682035097,0.004181294753347995,0.0019329266651457733,0.005673311416376281,0.002880073689385412,-0.000691189559732876,0.8765781774451205,-0.09606882997277222,0,11
2017-11-28,SPY,0,0.010144635922646916,0.01009352448427947,0.00474453771186985,0.005115744290292075,0.008548033294101032,0.014096274586251845,0.008628623698941927,0.008091675381738888,0.8932929570405683,0.5783719079185641,1,11
2017-11-29,SPY,1,-0.0006085815634851999,-0.0006087668244125766,0.0046840297038561,0.004991102475448577,0.005834912297520756,0.011535755566095318,0.005436821289301013,-0.001178608362642872,-0.2168256178281266,0.2050145030005619,2,11
2017-11-30,SPY,0,0.008755287457124394,0.008717182181467997,0.0051162834323464895,0.004759107140768666,0.01057854547757242,0.01703600554533935,0.00902325704093354,0.004739156633754829,0.6499927108154726,0.8526583914831347,3,11
2017-12-01,SPY,0,-0.002075914480371477,-0.0020780721774835698,0.005811577714489547,0.004649543794501561,0.00533706465193351,0.012655157774675851,0.017185328694452617,-0.0011331707942315832,0.28536433182375465,1.0889810316630304,4,12
2017-12-04,SPY,0,-0.0012097794137462259,-0.0012105117875940152,0.005930391243971095,0.004463782993282981,0.0011446853273757718,0.009003702974057726,0.010213665448683233,-0.008148334384926006,-0.42794522081210096,0.1678771744805314,0,12
2017-12-05,SPY,1,-0.003596660049162259,-0.003603143581626611,0.004884021485272095,0.004855541965418899,-0.0026980295378177255,0.003500156970209778,0.008016966191685963,0.0,-0.17062949406958272,-0.06609720123121021,1,12
2017-12-06,SPY,1,0.00019007876252175038,0.00019006069984239815,0.004861813836710877,0.004586985579424277,-0.0029089820717032033,0.002448681320391888,0.0038739824479294524,-0.00022786768467655886,-0.026872407669771614,-0.09844968496233852,2,12
2017-12-07,SPY,1,0.0031528808637188988,0.0031479209574429845,0.0025583332425354573,0.004555552830709359,0.0009475826833393874,0.0039614789261634975,0.00564240615385611,0.0,0.017391625141965683,-0.11654536201931964,3,12
2017-12-08,SPY,1,0.005453069651285336,0.005438255497646871,0.0035682250720743226,0.0047114289102236405,0.0056053427374049836,0.007463580390784985,0.005619211848683178,0.0013199807613580897,-0.00847852719422526,-0.1702730568570252,4,12
2017-12-11,SPY,1,0.0030133736009021472,0.003008842491007968,0.0034727262817006383,0.00463719058263197,0.0069803485708428425,0.008173553273985945,0.0033794972202887638,0.0,0.08507403619721576,-0.12876739738588794,0,12
2017-12-12,SPY,0,0.0017646031560021314,0.0017630480729877718,0.0019401206850845599,0.003736065888845024,0.006025987304338676,0.008459835213823652,0.003630108348198485,-0.0016091938532677885,0.02549787848695506,-0.09345618671637157,1,12
2017-12-13,SPY,0,-0.00011260399213808281,-0.00011261033244380769,0.002040707380981537,0.0037083914623969993,0.0032568988031447255,0.006808728763046501,0.003407487719720051,-0.001160778706761336,0.20786940201277537,0.06617810850243311,2,12
2017-12-14,SPY,1,-0.004086143132394859,-0.004094514226685497,0.003583354985432552,0.003103828094547287,-0.002036116621711659,0.002448876439756331,0.006065353024821169,-0.005353973175289548,-0.02175493219986513,0.07326010645528425,3,12
2017-12-15,SPY,1,0.008327553134376497,0.00829307036954674,0.0045383222524768355,0.0038834731703302904,0.004491697886238599,0.009496981998106557,0.0062158365816819125,0.003993209681101958,0.43652568326964136,0.574980676276414,4,12
2017-12-18,SPY,0,0.00634112703089329,0.006321106674724852,0.004986088840302619,0.004072961264964182,0.00839523112430407,0.013823376328938375,0.002312551671289835,0.00037301790838830426,-0.42152391634620767,-0.07848654455477289,0,12
2017-12-19,SPY,0,-0.0038402221937953174,-0.0038476147792270154,0.005749434143899709,0.004110995669556801,0.003205051257749947,0.007903736087991886,0.005363536883494763,-0.004879311326683681,-0.015190021708569645,-0.09685034631028999,1,12
2017-12-20,SPY,1,-0.000524234268543311,-0.0005243717273701876,0.00577805810363446,0.004152329888503213,0.0014483091595216546,0.005430057438086333,0.006113185216464136,-0.004622172755640611,-0.06835641862570996,-0.15937242545723218,2,12
2017-12-21,SPY,0,0.0020597975585228134,0.002057679084118469,0.004956034779064341,0.004131450176553489,0.0010550101130917255,0.0056634460718631985,0.004071214219865173,-0.0005976083810614564,-0.12663205279375644,-0.2575394596539209,3,12
2017-12-22,SPY,0,-0.0002615535633773147,-0.00026158777447626846,0.0037647443586491676,0.003968098942238905,4.4912604155289415e-05,0.004136043616814966,0.0027653988605174508,-0.00033630917727188594,0.1743726531836145,-0.13015282151795216,4,12
2017-12-26,SPY,1,-0.0011962547292209136,-0.0011969708130452617,0.002117374424317152,0.0039856386252620874,-0.0003965673188913721,0.0020944228515953345,0.0020594937955778136,0.0005243012725619248,-0.4252555547510255,-0.47824851544771585,1,12
2017-12-27,SPY,1,0.00048643279438165266,0.00048631452430125677,0.0012439833685267728,0.003973425717300404,-2.251614671011648e-05,0.0018691918630981963,0.002692801284892966,-0.0002243905957741521,0.2764231595512372,-0.3122580291740451,2,12
2017-12-28,SPY,0,0.0020576278471862164,0.002055513830417688,0.0014346711158549645,0.003982192080277862,0.001405701266549153,0.002999685457169221,0.001754455914752649,-7.473041231593649e-05,-0.21878235874703467,-0.42301590539405265,3,12
2017-12-29,SPY,1,-0.0037705257754203636,-0.0037776521267662844,0.0021648143524436265,0.003938977940599579,-0.0018327872080242669,-0.0017356952644591583,0.007112699337927771,-0.006219094459933874,1.1280075183803566,0.23518662231316156,4,12
2018-01-02,SPY,1,0.007157396990326692,0.007131904392639221,0.004088497199415964,0.0037065790181528015,0.004364780166922433,0.004559998175853064,0.0052643506622909305,0.0034721949241965635,-0.09740603328493425,0.20469618490237518,1,1
2018-01-03,SPY,1,0.006324959245881168,0.006305040636624071,0.0044687632976224915,0.003703920741150146,0.008245741222295377,0.010056823096648904,0.0062463684069530975,0.0056142542147470395,0.039405370910395865,0.2410962384768165,2,1
2018-01-04,SPY,1,0.004214814325305127,0.0042059568750243415,0.0043689072888315,0.0034370090959415364,0.009267257750698477,0.012635002059312006,0.005973433054091505,0.0015117003173963017,-0.10474029203822788,0.11378381435776186,3,1
2018-01-05,SPY,1,0.006663813138772623,0.006641708084292652,0.004550493918149178,0.003674111253786218,0.011819527048779754,0.016960259606288997,0.005907986106444986,0.00333934031594668,0.035810130412567975,0.14297662730209404,4,1
2018-01-08,SPY,1,0.0018290519028587582,0.0018273812242881604,0.002211693037529612,0.003677024782874679,0.008401028384342757,0.016423489092499466,0.004097892968395307,0.0022319559276635912,-0.31373976342129206,-0.2050543273621429,0,1
2018-01-09,SPY,0,0.002263422851286334,0.0022608651684690173,0.0022327248989648376,0.0035626367328403675,0.0064079463232114,0.016073559090928224,0.004263897426235931,0.0005102574765009639,-0.0011374897067649714,-0.1815930332917559,1,1
2018-01-10,SPY,1,-0.001529852327289527,-0.0015310237462449194,0.0030350695061877038,0.003603493317694854,0.0021863867653513225,0.011923733334924025,0.005480853698271599,0.0016077260054866522,0.21518671184546068,-0.03890754149177689,2,1
2018-01-11,SPY,1,0.007295878014224932,0.007269391844777928,0.0036690541816358654,0.003803889628477697,0.00618011613271352,0.01600606078436395,0.005677880104071884,0.00498633345655141,-0.10367046452497541,-0.14399624443562897,3,1
2018-01-12,SPY,0,0.006519182405258395,0.00649802444094405,0.0036363731298787822,0.003908616765010605,0.009428984800047502,0.01886185009176633,0.00734389219551784,0.005426524589877973,0.45628472695493216,0.17300272920194426,4,1
2018-01-16,SPY,1,-0.003418472438979192,-0.003424328766158169,0.0047461293315584135,0.0038347723200438865,0.0037544252447136994,0.01162945494198353,0.013996791038767647,-0.008519795349245735,0.173306274988686,0.35779334163898646,1,1
2018-01-17,SPY,0,0.009531785606648802,0.00948664476010741,0.005764325570525191,0.004132387162583924,0.009611903228801566,0.017244529043384915,0.01107789298201073,0.005682791710256543,0.0629129905560597,0.3958961745926457,2,1
2018-01-18,SPY,1,-0.0016809251728820973,-0.0016823395127563145,0.005798752034041289,0.004392653496506425,0.004274114927179884,0.012341469196140764,0.004937758796925224,-0.0012165318610469686,-0.11063864353145181,0.22536061450019784,3,1
2018-01-19,SPY,1,0.00454957414855639,0.004539256119346469,0.005488799226764364,0.004402774135285837,0.005738558173626007,0.013711986580775326,0.0045389173305167285,0.0021801854744611052,0.39901616233817805,0.5971702044777629,4,1
2018-01-22,SPY,1,0.008130876979828283,0.008097999494556696,0.005779410284086198,0.004552816180504396,0.010458695714437694,0.018541010448600348,0.009208755277834994,0.008994499385716266,-0.3519561794236592,0.025968153356412893,0,1
2018-01-23,SPY,0,0.002122495527335788,0.0021202462159113367,0.004537516496286268,0.004542865542252013,0.008048951161026219,0.01726854714507997,0.004421023000544856,0.0019453148813188465,0.06309842930102572,0.04406183626831561,1,1
2018-01-24,SPY,1,-0.00038828981560179443,-0.00038836521961194137,0.003932603038731661,0.0046901818003840705,0.005103929798890405,0.013728440049245894,0.010069769663299833,-0.002957525422093408,0.38864414269189695,0.33820860875582204,2,1
2018-01-25,SPY,1,0.0004237645597899853,0.00042367479694682686,0.003449977105454996,0.004512619530461408,0.0025692431066839383,0.010836176550240273,0.006580782281418763,-0.0030265197707530214,-0.3725727120128828,-0.1726999684385575,3,1
2018-01-26,SPY,0,0.01157803242108546,0.01151151990082333,0.0052288919124807735,0.0050982041359159125,0.009767336988336206,0.018737513380405524,0.009393187080859719,0.00819696243541117,0.2737503147635638,0.008989525221998917,4,1
2018-01-29,SPY,0,-0.006630162390311445,-0.006652239554536088,0.006571655564464859,0.005928902492584335,0.001667723493808948,0.00955713791358459,0.0067498783800889585,-0.004371699478960876,-0.16358170500013458,-0.15551085013792554,0,1
2018-01-30,SPY,1,-0.010256764710449673,-0.01030972778606376,0.008336361079796243,0.006978768507708836,-0.007537642566976532,-0.002492112895931431,0.012455728724869568,-0.002972386127914437,0.4624820929822244,0.20651219471112126,1,1
2018-01-31,SPY,0,0.0004966578348697404,0.000496534541189142,0.008363396708259935,0.006420142534400404,-0.00614856686952292,-0.002805135081563326,0.009266774008346055,-0.0029357233317685786,-0.1777863431778106,-0.0035248425444044384,2,1
2018-02-01,SPY,0,-0.0011353132796784182,-0.0011359582359977693,0.008331747192852656,0.006398672383795966,-0.006071462770144698,-0.004796230219540676,0.008467658664366584,0.0018144207306281734,-0.1685261265650838,-0.1632815798811299,3,2
2018-02-02,SPY,0,-0.021769768460020544,-0.022010226079465234,0.008885293714444286,0.009423616115605132,-0.020008876545372534,-0.024751951055086763,0.017209395727299147,-0.01653090041133574,0.9219755278710358,0.561384691731319,4,2
2018-02-05,SPY,1,-0.04182253518059642,-0.04272227305283405,0.017464964185838497,0.015123923262708314,-0.046922631276588134,-0.05929103310623551,0.045858504242551404,-0.03481447835534311,0.7016436571602798,1.2452463287155253,0,2
2018-02-06,SPY,0,0.01970250565630738,0.019510923633536237,0.02353834620975991,0.017153847637165032,-0.01919812061382653,-0.035890931412437044,0.04231745747744054,0.035354321593798525,0.2047802069893696,1.2607240813699896,1,2
2018-02-07,SPY,0,-0.005425045649962934,-0.005439814649331076,0.023091732215723314,0.01707781499156525,-0.014295523610842076,-0.03576383052541787,0.01780260252996974,-0.0030911976620693667,-0.5285536190507308,0.04416116090369404,2,2
2018-02-08,SPY,1,-0.03750907551802507,-0.03823064197428838,0.025198805904249225,0.01964034970229185,-0.034232912512037195,-0.06326932234409433,0.03947620127731791,-0.03872991494567619,0.4724294567742946,0.3964457055765185,3,2
2018-02-09,SPY,1,0.015021579658744066,0.014909873015275465,0.028717030083162443,0.02007207522391258,-0.009364730046909853,-0.040448010176196925,0.04098921657581992,0.00268409601148809,0.15060205031862517,0.46118248759453184,4,2
2018-02-12,SPY,1,0.014684381170865679,0.014577609625909815,0.02375629428180047,0.021429552884803617,0.0041094822404803555,-0.019398602541531917,0.02027823361940022,0.005723419787278023,-0.49311146321499844,-0.2792565113921156,0,2
2018-02-13,SPY,1,0.002487408925623713,0.0024843204445250677,0.021568236062074662,0.021579648532907236,0.008997447985906293,-0.011200317105583113,0.012539294401966111,0.00769026317350209,-0.43491122613680633,-0.5821188976988849,1,2
2018-02-14,SPY,1,0.013496284694369365,0.013406021086098896,0.022489787579120003,0.022360259606138737,0.0211278389441496,0.006751693021547878,0.021565632248805266,0.019976538262145665,0.4864608315809691,-0.38276457191940927,2,2
2018-02-15,SPY,1,0.012759991761109202,0.01267926902198635,0.005224006385000476,0.02299642756354964,0.022231953439737273,0.022863735000726804,0.01572345773129564,0.005376114503451362,-0.07897746896733937,-0.4375784296534152,3,2
2018-02-16,SPY,0,0.00029309680201294874,0.0002930538575363073,0.006792702418033702,0.022015678158251287,0.01371868469476234,0.024061289334385227,0.01120012569225435,0.002900918059991156,0.44262290659287795,-0.18336968681569965,4,2
2018-02-20,SPY,0,-0.0062612676061255534,-0.0062809515494492985,0.008466092049757212,0.016900748643231198,0.002860004466767263,0.014806937618220939,0.011653175906919984,-0.0023159389980501196,-0.46160300361363693,-0.5081740929675485,1,2
2018-02-21,SPY,1,-0.004974052766773318,-0.004986464542226621,0.009514378931939484,0.01595387147670488,-0.005106073669341349,0.009412026546549823,0.017579988549454247,-0.006803994648929433,0.14488877465129546,-0.3407577535400944,2,2
2018-02-22,SPY,1,0.001296063239206724,0.0012952240742425403,0.007526429417840321,0.01581953059272601,-0.00441083600796377,0.009689977003268346,0.012578285015711881,-0.002582118005426973,0.11758864201076613,-0.23420644736397156,3,2
2018-02-23,SPY,1,0.01593929896217694,0.01581360225551265,0.008829650209077616,0.0087752302305806,0.010208375768089084,0.019282968992953453,0.012730385026299642,0.01074352558355224,-0.16057090994314605,-0.2805527418270699,4,2
2018-02-26,SPY,0,0.011612730351915346,0.011545820107676796,0.009905797062054125,0.00846710822513619,0.018351975330628933,0.024883114479479218,0.00996629606420227,0.007139496513588081,-0.06764302592317906,-0.20819943859877832,0,2
2018-02-27,SPY,0,-0.012486972073027847,-0.012565589456444926,0.011676141783663375,0.009689614591492335,0.0034075929693635487,0.00870388757281182,0.01639649173476272,-0.013232148680779378,0.14576940597562293,-0.05412744509074818,1,2
2018-02-28,SPY,0,-0.010130120864916936,-0.010181779708954508,0.012662694091316698,0.01060251069905609,-0.00791779640443413,-0.0035836987472500637,0.017774209324820704,-0.014618394103181918,0.23015927474692033,0.12007913371878498,2,2
2018-03-01,SPY,1,-0.014540638693234076,-0.014647389863901239,0.014495144429503217,0.010970688528622494,-0.02041145713210457,-0.01739104228722088,0.0264176461110131,-0.01366932465649594,0.4507283373172184,0.5452540617996426,3,3
2018-03-02,SPY,1,0.005155029404623868,0.0051417877285331315,0.011707408313507006,0.010172421144984175,-0.011287835028414461,-0.010891610048489486,0.018434891352594695,0.012340101316527003,-0.21357540721189272,0.18632408266922584,4,3
2018-03-05,SPY,1,0.011558046883038298,0.011491762912401171,0.011689097306759719,0.010974090820857258,0.0043542485844279,0.000878998648757845,0.0197214696903913,0.016658541336652313,-0.3003655365996756,-0.12278395839012712,0,3
2018-03-06,SPY,0,0.002534677620292136,0.0025314707427641636,0.01089443769591214,0.01079270378696526,0.008053057195676727,0.0028701213206621112,0.008086432752900063,-0.0015367103143612178,-0.18594885897680957,-0.2812643502011172,1,3
2018-03-07,SPY,1,-0.0003664453001611667,-0.0003665124576475165,0.009674496618114195,0.010625525662784638,0.006843078864875229,0.0014978189067156311,0.011019822205379611,0.008727110547951993,0.09910343225624008,-0.20147097331602304,2,3
2018-03-08,SPY,1,0.0048391943281336225,0.004827523065122463,0.004404741721958456,0.010693234841264413,0.006957981690453696,0.0049790578764246085,0.006653178167999191,0.002010668379057455,-0.2315815468020468,-0.36082983245061284,3,3
2018-03-09,SPY,0,0.017402169797113842,0.017252486092590225,0.00720531683238691,0.010921630319053337,0.017164740237767928,0.02091074462147713,0.012803767221620924,0.011497942581793636,0.698404512923535,0.06435845980782307,4,3
2018-03-12,SPY,0,-0.0012549477248097185,-0.0012557358311298117,0.0075359062246563874,0.010348319484513794,0.01121883043822347,0.019398230157674723,0.006554502184214674,-0.0024356130502427306,-0.3670001311327671,-0.3169409467808859,0,3
2018-03-13,SPY,0,-0.006462820080143206,-0.006483794520029562,0.009078071790446006,0.009676655150377137,0.0018898802839812934,0.011961877571781576,0.015651818682572798,-0.011149210827676993,0.27868134496029184,-0.12063044580754567,1,3
2018-03-14,SPY,0,-0.005131402804375851,-0.005144613664621822,0.009724773615693993,0.009160423424414869,-0.005066764823357106,0.005427044017499938,0.012058513427800403,-0.009034987177146517,0.15142292666325252,0.028269794356916567,2,3
2018-03-15,SPY,1,-0.0010896092287124848,-0.001090203284412894,0.009634546951442747,0.007378196414681519,-0.006796959888820231,0.0016610470171971592,0.007901959682461442,-0.0031898103060651528,-0.21211651908350815,-0.10901740637383661,3,3
2018-03-16,SPY,0,0.001084241511944084,0.0010836541466412442,0.0031220677736542315,0.007341027278280409,-0.0031482256768973205,0.0004810907579984036,0.004553734061930784,-0.0010928517048041893,0.20268598755887957,0.11781632595543101,4,3
2018-03-19,SPY,1,-0.013530436997056805,-0.013622807515017321,0.005639841176158931,0.0080796848205764,-0.0116639639597238,-0.012834586721503172,0.021145047193114136,-0.010462834480631247,0.08834336385841857,0.20065028022363363,0,3
2018-03-20,SPY,0,0.0017009213957270841,0.0016994764671709461,0.006266757707062505,0.008052614429302258,-0.006595535735798963,-0.010851758444656023,0.0054994490976848585,3.6944583800115385e-05,-0.4528140692474205,-0.32866108570383445,1,3
2018-03-21,SPY,0,-0.0019193605989006324,-0.0019212049317927082,0.006208397273375719,0.008069403329902873,-0.005752372636917302,-0.012295296674270983,0.01136945973296161,-0.001734962094102965,0.3171545568491214,-0.10736540127990679,2,3
2018-03-22,SPY,0,-0.02499698944537221,-0.025314720240721122,0.011532511419305601,0.010915941130071154,-0.02325616441987255,-0.033689789752546995,0.020566644359328503,-0.015826173627030798,0.8903145232601868,0.5439795693881193,3,3
2018-03-23,SPY,1,-0.021314631481157198,-0.021545068576446447,0.011697864522224355,0.009482086156323117,-0.03249870220565543,-0.04740623540096445,0.025400392291276563,-0.023166995963528624,0.2335496844795104,0.7757511285008198,4,3
2018-03-26,SPY,0,0.027358848996808183,0.02699128471256884,0.020980584038477024,0.014497208964021211,-0.0020028500006117333,-0.016880835184285736,0.022965661700434344,0.01136833026834233,-0.22654395787610848,0.28630868197037884,0,3
2018-03-27,SPY,0,-0.017011860189214634,-0.01715822420705937,0.021410964284080708,0.015035371701623395,-0.011276005075183004,-0.028194018816634858,0.029792960422772255,-0.020926502022103315,-0.08463672924235033,0.13827391214501694,1,3
2018-03-28,SPY,1,-0.0029546905920208033,-0.002959064307710868,0.021347484995168534,0.01505680122573861,-0.006203920711672417,-0.025844502220588206,0.015570577473334133,-0.0035283352933245444,0.12706419970848404,0.2388927543465249,2,3
2018-03-29,SPY,0,0.0127777163803513,0.012696770171602978,0.020395843470751317,0.016087628731825003,0.0068950841627974935,-0.009403401856339255,0.02075679200783509,0.007774198901872053,-0.23796621835232357,-0.07789456602630562,3,3
2018-04-02,SPY,1,-0.021584904838307883,-0.021821266312724852,0.020465934940273434,0.016887565544318764,-0.014401122917540254,-0.0246426972107181,0.03222246089205018,-0.019348645242640038,0.6692081475534402,0.4371351400600061,0,4
2018-04-03,SPY,1,0.012817581754896112,0.012736131809721662,0.016129804292661004,0.017646074884476306,0.0015596930432835165,-0.008490114990879927,0.017267359311686957,0.007339567861560276,-0.3560616105424822,-0.08218413380075107,1,4
2018-04-04,SPY,1,0.010698758572137423,0.010641931812514827,0.01490829227574077,0.018163283758764786,0.009978684954909944,0.004941566773013495,0.030223872436404578,0.026523846382059395,0.031331253141753335,-0.09758791813092937,2,4
2018-04-05,SPY,0,0.007892319686576554,0.007861338235143123,0.014731389925451322,0.018467378661779683,0.013436972614480291,0.014726146645487326,0.008736612430302583,0.00033902037133188575,-0.33191286768896,-0.39883911593362986,3,4
2018-04-06,SPY,1,-0.022286160978762237,-0.0225382499003004,0.017836488748009947,0.0181025850872338,-0.006548637943094682,-0.006388949694181134,0.026991059863084494,-0.014046055798438022,1.1719970091684955,0.2771687339061062,4,4
2018-04-09,SPY,1,0.004928359972853347,0.00491625536114082,0.014339795347963662,0.016739360914359225,-0.004341379675811385,-0.0026176909120120273,0.018747346627478876,-0.0014155990515346242,-0.412643743468738,-0.20571911704066792,0,4
2018-04-10,SPY,0,0.01590023076402458,0.01577514626763943,0.01493167578647835,0.015062811857706011,0.008121031508776522,0.013225440565555191,0.011579058106501236,0.0033299463404714235,-0.018151056164047108,-0.19688899111356417,1,4
2018-04-11,SPY,1,-0.005242130324867866,-0.005255918497413248,0.014690670626690171,0.013997806094522534,0.002683834588943723,0.006698337897035778,0.008539871672582654,0.0011007270033712153,-0.11966502139497148,-0.2710523560657485,2,4
2018-04-12,SPY,0,0.008227212549842822,0.008193553523961228,0.014734986763262244,0.01406708495982896,0.010710344563632068,0.012623055405262207,0.007313588064481986,0.0025257592003718344,-0.2441260826726297,-0.412566249963227,3,4
2018-04-13,SPY,1,-0.0029333243988229896,-0.00293763502654798,0.008568541705862963,0.01365208522194974,0.003603246084741052,0.008884387111069092,0.013200698294583127,-0.00845147801007727,0.23499176228943042,-0.2577372761336647,4,4
2018-04-16,SPY,1,0.008221920345303113,0.008188304490446718,0.008765173794362128,0.011255021709103134,0.0070292464405379285,0.01337745632710785,0.007977546377574906,0.001235904765039794,-0.25474969205164133,-0.3804040932517476,0,4
2018-04-17,SPY,1,0.010698658845472053,0.010641833141501245,0.007311680887310625,0.01108552913572281,0.013952915308113045,0.02057489772692489,0.007871366809795131,0.0031931679056088646,0.020135540719782075,-0.3318376932296013,1,4
2018-04-18,SPY,0,0.0007401101416306677,0.0007398363951800491,0.005795564449900737,0.010822202227862454,0.009679028853349703,0.01870211086656104,0.005282768712859232,-0.0011082337369799447,-0.1140672830153675,-0.3644529099421192,2,4
2018-04-19,SPY,0,-0.005547455267978285,-0.005562899542050026,0.007017649432516295,0.010927975475748185,0.001863103007419653,0.011812010419977925,0.008010397593179907,-0.002818391489890493,0.35515907294267923,-0.13393306932102056,3,4
2018-04-20,SPY,0,-0.008479627042309423,-0.008515783620989481,0.008350746484431857,0.008136787572575674,-0.0077119162280246956,0.0006379252404240532,0.012834389488356865,-0.00818426482278325,0.28712821562817514,0.22329337814319739,4,4
2018-04-23,SPY,0,-0.0001500615109710779,-0.00015007277132639274,0.0073520435586140525,0.008137364890854946,-0.0072992037993325765,-0.0015994051044945223,0.009503885550065452,-0.00258176463441482,-0.34411238871030514,-0.15648166983639022,0,4
2018-04-24,SPY,1,-0.013467013706033981,-0.01355851637553851,0.005912772641033575,0.007917284154129654,-0.0153805331159248,-0.01424375398644151,0.025025256534925374,-0.017741754024888017,0.7219179962781048,0.4351914478555561,1,4
2018-04-25,SPY,1,0.002471485111667615,0.0024684360151701057,0.006392121374997233,0.007810713796565961,-0.007925159916804203,-0.011759320722632749,0.012475747341711321,0.002738584347016582,-0.0801218934229817,0.2992222875748056,2,4
2018-04-26,SPY,1,0.010165803682335772,0.010114479441769575,0.009284971108405385,0.00805833270663021,0.004109861268581705,-0.0018552475620274844,0.011178637258044273,0.005740356375319983,-0.3477338890552759,-0.15133109976660697,3,4
2018-04-27,SPY,0,0.0009387300651158004,0.0009382897335949991,0.008539842750174255,0.007985234322224293,0.0050903108044551,-0.001445995719685067,0.006891372052024813,-0.00164794921875,-0.15765540314091298,-0.25911160555383206,4,4
2018-04-30,SPY,1,-0.007690652376216245,-0.0077203779473018486,0.009210636982685335,0.007873296931906129,-0.0010877187111393294,-0.008077668993614173,0.012946276458234561,-0.010289605251498817,0.44044021761992225,0.04180265098268099,0,4
2018-05-01,SPY,0,0.001776911096607492,0.001775334257743566,0.006342209094158192,0.006833098111025544,-0.0008220430304047843,-0.004369858200116261,0.01133141625528596,0.004206677112521471,-0.09708781574621295,-0.07056202743469964,1,5
2018-05-02,SPY,0,-0.006717347613420577,-0.0067400105397528165,0.007266102987451726,0.006916451879256953,-0.007211945156880284,-0.008378936705183415,0.011028791367476995,-0.005892119281815692,0.16394801316381735,0.04381681428175188,2,5
2018-05-03,SPY,1,-0.0022037211666529055,-0.002206152933424299,0.004316934654619009,0.0068423099914663235,-0.006634513854005264,-0.008221343587939023,0.01643406313621922,0.001372627690680747,0.578247494179039,0.538349811548297,3,5
2018-05-04,SPY,1,0.01294638668553505,0.01286329858020352,0.008354316138983518,0.00796684327475387,0.0066372122315581095,0.0048424844074030915,0.02156628512301845,0.017207097694412747,-0.3307820690110519,0.03973622629118023,4,5
2018-05-07,SPY,0,0.0033832553299431023,0.0033775449976793936,0.00733684672290124,0.008046906126700584,0.008204022633538921,0.00810882351408626,0.007156519754496394,0.00011240128011679671,-0.393733536061985,-0.3621891235778827,0,5
2018-05-08,SPY,1,0.0,0.0,0.00738337827999482,0.006488947874548908,0.006728608204557229,0.006610935149611308,0.008180085087359287,0.0015760353761139776,0.2204922167836847,-0.17856074104191622,1,5
2018-05-09,SPY,1,0.009665816227679924,0.00961940107985182,0.0064056690623055,0.006987425111062922,0.011651831097496457,0.0140957462689133,0.010385530690984659,0.0067991907278000235,-0.11604730130134877,-0.2326336815194615,2,5
2018-05-10,SPY,1,0.009350572166009208,0.009307126185952974,0.005245192438816185,0.006888560709459762,0.013955724560237304,0.021383583257603256,0.008026978830842826,0.0062143696772173984,0.20778633093163457,-0.07832048538649161,3,5
2018-05-11,SPY,1,0.003051102636601799,0.0030464574691420054,0.00424466574205495,0.006879843036193622,0.011897094216119397,0.02208601349802697,0.005768692324710346,0.0025352823049741655,-0.16918873388756372,-0.23700811705151748,4,5
2018-05-14,SPY,0,0.0004765938380739687,0.00047648030330282864,0.004710372056806834,0.005980643962210856,0.007849244164354285,0.01933894257838875,0.006292534000684396,-0.0013169874748864131,-0.08486341581553825,-0.276502732529066,0,5
2018-05-15,SPY,1,-0.006886919211706921,-0.006910743486733928,0.006870186698939962,0.0067795352848633444,-0.002171554150680044,0.010010681802043564,0.005817543332118653,-0.0018041542066424023,0.5885224837837146,0.1301411129584067,1,5
2018-05-16,SPY,0,0.004204933017816437,0.004196116992197574,0.005943228322705865,0.005999091364394937,7.268680245031689e-06,0.01085324223679196,0.006085506841186595,0.00405685449034049,-0.38022728500013214,-0.2687816393602622,2,5
2018-05-17,SPY,0,-0.0008445815236819421,-0.0008449383836026669,0.00434053005385848,0.005872110984741205,-0.0008300056361226771,0.006490263990653888,0.007722314057006395,0.0002574366536377236,0.04808444531780087,-0.14069721950580405,3,5
2018-05-18,SPY,1,-0.0025000203134981636,-0.0025031505825277023,0.004066361764802139,0.00510244530202002,-0.002213778017749135,0.002005274526502898,0.0040497979651352226,-0.001067699543977806,0.13852314615009087,0.01996690431772996,4,5
2018-05-21,SPY,0,0.007518603683705383,0.007490479862966026,0.0056603603383979665,0.005387517446453996,0.004999888783586037,0.007139998972365502,0.005164659212751364,0.001318579314624918,-0.09852877206065125,-0.08447660879933316,0,5
2018-05-22,SPY,1,-0.002780221167048569,-0.002784093160247636,0.004545184079876519,0.0055931495795691205,0.0010943048174028025,0.0022389519593171148,0.007336873369535734,-0.0049277491079823925,-0.08719382206911053,-0.1446927216429088,1,5
2018-05-23,SPY,0,0.002751298501160848,0.002747520607262466,0.004340384711293444,0.004947561862486881,0.003023492787445292,0.0035722247048928235,0.008850626157829564,0.008076010677381711,0.22141961696471735,0.036275123515206564,2,5
2018-05-24,SPY,0,-0.002048668914751195,-0.0020507703074414962,0.004487369326279368,0.004173607791035057,0.00038868631547850363,0.0012295254842307202,0.008940685239326089,-0.0004031214234155958,0.17543458300744108,0.21035755810945989,3,5
2018-05-25,SPY,0,-0.0023824561097023356,-0.002385298674013825,0.004467405931209946,0.004128259905913174,-0.002594591017941794,-0.0008992183541841614,0.004703284247670196,0.0,-0.2586535654451777,-0.09768385226899501,4,5
2018-05-29,SPY,1,-0.011501040975226307,-0.011567689457731234,0.005159822861613865,0.005427449672515294,-0.01091213854967088,-0.01095209152469967,0.012615159235352386,-0.004772330126791726,1.0560356755145914,0.6898839592195212,1,5
2018-05-30,SPY,0,0.013344491291093385,0.01325623783192409,0.009052441958695694,0.006777213743856948,0.0022867358035791874,0.0016901654374967823,0.009944443341323937,0.007800315532578558,-0.39885047356279,0.042248688221825814,2,5
2018-05-31,SPY,1,-0.0061257990179517385,-0.006144638702909155,0.009254229053526701,0.006947845529813452,-0.002077288371048147,-0.003970235292826363,0.008193939073164928,-0.004446046232646106,0.34216486027233683,0.32068541273722784,3,5
2018-06-01,SPY,1,0.009817600481291766,0.009769720961303463,0.010582392890533171,0.0076630323061690885,0.00712639396665149,0.005220823235307925,0.0059102670514906966,0.004368424159937605,-0.2380402459797326,-0.014186296688167066,4,6
2018-06-04,SPY,1,0.0047512318277247445,0.004739980350627171,0.01055547179229982,0.007679171655326216,0.009867030178348113,0.008673862376751051,0.003387581247646818,0.0013477402062896248,-0.36308982519955546,-0.3551916046416339,0,6
2018-06-05,SPY,1,0.0007276181723141484,0.0007273535865488512,0.00764368108425643,0.007365388790771949,0.006107529052451488,0.00876746375606463,0.0049082209177619745,0.00018185170975002545,0.1266888765500649,-0.26631865286721124,1,6
2018-06-06,SPY,0,0.00836083455069292,0.008326076377339398,0.00643131555196535,0.007625967074502161,0.010977289913329136,0.015418050363581237,0.00881102505707868,0.005837721823415001,0.22679573677520293,-0.1123603693345625,2,6
2018-06-07,SPY,1,-0.00010824621401239742,-0.00010825207305664719,0.004429806346562874,0.0076386642967171455,0.0061522433281380184,0.013819998600399064,0.006979681080068591,-0.0020867676357996484,0.1631889205224748,0.0205429131543986,3,6
2018-06-08,SPY,1,0.0029562695225346936,0.002951908350874888,0.003393468523615597,0.007544903036266233,0.00577745751890224,0.01481782364658435,0.005743168874253582,0.004840152820475624,-0.011370519697297743,0.01447809989458615,4,6
2018-06-11,SPY,1,0.0013300870164538736,0.0013292032343024118,0.0033820490006641396,0.007396042846994635,0.004456894726120986,0.013797053193693287,0.003806915490947862,0.00043095502131649085,-0.1836325906539672,-0.17473504430163256,0,6
2018-06-12,SPY,0,0.00129255371409287,0.001291719085664944,0.003310308031143483,0.005628070191395057,0.0029920017860709525,0.01146310791938654,0.004085525340811341,-0.00039417034743097505,0.2281529906184998,0.07947335060892669,1,6
2018-06-13,SPY,1,-0.003191183053671498,-0.0031962857369345343,0.002309519207397474,0.004830978282945651,-0.0006614794710174676,0.006257564058634868,0.006017490521394878,-0.004154889687902867,0.09320742717305652,0.16377520690447422,2,6
2018-06-14,SPY,0,0.0025179935868919756,0.0025148287526146618,0.0024438738594728757,0.0039035617006837483,0.000876295563277063,0.005955127364592361,0.0045517686434930985,-0.001003543849670772,-0.02495238432489444,0.1628428909626647,3,6
2018-06-15,SPY,0,-0.0012759681068064133,-0.0012767828472401987,0.002318466425132569,0.0032181637280098855,-0.0005331595481187223,0.002943380000393292,0.007809123696479633,0.001916119911792506,0.5570082596604824,0.686468309316981,4,6
2018-06-18,SPY,0,-0.002056860659971904,-0.002058978902978126,0.002375964463851037,0.0032295506810141464,-0.0020456069706081825,-0.00016486703444773543,0.006352317913660585,0.0038840152533615975,-0.5591728200890358,-0.2643438600510589,0,6
2018-06-19,SPY,1,-0.003832738622677967,-0.003840102386964084,0.0024891451800430494,0.0035835415298125714,-0.00430887076912756,-0.00458348524250296,0.008102194236142791,0.005474452554744526,0.8430824527189442,0.27371994289831414,1,6
2018-06-20,SPY,0,0.001706263489486659,0.0017048094756582088,0.0026490574390485864,0.0024067313776409685,-0.0020205780888309377,-0.0028166172254570077,0.00409021945107682,-0.0010858500919327303,-0.4485320127343474,-0.28928016913877974,2,6
2018-06-21,SPY,1,-0.006269021916349593,-0.006288754747840741,0.0029685813668473204,0.0031057139048365134,-0.0059446169771290025,-0.008390754210551021,0.008334607848113669,-0.0062327919769598695,0.32119995165983406,-0.0586235720994559,3,6
2018-06-22,SPY,0,0.0018230442343969422,0.0018213845061225697,0.0035200501444488668,0.0029761713072967576,-0.002403912472504155,-0.005789809064668527,0.004716020798361355,-0.003337493345106687,-0.22744978286383322,-0.25574051233023576,4,6
2018-06-25,SPY,1,-0.013612725173515083,-0.013706227837190887,0.0064039704691004635,0.004912006342347306,-0.011994627675054104,-0.01707759847180612,0.016530094255833818,-0.008923355835359543,1.5110740730621055,0.6881742617906839,0,6
2018-06-26,SPY,0,0.0022138842294969763,0.0022114371987695947,0.006995771632307265,0.004994612694050049,-0.006983428227236965,-0.012726776226236525,0.006515936232600465,-0.00014728516700183124,-0.5027543593158569,-0.1566572043829898,1,6
2018-06-27,SPY,1,-0.00828420133375074,-0.008318706024295075,0.006801061810377388,0.00535391541317466,-0.010419371808269795,-0.018251469588967617,0.017226189205839074,-0.010688325709730384,0.5334017045139567,0.25303929445929296,2,6
2018-06-28,SPY,1,0.005717571898359752,0.005701288621873246,0.00814496743279937,0.005779552339066187,-0.0023054917571614375,-0.010259455968862574,0.012105944008989023,0.005941572478537459,-0.2707640611279346,-0.08575142453073348,3,6
2018-06-29,SPY,1,0.0014397804177805895,0.0014387449277544206,0.008096613119551172,0.005900110762434512,0.0016838663841962642,-0.00671141007184628,0.009223907873965945,-0.0030868600358782295,0.27321413428483843,0.1960601007561984,4,6
2018-07-02,SPY,0,0.002137777636401328,0.0021354958411921032,0.005262677095012355,0.006051897764801758,0.0031881496332364367,-0.0028720168825565606,0.010389292453300215,0.008719437129556406,-0.348773727489305,-0.23111783756579762,0,7
2018-07-03,SPY,1,-0.003530997221069865,-0.003537245905484987,0.005458009555880159,0.0060408027346303,0.00016254698611906093,-0.004713648266169823,0.009381748101304896,-0.007219559702257051,-0.3362090668210741,-0.4529983172610019,1,7
2018-07-05,SPY,1,0.008157755870906502,0.008124661243913422,0.004460572134271027,0.006744477133959876,0.005529903215491627,0.004461146902242641,0.008156670871798931,0.0034536204484470257,0.3493674606692567,-0.2648870132737935,3,7
2018-07-06,SPY,1,0.008458127231744328,0.008422557700622058,0.005041638914691346,0.007071119067076911,0.010663575120767987,0.012517605111778574,0.011459342150366269,0.008347362733473872,0.1680746373794706,-0.13623826390564076,4,7
2018-07-09,SPY,1,0.00900464400062484,0.008964343938307806,0.00545018484487778,0.007572735582207764,0.014833710456848337,0.020449487190149718,0.005279303993935107,0.004881598854114825,-0.23977158738346638,-0.33961376790540465,0,7
2018-07-10,SPY,0,0.0035983160435151262,0.0035918575927347263,0.005306016508624395,0.005516209558992071,0.013275396490916691,0.021159129083649697,0.0033404805183943464,0.0017599591535140157,0.028019560676077804,-0.23530981939133566,1,7
2018-07-11,SPY,1,-0.007314561330639235,-0.00734144390407554,0.006885921944955811,0.00639859400105164,0.0015264965632217908,0.01174130083046232,0.005484465324641962,-0.001046395638854653,0.4827678440850698,0.11983933429357996,2,7
2018-07-12,SPY,1,0.009065781726464106,0.009024934218091474,0.007021081428548071,0.0056240861765188,0.006049708981515467,0.01718895847305224,0.006576062168654034,0.003916905069254,-0.21971404729367583,-0.06508168000334624,3,7
2018-07-13,SPY,0,0.0007877203734196758,0.0007874102845573105,0.006791313735883603,0.005641034833748072,0.0038273382825924074,0.014775744100271604,0.004549159840194022,0.0015043983592634897,-0.19806668474021494,-0.215574752231535,4,7
2018-07-16,SPY,1,-0.0008942030630390008,-0.0008946031010923505,0.0060116816303915225,0.005767914244529746,0.0018937696114220692,0.010911042645322944,0.0034329545300769027,-0.0010728733186631284,-0.0003111000497759697,-0.14730013757903015,0,7
2018-07-17,SPY,1,0.004045361114540125,0.004037200641902494,0.006062194526433563,0.0057697202280711695,0.004815156683535937,0.011847716929640928,0.008977627712288511,0.007182102169830809,0.08536129955810035,-0.05573791440914111,1,7
2018-07-18,SPY,0,0.0021038914299598144,0.0021016813496883557,0.0038323015387427177,0.005302284826226933,0.003907940275793331,0.010273450461524058,0.003991998598993407,0.0017821500012508988,-0.14760443845514237,-0.1985960087139329,2,7
2018-07-19,SPY,0,-0.0037719224798739015,-0.0037790541184445914,0.002975208305094056,0.005525546274171738,-0.00032864926807874006,0.00397631947359689,0.004566368629179252,-0.0011059097474001105,0.37715362104342565,0.09482957183127105,3,7
2018-07-20,SPY,1,-0.0011428230436592024,-0.0011434765638664857,0.0030455371923758926,0.005201470765771033,-0.0015352427338996,0.001299492585972395,0.0035029167702481253,-0.0003216797420191736,0.3407406683699141,0.4275596405098441,4,7
2018-07-23,SPY,1,0.0018594964620766152,0.0018577697387556213,0.00307684517733854,0.004507906767088603,-0.0002924988889310143,0.002336046687137827,0.004902469341001623,0.0026838431463168467,-0.4286019648350634,-0.17931109551247792,0,7
2018-07-24,SPY,1,0.005032008711522762,0.005019390468057772,0.0033692840103754524,0.004626831662266751,0.0039213930514967466,0.0064041796322031885,0.006849045804523541,-0.0006388558426502067,0.4459164760795449,0.15430971831217732,1,7
2018-07-25,SPY,0,0.008522809991018843,0.008486695896579022,0.004870892630771679,0.004160299025978138,0.010352527803948908,0.012394620328334272,0.010983529966141357,0.009526262116644127,0.1595839292985568,0.33437952871813104,2,7
2018-07-26,SPY,0,-0.002359293388603856,-0.0023620809064945902,0.004469601296064607,0.0037209969753865388,0.005579110427595513,0.008578739246409617,0.0036016559664772177,0.000494294226078778,-0.26575341423806675,-0.01656788397438369,3,7
2018-07-27,SPY,0,-0.006776349524562297,-0.006799413231880713,0.006021170194252957,0.004541727167697067,-0.00246710407057249,0.001092124047078924,0.012125066247273603,-0.00807154522686713,0.32543789224699804,0.24320694199597281,4,7
2018-07-30,SPY,1,-0.005223678476780735,-0.005237369584638607,0.0066445833560572105,0.004898862588167487,-0.007501961355838582,-0.004353309821517826,0.008276853429771955,-0.005541534952496173,-0.16968113306595,0.006915917288276674,0,7
2018-07-31,SPY,0,0.004929906622397118,0.004917794424437183,0.006624761844884062,0.004982697273497723,-0.0024110627273370433,0.0002491640006276885,0.0058401913931756515,0.0018517467974528729,0.07574224418559039,0.056064983022535486,1,7
2018-08-01,SPY,1,-0.001670904010640073,-0.0016723015277086972,0.004506231216997417,0.004975298731161884,-0.0018480538173876182,-0.00135112384576197,0.007103281777745406,-0.0024861919772022115,-0.21462873976418428,-0.18225885289108068,2,8
2018-08-02,SPY,1,0.005447697774203508,0.0054329127406411715,0.0056526506815112575,0.005064473045343173,0.004267677590498842,0.0032366117817226314,0.012240891695645201,0.010737677950928077,0.17776255122712992,-0.03983190427747907,3,8
2018-08-03,SPY,1,0.004284665618393468,0.004275512574503537,0.004752659596015973,0.005116322155875351,0.007009213934957126,0.006133938191277055,0.004707525202952751,0.003787234378090252,-0.14963800562541785,-0.14682625993457177,4,8
2018-08-06,SPY,1,0.0036674053402707685,0.003660696806245589,0.0028756998889913833,0.005165883223400891,0.007347113673804584,0.008235652683078687,0.006310738735373318,0.0035255956436170237,-0.26947978507622083,-0.36910814104114,0,8
2018-08-07,SPY,0,0.003302041332737815,0.0032966015658564274,0.002738402921393826,0.0050656326290858325,0.00764234312137857,0.010144394420477765,0.002698130599273284,0.0006656572202154484,0.09633536289780187,-0.2796925512513242,1,8
2018-08-08,SPY,0,-0.0004199065057940432,-0.00041999469121734023,0.00221050639904452,0.004419004957149596,0.0039602094735633475,0.009202629668644713,0.0033988618063530967,0.0002451971093902045,-0.025048267687734715,-0.25186577902269636,2,8
2018-08-09,SPY,0,-0.0013665340137680726,-0.0013674685728757296,0.0025897911731900284,0.0043579075346848245,0.0007018980997810509,0.007207515928705055,0.003677329168415498,-0.0016110092005907925,-0.15190931410959618,-0.33946200838539453,3,8
2018-08-10,SPY,0,-0.006699891151190629,-0.006722436177817315,0.0042078922572908765,0.00434353735305016,-0.0056955590379415,-0.00015535048961812237,0.005997573236262784,-0.0010231382340179737,1.1579639947364,0.4246075841556489,4,8
2018-08-13,SPY,1,-0.0037435851204845605,-0.003750609872580135,0.0037386091196834692,0.004142664755230891,-0.007647583948212855,-0.004654001189833834,0.008431278929500165,-0.004832945677806851,-0.14716773055166332,0.21049803360295938,0,8
2018-08-14,SPY,0,0.006380623369554916,0.0063603533700602455,0.0048686809187404945,0.004325761215119509,-0.00013395325328113827,0.0007894700898505302,0.005973428393880391,0.0034638075153361823,-0.33302805748719444,-0.1541112389447633,1,8
2018-08-15,SPY,1,-0.007466990080221669,-0.007495007608856241,0.005567211459069524,0.005040479843789776,-0.005020865939525221,-0.007005482288503062,0.008428376094830796,-0.002124817951485719,1.3476438118698963,0.8140879486864945,2,8
2018-08-16,SPY,1,0.008091302621392016,0.00805874354465086,0.007390462309330233,0.005395068087585152,0.0037456894910650185,0.0004403685267890811,0.005928098904522298,0.0023288767689615764,-0.3202076455374475,0.21914687824038914,3,8
2018-08-17,SPY,1,0.0035202235088671596,0.0035140420246468906,0.006692270292378623,0.005342261260001799,0.0059283930482554315,0.003446164959256537,0.007715895236631933,0.0043336188722785055,-0.06216279179452289,0.12055018529972594,4,8
2018-08-20,SPY,1,0.0021397850590612055,0.002137498979577046,0.00605862945465124,0.0052637306516494856,0.005547312099318358,0.005228891079023246,0.003186621979794301,0.0003501982034201658,-0.3933494365156168,-0.32068927150654336,0,8
2018-08-21,SPY,0,0.002345404128349271,0.002342657961163397,0.005674554202995691,0.005213046404061909,0.006177358105666553,0.007317163496035839,0.0055895409729803495,0.00031439768695414846,0.6899328016077373,0.1026862651698861,1,8
2018-08-22,SPY,0,-0.0005935487666618444,-0.0005937249864649274,0.0031710967268570155,0.005215917932346697,0.0024872813500098623,0.006467892566719646,0.004127687047728603,0.0010144415138119045,-0.3311734451183256,-0.26595780260297497,2,8
2018-08-23,SPY,1,-0.0013279433103301486,-0.0013288258084056537,0.00207270895992069,0.005214594355425093,-5.5947265269695734e-05,0.004876881156687052,0.005280308281215901,-0.000629411039664741,0.09360504786268176,-0.2145318213831675,3,8
2018-08-24,SPY,1,0.006017885480451346,0.005999850327111922,0.002901791166726076,0.0048665696057811755,0.004239983890362176,0.009380304673390683,0.004503590748243194,0.0037355373380072118,0.1683267316872914,-0.052694578808203274,4,8
2018-08-27,SPY,1,0.007896031273461501,0.007865020751596674,0.00403312046239,0.004855375718711688,0.009271665884896585,0.014614706649124454,0.00422350371311658,0.0031849805247848896,-0.007218973201084111,-0.045917250886129524,0,8
2018-08-28,SPY,1,0.0004829881626968735,0.00048287156145754295,0.004176843352422083,0.004714814412360116,0.007247293755286988,0.012969600463785591,0.003513674041135132,-0.0013089024499214196,-0.17747457615239592,-0.2192905020648842,1,8
2018-08-29,SPY,0,0.0053807438031916455,0.005366319321080226,0.003918961739555363,0.003375148908536847,0.008944428528291137,0.01498024815383947,0.006375708445647085,0.004549239411217734,0.30977664639406943,0.09824384226642402,2,8
2018-08-30,SPY,1,-0.004048371451379484,-0.0040565882911272055,0.004864545603115584,0.0036688326317511058,0.001732231723407196,0.008679529898461658,0.005946176030222619,-0.002199816605028026,-0.004163583283863681,0.11101232139600747,3,8
2018-08-31,SPY,0,3.446274417484574e-05,3.446215034763611e-05,0.004715059763383294,0.003693000513066606,-0.00016538811361510586,0.006877584242237722,0.005244234863637996,0.0016215885545182158,0.08021133603900088,0.1989918004020037,4,8
2018-09-04,SPY,0,-0.0017223672791902844,-0.001723852259077674,0.0034835140508204412,0.00385569121646332,-0.0019080336947185916,0.0037021904583718346,0.0052787703513259366,-0.00010350117194282228,-0.1292152498911413,0.01145070006745419,1,9
2018-09-05,SPY,0,-0.002691096947345817,-0.00269472445818586,0.0036638458270402867,0.004049314417038733,-0.003983443992321978,6.941157010587062e-05,0.0060467847616046885,-0.0013130329912720002,0.257976469934577,0.26090990300974193,2,9
2018-09-06,SPY,0,-0.0030104807169961667,-0.003015021329310308,0.0015408719799020845,0.0042197526119684735,-0.004704467672079327,-0.0036273053288584656,0.008611413753881718,-0.003423794761446256,-0.09030066636853995,0.10676085650759082,3,9
2018-09-07,SPY,1,-0.0019432322069128372,-0.0019451227321685138,0.0011862728843696352,0.004256948982991957,-0.004782331875929691,-0.00618544936050025,0.006934353180605079,0.0021604122010331823,0.11553499550143442,0.1861888362911368,4,9
2018-09-10,SPY,1,0.0017385968684098252,0.001737087258357306,0.0018994320880713533,0.003852064696426687,-0.0015248831950362973,-0.004660578149196626,0.004017467968907878,-0.00221647209428763,-0.3170889278175527,-0.18031598652287983,0,9
2018-09-11,SPY,1,0.0032974695851464286,0.0032920448542990144,0.002855523797367797,0.0030166984144280352,0.0022955341277410835,-0.00112653816370345,0.008943093747809706,0.00584609633687108,0.006365151789750723,-0.16619391170818498,1,9
2018-09-12,SPY,1,0.0002419256137018433,0.00024189635441995705,0.002587115522314433,0.0030111650410429352,0.0024755358036352426,-0.0006085661138233167,0.005431318134299727,0.0002075609184961272,0.18365739503863998,-0.033578692157485324,2,9
2018-09-13,SPY,1,0.00591444730216506,0.005897025618057938,0.0029833632200688687,0.0031250674437936768,0.006540975769859125,0.005528238077968428,0.0035822834068767145,0.001756610757719322,-0.1467393848602594,-0.16122623464470176,3,9
2018-09-14,SPY,0,0.00017247259382102698,0.0001724577221331458,0.00240482544260613,0.0028205769464103307,0.004434075791911685,0.005499997783586341,0.004363323796895901,-0.0006184040310967686,0.079274290573772,-0.08548991297527464,4,9
2018-09-17,SPY,1,-0.005294432873399035,-0.005308498049845234,0.0041898760747809604,0.0033159024487488206,-0.0017387297017724679,0.0005119076787696297,0.006292505763626766,-0.0050890961730777505,0.23900007080622876,0.12913510739225775,0,9
2018-09-18,SPY,1,0.005426463160138617,0.005411792956540928,0.004587970694004278,0.0037273726858715744,0.0023916956721199423,0.00555861033196825,0.0070101487444826655,0.004592917851772328,-0.09251509290194004,0.017374268104725976,1,9
2018-09-19,SPY,1,0.0010650407580177212,0.0010644740044840617,0.004555517604407005,0.0035688060298732006,0.0020091616484154695,0.0058681719266922006,0.0029556856910767787,0.0008591951024201046,-0.20748776045367057,-0.161525635681534,2,9
2018-09-20,SPY,0,0.00810397300800636,0.008071312155209398,0.0051567057186492505,0.003971751801590105,0.008221403200741939,0.0121249264208938,0.009226394450105889,0.003212041678433342,1.0448120031132464,0.6192241871538335,3,9
2018-09-21,SPY,0,-0.0009136573862091879,-0.0009140750255243191,0.0052690447666184975,0.0038739964770446635,0.0056206524151138915,0.009212897527771435,0.00481082152146825,-0.0037531342497526803,0.051007068510949605,0.6183785605043317,4,9
2018-09-24,SPY,0,-0.0033218058621317104,-0.003327335307783841,0.004654524145474259,0.004223117109130175,0.00022439036187638095,0.004396082328415263,0.0038786465882354915,-0.0010983981885124058,-0.4936504370035182,-0.18453683375923702,0,9
2018-09-25,SPY,0,-0.0009280075040302149,-0.0009284383695788989,0.004368357165356687,0.0042312454636126385,-0.0014937033125155263,0.0024252128683897034,0.004013250488989941,-0.0026755352195757184,-0.16925047182528985,-0.31612186070340964,1,9
2018-09-26,SPY,1,-0.0029920168545495285,-0.00299650188540479,0.004673231605490639,0.004419003171690737,-0.004462412018006456,-0.001284415037079767,0.009728048319550542,-0.0035406096948567426,0.7971534820824882,0.1924073245248783,2,9
2018-09-27,SPY,1,0.0027941446459236463,0.0027902482800916673,0.0024362353859884132,0.004111160053324218,-0.000605083382876459,0.0011023590715149023,0.006232559263694213,0.00096414991138753,-0.25696359529820156,-0.12475034862558798,3,9
2018-09-28,SPY,1,0.0001034906489310039,0.00010348529414372365,0.0024945593637518636,0.004111663000566874,0.0003718419257034977,0.0008093048496671251,0.004586318897389204,0.0025173661537010892,0.18298719820420417,0.012946641799942427,4,9
2018-10-01,SPY,0,0.0034734648709737748,0.003467446324648016,0.0026690223439265522,0.003672846776560113,0.003356431819475425,0.0030101701469686937,0.006675505074248892,-0.0013007921135495086,-0.1143150229557407,-0.09478318739953195,0,10
2018-10-02,SPY,1,-0.0005822448748549203,-0.0005824144452262203,0.0026272431240256123,0.003400749912445106,0.002213779313305686,0.0017508122303564466,0.004184286984979231,0.0,-0.23873973282387417,-0.295828961276866,1,10
2018-10-03,SPY,0,0.0005488944519167482,0.0005487438644591336,0.0017670450390119222,0.0033981765881255883,0.0014970019776576748,0.0016768850749189212,0.0064561870393799155,-0.003484283144421936,0.3689603074175487,-0.05793553877333846,2,10
2018-10-04,SPY,0,-0.007815929808210553,-0.007846634281575504,0.00418790430338245,0.0032320227123060616,-0.00547706266422654,-0.005189905610062162,0.012294754661429692,-0.005975651755415827,0.7241918181733871,0.5982677035609509,3,10
2018-10-05,SPY,0,-0.00559702154357844,-0.0056127435604134135,0.004615982186055045,0.00354790443464836,-0.00906855155878572,-0.009338039381623142,0.013980419616959047,-0.006455159313154868,-0.05015155196201748,0.5170860959393004,4,10
2018-10-08,SPY,0,0.0,0.0,0.0037714419277110737,0.003506541178748032,-0.006393504781765702,-0.008245687524293666,0.0094757057529119,0.0026825276571875944,-0.1718660483975245,0.19748264724102094,0,10
2018-10-09,SPY,0,-0.0014591546106954567,-0.00146022021349701,0.0036679336358541653,0.0035076770625750305,-0.00498543308550492,-0.008548375899490424,0.007272334567529443,3.4723711814004935e-05,-0.15275659830731392,-0.025306575624128858,1,10
2018-10-10,SPY,0,-0.031663636559584596,-0.03217576917076759,0.012884247696950232,0.010306771053666786,-0.027453868201148035,-0.0360906853927222,0.03148205976372629,-0.029738866850128925,1.888537645112256,1.392059819820462,2,10
2018-10-11,SPY,1,-0.022026376188110874,-0.02227257882849898,0.013992703610025517,0.011412794578174562,-0.037254844301291334,-0.05123623784223186,0.030821455748463244,-0.01772041786659562,0.2799293069002613,1.4687601446329355,3,10
2018-10-12,SPY,0,0.013888774492861744,0.013793209303370801,0.01831864018810865,0.013018835053446377,-0.015617148926421742,-0.033080679402948565,0.01705387653308743,-0.0029626651703198925,-0.33348069152835913,0.4937312887602707,4,10
2018-10-15,SPY,1,-0.005617311760709676,-0.005633148189701842,0.017852343476846028,0.012664410487572149,-0.011684081830829474,-0.03263801272015909,0.009943824617447661,-0.004173449273924154,-0.4417508932153843,-0.19258273615488586,0,10
2018-10-16,SPY,1,0.021865779213627645,0.021630151663261543,0.02280002782135259,0.015426162840077121,0.015044571161357378,-0.007581368745969708,0.01717281234701906,0.0137382057451822,0.15638100322988513,-0.11587813218921239,1,10
2018-10-17,SPY,0,0.00017857009901667276,0.00017855415727474622,0.017131949209340597,0.015415036339516052,0.013647906534917986,-0.0034290220933750337,0.012801299053763563,3.569307351967875e-05,-0.06451945697378059,-0.2003800843711553,2,10
2018-10-18,SPY,0,-0.014441276669069913,-0.01454656681714983,0.014669242766614875,0.015744499178864873,-0.004035868477873961,-0.013248424996467278,0.01825342238699239,-0.010737294436418198,0.21632798799558883,-0.043312594530271364,3,10
2018-10-19,SPY,0,-0.0005425961840579419,-0.0005427434426374944,0.013398943212977472,0.01578598679958131,-0.004791377087121185,-0.009693357638910105,0.013820180077163341,-0.0031754226078284805,0.03971610649722246,-0.02876044174718928,4,10
2018-10-22,SPY,0,-0.0044886980663264575,-0.00449880252005741,0.013283586412005386,0.015723883035443913,-0.009693826021482166,-0.009590421742410093,0.010649753391527527,-0.007184080268501805,-0.4109016623112245,-0.42572085043356034,0,10
2018-10-23,SPY,0,-0.005090801928397948,-0.005103804207323925,0.005831331822935861,0.015689529508031857,-0.009893537089955218,-0.009714345388430412,0.02310392870859797,0.009817209908441638,0.7757844976327355,-0.028931856027654135,1,10
2018-10-24,SPY,1,-0.030298513922377368,-0.0307670011600516,0.011947219121651226,0.015433613635905149,-0.029262578919046267,-0.0351859631506819,0.03314673838831943,-0.029305160946653468,0.21491916445682246,0.2093992491396448,2,10
2018-10-25,SPY,0,0.01794053917912186,0.017781506971667582,0.017213012951208653,0.015609845807634411,-0.007255940036264952,-0.017129688361628093,0.02086912435621813,0.010097919216646267,-0.2235303844005878,0.0353878927677973,3,10
2018-10-26,SPY,0,-0.01758740957002547,-0.01774390567995887,0.017908107423863256,0.015523337509337879,-0.01682295287906277,-0.030669512355760098,0.0327541780056548,-0.002218813273447333,0.4600348395461442,0.4911394369603139,4,10
2018-10-29,SPY,1,-0.005540442943918089,-0.00555584812529375,0.017864070591566097,0.015522361117365852,-0.014123609392164171,-0.032313858960815844,0.038690455240996915,-0.018377986107689363,-0.20253295802149673,0.13982097300768292,0,10
2018-10-30,SPY,1,0.014818823292273908,0.01471009734143447,0.020700536759533126,0.014342821722332961,0.004871211724127189,-0.013404043739866811,0.01896309684593838,0.015549646820423153,-0.02260105966378656,0.08418557904001722,1,10
2018-10-31,SPY,1,0.010680953269263771,0.010624314832616832,0.015108255057060184,0.015088995078040103,0.011572614547455062,0.0007546285711312883,0.01149091424081138,-7.385558515667363e-05,-0.18342944066804145,-0.1253509775285755,2,10
2018-11-01,SPY,0,0.010641994248551612,0.010585766790836004,0.013721091407108657,0.01514451490035947,0.019722937467111734,0.012486631972350226,0.012334337364627409,0.007032413914532131,-0.22449049582879632,-0.30509056172666926,3,11
2018-11-02,SPY,1,-0.005923193873528909,-0.005940805565774809,0.0098857347008265,0.015223939496764594,0.00874856234354926,0.008116553095877332,0.0205278058177889,-0.010409409832802547,0.2325654555505301,-0.13302266564807486,4,11
2018-11-05,SPY,1,0.005516782055670744,0.005501620350534253,0.00801636235375021,0.015332972053401872,0.007191179501691902,0.014287353814506076,0.009763631031685455,0.0034870510883788786,-0.4648919020076797,-0.5304993852437758,0,11
2018-11-06,SPY,1,0.006327834321331105,0.006307897637552351,0.0067905129015859815,0.015376905938315557,0.008105058383423236,0.020134099750205303,0.0075003210084690405,0.006585642268162101,-0.08437045220770312,-0.5418332358960372,1,11
2018-11-07,SPY,0,0.021409045966779283,0.02118309163117349,0.009858730939110265,0.012170106110200604,0.021913990662403737,0.035947259956502275,0.014483425445344882,0.01242978900914186,0.7100867258375092,-0.16893261018333172,2,11
2018-11-08,SPY,0,-0.0018147081854849034,-0.001816356763144178,0.010452155370252441,0.011574364443580397,0.014899851009167575,0.030110269037850523,0.007140052495771707,0.0013923625319818484,-0.36171718144933296,-0.43651251535234026,3,11
2018-11-09,SPY,0,-0.009768556074514656,-0.009816581433280902,0.011550110861082064,0.010140325950510638,0.0007349164411720732,0.015412413610156994,0.010966554033547134,-0.004551442566132083,0.5066364361308777,-0.06881459098326015,4,11
2018-11-12,SPY,0,-0.018685082436560974,-0.01886185404742946,0.015370078327800924,0.012240372567777798,-0.017383313441432735,-0.00672341134841048,0.019733760859067778,-0.016667250176759518,0.008713463667588961,-0.00333675641678155,0,11
2018-11-13,SPY,0,-0.0018713392283417063,-0.001873092371086571,0.014888502209536613,0.01162050100437237,-0.017053472373011247,-0.010129636226910321,0.01494008065830984,-0.0037716459522833313,-0.01501902208809558,0.043173891570761125,1,11
2018-11-14,SPY,1,-0.0068364292715008546,-0.006859904707375186,0.006968883048444494,0.011426810534916655,-0.016087731763384516,-0.0167429752959386,0.022468533200499796,-0.014444088861184316,0.2766372027550352,0.3359569427052489,2,11
2018-11-15,SPY,1,0.010436443573551557,0.01038235986524505,0.010733944864913225,0.011405504609075657,-0.00037357411963911957,-0.006304033275215781,0.02429495799149418,0.01577494699617355,0.0779146278121432,0.38739197247508583,3,11
2018-11-16,SPY,0,0.0026005897536600653,0.002597214071369258,0.01088388146570345,0.01124101897499978,0.005192442557555577,-0.004386569993431344,0.013024792794532683,0.007137872550180973,-0.06242274321361585,0.2954208547949073,4,11
2018-11-19,SPY,0,-0.016914532548209515,-0.017059217088785772,0.01025115500597278,0.01236217276443557,-0.00928502433476619,-0.01969726274633221,0.019446979659343118,-0.014466148566349946,-0.1863635645940569,0.015133473666211428,0,11
2018-11-20,SPY,1,-0.01850612878476421,-0.018679509589512477,0.012452259344998513,0.01308557687190177,-0.02190101015552237,-0.03396780052689363,0.014508615903090813,-0.004672860652792837,0.3198045442681423,0.24654310288024583,1,11
2018-11-21,SPY,0,0.003407395533954194,0.0034016035151953616,0.013075277243843384,0.010100122962314337,-0.014788340656905152,-0.024973743728591957,0.008049290035239964,-0.0031595440614346224,-0.44447156437999047,-0.2898146493838297,2,11
2018-11-23,SPY,1,-0.006678457231115709,-0.006700857916996483,0.010380744627267248,0.010003789500115818,-0.014207267369724663,-0.025299557184600086,0.006649441631970382,0.0002660054949731455,-0.43348591982658335,-0.5888689326500469,4,11
2018-11-26,SPY,1,0.016144147920266194,0.016015216966854595,0.014523646517315877,0.012130270789194618,0.006403313944647104,-0.0057869830787287135,0.009067663756408686,0.006471522419305187,0.8683794346370646,-0.2177028075839832,0,11
2018-11-27,SPY,1,0.0033647253674140565,0.0033590773448324285,0.01293845792783806,0.011058447936328996,0.010321699758752745,-0.0008932506801109241,0.010287565788275103,0.007734465671390738,-0.056000520120928154,-0.2436298881118727,1,11
2018-11-28,SPY,0,0.023025114887440967,0.02276403690023976,0.011726118929971325,0.013495820003992813,0.025508817776535464,0.02115339641036762,0.023182492056770393,0.018471737225546972,0.6904045434317321,0.24192776050521103,2,11
2018-11-29,SPY,1,-0.0021848331310870828,-0.002187223361129753,0.012497428865632442,0.013273885556318364,0.016465154391446912,0.017491986181406016,0.011398908386943412,0.0009865168962760213,-0.3548017074409071,-0.16372748287318228,3,11
2018-11-30,SPY,1,0.006095101471141451,0.006076601475013099,0.010156534467451595,0.013016524806850793,0.01333712528133879,0.02269481671563711,0.010335585250717604,0.006719974998344889,0.19257429590121733,0.036142524066071324,4,11
2018-12-03,SPY,0,0.0132414353282575,0.01315453381674292,0.009741194103419651,0.013581383697866406,0.017923867373552227,0.034099757372986206,0.010311060879998998,-0.003496542709420457,0.05063021744487517,0.11627035916783712,0,12
2018-12-04,SPY,0,-0.03240222080854005,-0.032938795421015854,0.021125993007345707,0.01654935752509096,-0.016385535709222965,0.00016674520708548357,0.03215149751776766,-0.029169792936085532,0.7250667062106317,0.7812508006251282,1,12
2018-12-06,SPY,0,-0.001517040394635627,-0.0015181922655189695,0.017415757915275887,0.015192042762082315,-0.014477362946456296,-0.0034601697376318574,0.02831678098325309,0.014741210560376016,0.14719921791601576,0.9129529195369648,3,12
2018-12-07,SPY,1,-0.023236064709219573,-0.02351027815023432,0.01948431252031143,0.017173530422833497,-0.030001177684948477,-0.02609435174315755,0.03187855937909309,-0.0218584736793525,-0.21140835730664387,0.3967168861900432,4,12
2018-12-10,SPY,1,0.001896932736960899,0.0018951358321031009,0.0188279648533111,0.017039589380389075,-0.01980658351647191,-0.024542480716833626,0.02483201832468377,0.002657904165278117,-0.0594526481052845,0.200544758463594,0,12
2018-12-11,SPY,1,0.00022719835141860045,0.00022717254578186186,0.015732796320132237,0.016129012688861487,-0.008416884701007765,-0.02310478639576219,0.020137428293782823,-0.013188368568331565,-0.19770426271031438,-0.06750232828178371,1,12
2018-12-12,SPY,0,0.00503519413984721,0.005022559942511329,0.011283960403964703,0.016189491894093126,0.00017308844840346893,-0.01711715080065701,0.01357163370189391,-0.007514897956599023,-0.19363660904461077,-0.2608175280416708,2,12
2018-12-13,SPY,0,-0.0003388197289520001,-0.00033887714132507796,0.011348331794476632,0.0138579516820816,0.003213392130865911,-0.01408817121432493,0.012644436650545663,-0.004314850457334301,-0.013411351882641531,-0.25328555606771963,3,12
2018-12-14,SPY,0,-0.018464582563003096,-0.01863718090699429,0.009259344669398418,0.014643948873433996,-0.012997140177324673,-0.02741093153952079,0.015895926420789092,-0.009469083949222629,0.2099920651916407,-0.12001204404472854,4,12
2018-12-17,SPY,0,-0.019618647297038105,-0.019813647599881357,0.011526482086366712,0.014746952140380383,-0.025930973064504537,-0.03921266609871532,0.027447938645784202,-0.015574376951392696,0.414934538064365,0.18512711563089246,0,12
2018-12-18,SPY,0,-0.0010964677881928342,-0.0010970693487664107,0.011343306783502354,0.01311058714684827,-0.020234472747480026,-0.03143991906775634,0.01815712755089328,-0.008242652703570153,-0.1871821226727769,-0.05785157540000918,1,12
2018-12-19,SPY,0,-0.014975613005708155,-0.01508887974669193,0.009453783727560752,0.010556571115338816,-0.024263311763892403,-0.03901535835992065,0.03938546014455336,-0.015323132382987296,0.5982800443965026,0.46777280819533473,2,12
2018-12-20,SPY,0,-0.016278149378531004,-0.016412094021834633,0.00748510264223856,0.010703265053538864,-0.02638393785191462,-0.04639009573630459,0.027895626365472607,-0.010766038721024499,0.17238065646849576,0.6663329197692511,3,12
2018-12-21,SPY,0,-0.02048946324123957,-0.02070228437233812,0.007828099572483713,0.010316631086563331,-0.0323328593368587,-0.058129204749427066,0.03943426590625449,-0.02447924297014419,0.0130615179164415,0.5890077475963782,4,12
2018-12-24,SPY,1,-0.02642290214332632,-0.026778260740100812,0.009379837743805994,0.011034857271431447,-0.042865844743730896,-0.07278566995870994,0.0274849073375155,-0.01966196904388402,-0.4230893346116009,-0.08091990863328824,0,12
2018-12-26,SPY,1,0.05052494586392542,0.04928998767868098,0.03165121704140804,0.022426576708473003,0.011624208646455747,-0.019569797502579034,0.05263380135057451,0.043268175625124076,0.48315136078896703,0.28536194946136795,2,12
2018-12-27,SPY,0,0.007677320739387872,0.007648000086272866,0.031582039568111286,0.022588788363713655,0.020843272318309847,-0.005767241721182481,0.03846306752918211,0.022673866652643117,-0.14746111181799793,0.0417125606786648,3,12
2018-12-28,SPY,1,-0.0012900249795746443,-0.0012908577780956776,0.03046048230644956,0.022564532479102548,0.01783834672942053,-0.0006093603071503084,0.019833307604480793,-0.007332325577485369,-0.17806184982549267,-0.16997483579510564,4,12
2018-12-31,SPY,1,0.008758848102528916,0.008720711916741841,0.027749678848528046,0.02254164078321295,0.019033475649370413,0.011833034736261183,0.010899187559354342,0.0014425413282312548,-0.0574839222940271,-0.2291134966013273,0,12
2019-01-02,SPY,0,0.0010401738560743556,0.0010396332500990368,0.021219663149538034,0.021817064158138912,0.00708463470145948,0.014404049489449289,0.02138389241802929,0.01707454679727019,-0.12040382704293984,-0.3076666288477147,2,1
2019-01-03,SPY,1,-0.02386248555946313,-0.024151806550772648,0.0131912689538213,0.022956714452092908,-0.015385313777465326,-0.006018098627565305,0.01973979470495484,-0.016194614199986832,0.13563500392357075,-0.21786851920342132,3,1
2019-01-04,SPY,1,0.03349548993603357,0.03294673625598232,0.020645841994667846,0.025272305668165122,0.014062371854005828,0.02619455559586692,0.023991286115210484,0.019386902228501833,-0.010489056872902691,-0.1944413443538917,4,1
2019-01-07,SPY,1,0.007884849329286903,0.007853926347158868,0.020506669369967073,0.024548015830368575,0.01664175083818864,0.030663156108179157,0.016858579546785768,0.006688046321888527,-0.2768704497268434,-0.3639840524731919,0,1
2019-01-08,SPY,1,0.00939519482504192,0.009351334485748986,0.02053419118911372,0.023044759249551003,0.02060522066583026,0.03361653010425014,0.012888394456024958,-0.00019476017880386593,-0.006074320989808868,-0.30207052605772167,1,1
2019-01-09,SPY,1,0.0046736514245966365,0.004662763825825422,0.02039672579545239,0.01996824035650552,0.019064335723177228,0.028662477506219863,0.010560650902647788,0.0015918763239470097,-0.07322026755735389,-0.32928877851710125,2,1
2019-01-10,SPY,1,0.003527331859176641,0.003521125414665427,0.012359485711064464,0.013949607319266684,0.010941901028425294,0.027089575781641173,0.0142823832148325,0.010223971815125361,0.019128144781520362,-0.25223490277360094,3,1
2019-01-11,SPY,0,0.0003864882498634259,0.0003864135825182302,0.003572440413194459,0.013992144009599836,0.006154027564697628,0.02305824363474862,0.007683991938091287,0.005045088278089899,-0.23719143723811997,-0.37537264217403654,4,1
2019-01-14,SPY,1,-0.006101146436645721,-0.006119834481673081,0.00573790099603144,0.014289129538246705,-0.0023257310382909235,0.01295496789592221,0.007358032541629895,0.0021023459305378727,-0.03994010135652015,-0.3555221366633141,0,1
2019-01-15,SPY,1,0.011461110673041564,0.011395929702213259,0.0064052578722472876,0.014415799783879793,0.006315949567571089,0.020376345338574797,0.01120942737699636,0.009813042849367785,0.20167061073331438,-0.1815955699050522,1,1
2019-01-16,SPY,1,0.0024196048438362983,0.0024166823133322524,0.006318225747136303,0.014388884523172565,0.006409079940178364,0.018533999593554285,0.005252444840378539,0.0005751808526085025,-0.08885988806254785,-0.2172638761603165,2,1
2019-01-17,SPY,1,0.007586666413732068,0.00755803239341013,0.00675486403771533,0.010436953229429323,0.010863485027971853,0.018806077179774894,0.015230267389420292,0.011345646623805987,0.23805365246075638,0.018375240652368507,3,1
2019-01-18,SPY,0,0.013310220454832766,0.013222417728218083,0.007821240054720492,0.005739972130560033,0.018461264346252504,0.02676941848646419,0.01502004234777346,0.005585253254542136,0.3306536521623331,0.376586164728006,4,1
2019-01-22,SPY,1,-0.013510560083309642,-0.013602658172108484,0.010770432180257406,0.00819560635539875,0.000525231579024954,0.009598181159951036,0.015104598932749087,-0.007401336449087088,-0.09670892093294547,0.22709158099437254,1,1
2019-01-23,SPY,1,0.0020923673251549424,0.00209018137332162,0.009989660837798564,0.007914139978726637,0.0002886104541124368,0.009137019906913402,0.015643364759082103,-0.0022726642222705143,-0.2553500699378176,-0.06996482245827662,2,1
2019-01-24,SPY,1,0.000531429453515031,0.0005312882948915743,0.010023405273766082,0.007901039719290834,-0.0011294827681304076,0.0075195267988912295,0.008054502882074096,0.0012917303633158317,-0.31182269502721716,-0.334201510425716,3,1
2019-01-25,SPY,0,0.008461365755776384,0.00842576905739012,0.0101520497575929,0.008145474924093836,0.005173666843018454,0.013371465467563182,0.011445385010274018,0.0006400867328438143,0.6364305850439411,0.08946011319282254,4,1
2019-01-28,SPY,0,-0.007600207731713993,-0.007629236487078472,0.008608875766062616,0.00876180540842839,-0.00042443790024770944,0.0038401233874436613,0.0077450849078945965,0.001404742384335848,-0.11632230082759276,-0.0498289410861692,0,1
2019-01-29,SPY,1,-0.001326939701130292,-0.001327820865203222,0.005806196031834352,0.008402195340726403,-0.0021667796890856295,0.00022023519071767694,0.00784319756488425,-0.0019324406626125344,-0.227503308465818,-0.2620880016539794,1,1
2019-01-30,SPY,1,0.01583088814210898,0.015706886623145344,0.009103270055022893,0.009020039340133306,0.01043751377011426,0.013272812397263856,0.016107087572093604,0.009354886501894772,0.39822911169811426,0.02347342600634117,2,1
2019-01-31,SPY,1,0.00878230474350139,0.008743964618120437,0.009249932963939118,0.009214155430476316,0.01442354513814359,0.018719058685789713,0.011962214833885633,0.009046326574009259,0.12477493600883283,0.11852573949877598,3,1
2019-02-01,SPY,1,0.0004812176072321872,0.0004811018591714955,0.00915457964527327,0.009130365627626362,0.011657344748195131,0.016485596424742566,0.007477399877432637,-0.00033313470266118034,-0.17526422406623843,-0.06714307898625393,4,2
2019-02-04,SPY,1,0.00703594223328019,0.0070113054860412305,0.006882453553131312,0.008515505524536459,0.012554650397271327,0.021522822766487648,0.009884911971170598,0.006849084461308395,-0.2918742167691546,-0.28737754895783385,0,2
2019-02-05,SPY,0,0.00419184496979863,0.004183083663165554,0.005726977925349575,0.00652141677946956,0.00951494061902114,0.02187444692316798,0.005726022407187649,0.0024225651746986833,0.30962321054641717,-0.025606120864437587,1,2
2019-02-06,SPY,0,-0.001318313127338766,-0.00131918286656596,0.004261856563222113,0.006709904019735981,0.004352708591683685,0.016976972563913062,0.0052054065972962985,-0.0001833582938527538,-0.26655252863507006,-0.26025088773240534,2,2
2019-02-07,SPY,1,-0.009532803906389886,-0.009578531924410605,0.006320061773399554,0.007861707142829877,-0.005375440179686497,0.004813252481242092,0.01203210754658453,-0.0029526381699275144,0.636428451458324,0.1573167540393423,3,2
2019-02-08,SPY,1,0.0012213487196526263,0.0012206034800419374,0.006337769856214251,0.00758009754041149,-0.004461273457426862,0.004288517018829818,0.010232558139534883,0.0064000045421511624,-0.20624934542636308,-0.0572753057276052,4,2
2019-02-11,SPY,1,0.0005547329019890412,0.0005545790945715723,0.005177213912391396,0.006864078880712359,-0.002925438886978493,0.002292589542893797,0.005383449075819299,-0.0021387059872289794,-0.10248862300416028,-0.13496450591555353,0,2
2019-02-12,SPY,1,0.012859348595799514,0.012777369225505097,0.00801421178533404,0.007408515068213372,0.009152692366383164,0.011177925577150916,0.00800232203336097,0.00616692090512251,0.06246269556345507,-0.08804579872556428,1,2
2019-02-13,SPY,0,0.0032472006270456433,0.0032419398565313173,0.007978674824909368,0.006137360933802666,0.010754993976088256,0.011695830883494907,0.004981257038389034,-0.0001454697491162796,-0.0967618741888081,-0.14701513707994607,2,2
2019-02-14,SPY,1,-0.0022186511966771905,-0.0022211160496850013,0.005778341910947291,0.00591844292480445,0.005378860309344979,0.007801310887083579,0.01011768406604094,0.002191562956355003,0.27509145612863306,0.11798759439195594,3,2
2019-02-15,SPY,1,0.01089786473008969,0.010838910929219736,0.006547377558607922,0.006570239627754284,0.011221918470821768,0.016056032346482674,0.0046316357184219906,0.003654688881026493,0.1664492085003315,0.28456796314197175,4,2
2019-02-19,SPY,1,0.0017305065306028045,0.001729010929359731,0.006363276917246026,0.0063924604479644416,0.007659642060054983,0.015622976465434757,0.007631601807433516,0.004955132605428195,-0.3910640476183119,-0.2160960147401656,1,2
2019-02-20,SPY,0,0.0020152426606394602,0.002013214783135986,0.004800070200772546,0.006352647357613837,0.006543685012680767,0.01569827588406003,0.00601135107595308,0.002159771458149471,0.2958349684036752,0.01978829197827281,2,2
2019-02-21,SPY,1,-0.0035559411612151592,-0.003562278548029596,0.005649215288096257,0.006517655488811515,0.001205332803753567,0.01036145346338424,0.006301764217047775,-0.001008277878965774,-0.16180616832091554,-0.15184350577743688,3,2
2019-02-22,SPY,1,0.006199830212373136,0.006180690333636996,0.00541133929606528,0.005280476574308451,0.0039632421795057216,0.013304140353429084,0.007047540751190483,0.0037036760674843314,0.21645978257314913,0.055971293763755536,4,2
2019-02-25,SPY,0,0.0013614021375421004,0.0013604762698751216,0.0034632411995052723,0.005274547518270105,0.003777722145692719,0.011361083010029027,0.006696843263059817,-0.004310269388031975,-0.11628940044498726,-0.05822300229132038,0,2
2019-02-26,SPY,0,-0.000715351468068226,-0.0007156074540164425,0.0036013874641865574,0.005362795290421197,0.00200181469384475,0.007466246352668016,0.005015562182475282,0.0006806951530919041,-0.17653884431129918,-0.2124742070655531,1,2
2019-02-27,SPY,0,-0.0004295912280797287,-0.0004296835288268852,0.0036054120995637744,0.00422391263270619,0.0010039879299910126,0.005184396947091052,0.0075757052807399255,0.00244155974502065,0.0013633780814543695,-0.19426728511378466,2,2
2019-02-28,SPY,1,-0.0018627885890336593,-0.0018645257373259838,0.003174535152057551,0.0043439306180401045,-0.0017625200682767073,0.0019808689014875203,0.0040507775932968094,-0.0010037237879037008,0.2169071143467507,-0.025006309392923143,3,2
2019-03-01,SPY,0,0.006244082071706902,0.006224668562367697,0.0031929754141593806,0.004397141944483354,0.0035502439504226935,0.006052481221636263,0.0073455910022114474,-7.12773266932609e-05,0.13876766139778218,0.11713752884173623,4,3
2019-03-04,SPY,0,-0.0036374137802371864,-0.003644045255572159,0.003753445993198427,0.0035114932667315605,-1.4236245117205115e-05,0.0016635619978682126,0.017862211187054652,-0.007812543179500251,0.3500751136212372,0.4883926738296691,0,3
2019-03-05,SPY,0,-0.0013605611182029298,-0.0013614875218621592,0.003791637480853761,0.003549962815255537,-0.0011601926839746035,-0.000118599674204245,0.004829384210663641,-0.001860268710575049,-0.4449051876808777,-0.1737937887712624,1,3
2019-03-06,SPY,0,-0.006056660454582197,-0.006075076419664427,0.004618356994891651,0.0040332230860049886,-0.0058788007906981354,-0.005789744002292263,0.007845253409600132,-0.00651981860652898,0.2693953777916116,0.051090207844397995,2,3
2019-03-07,SPY,0,-0.008365396371416423,-0.008400582668600443,0.005612760660895351,0.004687529140020599,-0.01159445425421568,-0.013254185454016465,0.01054792851855302,-0.0065743484987870904,0.26446365795217996,0.27432013611715056,3,3
2019-03-08,SPY,1,-0.0020001735892333228,-0.002002176607795114,0.0029146420504551043,0.003978474528941235,-0.009327179996165835,-0.013571424858973669,0.008170222205624564,0.0055689492198864494,-0.09579270085608804,0.1404843786535006,4,3
2019-03-11,SPY,1,0.014501373489711478,0.014397234141575233,0.00895336676157369,0.006479319042459932,0.005735990911003741,0.0011217426782450524,0.012315570771598231,0.011552686779633958,-0.2412344194004835,-0.13009310031906485,0,3
2019-03-12,SPY,1,0.00377094140028178,0.0037638492246205857,0.009144519619966209,0.006606679313143816,0.009185871688611291,0.004835522014227545,0.004371824092942463,0.001540861031832286,0.2237917998614416,0.03307754341571023,1,3
2019-03-13,SPY,0,0.006619583817087937,0.006597770582241758,0.00866179005044585,0.006915087500587804,0.01293287183124403,0.010709482348636667,0.007415919168461312,0.0030661199296816185,0.012196943546615602,0.01447720127319152,2,3
2019-03-14,SPY,1,-0.0006399717669830496,-0.0006401766363266503,0.006589971070800966,0.006873745686087514,0.00782149909557539,0.00916353201239617,0.004158165157834136,-0.0007463178687218084,-0.16270994751932066,-0.14871426582934744,3,3
2019-03-15,SPY,1,0.00494049285965148,0.004928328673069693,0.00553866592352701,0.006772916785633639,0.006961131737872384,0.013374904343956606,0.006701378860589367,0.002744667392239633,0.2042495082821867,0.02203106756235118,4,3
2019-03-18,SPY,1,0.0036257210572594456,0.003619163975320916,0.0026880281965656616,0.006634934891383014,0.006927706814758627,0.015529035588102147,0.004830459698476994,0.0027703740476466617,-0.2350194935370008,-0.17206919873211712,0,3
2019-03-19,SPY,0,0.0002482009480953007,0.00024817015133571374,0.0030851148233468424,0.0065770244437455445,0.004215177039447404,0.01410179628698982,0.010405211766215403,-0.003915261651813509,0.451260293441458,0.1537015338022365,1,3
2019-03-20,SPY,1,-0.003009941829104412,-0.003014480814353959,0.0032307439390081407,0.006241631147933088,0.00016559211304989496,0.009079523613524154,0.011270175200271603,-0.002161950174451825,-0.06268992035946253,0.06831011968570344,2,3
2019-03-21,SPY,0,0.01129455650108846,0.011231249236812957,0.005379761164342126,0.0056973020112607315,0.008022267013782391,0.01649612818203927,0.016355459301271028,0.014573817433035102,-0.059790188301035774,0.024267748809866152,3,3
2019-03-22,SPY,0,-0.019246280021021245,-0.01943390090555308,0.0112938731927198,0.009216763660695806,-0.009934314410358969,-0.005196289496142703,0.016312390005207664,-0.014017375904216053,0.5419067660250609,0.507760474914071,4,3
2019-03-25,SPY,1,-0.0007520267813247994,-0.0007523096953123698,0.010970206258302197,0.008158036093817158,-0.008365520172084362,-0.006588881975575944,0.009144001999559642,0.0006096512020338778,-0.3023341890912471,0.02608633301762442,0,3
2019-03-26,SPY,0,0.007454358964646524,0.007426712536782176,0.011827411794944356,0.008392625506284668,-6.385269060171783e-05,-0.0002001224108184596,0.009324158184432657,0.00046266730962217674,-0.2039060381979826,-0.17167575835502147,1,3
2019-03-27,SPY,1,-0.0052295306762538685,-0.005243252531951015,0.011969461329374842,0.00835583478262832,-0.00394668092995254,-0.0052671646394335525,0.013624621284988665,-0.00519366629133514,0.06016507671825244,-0.11276227212421996,2,3
2019-03-28,SPY,1,0.003791038082642917,0.003783870207850093,0.01035821581229239,0.00844290390759925,0.002700730221139036,-0.0017741482850411883,0.007633258727553633,0.0012840568707873686,-0.22133979095794099,-0.2994357841153291,3,3
2019-03-29,SPY,1,0.006304852399921179,0.006285059966712581,0.005263962613995298,0.008536521242505427,0.00669967625016521,0.004101771869112314,0.006019978049045125,0.00031869518475242925,0.4613974412546564,0.02268447020729103,4,3
2019-04-01,SPY,1,0.011859408767904478,0.011789637072034509,0.006339330701297584,0.009244765304163774,0.013732462470415374,0.014747356888360263,0.006181979944367325,0.003969000058955628,-0.055591652187455876,-0.0523492899142427,0,4
2019-04-02,SPY,1,0.0004896122439328465,0.0004894924229672526,0.00638518899003017,0.00924211115186737,0.010751678774887585,0.013959117619345207,0.003985507671590156,-0.0002447466163033467,-0.4837479498930015,-0.4788324454584154,1,4
2019-04-03,SPY,1,0.0015736688850926939,0.0015724319657097752,0.004530629731978856,0.009117676399609472,0.007520597218583447,0.01380419173966363,0.006995718064829565,-0.0031323746120777464,0.7030825746685834,-0.09310434139990531,2,4
2019-04-04,SPY,1,0.0026536706666488996,0.0026501558992961805,0.004621820006479647,0.008501688159853601,0.005616901022228227,0.015613752258960334,0.005056076768341912,0.0013947761286944088,-0.28201637672324864,-0.32130730086209447,3,4
2019-04-05,SPY,1,0.004840193744588328,0.004828517668003407,0.004530381166050375,0.004744970001889284,0.006192745143935641,0.01717687437840154,0.0035773781997109986,0.002257550243715581,0.19642226644216532,-0.10895972620837946,4,4
2019-04-08,SPY,0,0.000762370231825571,0.0007620797752547759,0.001765525744487987,0.004623952559281575,0.004885526957923991,0.014465851910083316,0.00534539573861912,0.002395010158931857,-0.08623769013863469,-0.1441618845652347,0,4
2019-04-09,SPY,1,-0.005125010777549566,-0.005138188689192802,0.00372040380649483,0.005100102426596157,-0.0011959772803886715,0.007076917311377162,0.004796240648476258,-0.0014250092463848941,0.23477447574314447,0.06012684856596939,1,4
2019-04-10,SPY,0,0.0034109281761911525,0.003405124155000827,0.0038855780679435637,0.004384820349874891,0.0009095088558086495,0.007460894419665687,0.0037530567156967808,0.0018070665847830783,-0.20472224280074924,-0.12952656034947685,2,4
2019-04-11,SPY,1,-0.00027744143764718565,-0.0002774799316425103,0.0038528529109632167,0.00449637804545451,-8.330736050865539e-05,0.004548548039125633,0.004362461739441808,-0.0021465746148638773,0.04736747050939605,-0.08656305236904094,3,4
2019-04-12,SPY,0,0.006766113318498634,0.006743325904182029,0.004421737608893103,0.004540198491226617,0.005572812033306507,0.00864541503967442,0.007620660189924569,0.0005517367658943966,0.2656358055727486,0.18046318347089474,4,4
2019-04-15,SPY,1,-0.0006549831373948711,-0.0006551977325592873,0.004494224116582593,0.003284719067982278,0.004092975568956048,0.006536226707412718,0.004375756525571931,-0.0009302267873350364,-0.28870981158160736,-0.11853240097714346,0,4
2019-04-16,SPY,0,0.0006554124214790402,0.0006551977325592873,0.0031124004552229674,0.0032797816446226563,0.002771783791263971,0.005733124520748811,0.005189928517860046,-0.0027152724240469485,0.051545768166027184,-0.09258272345236562,1,4
2019-04-17,SPY,1,-0.0024472551769937345,-0.0024502546005127357,0.0035155933228212814,0.0035032303564067765,-0.0004836295005431479,0.002219272753053003,0.008373378491809528,-0.0066917698362952876,0.11725263262848684,0.03172025913631149,2,4
2019-04-18,SPY,1,0.001969301785023525,0.0019673652522573803,0.0034855700524131328,0.003475175832261899,0.0002343975056422476,0.003206463085492217,0.0057221772739881995,-0.0002758258812831521,0.1791746112380146,0.17555041289735795,3,4
2019-04-22,SPY,1,0.0008620517462329946,0.0008616803930285855,0.0016911044236365212,0.003202449514472997,0.0010207469874399244,0.0034812039964788877,0.004737680442546548,0.0038039061273979283,-0.4155002656148803,-0.29047991070245494,0,4
2019-04-23,SPY,0,0.008991928551946637,0.008951741886499498,0.0042358213537496215,0.004164077982048675,0.007998676428511597,0.011074824930989546,0.009357373363281183,0.007568502347821029,0.3009579159414444,-0.07478704107557654,1,4
2019-04-24,SPY,0,-0.002219793955095417,-0.0022222613497788757,0.004640858511936968,0.0037364757481549004,0.004330182719459952,0.007119896768589484,0.0037227921243200147,-0.0019126252339578427,-0.03547982069646638,-0.08201075983967177,2,4
2019-04-25,SPY,1,-0.0006155661017137604,-0.0006157556403127984,0.004319314765536948,0.0037492202543228503,0.0019213273189901958,0.005197368004514091,0.0070176223032811305,-0.00023965262696470232,0.14640951403868407,0.042573776240119265,3,4
2019-04-26,SPY,1,0.004656708537024379,0.004645899612842008,0.004509062904507586,0.003841658839984173,0.004251065891335948,0.008074040074739885,0.007702841331686366,0.004484757039441853,-0.1186497008009223,-0.07414862747194517,4,4
2019-04-29,SPY,1,0.0015674790132040872,0.0015662518002290682,0.00446224401833392,0.003423396185767371,0.0033526296298034275,0.008368889738345597,0.0035433494951410604,0.0012264840706794197,0.12336496688689702,0.06431889318293083,0,4
2019-04-30,SPY,0,0.0005108006497578366,0.0005106702355144321,0.0025820451708417355,0.003369742325474463,0.0030842908830810423,0.007483849063386394,0.008245538146713971,0.0018058495925998327,0.4180937345382769,0.4256978452217801,1,4
2019-05-01,SPY,0,-0.00751683825230598,-0.007545232058214779,0.004497056446021717,0.004401525353373342,-0.004170368932885471,-0.0006542298224406773,0.010688193543076102,-0.009873790886456324,-0.11638025093790416,0.21798808724689644,2,5
2019-05-02,SPY,1,-0.0021585108283687093,-0.0021608437705920025,0.004578092507944821,0.004380386050103679,-0.005729514650181344,-0.0034018218122134902,0.010902438539533803,-0.001714207393565654,-0.09266811679333187,0.09256461912655922,3,5
2019-05-03,SPY,0,0.009787653969370869,0.009740065154202782,0.006299173996578668,0.00526034433356032,0.0035771213624484766,0.004973210805011563,0.01038183344335447,0.004132202120118068,-0.13050090573302864,-0.03019524662112738,4,5
2019-05-06,SPY,0,-0.004115173233734448,-0.004123663860712057,0.006552038942600408,0.0055433443303980106,0.00016403214715343672,-3.4000777818454786e-05,0.015246339367707433,0.012342289798509076,0.8958451604688056,0.6489983311287333,0,5
2019-05-07,SPY,0,-0.01670005157557719,-0.016841069647545837,0.009579462292508324,0.007104464616896028,-0.012430169678232295,-0.015068520153279086,0.01723246632837714,-0.007651219256944551,0.35011628004600825,0.9490578178240403,1,5
2019-05-08,SPY,0,-0.0013891769852895086,-0.0013901427861862103,0.009430348513224522,0.007102311926663689,-0.010898094419541371,-0.014852913450921545,0.008903410320530625,0.0,-0.36731594508114773,0.16835226225880362,2,5
2019-05-09,SPY,1,-0.0030259900771372195,-0.0030305776420656017,0.009420925398466312,0.007106194548250733,-0.010814864280079162,-0.016016748090946553,0.014128943743896725,0.005013472007508332,0.1299882164460846,0.24748293726241477,3,5
2019-05-10,SPY,0,0.005023761529331816,0.005011184544308378,0.007913428459881251,0.007144316277187833,-0.001760052485116348,-0.009267637396697004,0.023247723415558346,0.008682903958844327,0.08657683159838836,0.26190089498658686,4,5
2019-05-13,SPY,1,-0.025130295896298116,-0.02545145373120139,0.012317685647564507,0.010115836272493735,-0.018713095207448016,-0.02982453653132844,0.012605330321268758,-0.005523787274272101,0.13218262499188382,0.3245013473358731,0,5
2019-05-14,SPY,1,0.009043635841466502,0.009002987058233991,0.013245089908591684,0.010911380034323228,-0.006694456150643235,-0.017446125962983894,0.011525231790315584,0.005000190471078266,-0.3950593327860288,-0.19531521537172492,1,5
2019-05-15,SPY,1,0.0058575288189066654,0.005840440195902907,0.013860677328377223,0.01119634812296789,0.0008567734391859982,-0.009372497254470313,0.015661080718285328,0.012322885279416452,-0.03956718681821014,-0.22899495392457647,2,5
2019-05-16,SPY,0,0.009261327983875578,0.00921870484831544,0.01462318348848821,0.011777498499146014,0.009388794724058513,0.0010126240305312617,0.012069625432596605,0.00650719246071465,0.037768198560232724,-0.2095331112599016,3,5
2019-05-17,SPY,0,-0.006465123891814972,-0.006486113320362641,0.014698215084739978,0.011209897690127793,0.004455870159538744,-0.002616894131949765,0.01220456901013628,0.0024548700760788178,0.30753775915444503,-0.01105632582783489,4,5
2019-05-20,SPY,1,-0.006612140796211197,-0.006634097841402564,0.008105738186609673,0.011270982954155507,-0.004347988980705764,-0.00613568557132782,0.00999787496409033,-0.00038719056716112605,-0.3734357717258079,-0.35206381425779876,0,5
2019-05-21,SPY,0,0.009015790115111999,0.008975390520690851,0.008099882773518178,0.010721603474681632,0.002442229441556254,0.0033234299781870202,0.004828061951658096,0.0023791177458822943,-0.25494770792778354,-0.4630988551779671,1,5
2019-05-22,SPY,0,-0.003071643016860026,-0.0030763701948890443,0.008079356954560449,0.010751276971335507,-0.001035352148579305,0.0009075363038115736,0.005570139323509407,0.0006305576040778197,0.05625534985089797,-0.40415574350754635,2,5
2019-05-23,SPY,1,-0.012218514514519274,-0.012293774232600363,0.0079156910467398,0.011356712009932421,-0.009388592319195088,-0.009753646558975926,0.0093232945921615,-0.003602164855489311,0.9953276410852321,0.19572544303598183,3,5
2019-05-24,SPY,0,0.0022683921431887466,0.002265823225872765,0.008159789982228596,0.011212559127922834,-0.005003472724974811,-0.005650729991157566,0.007436441607676482,-0.0033833491510490026,-0.4402312075499981,-0.2808893182044697,4,5
2019-05-28,SPY,0,-0.00930047927115707,-0.009343998773490014,0.008605866171473308,0.008290229282213303,-0.011614333811018951,-0.014652666957990723,0.01420039233344613,-0.010385398563844414,0.26708535303366676,-0.015474046349174153,1,5
2019-05-29,SPY,1,-0.006710703732678569,-0.006733321750306942,0.005630779952058597,0.007817207487973406,-0.012505553216227372,-0.019495901712065722,0.009501250803806803,-0.0022946995089242386,0.49898328416350846,0.41995269931002244,2,5
2019-05-30,SPY,0,0.0027310258500308215,0.002727303374844503,0.00680990976350198,0.007534430747820897,-0.005148524165068724,-0.014724685195770859,0.007989721268908522,-0.00028657725077401006,-0.40438151179971216,-0.14096519856484513,3,5
2019-05-31,SPY,0,-0.013474978184163655,-0.013566589608151602,0.007172717110274405,0.0071419035632199505,-0.013722536559143239,-0.023716225720204043,0.006806679216955663,-0.0033672090957847516,0.3892757637891491,0.177080863092536,4,5
2019-06-03,SPY,1,-0.0025433277029625057,-0.002546567455198989,0.006232064806521342,0.007122567838490806,-0.010408966242308249,-0.022291249811347114,0.012567620085579134,-0.0026878436705427278,0.11011848570389171,0.31368643617528535,0,6
2019-06-04,SPY,1,0.021706536125205123,0.021474303898493474,0.01333346804074478,0.010697425720648824,0.010794830415383982,0.00014945164447599524,0.014650684288865092,0.012305151999830849,-0.19907184635168207,0.031987346540254924,1,6
2019-06-05,SPY,1,0.008662649319872706,0.008625343861179857,0.013070567703645779,0.01066062154721234,0.01611673057410612,0.01009181500713252,0.009456958301072411,0.002231448704621544,-0.07849347225693015,-0.07895130198165423,2,6
2019-06-06,SPY,1,0.006502248259443455,0.006481199835346452,0.013129807701714255,0.0109005686160396,0.0185030919455893,0.016961015574847194,0.010519186624534478,0.0053301535617251905,-0.024438770993835846,-0.12407329936461298,3,6
2019-06-07,SPY,1,0.010007395130870789,0.009957652738115996,0.008688837338773535,0.01044256881762851,0.019666844372532744,0.025121205049902118,0.0108768438037457,0.006015462752287938,0.06973602341337504,-0.033152249471874895,4,6
2019-06-10,SPY,0,0.004588497910850142,0.004578002846453266,0.006706704893681416,0.010475290338744987,0.013993676797733556,0.027558234940579407,0.006738819642449607,-0.0013822922322073773,-0.18140165499338923,-0.21419784568116484,0,6
2019-06-11,SPY,0,-0.00024185299487977652,-0.0002418822460317216,0.004009611988881127,0.009734104912741888,0.007828323466074538,0.024123214246277502,0.011065676926239307,-0.00718236505732468,-0.0354906569340665,-0.2307643873319778,1,6
2019-06-12,SPY,1,-0.0017652621180893613,-0.0017668220293005632,0.00484155682202815,0.00929471359224642,0.0022522029312828096,0.018660970494243534,0.004988921730620641,-0.0008661307764431037,-0.19687489874883402,-0.33145102848937935,2,6
2019-06-13,SPY,0,0.004126228817630917,0.004117739280672161,0.004623969824433036,0.00929040241614304,0.0030550993935825055,0.01906663169152223,0.00469943295723458,0.0006219512079382824,0.03925786102092954,-0.29154962338442636,3,6
2019-06-14,SPY,1,-0.0011048219088851674,-0.0011054326745103538,0.0030082013521801044,0.007365105205095689,0.0008305970079800495,0.012953717443836776,0.00525474992171734,0.0,0.0690466072260405,-0.2027791134700554,4,6
2019-06-17,SPY,1,0.0003801586688121361,0.00038008642681397475,0.0023009053172788284,0.007085395912656695,0.0009339315494967249,0.008113939037414308,0.0035921821787329618,-0.0005180778605144666,-0.25072288995445746,-0.34560807455645104,0,6
2019-06-18,SPY,1,0.010470761032880027,0.01041632229484346,0.005045485634409618,0.004672056256278037,0.008971487753794971,0.014474490495643977,0.008854171248649493,0.00346607363764821,1.1791423185914294,0.40675236127810166,1,6
2019-06-19,SPY,1,0.0022575011078960205,0.0022549567807645943,0.004502493635044818,0.004418764975973108,0.008000536934711144,0.01321419193482809,0.007451692930248841,0.0017433251987893528,-0.07912934775992919,0.27962453000785104,2,6
2019-06-20,SPY,0,0.009553897888150198,0.009508548022245655,0.005348601013829989,0.004741067506969614,0.013253574568681703,0.018997854533302272,0.010741766599086926,-0.0006081042702444653,0.48167637757644166,0.760972693819918,3,6
2019-06-21,SPY,0,-0.001452934827588681,-0.0014539913609024069,0.005438245583675178,0.004457848755634106,0.007523427512910352,0.014798077016729971,0.0059836780295437295,-0.00044199803030736917,-0.28532641331388864,0.24157042985032806,4,6
2019-06-24,SPY,0,-0.001224676684781878,-0.0012254272141056788,0.005760930931822168,0.004559370436894618,0.0023936407790914327,0.011436551651476501,0.0037725089559748452,-0.0020052214793209525,-0.4288442494553443,-0.2766218607124582,0,6
2019-06-25,SPY,0,-0.009808393558246697,-0.009856812719954533,0.007001744322436836,0.0059091502079719055,-0.007285893570437407,0.00039325299286319115,0.0105209268282647,-0.01001022240112752,0.7239185670422232,0.20422888785798587,1,6
2019-06-26,SPY,1,-0.0009972684977015422,-0.0009977661007862793,0.00687384440206955,0.0058720231918269325,-0.007481845616532423,-0.001798139405470911,0.0067180512599078835,-0.004387313725096401,-0.3711359560739107,-0.24766130648312012,2,6
2019-06-27,SPY,1,0.003546326890907281,0.003540053500984186,0.004838332197375946,0.005842925085132246,-0.0019651327165798316,0.00059962989032325,0.004016281349633121,0.0006522345370863323,-0.21769354985664413,-0.4039735294960378,3,6
2019-06-28,SPY,1,0.005145427427845961,0.005132234950742998,0.005820687035824872,0.005907433406937937,0.003857695679206241,0.00397679147204677,0.005263442812290184,0.00143555077931017,0.47071257235746566,-0.13241956401491717,4,6
2019-07-01,SPY,1,0.009078584954876234,0.009037622337557671,0.007227903318320801,0.0063043219828066025,0.011571186104767817,0.01042879933798102,0.008730035457089927,-0.0034380107821646824,0.32610625955124517,0.08769981952654016,0,7
2019-07-02,SPY,1,0.0026042474353196177,0.0026008622589177577,0.0036794401600037346,0.005680950434446316,0.010285775031679156,0.011178465945105964,0.00612292428634019,0.002773950018107586,-0.2185498871744831,-0.12094535338555634,1,7
2019-07-03,SPY,0,0.007995115972342148,0.0079633243719055,0.0027932302396106883,0.006004910346646217,0.012613496320184936,0.016780131051703062,0.006056996954403545,0.005451225375575298,-0.3350258924143762,-0.38209000909364366,2,7
2019-07-05,SPY,0,-0.0011377583452724105,-0.0011384060836583387,0.0041440593508872865,0.005531510013255219,0.006712380169329846,0.014231686810368016,0.00884213576259163,0.0034292260802169885,0.26353765015685027,-0.1343809746830057,4,7
2019-07-08,SPY,1,-0.005494660654664751,-0.005509811828379618,0.006135415865907854,0.005896692294246325,-0.0013926242386484988,0.007693183797333747,0.006868484151533061,-0.0006397172996162107,-0.11292192123040479,-0.1807095413029317,0,7
2019-07-09,SPY,1,0.0012466615797663838,0.001245885142455272,0.004957509493022469,0.005846029726374851,-0.0011760467710245637,0.00773489682002948,0.006902544387771698,0.005582979795554743,-0.10340998826398617,-0.2568236708096985,1,7
2019-07-10,SPY,1,0.004777948314802938,0.004766570148221128,0.00521718707296811,0.0044397862884647775,0.0021277571637852155,0.009861675633292988,0.006300918033242958,0.0008043376958220671,0.422059642882342,0.10390808600845114,2,7
2019-07-11,SPY,1,0.0023440263399827632,0.0023412833957605628,0.0038974451369111368,0.004254450085507414,0.004133016945158996,0.009211692739266475,0.004610364597978939,-3.3441685754596344e-05,-0.13041224325688427,-0.03867733943421925,3,7
2019-07-12,SPY,1,0.004477160892710996,0.004467168222641149,0.004162506413127626,0.004277593781505396,0.007148719457302999,0.0106121689109131,0.004068705005401769,0.0026679599022338338,-0.20658874082410417,-0.23723365077119296,4,7
2019-07-15,SPY,0,0.00033214023000871506,0.00033208508365323297,0.00195583069749793,0.0042930972948488225,0.004837566720474973,0.008321070313347612,0.0031215834561954744,-0.0012619296538064428,-0.15935128701086143,-0.32635176758142403,0,7
2019-07-16,SPY,0,-0.0032250174366167395,-0.003230229013317043,0.0033060356539174893,0.003989527269680211,-0.00013344879405163823,0.0036828216667830205,0.004789630702277851,-0.002893714069014898,0.08112389380530982,-0.20528780320681217,1,7
2019-07-17,SPY,1,-0.006804795081303494,-0.0068280532708788755,0.004491683609310074,0.004715360159028381,-0.006360680104682381,-0.003584088178829381,0.007306096551814012,-0.006705620569224353,-0.016747566855206397,-0.1729222184760698,2,7
2019-07-18,SPY,0,0.003660377396945913,0.0036536945185412506,0.004737425973727582,0.0041044654131834205,-0.0024039059436826715,5.3150807750590445e-05,0.008580328315288814,0.005518301818321473,0.42613420356695886,0.15178395338413275,3,7
2019-07-19,SPY,1,-0.0055546467537537225,-0.005570131170965276,0.0043068007768396754,0.004464476964995067,-0.005634766480531628,-0.0050722758534285095,0.010298614351052426,-0.00956537473487575,0.14177138342874263,0.2947579806147953,4,7
2019-07-22,SPY,1,0.0024562395472831344,0.002453227921434653,0.004718674121462482,0.004158629187607848,-0.0012875383001900165,-0.0029889531066106256,0.004905720664424138,0.0009744583824339495,-0.25632002126840103,-0.032409485105907465,0,7
2019-07-23,SPY,1,0.00715046775561623,0.007125024377094391,0.006073615851972686,0.004682788407012315,0.005685111101654039,0.003186638830709354,0.006050670154311983,0.0029751423657089927,0.021229155256530463,-0.01939837275294154,1,7
2019-07-24,SPY,0,0.004699462185021153,0.004688454186915436,0.0048137474211965075,0.004675741363504077,0.00791124507815777,0.0069482663839888215,0.007854560928973063,0.007520304761656074,0.05943520066420582,0.06521849487450515,2,7
2019-07-25,SPY,1,-0.004777018061698057,-0.004788464480193433,0.005695654293157834,0.004973238976500046,0.0023121132581367387,0.0019071122483007574,0.006280370283460374,-0.0031235543090994385,0.17327569408555243,0.23704564715655763,3,7
2019-07-26,SPY,0,0.006699900962383154,0.006677556374754978,0.004854878805060405,0.0052267931051147845,0.005774695377414263,0.008161902654192588,0.005353158055804265,0.0041561376493307566,-0.18612090457286967,-0.0037799004577599993,4,7
2019-07-29,SPY,0,-0.0018210011565863438,-0.0018226611947858018,0.005377489961006255,0.005276923480603363,0.0015682220264574553,0.006087541463529078,0.003842598527052759,-0.0013913257616960122,-0.1543249172102803,-0.1653168135687766,0,7
2019-07-30,SPY,0,-0.0024547229428583117,-0.0024577407147630126,0.004950603579964422,0.00522596303827313,-0.0013482252830440133,0.0033031070140332464,0.005601757770148129,0.0027008020696312808,0.2025494078921486,-0.0160673166272155,1,7
2019-07-31,SPY,0,-0.010940812081081663,-0.011001102922718609,0.006352310797942568,0.005964465277805045,-0.009636551686791783,-0.007571158625275243,0.01993421773039003,-0.011827627742110792,1.2736635477327751,0.951477940544668,2,7
2019-08-01,SPY,0,-0.008707717306983498,-0.008745851010392158,0.006899645435711546,0.006369384188890688,-0.014875151690136534,-0.014901483457555043,0.023219097850777044,-0.009274226172780967,0.36837571418156423,1.2807403237305457,3,8
2019-08-02,SPY,0,-0.007529859937264294,-0.007558352452480044,0.003990424790591609,0.0065433747925618116,-0.016119260057690266,-0.020830553715450284,0.01095797568086081,-0.004185846386863182,-0.18154586229184577,0.7080880922179746,4,8
2019-08-05,SPY,1,-0.03007248614242286,-0.03053393825886186,0.010602510216515799,0.01094836835558133,-0.0342510611563015,-0.045780887095583145,0.022527648710034064,-0.014821719143151902,0.5310137841895954,1.1835011506583717,0,8
2019-08-06,SPY,1,0.014022699685355411,0.013925291195892697,0.015648322540481936,0.011949988873068276,-0.012021800247111414,-0.02840514702759178,0.013151025558618117,0.00661041623815644,-0.3246724111501611,0.3490875542251015,1,8
2019-08-07,SPY,1,0.0005906222032714403,0.0005904478546243652,0.01606958159764337,0.011681897612139528,-0.004975656401626116,-0.02339026529163102,0.023839658666675822,0.012552768638659527,0.1645292047084086,0.4226171476755056,2,8
2019-08-08,SPY,0,0.0196203330397966,0.019430335494182494,0.019626041418812083,0.01394570571441087,0.015403091031765959,-0.00206965194377684,0.01591735870894268,0.013811201116765091,-0.37602287221593444,-0.1404343048969645,3,8
2019-08-09,SPY,0,-0.006811724580180423,-0.0068350302709854205,0.019565858880867166,0.013654261802087064,0.009184367833171114,-0.0053549194201328865,0.012270136382017762,-0.003281124817609534,0.0685877608908052,-0.12327331002816133,4,8
2019-08-12,SPY,1,-0.012173313299581823,-0.012248014941276253,0.013509510480693435,0.0139104030886106,-0.006024503525189573,-0.01295519489024799,0.01582975746018301,-0.006518085896523348,-0.3008897898218287,-0.40238838170550173,0,8
2019-08-13,SPY,0,0.015551502913653925,0.015431817555452199,0.013833368428088829,0.015293409900406514,0.006135305496134835,0.0052088302334794,0.023597722858721023,0.01671647223827257,0.4390852098962881,-0.17637938404226872,1,8
2019-08-14,SPY,1,-0.02956721131854434,-0.030013133092277045,0.020370375262539733,0.01740460779445071,-0.020872281713598118,-0.01995626608958423,0.017287396612397424,-0.014475694524633672,0.4382013535553628,0.1529363078436794,2,8
2019-08-15,SPY,1,0.002641229229650932,0.0026377473134076013,0.016832219202736063,0.01747019966986362,-0.012174165874630383,-0.013898941483007743,0.011408312076296515,-0.0008073960347716988,-0.2659264234958757,-0.12147861363602475,3,8
2019-08-16,SPY,1,0.014755213025775094,0.01464741397499214,0.01919302801360839,0.018283426246395198,0.004332321815875728,0.001959749043692449,0.01612676256636971,0.008272811457343196,-0.1661195741919672,-0.24494339551597066,4,8
2019-08-19,SPY,0,0.012047987465779286,0.011975988185501052,0.01896250606455197,0.015521802882323191,0.013430303909762742,0.011046818053315421,0.005612731842829722,0.0004790859703950564,-0.35469890373568236,-0.4501644781238604,0,8
2019-08-20,SPY,1,-0.007662669110023668,-0.007692178201224031,0.017962880056918436,0.015334934811748486,0.007382905171194665,0.0025055047191828717,0.008259839035118594,-0.005757935151111543,-0.03687387767444816,-0.4300055412629661,1,8
2019-08-21,SPY,0,0.008135567061947402,0.008102651738939315,0.008884551980038435,0.015502756908050187,0.009583389458865277,0.009099130647771903,0.0038976480034140287,-0.00010256693849166083,-0.04015202611034874,-0.39170891464736957,2,8
2019-08-22,SPY,0,-0.00030790725662821483,-0.000307954669800381,0.009252194367031508,0.014159227179175159,0.003928324027529184,0.009227216675674388,0.012038327071035923,-0.0029670415788586864,0.04324508780467129,-0.3360044939447795,3,8
2019-08-23,SPY,1,-0.025687328406452936,-0.026023008791685953,0.014947240346610413,0.016225361393067878,-0.01916551724826432,-0.014393785707522588,0.03193320540399861,-0.02086486678142053,1.8870116748989672,0.7894830418314447,4,8
2019-08-26,SPY,0,0.011058367492151389,0.01099767080724412,0.014707853357484006,0.016305921375910182,-0.005353122693327106,-0.0034704574832242763,0.00842417767356548,0.0025412017065708247,-0.5144605008665104,-0.13826472613081653,0,8
2019-08-27,SPY,1,-0.003923587093671799,-0.003931304554881443,0.014498262661783858,0.015392360117481551,-0.007047263881594046,-0.005425747395374159,0.013538762561465452,-0.009221569900313534,-0.0794614477561244,-0.17977314515499,1,8
2019-08-28,SPY,1,0.007041458190717664,0.007016782889676776,0.014311359735345522,0.012060924995762648,0.002415011642932896,-0.00015224499290400484,0.013350133251765421,0.009610679594668905,-0.10457949658686438,-0.18987777063208366,2,8
2019-08-29,SPY,0,0.012772648490645189,0.012691766208440036,0.015889660512373973,0.012553975655073121,0.015063594827078086,0.009846858108004675,0.008741321472221023,0.0029479821334289355,-0.030107191854826132,-0.1671881982872091,3,8
2019-08-30,SPY,0,-0.0004438533569348646,-0.00044395188899315485,0.00724738493289601,0.011849113626615422,0.009290645883464066,0.008145935937154514,0.009584585666986238,-0.006015869099069692,0.08638776913059543,-0.06828330993964249,4,8
2019-09-03,SPY,1,-0.005847125372779871,-0.005864286739482694,0.007811415726190585,0.01138840502277905,0.0014951179138296133,0.0028008177275655743,0.007949882989871865,0.0005849981273758328,0.0985704565254717,0.0005409472136295168,1,9
2019-09-04,SPY,1,0.01135045955643621,0.011286526415871911,0.007940441185515167,0.011641525544435089,0.007883952319103438,0.012803186902091923,0.005969843462342639,0.0030701843880431563,-0.3214710555791923,-0.3164432064843812,2,9
2019-09-05,SPY,1,0.012855408953188263,0.012773479593367831,0.008707409213820452,0.012033363460093325,0.014629213389713236,0.02392924470544666,0.016274087513746482,0.0034704631208667368,0.7757068545213737,0.15690126249071268,3,9
2019-09-06,SPY,1,0.0007719060169615322,0.0007716082507336353,0.008050418061996896,0.012016313252161504,0.011641873945895886,0.022718916034065728,0.004494068073734691,-0.00040254093087974075,-0.40445073812638055,-0.30900916493794583,4,9
2019-09-09,SPY,0,0.0005034614530183834,0.0005033347588225823,0.007937773603008997,0.007202255132938833,0.008215800348708724,0.018567887709486586,0.0069532208010022216,-0.0031423493861594616,0.03380102169436694,-0.17279589156621455,0,9
2019-09-10,SPY,1,-0.00023492843105454853,-0.00023495603106038487,0.006471548621277372,0.0069608329610652015,0.0029670380496169546,0.014817218765416973,0.0074993647302330525,0.0025895196703740147,0.13044792948929285,-0.042520654581829964,1,9
2019-09-11,SPY,1,0.007111477797156152,0.007086310486331016,0.0056673982600322905,0.006516430814160041,0.005896621776661837,0.017400312771484128,0.008677576732327805,0.00596374433617085,0.1876539119300189,0.1331245269461827,2,9
2019-09-12,SPY,0,0.0034634855806559006,0.003457501527612372,0.0030203409520996346,0.0064647795815142494,0.007039164095911321,0.01665233626728546,0.006804938731846473,0.00013280844787344397,0.05939457521021896,0.1748687373795239,3,9
2019-09-13,SPY,0,-0.0006638765129262092,-0.000664096976517925,0.003263177647842474,0.005860104677995913,0.004329596103633593,0.013068284468760405,0.0049374403803442045,-0.002286441925234664,-0.1481839615848315,-0.005964233804111374,4,9
2019-09-16,SPY,1,-0.0030889141940908527,-0.003093694736534758,0.0039977432941175044,0.006082606139853115,-8.012042636917904e-05,0.007325861860710381,0.005636347592206415,0.00106726029925018,-0.06301606317064057,-0.06152958652836493,0,9
2019-09-17,SPY,1,0.0025320712362930653,0.0025288709450252966,0.003919884586334487,0.0053149842227150496,0.0005917731536990711,0.006438133434153892,0.004234143506483332,0.003267356732517103,-0.2872547739177058,-0.2999187763656104,1,9
2019-09-18,SPY,0,0.0005983692226028126,0.0005981902711216236,0.0026044613534734755,0.004577863833337985,0.0006249152586541573,0.004668096182514292,0.009917172229277214,0.00203007051471108,0.769135995949416,0.18553257258652023,2,9
2019-09-19,SPY,0,-6.650791354601004e-05,-6.651012529523825e-05,0.0020408987961359573,0.0027546000373139044,0.0006980378520817787,0.003509726691323989,0.006367570177120975,-0.0014924293067126427,0.04340259322555928,0.2505200257485227,3,9
2019-09-20,SPY,0,-0.004724951330661087,-0.0047361492000481675,0.0029209603338882636,0.0033168007579716594,-0.0030808621559813565,-0.0017666367276368833,0.010853675338308645,-0.006924978937627334,0.16985913101403471,0.37325401327793206,4,9
2019-09-23,SPY,0,-0.00023457336954346708,-0.00023460088617976993,0.0026662421867719804,0.0033259759922044845,-0.002934694003766114,-0.002461743075744205,0.005814186043697113,0.0022181270011296275,-0.5145782392675711,-0.325341214242431,0,9
2019-09-24,SPY,1,-0.007846829174315118,-0.007877777542375952,0.003680446756675724,0.004248201686668761,-0.008326975937290593,-0.00999467608915694,0.016799701806133827,-0.011823280790967996,1.1820695175357891,0.392376415721287,1,9
2019-09-25,SPY,0,0.005914596703378239,0.005897174140829797,0.005226287035317674,0.004027571715656048,-0.0010580745012944703,-0.003722500466611378,0.012771992459901854,0.0056088785985836075,-0.24260088078980158,0.049911182604678084,2,9
2019-09-26,SPY,0,-0.00208291778524039,-0.0020850900754822987,0.005176025511501068,0.0038106795539010535,-0.0013314172864344886,-0.004829911198890757,0.008097211655391203,-0.002116738475546359,-0.2181409524869875,-0.1585490480305105,3,9
2019-09-27,SPY,1,-0.005387140104059274,-0.005401703068677932,0.005277219992850375,0.004053975411264769,-0.004783893365669978,-0.00876087638086609,0.014303495140477901,-0.008158992664735038,0.5084915013786118,0.22768760289992174,4,9
2019-09-30,SPY,0,0.0046374629117704735,0.004626743009962908,0.006059710252781178,0.00442391222162451,0.0008024771204617753,-0.003491848632779626,0.005507228295136953,0.0027029353977405424,-0.39038970294973485,-0.24444294295545976,0,9
2019-10-01,SPY,0,-0.011894525684459034,-0.011965831552116946,0.007344997736155782,0.0054891533748629,-0.009344344746301192,-0.01325853830695134,0.01833811927910701,-0.015113858223941264,0.7080584719254235,0.20791871574245957,1,10
2019-10-02,SPY,1,-0.017664895801707714,-0.017822782201290188,0.008639236454766382,0.007245607878098743,-0.02051738418955651,-0.026872427387783393,0.016706672786234993,-0.011801037534841338,0.38866916584317734,0.571631159465551,2,10
2019-10-03,SPY,1,0.008193100363120376,0.008159719122961206,0.01087840800583475,0.008149938250011037,-0.008053689028934441,-0.015815443010698593,0.019561533409437303,0.00906853789402943,-0.3040709322300156,0.08164917290978635,3,10
2019-10-04,SPY,0,0.013531949991328007,0.013441210824802319,0.01344647599648421,0.009653867233191097,0.006090936252274748,-0.0011672677422732702,0.0121935087309577,0.011025593506802251,-0.23672471939098583,-0.14795492006710464,4,10
2019-10-07,SPY,0,-0.004314948363812854,-0.004324284620158991,0.013161178097086178,0.0096907737409401,0.00428302991755003,-0.00374287702313969,0.00848475394962265,-0.0013289762047746434,-0.08420032200973404,-0.23583580799013426,0,10
2019-10-08,SPY,1,-0.0155245536736619,-0.015646321461468382,0.013893542497803966,0.010502760073926023,-0.008106248001171545,-0.016756062899582203,0.01154485902450078,-0.008624277391187546,0.6055577456991637,0.2255920376297904,1,10
2019-10-09,SPY,1,0.009496348891175677,0.009451542014512704,0.011980632659925597,0.010874554466627225,-0.000891942264079737,-0.005266300937857626,0.007704179653912296,0.0017884402877794497,-0.3484417724309645,-0.19162695843735167,2,10
2019-10-10,SPY,1,0.006763687434364618,0.0067409163206413325,0.011820130477526277,0.011230215880884652,0.00392353523725486,0.0027494018531633024,0.011024079730135642,0.007074653514699017,-0.11326439959332513,-0.28236503666542423,3,10
2019-10-11,SPY,0,0.010366672384794606,0.01031330693452226,0.011110955377139436,0.011676245779294913,0.01299227297312111,0.012839829436746442,0.0087756967710203,3.3785958740958005e-05,0.7852984738581061,0.2583717968818713,4,10
2019-10-14,SPY,1,-0.001113731552299213,-0.0011143522121592753,0.010789977413122051,0.011583363800152046,0.00988211384115445,0.011995476096918312,0.003717115975874685,6.764955139891229e-05,-0.5908160825928582,-0.47759134469520126,0,10
2019-10-15,SPY,0,0.009900505100042034,0.009851816198819918,0.004791488818318531,0.011185437629371702,0.012726985396690926,0.020047491117319405,0.009188862101123399,0.005991244505988625,0.15743858120352128,-0.3610621609599407,1,10
2019-10-16,SPY,1,-0.001606155961842104,-0.0016074472131482054,0.005849161814864666,0.00899202809250755,0.006238369115953768,0.014827868381261933,0.004155881136399063,0.00010054221197775839,0.04649178153974476,-0.2565709963591455,2,10
2019-10-17,SPY,0,0.0029491502131173686,0.002944810000825804,0.0057875881732328,0.008844107555543504,0.00511159671838457,0.014763092776675757,0.005739459632742201,-0.0013347367400569903,-0.06523027620063682,-0.26064338829615263,3,10
2019-10-18,SPY,1,-0.004377302925217541,-0.00438691136528746,0.0055470765641482764,0.008279832394065191,-0.0004227628467265987,0.009082612786977196,0.007934631550489943,-0.002410530030526773,0.40596371396212216,0.040833080829662416,4,10
2019-10-21,SPY,0,0.006779297189770439,0.006756421085650111,0.005856128782554345,0.008193553317963884,0.0036332702007288997,0.013551658171190306,0.004241496749442867,0.00190360290254342,-0.39275006220452846,-0.3461943715781759,0,10
2019-10-22,SPY,1,-0.0032669853594757825,-0.003272333607754696,0.004664342696864447,0.005782219888648769,0.00026747205699462206,0.006675988329592153,0.006620501441457631,-0.00522315815016237,0.24446715119107987,-0.1166808297925519,1,10
2019-10-23,SPY,1,0.0029098017570592383,0.0029055764784242655,0.004689598832138483,0.00539685955320052,0.002185682161282898,0.006687097461741898,0.0048204143823773835,0.003849609527638006,-0.2930875177745721,-0.34207610628994334,2,10
2019-10-24,SPY,1,0.0016335883124689587,0.0016322554584409232,0.004588634815010913,0.005233350704062041,0.003092132448469176,0.005923965994182767,0.005350489679793116,-0.001794584887009102,0.032047438009792595,-0.29416662303292285,3,10
2019-10-25,SPY,1,0.004095632613744016,0.004087268340706274,0.0037084646816749425,0.004499205214772057,0.0047643114815392185,0.008247482542930173,0.008407351749359594,0.00620543113945599,0.2750760864353188,0.007313066030619986,4,10
2019-10-28,SPY,0,0.0056364384278324575,0.00562061314639184,0.0033954045179374,0.00452139913147345,0.008204071595811602,0.011445166572302767,0.0031029327055876765,0.0011883057657006762,-0.06765563406141739,-0.06448997312686577,0,10
2019-10-29,SPY,1,-0.0002969660558062026,-0.00029701015895700067,0.002274188082241127,0.0037407430197779093,0.005098160689986475,0.009686869527913977,0.004521536748401403,0.0006930411058683994,0.050724843998386504,-0.011618447479738503,1,10
2019-10-30,SPY,0,0.0030674948474807007,0.003062799684303563,0.0022772574432597713,0.003606644895553432,0.005341907244026389,0.010851896639298309,0.008436863923762274,0.002339986124624527,0.12101190247691651,0.10622046373825023,2,10
2019-10-31,SPY,1,-0.0026633265299231823,-0.0026668794938968787,0.0033827653817774727,0.003855592210228365,0.0007059992890188216,0.006804427778436262,0.007891342050940161,-0.0026305142462189433,0.39098257791994584,0.4627327640039687,3,10
2019-11-01,SPY,1,0.00926367225270508,0.009221027602632326,0.004720492429009404,0.004013293155236278,0.006959876127582865,0.013383075726893567,0.0047553854885779775,0.004001053282756278,0.030232948802238147,0.4854410428687075,4,11
2019-11-04,SPY,0,0.004017671088092589,0.0040096217999980865,0.004546913667256627,0.0037915000872007208,0.0083059038518698,0.014975024634283463,0.003378296327115123,-0.0015592365658967037,-0.14807953163765175,0.21096723687538876,0,11
2019-11-05,SPY,1,-0.0011058644991184252,-0.0011064764184380849,0.004691310296233288,0.0034787764844592885,0.004672840238915121,0.011174663477286462,0.00393387947287801,-0.0018205974357455605,-0.2916120111736452,-0.13235044770653848,1,11
2019-11-06,SPY,1,0.00022777895517012148,0.0002277530174827902,0.004778916721092894,0.0035594708316847357,0.0029588436935203966,0.009005740401895057,0.0043643824486800644,0.00022801460605507,0.08277743098581047,-0.08301654105438572,2,11
2019-11-07,SPY,1,0.003516656913959304,0.003510487934592632,0.004028345289665315,0.0035649542555320234,0.0033075601590446535,0.00996243266559338,0.006449072129956201,-0.0012639421822604627,0.16747011536533796,0.03223235750585807,3,11
2019-11-08,SPY,0,0.002466165629678496,0.002463129633710537,0.0021921270158468537,0.003524786660501206,0.00395155907704825,0.0100236409648784,0.0064002641287568204,0.0037037514413557817,-0.09655385896672886,-0.07417201611698732,4,11
2019-11-11,SPY,1,-0.001909704778389587,-0.0019115305894370493,0.0023091662168361195,0.0035655366054497973,0.0013964649653774863,0.00643318255051728,0.004131219425467058,0.0030251533249635505,-0.2699211332983903,-0.31587014312388084,0,11
2019-11-12,SPY,1,0.0021079486500270583,0.0021057300435298743,0.002143390542529665,0.003499491085620844,0.0022250060103525815,0.006652302218745465,0.00595950230895749,0.0008097165991902834,0.2985504493355644,-0.11534187568167409,1,11
2019-11-13,SPY,1,0.00032363433099957817,0.00032358197270543343,0.0021320050091254332,0.0035052442171454815,0.0012503640998167143,0.005353610742978354,0.006105696016539812,0.0038647735612777324,0.1599045705459443,0.017840338363287467,2,11
2019-11-14,SPY,1,0.0014557747486865225,0.0014547161359041993,0.001764008740603711,0.0031715269486976487,0.001818786972721309,0.004784459673428998,0.005019651762214913,0.0024611523268775566,-0.05003551709364462,0.0005985630579539158,3,11
2019-11-15,SPY,1,0.007236637268990931,0.007210578452785832,0.003380189686281721,0.0026858736817330056,0.007210496978747427,0.01020302263981665,0.005080016166408428,0.002475787918622013,0.21092778392773126,0.23362611523610877,4,11
2019-11-18,SPY,0,0.0007373751017778485,0.0007371033743259758,0.0028036443997863955,0.0025880327873017608,0.005568877342611023,0.009427111717959846,0.004012454674984804,0.001572850885291895,-0.20630211725859193,0.001799364178529883,0,11
2019-11-19,SPY,0,-0.00028855928575821643,-0.0002886009270000045,0.0030538174308904326,0.0025080674175933498,0.003383806825425273,0.0075387044773149725,0.004701296069900364,-0.002398618451989274,0.37736044527504675,0.31336422043387224,1,11
2019-11-20,SPY,0,-0.003718465153052075,-0.0037253958309229063,0.003970544662270028,0.0030066544732542107,-0.0014201238559349294,0.0026036906120536774,0.008963019004957145,-0.0016384276780552357,0.17110170828865856,0.4458879535254332,2,11
2019-11-21,SPY,1,-0.0016090630169375286,-0.00161035894917827,0.004132191076506228,0.0030033687559382783,-0.0034880088231570294,0.00031594158674774775,0.005210830328595251,-0.0019943568643295477,-0.31158146341217685,-0.0053346308118144,3,11
2019-11-22,SPY,1,0.0022239363998750594,0.002221467113665554,0.0022682251556260203,0.0029883028232815657,-0.0007390342509354664,0.001888090663815678,0.0044681093806360865,-0.00041790120011218586,-0.17953999564618484,-0.1776594256402998,4,11
2019-11-25,SPY,1,0.007750209629918237,0.007720331032897043,0.004407733001774837,0.0035712446776350855,0.006132463574975766,0.008022548781542849,0.0044553627857917095,0.0044553627857917095,0.08465960018015517,-0.12857180730816553,0,11
2019-11-26,SPY,1,0.002265331897787881,0.00226276990193508,0.004387608346871511,0.00357397021381023,0.007021422518549647,0.00865784135690495,0.003892668410222225,0.002137720246091971,-0.22772533671002648,-0.31609564503163123,1,11
2019-11-27,SPY,0,0.004458025707050783,0.004448118144980029,0.0034305334850415416,0.0036435280921803736,0.008464861445155458,0.011082809492641843,0.003528228348824441,0.0027654101118037002,0.18301259016742533,-0.17673551624028605,2,11
2019-11-29,SPY,0,-0.003708957662484469,-0.003715852900667116,0.004184294022837415,0.004077503166498764,0.0021361429027901835,0.005798364282953328,0.0033983591882087347,-0.0017467694167445614,-0.17666713166503922,-0.3033026046258893,4,11
2019-12-02,SPY,0,-0.008494520057107713,-0.008530804115832957,0.0065183212520723705,0.004630321073536966,-0.0068072232808635835,-0.0026975378334493927,0.011093773721356727,-0.009377226624474886,1.0705714527761003,0.40577551727343253,0,12
2019-12-03,SPY,1,-0.006706763889240297,-0.00672935529698826,0.0056168410444667576,0.0050693147315329125,-0.01106037523071357,-0.008602564565126869,0.008132220363713378,0.002915904468756337,-0.024101267292966133,0.3117468361975615,1,12
2019-12-04,SPY,1,0.006170433090294525,0.0061514739189272305,0.006616732052681354,0.005529857856201489,-0.003289717501654965,-0.0023350650057030187,0.005793330293689688,0.0024460225883109134,-0.3362338166420301,-0.09939021671335779,2,12
2019-12-05,SPY,1,0.0017978220559129454,0.0017962079081845772,0.006087998746008407,0.00540665709300375,0.0007183323977209,-0.0009414422936339095,0.005348664026429866,-0.0006726514597132894,-0.17055827220863895,-0.1958984480320558,3,12
2019-12-06,SPY,0,0.009134197383585674,0.009092732907869383,0.007764577177459808,0.005995191541681863,0.009496438117545525,0.006701396704046125,0.00382023502382765,0.0023876226017391874,0.20187182195583286,-0.022494591724119162,4,12
2019-12-09,SPY,0,-0.0031441423150441183,-0.0031490955155959455,0.0065017170510931295,0.006160130206290813,0.004879130260700082,0.0026001687539234375,0.004388770105895335,-0.0017809361221401902,-0.28794939399513564,-0.2897603041685567,0,12
2019-12-10,SPY,1,-0.0011151092058626633,-0.0011157314027210319,0.005071476794685904,0.005693325881792345,0.0012070963057357886,0.001430977972002978,0.0055445484474077955,-0.0009241238230622331,0.5112533547655611,0.06466451009776963,1,12
2019-12-11,SPY,1,0.002838621868937352,0.002834600590009728,0.00468399648809719,0.005720757173504137,0.002154623321803051,0.004164576272565279,0.004012386620778056,0.0012419662132712546,0.014801575694494584,0.04684899610133786,2,12
2019-12-12,SPY,1,0.00861898289491303,0.00858205151739444,0.005557806661456885,0.006202166394028116,0.0075102676558733705,0.012286045461098682,0.012148894493597257,0.008587005915225519,0.8040655747523353,0.7141255629304892,3,12
2019-12-13,SPY,1,0.0005993530288808113,0.0005991734885899547,0.004518631405878382,0.006021292494867515,0.006547192410619074,0.011920481042063003,0.00836312826994694,0.0014201792973955226,-0.15443263588602918,0.3422103813276016,4,12
2019-12-16,SPY,1,0.006869712666883299,0.006846223704409127,0.00411369487559988,0.005248604386951321,0.009861409205746963,0.01632467681900418,0.009084624664478244,0.0008771341965608501,0.015285158133537147,0.3472359908521123,0,12
2019-12-17,SPY,1,0.00021920396924079988,0.00021917994756126546,0.0037627106348817802,0.004262026670069344,0.006240765903187784,0.013317653541981445,0.0024068172710482996,-0.0010940425382130294,-0.2616565377276292,0.015967925466718436,1,12
2019-12-18,SPY,1,6.27959970176395e-05,6.279402543185597e-05,0.004132049675634815,0.0042263558048302435,0.0030382370031294403,0.010775569260142781,0.002250003814697266,-0.0012812614440917969,-0.2121962037850852,-0.1983542387229894,2,12
2019-12-19,SPY,1,0.004098704068610015,0.004090327262654014,0.003013309493081262,0.004241154565091617,0.004771674925082792,0.012076024250583295,0.0045654222276000685,0.0034396689978229266,0.7723910830407412,0.32258435592333234,3,12
2019-12-20,SPY,1,0.004384403628662437,0.004374820132804658,0.0029316290143498254,0.003684682249478689,0.006035274372771182,0.014134720887300611,0.008050885105972069,0.0008425998204142471,0.7247829985757908,0.9797283233673362,4,12
2019-12-23,SPY,1,0.0015276239429649063,0.0015264583124547926,0.002074845419837873,0.003172155875907392,0.005501111189672336,0.012841464265721747,0.0018346227948916767,-0.001150518117481337,-0.6398719333215986,-0.30404097529352025,0,12
2019-12-24,SPY,1,3.1291811213751686e-05,3.12913216351518e-05,0.0021177495384043865,0.0030321515139674865,0.0035073927713440423,0.00993266636808543,0.0019286251122444436,-0.00074654006116806,-0.6174749952821287,-0.7219538237590526,1,12
2019-12-26,SPY,0,0.0053231838764684625,0.005309065813046132,0.002206544337099309,0.003124662832007305,0.005761625692952244,0.012108150122863481,0.004072742370439287,0.004010597137884711,0.524972866304884,-0.5624727440726276,3,12
2019-12-27,SPY,0,-0.00024786371363128,-0.00024789443691819457,0.0025334388083841967,0.0026259910917619937,0.00330630409396937,0.009553419133567553,0.004695091924144011,-0.0027182458434480434,0.3758378840032093,-0.3483543452722333,4,12
2019-12-30,SPY,1,-0.005512999263568186,-0.005528251928458516,0.003901091630726383,0.0035950006872389737,-0.002441921468202324,0.0023227347899348327,0.007896015526118492,-0.00579044918433637,0.16930409510731548,-0.1990314757496069,0,12
2019-12-31,SPY,1,0.0024291365759054884,0.002426190992838251,0.003996068837935165,0.0031257614086179332,-0.00041622813059993824,0.0035284847391916507,0.006177303197419206,0.00414933571687746,0.1477645885407135,-0.04102339136581157,1,12
2020-01-02,SPY,0,0.009352172764996336,0.009308711955815063,0.005621813195245138,0.004007105523058644,0.0066560714495251805,0.010750653140417343,0.00729435558759636,0.004110732945353691,0.036334935254470624,-0.002918196112488114,3,1
2020-01-03,SPY,1,-0.007572133397831582,-0.007600947548480619,0.006720753211053779,0.005041688187585729,-0.0006382818789990585,0.0017308933676825067,0.007908857005725418,0.0038921409445340457,0.3137468047985501,0.24770740305504058,4,1
2020-01-06,SPY,0,0.003814798676177622,0.00380754078411627,0.006971117100182025,0.005025459385061126,0.002689184334137007,0.004207515095881353,0.010515228985158376,0.009828776280216679,-0.2838229976437948,-0.06174404249217713,0,1
2020-01-07,SPY,1,-0.002811919600478774,-0.0028158804732454357,0.006475483020610996,0.005058272262519711,-0.001151486996647133,0.0007627330952029165,0.004024575428029785,-0.0008977092353609009,-0.2723528809301774,-0.16762723486262365,1,1
2020-01-08,SPY,1,0.005329795657192715,0.005315642562781164,0.006754691261149514,0.005271373929136696,0.0025647916516700064,0.00508986821190982,0.00963022644469934,0.0046758213730396375,0.6864708961784258,0.36095632010929735,2,1
2020-01-09,SPY,0,0.006780565008315698,0.006757680366359153,0.006083559744335247,0.005556026352007392,0.008253637366463673,0.010208785387372465,0.003709902989545559,0.001502300186636658,-0.29024686658076604,-0.08545585139169354,3,1
2020-01-10,SPY,1,-0.0028778122819916874,-0.0028819611454355964,0.004587247890471963,0.0055651602206948664,0.003308218566384191,0.006439421971754733,0.0069051275292343174,-0.004827575082014416,0.09398988721626123,-0.03957656050493985,4,1
2020-01-13,SPY,0,0.006877265448830716,0.006853724926787486,0.005062150254650975,0.005854942045301971,0.007532985086996291,0.01176965009189579,0.006250123887953677,0.004779550502713941,-0.11206069097649785,-0.1541845472361385,0,1
2020-01-14,SPY,1,-0.0015244386733931359,-0.001525601812266686,0.004736524219481428,0.005439077548147547,0.0030879011577016335,0.00824582950413788,0.005435608674570527,-6.104074754133927e-05,0.33440369700213224,0.10270377656141982,1,1
2020-01-15,SPY,1,0.0022596057208807974,0.0022570566510795587,0.004540497730328676,0.005437785248347218,0.003056183699990278,0.008558335086553015,0.005376444830400672,0.002566049556220258,0.14679912402439488,0.23218750106876707,2,1
2020-01-16,SPY,1,0.00831870653296507,0.008284296791762458,0.004953062825518159,0.005289543853526386,0.008767300743414808,0.015061012412836972,0.004458602263502662,0.00370033720210189,-0.2498910578628467,-0.06759204264522234,3,1
2020-01-17,SPY,0,0.0031121321182832062,0.0031072994591090364,0.003907797360398534,0.004123276807995125,0.00807167624491334,0.015249156318738244,0.0040096066425089885,0.0007536930684342634,0.7732741538899877,0.6032547513354323,4,1
2020-01-21,SPY,1,-0.0019577594363230366,-0.0019596783522546346,0.0041625454846078765,0.004381313766768647,0.0040551505986985426,0.01089325080480319,0.004109958829397697,0.0012088059953531015,-0.18888216513991196,0.2540919252943048,1,1
2020-01-22,SPY,1,0.00012035096518658861,0.00012034372359082113,0.0038645982025422706,0.00408555302359384,0.0018139352504191741,0.008365789927210043,0.0053575693222275705,-0.0027088668520893113,-0.37080795035913483,-0.22150741554893905,2,1
2020-01-23,SPY,0,0.0011472279574100686,0.001146570394285007,0.003904399301090335,0.003993074607456978,0.0008268117695260369,0.007294007029385652,0.008347729258883354,0.0032967254084424673,0.06231434593549201,-0.1509249906126745,3,1
2020-01-24,SPY,0,-0.008893386772376943,-0.008933168977849348,0.004625074008328828,0.0049645207503777105,-0.0067853069059264914,-0.0023064906587149103,0.01555171877561759,-0.011039626401101439,0.6853992263726112,0.34508267156913575,4,1
2020-01-27,SPY,1,-0.0160294063574824,-0.01615926688607061,0.007245563315481056,0.007230293460765266,-0.017690784217661237,-0.01764009170215597,0.007615365335647542,0.0014549770067152276,-0.04014574369935964,0.2323463860530568,0,1
2020-01-28,SPY,0,0.010479483411708346,0.010424954252856722,0.010154609901103506,0.0077204820439949135,-0.004731167962379934,-0.007025866411147108,0.013074509419553895,0.005629782512730992,-0.2406364312267658,-0.08662548940742265,1,1
2020-01-29,SPY,1,-0.0008260356296565519,-0.0008263769850813674,0.010099076640499721,0.007711295696590119,-0.002686926851579341,-0.007595888056991407,0.006790946321850318,-0.005359673973612026,-0.15579628411191526,-0.21893013420065888,2,1
2020-01-30,SPY,0,0.003245222955333693,0.0032399685839870074,0.010345913106900053,0.007752795416489126,0.0030242483670230857,-0.004221023625755604,0.013472670226110086,0.010235563799956118,0.40087847404567545,0.08876300492001277,3,1
2020-01-31,SPY,1,-0.018157917505683296,-0.018324795683240858,0.012420183829175958,0.008972576110531606,-0.010925845352518171,-0.019564188357715118,0.01969419706852064,-0.01611617435373662,0.508052530208579,0.5115575220651449,4,1
2020-02-03,SPY,1,0.00742848311410671,0.007401027817055095,0.011235931110977515,0.0093817936092945,-0.003958235825769596,-0.009918612137322924,0.009092322207858727,0.0023812865289551738,-0.39318691280119744,-0.04897340256014382,0,2
2020-02-04,SPY,1,0.015241131954635723,0.015126152707052753,0.012437753078847185,0.010912188979930378,0.009875769082260621,0.005859644946592191,0.006980243526677369,0.003017618838276281,-0.09423157650941616,-0.12021802067473308,1,2
2020-02-05,SPY,1,0.011548217142813177,0.011482045439423771,0.013100949927029643,0.011577003498091465,0.01764042644758801,0.017002984547604294,0.007283182322122613,0.0017756534065625424,0.0539831749055506,-0.09441602479295153,2,2
2020-02-06,SPY,0,0.0033647692139919805,0.003359121044372415,0.0130996541437365,0.011611575491968994,0.017146358018526486,0.019720860626952552,0.004162842182602248,0.00020965925983335287,-0.2364084905331374,-0.30697806784444404,3,2
2020-02-07,SPY,1,-0.005329541268699223,-0.0053437939364417986,0.007945273562230105,0.011334435531897717,0.005314193996730721,0.013225078729679485,0.007181010991719487,-0.001862854105953816,0.2736255378804877,-0.08793036466631365,4,2
2020-02-10,SPY,1,0.007465369191230975,0.007437641236750281,0.00794642554922007,0.009708490122776359,0.006386986210582979,0.01732014569375573,0.010747811009011175,0.010415667587546971,-0.34408491504441885,-0.36376792153248605,0,2
2020-02-11,SPY,1,0.0017330527960979225,0.00173155279290782,0.006349616212089966,0.009393294822749192,0.004385994223051304,0.016497039355355847,0.006960959996426785,-0.0026772783397188507,0.30412407891609217,-0.15886464933389266,1,2
2020-02-12,SPY,0,0.006442707494983768,0.006422041968852099,0.0050636158158482904,0.00938242265075147,0.008102593730718866,0.01970698479983901,0.0036220089342947448,0.0017517052489094877,-0.19815727838584152,-0.3151512132397011,2,2
2020-02-13,SPY,1,-0.0010669767672019104,-0.001067546392133245,0.005307861396524387,0.009483674350736665,0.005177023635152045,0.015739660702563718,0.007622216608846881,0.003572953788392307,0.2388850877531954,-0.12289092796675016,3,2
2020-02-14,SPY,0,0.0016020260229658856,0.0016007441481580287,0.0035921742757044463,0.006055034302482428,0.0035551540750409227,0.012524544581545394,0.0045331952683695,0.0002666479075779726,0.18495318511831704,0.12882716266250815,4,2
2020-02-18,SPY,1,-0.002576946615007736,-0.002580272657186633,0.0034399374130671253,0.0063973037986612405,-0.0002494124935830122,0.006110234786197433,0.00731039761453047,0.0006537731845075072,-0.11390135362375386,0.021420556030235183,1,2
2020-02-19,SPY,0,0.004781334261309889,0.0047699399881020454,0.0038030534671250954,0.00503696154452027,0.0026969041369386826,0.008125470596776596,0.004736598316894039,0.001628194378329602,-0.14698686965061458,-0.10677976894520502,2,2
2020-02-20,SPY,0,-0.00410835192167236,-0.0041168143852337025,0.0035252839538508136,0.0044084180917401,-0.0011442589955348303,0.002761700935395517,0.014685918505576547,-0.002339012406542512,0.5192841500613545,0.3369647496271506,3,2
2020-02-21,SPY,0,-0.010298532978863073,-0.010351929791879044,0.005756141014544575,0.005623452266915931,-0.009328241311730268,-0.007417555837664458,0.009628315421870242,-0.005931946901761272,0.5342904990871509,0.8408064668510469,4,2
2020-02-24,SPY,0,-0.03316496534588875,-0.0337273930620583,0.014497532048967183,0.011884119118797613,-0.03346664827379642,-0.03753483429340765,0.038125910644716626,-0.0022281400880867553,0.41568633654456266,1.2526941281138293,0,2
2020-02-25,SPY,0,-0.030302223692492247,-0.03077082684998178,0.01654863636931744,0.014025562363303904,-0.0490254094397653,-0.06052143430190926,0.03988387606588722,-0.03485215922650366,0.3589631531506925,1.4543616051117603,1,2
2020-02-26,SPY,0,-0.0036782922333646884,-0.0036850737850357973,0.014356620182230793,0.013766215391103119,-0.03679653523201076,-0.057246199608420145,0.02358512100475471,-0.008530118843521887,-0.11026927567638678,0.8876270818660987,2,2
2020-02-27,SPY,0,-0.044911808555241794,-0.0459515957025598,0.017033866084787918,0.017237246714170974,-0.057056536246700706,-0.08857812751966965,0.045996163772678504,-0.026026261742439265,0.45991658015605785,1.235122391783403,3,2
2020-02-28,SPY,1,-0.004201313283614283,-0.004210163597593741,0.018460623922432515,0.017036155223401003,-0.038329130645290865,-0.08091964671807361,0.04277798954389806,0.026186343051389824,0.35386341297012347,1.4020761731884743,4,2
2020-03-02,SPY,0,0.0433062971436442,0.04239480226734482,0.03363519381922694,0.024424788344815422,0.012075774593326205,-0.03256107556667642,0.0492941639389894,0.03648437408057619,-0.3799516748844992,0.34344604077170615,0,3
2020-03-03,SPY,1,-0.028632473876901487,-0.029050379603448917,0.03336508355154409,0.02510128542127853,-0.00884732579812697,-0.04940426675317833,0.05256862363060379,-0.02991925610864297,0.25737148497132,0.48604775023311464,1,3
2020-03-04,SPY,0,0.0420330846736745,0.04117369395348547,0.040265439906102644,0.03000810339091446,0.03188734266329041,-0.0013917311111966146,0.03191565296971171,0.022017477923305294,-0.41156150598172647,-0.17759077898688735,2,3
2020-03-05,SPY,0,-0.03324156048426352,-0.03380661875188107,0.037116256256542135,0.03104959237206241,-0.005661002538984716,-0.02384072888217781,0.02773949488596935,-0.008262900650767468,0.055224575258729036,-0.17526442927026487,3,3
2020-03-06,SPY,0,-0.016531102747370574,-0.01666926620557696,0.03817949741460119,0.03111184556319545,-0.022869464161628605,-0.02868613619112048,0.029165914961567004,0.014702362777860654,0.2269739030771576,-0.0370264434167884,4,3
2020-03-09,SPY,1,-0.07809473975268144,-0.08131281531761303,0.043136807204713946,0.0373067519133548,-0.07806363809102002,-0.09022459269706329,0.03901195318051265,-0.0038865850130195777,0.35313372446944724,0.22642353393406234,0,3
2020-03-10,SPY,0,0.05174540940743366,0.050451078760578305,0.0540578947481242,0.04235243947819842,-0.02258973342245285,-0.03539397121916088,0.05276836790576776,0.013279927574363005,-0.10656546999796068,0.07129999496987849,1,3
2020-03-11,SPY,0,-0.04874905015296549,-0.04997737128160473,0.04850919719917836,0.04428755100876963,-0.04532616282162538,-0.07087666263972592,0.03940148584830275,-0.022586485855913115,-0.07642702448704819,-0.03325793125634258,2,3
2020-03-12,SPY,1,-0.09567665673609582,-0.10056830194075417,0.05823106484058107,0.05092589087082815,-0.10272804774083544,-0.14547645582457436,0.07414066791534424,-0.03082031011581421,0.5362148832644058,0.42684635251001657,3,3
2020-03-13,SPY,0,0.08548612561724345,0.08202792869509867,0.08087012163165921,0.060407057570079206,-0.005788305505497804,-0.06373945858439811,0.08727054252712554,0.023680151556681857,-0.15974322619892323,0.22358141845049095,4,3
2020-03-16,SPY,1,-0.10942387950531896,-0.11588669928279316,0.08770631252615789,0.06516064623734674,-0.09151867382575096,-0.14562345056295622,0.08101830118388163,-0.005514497937868041,-0.09808684813152813,0.0800907415758263,0,3
2020-03-17,SPY,0,0.05399219347702133,0.05258504352345028,0.0881914894048002,0.06947781809015818,-0.015913489164040118,-0.08401480710446452,0.07794648476509129,0.03166833977408597,-0.11832021262279635,-0.03434785018171482,1,3
2020-03-18,SPY,1,-0.05063286206541484,-0.05195968697294884,0.08833357333439235,0.06719066820803589,-0.04006142369096932,-0.10681384422956874,0.08613752738508598,0.015873015873015872,0.25003424651000405,0.14348285271897732,2,3
2020-03-19,SPY,0,0.002125032767734014,0.00212277807922856,0.0785759457505167,0.06758638076129617,-0.032137272866457844,-0.08379229403225164,0.06336469660233804,0.005266434720317398,-0.11683589384643511,-0.025149861282264152,3,3
2020-03-20,SPY,0,-0.043094209626045155,-0.04405033503542466,0.06121738416555789,0.06793086435204897,-0.043694876200894184,-0.10020196294034223,0.06584752938227605,-0.05661153587863333,0.1999046045582431,0.12481887602678232,4,3
2020-03-23,SPY,1,-0.025568256634851072,-0.025900805211948708,0.04241435952532174,0.06519294731922848,-0.05591520408139017,-0.10573763358397592,0.05004600572664307,-0.022963343867396516,-0.06087588734607907,0.05069068226707851,0,3
2020-03-24,SPY,1,0.09060335926585639,0.08673108370483895,0.057329873158110035,0.0707332804692023,0.03679772638977963,-0.007361418066230585,0.04393824388794105,0.03724083182206749,-0.2776800689026493,-0.230915615200885,1,3
2020-03-25,SPY,1,0.014970113022868548,0.014859166762562381,0.05158408898126591,0.07013200790051409,0.04501712720868056,0.018292793306446953,0.06779109909146425,0.007840887847555428,0.2714959372724204,-0.036000544987690786,2,3
2020-03-26,SPY,0,0.05838995751193998,0.05674884540619107,0.055984042486986685,0.06542814068663425,0.08571872127971392,0.07132334694470743,0.05510574104590338,0.046809905957746145,-0.13959008156489172,-0.13299826322220487,3,3
2020-03-27,SPY,1,-0.029785933561275346,-0.030238544782282162,0.0524981055191246,0.06013855239861562,0.032252125406308396,0.04555637088773179,0.038535927437883255,0.0005922292176495392,-0.12922112401837038,-0.21731769363311548,4,3
2020-03-30,SPY,0,0.03247598085345915,0.031959782486537414,0.04535877814024834,0.047967398734114944,0.03320150813287093,0.06927594756158939,0.034806390311713134,0.023269444737015633,-0.23612114047709476,-0.37466472104371196,0,3
2020-03-31,SPY,0,-0.014905577664726,-0.015017782165490878,0.03553107048719031,0.045905719342721064,0.006199115390383536,0.05057806855026592,0.02728732506210449,-0.01078445496209313,0.1371982762393542,-0.2709962863590327,1,3
2020-04-01,SPY,1,-0.04500481654185562,-0.04604898201344998,0.043585015970091116,0.04519792774380582,-0.03860429465035364,0.00021775045333982668,0.05548838617104993,-0.007379634900330226,-0.027332050157762855,-0.2523120372671297,2,4
2020-04-02,SPY,0,0.02307539020892624,0.022813179473021528,0.03349924979610257,0.04558420246235331,-0.009167431191821729,0.01803377029253439,0.03299480507906889,0.027081036435142647,-0.06274814749945401,-0.2669409862002343,3,4
2020-04-03,SPY,1,-0.014454128501444008,-0.014559607050943058,0.031515502609595146,0.04297384027330727,-0.019453635250605283,-0.004484363990316265,0.0323018275680127,-0.010248812098134047,-0.23696445578193004,-0.3871418839876547,4,4
2020-04-06,SPY,1,0.06716610219777364,0.06500663236682502,0.04315632883076064,0.04466281750616205,0.04375849211268368,0.044816627605603454,0.07302979405250458,0.02722614456010314,0.3872789559254417,-0.09323820190176713,0,4
2020-04-07,SPY,1,0.0010192987395141184,0.0010187796072909094,0.04206210214447205,0.03683719285447014,0.03878024500084076,0.03689112071045697,0.03697890101324239,-0.033113259382283065,0.07107260827858175,-0.01257280005411976,1,4
2020-04-08,SPY,1,0.03356836058754609,0.033017242691014914,0.03140073804953184,0.03761681373999722,0.050696114226755684,0.06040118442758202,0.04011792932827501,0.02265266277722042,-0.2365752986687002,-0.1882096457847976,2,4
2020-04-09,SPY,0,0.01521761793335874,0.015102991417734302,0.03153450278842925,0.033885680870262905,0.04554247833210745,0.06950235668121718,0.02064273817823089,0.0022336827752681174,0.23557026685178628,0.040162428069043576,3,4
2020-04-13,SPY,1,-0.009130285433817331,-0.009172221946592174,0.030117091420369155,0.03198123442141442,0.015038144544517795,0.05075369277685016,0.02201055705093222,-0.00534030059933992,-0.3955811392890075,-0.331214097027129,0,4
2020-04-14,SPY,0,0.029492922613866046,0.029066372876225266,0.01822043530659382,0.03175000016052093,0.03060704368231959,0.07269078459662426,0.03341869088088359,0.010000702714509034,0.16809867022642977,-0.2014807531320728,1,4
2020-04-15,SPY,1,-0.021248355509053463,-0.021477351483443208,0.02400109867829201,0.0323299114889095,-0.00046078715635544665,0.042016575215928276,0.030550890811567234,0.0006845207925664516,-0.09220282175641892,-0.24212522835820205,2,4
2020-04-16,SPY,1,0.004824539281299556,0.0048129384890174265,0.019913220815177764,0.026587912596554752,0.0007099509681149918,0.034259153919913965,0.015296396586185458,-0.0001790714456805136,0.08230999794703342,-0.14916114146863269,3,4
2020-04-17,SPY,0,0.027015807246537404,0.026657322499380243,0.02217081091955629,0.026783078798574528,0.021562075780676038,0.04867308710645468,0.01717006732302949,0.004415199888101503,0.11294910480635934,-0.03373764437715698,4,4
2020-04-20,SPY,0,-0.017618189668671458,-0.01777523730288877,0.02389510926252504,0.02716398775234207,-0.0006600473266020757,0.017760949213998956,0.019249151563554875,-0.0036091754238726714,-0.31752097013460157,-0.3247774872994418,0,4
2020-04-21,SPY,1,-0.030363284665792856,-0.03083379790895524,0.023223681893018825,0.022711118263301616,-0.023552847560393553,-0.016050700167285936,0.021754126015437553,-0.013334305261125274,0.2624771125160199,-0.11054646002829827,1,4
2020-04-22,SPY,0,0.022194424282629743,0.021951712712463767,0.02485318728527703,0.023452200705152134,-0.0028369146122944056,0.0007493626834145228,0.014693717435628853,0.002694449375083119,-0.2645402130146053,-0.29177623501012484,2,4
2020-04-23,SPY,1,-7.160727525157284e-05,-7.160983917486874e-05,0.024771522469013433,0.021273499934050352,-0.0028940792473585164,-0.001131016131580287,0.018503342800466886,-0.005026930411781141,0.126497015651156,-0.17120450189770253,3,4
2020-04-24,SPY,1,0.013938604854773828,0.013842355855419264,0.021741633073699248,0.021189089662249486,0.013662554780019764,0.011065690098721825,0.018523178867700385,0.007979161994490464,-0.18762827130628779,-0.26572179741019997,4,4
2020-04-27,SPY,0,0.014418543097948211,0.014315584401600745,0.020831284032000175,0.021135086244033093,0.024271368455671016,0.0214866273943366,0.012801606197363279,0.0067690541134724745,-0.08425029860151045,-0.30543577737879457,0,4
2020-04-28,SPY,1,-0.004598426981756054,-0.004609032271364555,0.011123164033437837,0.01928056884207688,0.010410782066579971,0.016087916516518863,0.020617140493803417,-0.018177370033146525,0.3514068649979589,-0.036557371557914276,1,4
2020-04-29,SPY,0,0.02617851841739105,0.025841726172140866,0.012362527269889949,0.01907297119061173,0.026616925566287364,0.03699013618402924,0.015332903095462038,0.005762675137432736,0.1280098793578417,0.08979430161925106,2,4
2020-04-30,SPY,0,-0.009310590993983792,-0.009354205475137434,0.01470732504830826,0.01965117772276125,0.009003632907284898,0.023216936327869586,0.016214771947763478,-0.004216449572449461,0.035000033685458565,0.13722245077393902,3,4
2020-05-01,SPY,1,-0.026473544284787875,-0.02683027866321641,0.020626931376076185,0.02002054600593199,-0.017585440405622932,-0.0025184657579322423,0.03203538160824675,-0.008832459553592574,0.01853757921981547,0.18182039615435386,4,5
2020-05-04,SPY,1,0.0027581213077960687,0.002754324670677377,0.01920547717126297,0.019179823834578814,-0.012488097176521551,-0.00046535710782447115,0.016990771459704273,0.010080562756595945,-0.3539447196037706,-0.22235610334956346,0,5
2020-05-05,SPY,0,0.00923947484848009,0.009197052010360807,0.019778026278046104,0.01580687114210327,-0.003683209453248071,0.004115595333167521,0.01932740811402995,-0.00156995598672149,-0.016115350944441387,-0.19882214524022523,1,5
2020-05-06,SPY,1,-0.0067788167573435976,-0.006801897300643844,0.013597931284734884,0.014899133628222632,-0.004224891792346974,-0.004489919757210803,0.01624771745919238,-0.013157924012249834,-0.07461741186051507,-0.24389621525041272,2,5
2020-05-07,SPY,1,0.01206702472549348,0.01199479863806907,0.015560416158696432,0.015209190113370753,0.009772100463119049,0.00449744177186151,0.00920936193391616,-0.00024329217799739356,0.02197124643160775,-0.2031793873503891,3,5
2020-05-08,SPY,1,0.016545893427122316,0.016410501544349643,0.009074557956690318,0.015435468543955569,0.01957272113466879,0.01775239812687035,0.01061536601856258,0.0046377619310165805,0.015973337018806655,-0.1830021915585457,4,5
2020-05-11,SPY,0,0.00020524952916356476,0.00020522846836090736,0.009421638208871014,0.014955529974856364,0.013471329082149985,0.016034168166896956,0.014190243056946071,0.00743956633379445,0.04004844844635347,-0.15174900521661205,0,5
2020-05-12,SPY,0,-0.019931337237268143,-0.020132645728286214,0.014677734998552022,0.01641961217642506,-0.007058824449335033,-0.004541807235654782,0.02627727627273172,-0.024234980462580366,0.20570665365431573,0.03310075918856081,1,5
2020-05-13,SPY,1,-0.017686063598676638,-0.01784433088151971,0.016688255984811984,0.014533420878967444,-0.02282619554682941,-0.018189317425130413,0.02877022672365216,-0.015591104988961569,0.5095430516904,0.5170462520531385,2,5
2020-05-14,SPY,1,0.011967430424301373,0.011896386972181539,0.01666767328766603,0.015201461488510138,-0.009268582119929869,-0.004527173244947669,0.0434486273052832,0.021580888152834914,-0.15715192877887196,0.2798789141092868,3,5
2020-05-15,SPY,1,0.004596458228266043,0.004585926773407856,0.014031339789166927,0.012542789864938113,-0.0004333383826111703,-0.0011692009392294533,0.017671814713543073,0.013847093280880176,-0.088799692403296,0.18365557383487774,4,5
2020-05-18,SPY,0,0.030460135740194128,0.03000543621408447,0.021121818250626243,0.015590001118892378,0.02821853096817195,0.0251670174627443,0.013820126127525888,0.006654196513425132,0.0769931162800741,0.2241662587946447,0,5
2020-05-19,SPY,1,-0.010271325266548614,-0.010324439342237035,0.01895887878274603,0.01608401360571277,0.013911422154788688,0.012603262929235193,0.014472495871288502,-0.008085628787028159,-0.20479299738187096,-0.041839480409253005,1,5
2020-05-20,SPY,0,0.01698820178170024,0.016845515997852445,0.015071902044399645,0.016376701991456077,0.020272933257391212,0.02529666903001271,0.007774956852218461,0.003752232182003687,-0.09799000517915357,-0.14623910658565142,2,5
2020-05-21,SPY,1,-0.006904152240855832,-0.006928096171944453,0.016937678908901913,0.016500337560071937,0.0063751499855007054,0.015692723107816775,0.013410191959766442,-0.006435538957236421,-0.08813941489628085,-0.2238379810522405,3,5
2020-05-22,SPY,1,0.00189928562317343,0.0018974842607422104,0.01707471965271433,0.015757941770334023,0.0020215052833605363,0.01657133979659786,0.008181429209311192,0.0029534409327353515,-0.18310111004816465,-0.3580022910206525,4,5
2020-05-26,SPY,1,0.012320492828702845,0.012245213247263464,0.011808747219121308,0.01613984284722931,0.01156733802221166,0.026771290943589765,0.02228997168080268,-0.009439294447888857,0.3907739742519334,-0.11550497854971753,1,5
2020-05-27,SPY,0,0.014878786839400027,0.014769183529292462,0.010074608976990435,0.014469172537543066,0.018652600701649202,0.03605156932960929,0.022176659325154637,0.004667031924062018,0.17836706336269015,0.03306949097249112,2,5
2020-05-28,SPY,1,-0.0018448317858380525,-0.0018465355837999908,0.00928748833359962,0.012316099246664594,0.012667953481668714,0.026651521016569424,0.015099314609140088,-0.0055145009336586,-0.13749816347285848,-0.05857836223092017,3,5
2020-05-29,SPY,1,0.004455854127100034,0.00444595620068533,0.007052279383073958,0.012235998052308556,0.010801505127438382,0.024508462851940305,0.0181511287094987,0.006149626137964359,0.31730033228177135,0.24387467125121942,4,5
2020-06-01,SPY,1,0.0040419407948564245,0.004033794097096255,0.006774461205298656,0.012247629140243434,0.008116512088291117,0.022019233781314096,0.010374790682901432,0.006356605977272133,-0.5318001054657455,-0.3818575878851036,0,6
2020-06-02,SPY,1,0.008279833940463277,0.00824574415798196,0.006160015553697527,0.009033684804645057,0.010462634812855143,0.025992631783543052,0.009884191485739715,0.00499102541256721,0.33194878610000655,-0.13299355330078422,1,6
2020-06-03,SPY,0,0.013308667816392727,0.013220885483109512,0.005607039035392667,0.007772582920709844,0.01813340363280025,0.032696637749959345,0.010572456429034038,0.006253231377233634,0.24641295215115155,0.08396566303075392,2,6
2020-06-04,SPY,1,-0.0026269235738793917,-0.0026303799921016946,0.005872935886753539,0.007363952561166455,0.009931921748529193,0.02509059954155024,0.012600088754157654,0.0008035743363154782,-0.1811994693607698,-0.10186035290253259,3,6
2020-06-05,SPY,1,0.02562969061893816,0.02530675627668444,0.010639049864375248,0.008694423526307027,0.025820707990381386,0.04296437260750885,0.01295585288032421,0.0066512791302504965,0.9859607042208922,0.643040241222038,4,6
2020-06-08,SPY,0,0.01208755610991763,0.012015085017991645,0.010162052349887294,0.008490176123074036,0.026579463051831675,0.04608698784182752,0.01180438062859044,0.009306136328049764,-0.5107699932303469,-0.20458249794614103,0,6
2020-06-09,SPY,0,-0.007456752652733045,-0.007484693216699867,0.013298131493362375,0.009840582176146058,0.0107633733210033,0.03104165612976595,0.012238568770312102,0.001529880645109041,0.052117564624150514,-0.1526271236490344,1,6
2020-06-10,SPY,0,-0.005580092526521696,-0.005595719402880839,0.014136479370403285,0.01015953225709093,0.0008219409851915049,0.020215642223388786,0.01297372053240838,-0.007529131126361777,0.22614585592004044,0.05027874163073087,2,6
2020-06-11,SPY,1,-0.0576489901365661,-0.059377451876382104,0.03160597706029691,0.02235787334074581,-0.05046952283049455,-0.037872578879990515,0.03897766796352823,-0.03483595454050644,1.2025456627733662,1.0446568672573049,3,6
2020-06-12,SPY,1,0.011975524813401917,0.011904385605818746,0.02856979444418785,0.02266926459119829,-0.029825255466313205,-0.02631631181962224,0.03399941863734614,-0.013074224328363766,-0.06960643001745337,0.7714896475827646,4,6
2020-06-15,SPY,1,0.009335697250407726,0.009292388962217402,0.028076434101595837,0.022830162830805037,-0.010575874241275596,-0.01769788707506581,0.03872226350693701,0.030299976888069135,-0.30252996087403417,0.15169608856059758,0,6
2020-06-16,SPY,0,0.01924765279383389,0.01906475983876721,0.031035449117749553,0.023487140554424496,0.013583035648659925,-0.0003515301156857831,0.02526309415225841,-0.007987889702968248,0.013586414175001726,0.10780811638933807,1,6
2020-06-17,SPY,1,-0.004153545067422604,-0.00416219499595627,0.03102998531739293,0.02318587781348778,0.014194942821237122,-0.004338241639773921,0.011239625607519099,-0.007673460075484048,-0.3940244500554032,-0.32370418106348353,2,6
2020-06-18,SPY,0,0.0003849705125795744,0.0003848964304440372,0.009323833377804859,0.023166347424864675,0.007262728437021915,-0.004088590113512369,0.008999638526036757,0.005709457623674891,-0.030818152277787836,-0.34721131262305094,3,6
2020-06-19,SPY,1,-0.005715048726774641,-0.005731442106897688,0.01042508260895261,0.02142585784841693,-0.002225505891359947,-0.006816573463922504,0.024986490651569743,-0.017601930620182785,0.6769983928975722,0.10812748302426245,4,6
2020-06-22,SPY,1,0.006415195047503319,0.006394705267688927,0.010116018546972885,0.021061313923348486,0.0009942009171641786,0.0031587579904315266,0.013961453064421134,0.008539254411518739,-0.4492835095050077,-0.3902384934056602,0,6
2020-06-23,SPY,0,0.004603846289314761,0.004593281003876903,0.005290097997777833,0.021143236868234994,0.005303760899944443,0.010169952677223648,0.009218841872038192,-0.004593455887792968,-0.08276288891806227,-0.43655829141333014,1,6
2020-06-24,SPY,1,-0.025508847621854014,-0.025839839215659133,0.012916035141254684,0.022407683513665285,-0.016408226267428327,-0.011273396909052935,0.027143053710012285,-0.018557965620840756,0.9396987346504808,0.05992686609568376,2,6
2020-06-25,SPY,0,0.010720632364048965,0.01066357382506311,0.014514260914150529,0.012492325210102427,-0.0038890829147756323,-0.0032847297123708152,0.020957642744118248,0.0127854643530011,-0.3263636603206752,-0.21053123867214507,3,6
2020-06-26,SPY,1,-0.02375162752172444,-0.02403824494535378,0.017611390497020055,0.014501804698352848,-0.02210341116528347,-0.02606541484231628,0.022765877767611676,-0.01995693688285909,0.4302432154513345,0.19976503691105107,4,6
2020-06-29,SPY,1,0.014697631769145625,0.014590668377978844,0.019319458584932288,0.015010151409691338,-0.003730403920040093,-0.011351456001983062,0.018844738418664797,0.010119066241702739,-0.3765811458178664,-0.21058826800809982,0,6
2020-06-30,SPY,1,0.012809716333715526,0.012728365898206029,0.02052765877800187,0.014194188521176472,0.011474153014901178,0.002363771142910087,0.020987549221254106,0.014375457276794713,0.4214630709773821,0.14968908304948036,1,6
2020-07-01,SPY,1,0.007004563304650713,0.006980145309722907,0.015937055365482733,0.014352043618406488,0.014280565291458824,0.009310943630185031,0.009109433270340368,0.0030687135929747564,-0.36155361621520565,-0.2577047613774549,2,7
2020-07-02,SPY,1,0.00550702210249332,0.0054919138983704485,0.015578151148365854,0.014451775650420511,0.01662524595319881,0.014270554989386897,0.013333765821088361,-0.0063963190889477104,-0.0421608779429945,-0.2805286041035606,3,7
2020-07-06,SPY,0,0.01543738825635943,0.01531944406300223,0.0045478743140211835,0.014951392509150292,0.021016143488631567,0.027122173565369057,0.006700999304318435,0.0021493589350322934,-0.11003660003287952,-0.30657537531221,0,7
2020-07-07,SPY,1,-0.01031389017206119,-0.010367446907757483,0.010034841197754489,0.01542940826779612,0.0044559835528417135,0.015488965462074233,0.013158709595512916,-0.005073264248664553,0.3434596475990783,-0.07697922051000938,1,7
2020-07-08,SPY,0,0.007648542675000147,0.007619440869213179,0.00941711660769296,0.015535455876960971,0.007096533174631325,0.021890145145557316,0.011442661560518142,0.0049903289702147805,-0.34098902424315525,-0.38220540907496114,2,7
2020-07-09,SPY,1,-0.0056928910210238826,-0.0057091572892176146,0.010419254387955934,0.012728419779305254,-0.0010930564293454292,0.012704670499413595,0.020262635721305274,-0.007764144311044283,0.5255551935810947,-0.0016915893850011354,3,7
2020-07-10,SPY,0,0.010210556185973108,0.010158780597270933,0.010955217607662965,0.012696836326394435,0.005680847401845268,0.019681458247841954,0.016289634936709353,0.010435553449697115,-0.30956808415172843,-0.28334043969093325,4,7
2020-07-13,SPY,1,-0.008658941729305147,-0.008696648188387002,0.009581913261264846,0.009647408013471151,-0.0016299051465344938,0.006074640709544887,0.026801569491764553,-0.016524563346876363,0.7896921654758264,0.32375060293162616,0,7
2020-07-14,SPY,1,0.012958924962599427,0.012875676529945146,0.009796027118443648,0.009464441586753716,0.008021937709390192,0.014424930198855934,0.02476862453870531,0.017938161039697788,-0.09068666715211537,0.18260208571930048,1,7
2020-07-15,SPY,0,0.009187156760292803,0.009145211544743681,0.00998930329703693,0.009184353759270555,0.013649607909883343,0.01937060752255504,0.011693246141335732,-0.0017369112379671569,-0.06898042858515652,0.13869421268083526,2,7
2020-07-16,SPY,1,-0.0032932022132142746,-0.003298636738230165,0.009475584692190219,0.009425160683128833,0.006248607956942598,0.01271948375980747,0.006848251611646627,0.003127052044402841,-0.373570040081884,-0.26973773661413125,3,7
2020-07-17,SPY,1,0.002898839227866379,0.0028946456957275046,0.008835710853188546,0.009393305758666802,0.006557610321255902,0.012621451865629574,0.008792149393914915,-0.0004970910267247816,0.14924985125177348,-0.1533100067789258,4,7
2020-07-20,SPY,1,0.00808176137459915,0.008049278834539209,0.00630265013716928,0.008566054228281939,0.008708724953425673,0.01847469643788502,0.014031079452421042,0.008991116928383808,-0.10300454481010723,-0.23494559316009667,0,7
2020-07-21,SPY,1,0.0021274837162141846,0.0021252238274156454,0.005031845006851072,0.007346726393554216,0.007039799889350773,0.017054742342610396,0.009159105904639326,-0.004411096301301454,0.01746441053618608,-0.19351355855902774,1,7
2020-07-22,SPY,0,0.005692196105008707,0.0056760567732903056,0.00428359385147494,0.0072507876244130125,0.009637416181133007,0.019436945525824534,0.008317455017077886,0.006900345844581649,0.008739409553132793,-0.1900616483653702,2,7
2020-07-23,SPY,0,-0.011931753428361724,-0.012003508142503172,0.007803474010075959,0.008306930759066111,-0.0037448751450323003,0.004585002438435071,0.01761264428125154,-0.010751400595769081,0.31050699999480913,0.07288151655679509,3,7
2020-07-24,SPY,1,-0.006440543183519609,-0.006461372966682255,0.008439023365490522,0.00830909991115281,-0.009648070736781422,-0.0029054648362689672,0.00853712456819459,-0.0002181253203180788,-0.02602920594681668,0.021490225880634428,4,7
2020-07-27,SPY,0,0.007292347485085671,0.007265886881238082,0.00824358963815058,0.0077476899822349005,-0.0017482204093376419,0.0017571559771756284,0.00820823495432089,0.004943557235805621,-0.3453270179186786,-0.2764469263564916,0,7
2020-07-28,SPY,1,-0.006341998321058306,-0.006362194225954632,0.00839836731315111,0.007286612105169954,-0.005720811435188544,-0.005289670898931731,0.0086530676683275,-0.003907760681909776,0.19054521359203203,-0.08923197995692567,1,7
2020-07-29,SPY,0,0.012298232682862897,0.012223223777779957,0.01028643095836427,0.00774024342469652,0.007592658675550146,0.005924755961316253,0.011331256889950648,0.009313299532705498,-0.15724497782415858,-0.18226017871255873,2,7
2020-07-30,SPY,1,-0.0035676157840870415,-0.0035739949019584216,0.008613277721978225,0.0077577728255467755,0.003376039568103506,0.0013538835273976257,0.014818232693740881,0.006399495488204942,0.27670459939489245,0.0314111587750987,3,7
2020-07-31,SPY,1,0.007902118614626419,0.007871060385243211,0.008030943115492961,0.008048938522684929,0.0077839751781161315,0.007771494103804288,0.016262713745954595,0.0019024091095393794,0.37381934217779333,0.3663709916506588,4,7
2020-08-03,SPY,1,0.006952085104203309,0.006928030781338634,0.007992298385862729,0.007953839680501324,0.011312968473208063,0.013379543233603686,0.005756530484579941,0.001431533900518572,-0.3754571298131004,-0.14218686036211559,0,8
2020-08-04,SPY,1,0.0038626577514131455,0.0038552168439256462,0.005894842799884771,0.007990358867183925,0.009697473747935836,0.015712949856219627,0.006710218707147775,0.006710218707147775,-0.2102569996175433,-0.3052865173753364,1,8
2020-08-05,SPY,1,0.006211070029108479,0.006191860832399421,0.004630003957840164,0.00802171207197597,0.01164226070499752,0.020373094497047495,0.003650472043322495,0.001930745251463204,0.018603031163297867,-0.2742051183024392,2,8
2020-08-06,SPY,1,0.006684587112665508,0.006662344327767578,0.0015071429904408877,0.006551825140667951,0.012011158299606306,0.023618047892755678,0.010045814112160658,0.008597729852419508,0.02299187075650444,-0.21472440726878905,3,8
2020-08-07,SPY,1,0.000717851456059071,0.0007175939239409956,0.0026305952212527786,0.005679886002265784,0.00782602529472154,0.02007722125229816,0.007741289904265383,0.0038706449521326916,0.31202122739781224,0.06171329037321138,4,8
2020-08-10,SPY,0,0.0029887868872346957,0.0029843293432634255,0.0024426684309302948,0.005581836246930566,0.006726043990323172,0.01928796163491353,0.008386550406102568,0.0015221445990006965,-0.2273004084923126,-0.17347287316546,0,8
2020-08-11,SPY,1,-0.008254386638850586,-0.00828864272715002,0.006060252385549969,0.005985006061848933,-0.0032226364580485445,0.00731593831763111,0.016416798809846183,-0.01202320984759693,0.571766018323431,0.27040116115751434,1,8
2020-08-12,SPY,0,0.013942330516462098,0.013846030293719558,0.008138602526838665,0.006267058513178448,0.007458112520293936,0.017565715406498983,0.008555911925527794,0.005962318105901381,-0.2273915211110169,-0.027916946032564338,2,8
2020-08-13,SPY,1,-0.0018079149393505078,-0.0018095511899964833,0.008119862824024453,0.006060241673892021,0.004137754158505924,0.011799246453119583,0.007189369100880541,0.0006535790091709583,-0.2223790502543962,-0.21566630409889154,3,8
2020-08-14,SPY,1,2.9635325543564406e-05,2.9634886425711215e-05,0.008142604544846187,0.005996457749108244,0.0028102934340350494,0.008702242258576076,0.005350668205321312,0.0012781804081341624,0.13019626411836582,-0.04604480321863291,4,8
2020-08-17,SPY,1,0.00317667537415689,0.0031716404011064014,0.00815231467489777,0.00584623511016497,0.004596183468110082,0.009150480761746627,0.004409037768866508,-8.876954216769984e-05,-0.24924461071002357,-0.25743755368148236,0,8
2020-08-18,SPY,0,0.002160279113734953,0.0021579490659089373,0.006147337823333295,0.005835176878191143,0.0032826011387359078,0.008745740931319856,0.0073595223115933694,0.00088673616419637,0.09168005411346924,-0.18392135083339933,1,8
2020-08-19,SPY,1,-0.004163372066862681,-0.004172063031212758,0.0029701869549995726,0.006037572974272328,-0.0007701280799957688,0.0030161722135593205,0.008818729809837812,-0.005367871618246281,0.7569674109759152,0.36110877217965376,2,8
2020-08-20,SPY,1,0.00311331001781312,0.0031084737035431687,0.0030845921278402164,0.005800928132162431,0.0014802212350863986,0.004958210574399935,0.010675055846369613,0.008707101488787592,-0.3797914015593453,-0.15333669127754934,3,8
2020-08-21,SPY,1,0.0035472489376524585,0.003540972288983646,0.0032439427908200406,0.0058441637177165185,0.003464163001899667,0.007054114865039596,0.006421677738831061,0.004616469864479815,0.3056022820426556,0.11030920523471255,4,8
2020-08-24,SPY,1,0.010133277978531918,0.010082280542011546,0.005079523801443716,0.006454825680233899,0.01063923158613611,0.015045708262209967,0.01037644055780125,0.002338414363278715,-0.1182780284031314,-0.029437650037692942,0,8
2020-08-25,SPY,1,0.003499251551115634,0.0034931434155280883,0.005062209866287895,0.005310900399939255,0.010910392958324522,0.015195984443215016,0.005647257730911057,0.0017174521584348505,-0.2083879585171038,-0.18073469631182149,1,8
2020-08-26,SPY,1,0.010025843585698135,0.0099759182344199,0.003669937653518943,0.004531235990282303,0.014880145692965474,0.022319003225278244,0.010703016067137961,0.008150590204774748,0.32048128870562675,0.08874490007873481,2,8
2020-08-27,SPY,1,0.002186301825291004,0.002183915345199239,0.0038739991112732757,0.004229103659485321,0.011164421720782247,0.021100206505468844,0.009669722598366232,-0.0005165509980056,0.14262397076601396,0.20223035989992555,3,8
2020-08-28,SPY,0,0.006459290462063505,0.006438518644912072,0.003648243975184198,0.004152758447608907,0.011179384680617632,0.02357309083910275,0.007354645450615478,0.0032623172015073644,-0.16275258856430963,0.003801682805535389,4,8
2020-08-31,SPY,1,-0.003622295122771013,-0.0036288715196528543,0.005088641776805112,0.004809658578993916,0.0038163794378545113,0.016482134236835755,0.006393578408310815,-0.002968484449275535,0.3603765469068039,0.284310049021989,0,8
2020-09-01,SPY,1,0.009418235891641924,0.00937416083141418,0.005681407701198922,0.0051485608193066424,0.008356057697564756,0.021904324259753416,0.009908344437249519,0.0068245187366222535,-0.16929856942292798,0.034370315223857695,1,9
2020-09-02,SPY,0,0.014464388026301567,0.014360776687126986,0.006899902254039457,0.005212250889217892,0.017048642502446976,0.03057158052819231,0.014999879106787599,0.008543149024675725,0.2664659698736265,0.3063384276900165,2,9
2020-09-03,SPY,0,-0.03441441093466624,-0.03502053364185986,0.019527383719433872,0.013835737876286286,-0.01630791942540699,-0.006929207351066169,0.03875012991859807,-0.02944890160042562,1.1284311187805578,1.3194473108887221,3,9
2020-09-04,SPY,0,-0.008164587113013266,-0.008198099891026267,0.01912086735420213,0.014197152420215511,-0.019867477771360553,-0.015911547478460686,0.037442554162462525,-0.010285145778676542,-0.05982524283651702,0.9268905866482706,4,9
2020-09-08,SPY,1,-0.027323087682003866,-0.027703305054115113,0.021632884680401008,0.016304071329954675,-0.03778299227114401,-0.04012243142209215,0.02898639782991745,-0.010394701935855531,-0.1774335764891708,0.4524998946776959,1,9
2020-09-09,SPY,0,0.01974730731612473,0.019554858678702658,0.024196989261055034,0.017741935333682523,-0.011468344329462532,-0.019944969073156127,0.017330784521028153,0.006636115636084716,-0.20096046574813498,0.08746967057250998,2,9
2020-09-10,SPY,1,-0.017363753421296924,-0.01751627149043422,0.02107883377982945,0.01794272074802226,-0.014986711729610636,-0.03314744103550016,0.028318976269284632,-0.023199322760120343,-0.009761398958915257,0.028222753081903917,3,9
2020-09-11,SPY,1,0.000509523647361787,0.0005093938842639645,0.017975300711322865,0.01788767618633086,-0.007852392895650873,-0.028640991364984547,0.017777383986950376,-0.005240931830264037,-0.06502520164072889,-0.06686582591490842,4,9
2020-09-14,SPY,1,0.013171112858460177,0.013085127939949537,0.019914771366190978,0.018442266079681732,0.0076753665175470775,-0.012366540776351687,0.018252404042654623,0.002874162934519904,-0.22525336501330895,-0.2903642981279685,0,9
2020-09-15,SPY,0,0.00505221948433654,0.00503949984708818,0.014155725659802347,0.018631477549364926,0.008586458569965094,-0.004722312700488063,0.010406859298145792,-0.002784890076955972,-0.19334905351211862,-0.4192939911337401,1,9
2020-09-16,SPY,0,-0.0039684830040839225,-0.0039763783279891385,0.011348570223769618,0.018155619992040274,0.005162037456958979,-0.004659088716631787,0.013293925258699265,-0.007876789448286955,0.5512963687314463,-0.1252492122330855,2,9
2020-09-17,SPY,0,-0.00879545570723228,-0.008834364040135156,0.008444614463530543,0.017005082591668618,-0.004830231413924468,-0.007036983562311749,0.014120464105798175,0.00683534835107548,0.11483263496394458,-0.047119253431527564,3,9
2020-09-18,SPY,0,-0.011512424280957001,-0.011579205272868265,0.01021420715126554,0.014064183546006418,-0.015069156583078502,-0.014559383574828444,0.02242296306514894,-0.014074011657047098,0.15684093558689427,0.15290517613295207,4,9
2020-09-21,SPY,1,-0.011129558430903574,-0.011191955365172923,0.0069059278808637865,0.014195543081248254,-0.020111240741243153,-0.021375354199413832,0.01657965518604853,0.003899259951100666,-0.06070294178482949,0.13185665449536965,0,9
2020-09-22,SPY,0,0.010184121079752195,0.010132612337653057,0.009027740052161266,0.012212296218416671,-0.005054783475194946,-0.010940752981408508,0.015339222791411426,0.005265180723092993,-0.36036613079030033,-0.2315511005272175,1,9
2020-09-23,SPY,1,-0.023190615032561146,-0.023463748361773895,0.012043995886015285,0.011881302700662335,-0.019367440762861565,-0.029286423386531757,0.027500774467715417,-0.024962161983692416,0.4637498211818192,0.12257950643355109,2,9
2020-09-24,SPY,1,0.0026652218144120887,0.002661676408882485,0.013109617830659444,0.011177465145808968,-0.01013434627100096,-0.024039314973911985,0.0217919182286238,0.0070979352799713695,-0.17646344947278658,-0.05977166130184841,3,9
2020-09-25,SPY,1,0.01616690904021101,0.016037616215107242,0.01603304444841593,0.012673727350103347,0.007052021540377096,-0.0070633659444859775,0.024613963216373876,0.019065114607426978,-0.07318472691516709,-0.11379218843677952,4,9
2020-09-28,SPY,0,0.016609527632288845,0.016473098042903978,0.016471205098772274,0.013142958366262949,0.01926979989098765,0.010320097730635913,0.008432859817237055,0.002910993389201327,-0.09124602149448291,-0.1936283950440021,0,9
2020-09-29,SPY,1,-0.005446085682559554,-0.005460969671439386,0.016602347335522287,0.013043190788606695,0.012440332531893805,0.0067790697501644015,0.009431966598708699,-0.004790867735627146,-0.20563106375204,-0.35814768608387515,1,9
2020-09-30,SPY,1,0.00758191971758726,0.007553321426617465,0.009341848457621633,0.01334192761431964,0.012559879945371666,0.015205508884834407,0.016241867728208206,0.005403999910945732,1.0287131607671918,0.26727770853091215,2,9
2020-10-01,SPY,0,0.00642001508787593,0.006399494572197462,0.008999107398263324,0.013181063912005606,0.010784418342126623,0.020937320928327896,0.01104557565158359,-0.001924824222763769,-0.1477924426240691,0.08371073369513748,3,10
2020-10-02,SPY,1,-0.009494405635321113,-0.009539764838604192,0.010550666198895749,0.012985012293089484,-0.001871642252636363,0.010267918391171138,0.017545996714001266,0.00645156482395213,0.008257167241459085,0.11506582148967115,4,10
2020-10-05,SPY,0,0.01773312826807949,0.017577730781921375,0.010915104191477409,0.013186449342478444,0.012456121948814403,0.024218873867411395,0.011753799077988823,0.01100997510537128,-0.4888456029278405,-0.3890971866966658,0,10
2020-10-06,SPY,1,-0.014216108294934249,-0.014318125171950413,0.01315797034248974,0.014123381805612716,-0.003457487146628968,0.008251210167151246,0.0229178560824753,-0.014650969176178029,0.9716208264151851,0.16324713695482362,1,10
2020-10-07,SPY,1,0.017406685132725697,0.017256924185732103,0.014892909274137429,0.01190329374392486,0.010359743668499455,0.02023643774319761,0.010469681166578034,0.007807922295522657,-0.36757688155519486,-0.22837102022792188,2,10
2020-10-08,SPY,1,0.008862484685831618,0.008823443367593775,0.01504900605405629,0.011898162041276163,0.015256238389264043,0.023066378130137455,0.005804348013785026,0.0027125351005549063,-0.20626635976392815,-0.3603067077834947,3,10
2020-10-09,SPY,1,0.008929999323912918,0.008890362675344043,0.013019736204506735,0.011433034784970016,0.016511381409560544,0.026666190088418418,0.007118854822485652,0.0037330957114130054,0.31576725424103436,-0.14435020688152367,4,10
2020-10-12,SPY,0,0.01608778843498948,0.015959751363462615,0.0127215005848197,0.011377448696611083,0.025250933996209257,0.037581105691844474,0.014188024563163199,0.008123791777913668,0.35041811834983516,0.12981983120269525,0,10
2020-10-13,SPY,0,-0.006526087488973764,-0.006547475502077127,0.009512897382877023,0.011496208690321584,0.009631235496904367,0.0254480243712647,0.009594654520622019,-0.006103082502368647,-0.08873159718118884,-0.0012442267388498296,1,10
2020-10-14,SPY,0,-0.006283399305296311,-0.0063032229422228525,0.01012892865285665,0.012012093705970261,-0.0008442504464695189,0.015127849486253675,0.013656387818513898,-0.008039935350588025,-0.2119649719133717,-0.15985023745681937,2,10
2020-10-15,SPY,0,-0.0012355584993140045,-0.0012363224310361076,0.00997596033924539,0.012076855391960229,-0.00420640318942489,0.010788816246651844,0.014227064247268125,0.011026762791727623,0.04555509554305637,-0.08378662526446878,3,10
2020-10-16,SPY,0,-0.000604617030722121,-0.0006047998853073722,0.009251572659412236,0.011349918786636964,-0.005059407773304381,0.006241005263863064,0.010459634301527777,-0.004785599928498474,0.48285802805607236,0.35846836019805584,4,10
2020-10-19,SPY,1,-0.015203155541820834,-0.015319908363392365,0.00584937780498419,0.01170035571065358,-0.014300697787231198,-0.009702638382267481,0.0237773646134211,-0.019044842240355277,-0.23548438636498215,0.003960492208498589,0,10
2020-10-20,SPY,0,0.004005513308185993,0.003997512597274877,0.007312514322626696,0.010469658377046994,-0.006486915257295611,-0.00816274346460133,0.012344931985854188,-0.00023288468600595833,-0.122376712809241,-0.07822300526017922,1,10
2020-10-21,SPY,1,-0.0018929477820037732,-0.0018947416718404497,0.007212314836432998,0.009116906716344825,-0.005374706034936172,-0.01060323646832495,0.009524421574407721,-0.0017475187411607417,0.058667585871554406,-0.03389548990654434,2,10
2020-10-22,SPY,1,0.005485013326386623,0.005470025421717928,0.00818127134614204,0.008835599999663737,0.0017612944121483398,-0.005414665837830679,0.013383474610016825,0.00481103900628157,-0.12859929217459698,-0.170932154904754,3,10
2020-10-23,SPY,0,0.0033954131638511686,0.0033896617638164983,0.008497535421491505,0.008395694248501362,0.006045896190729705,-0.0017293725227366386,0.008267526413192472,-0.0004335961022753959,-0.11291478412182099,-0.2529360294010342,4,10
2020-10-26,SPY,0,-0.018480094576953876,-0.018652984856856847,0.009893737217731556,0.008016840257780773,-0.011038092888059126,-0.016474856347855837,0.02151233672609803,-0.008008623024202483,0.8613296868990861,0.3674899093557491,0,10
2020-10-27,SPY,0,-0.0034472479780713883,-0.003453203427929985,0.009406845391689856,0.007956590904351418,-0.01147458874493612,-0.016470731408416595,0.006269145342566451,-0.004532636274599273,-0.2785401156625452,-0.002583388838484635,1,10
2020-10-28,SPY,1,-0.034178918592444374,-0.03477667785841643,0.016711928376715424,0.012603003567779781,-0.036207773158658974,-0.044174703397602655,0.03649501624341945,-0.016380615300894033,0.9258433708467879,0.7385963959510091,2,10
2020-10-29,SPY,0,0.010163552908888374,0.01011225131649951,0.017849146092980255,0.013581051020102809,-0.017934112093858867,-0.029484800763579733,0.025419832570137173,0.009390986173038242,-0.2871615800236518,0.19010709528073777,3,10
2020-10-30,SPY,1,-0.01042484867452842,-0.010479568035736797,0.0165688780058614,0.01357687034363351,-0.01691353946834495,-0.03370512819088978,0.02159740576414843,-0.005300323628747172,0.3277080985499632,0.5186983116175263,4,10
2020-11-02,SPY,1,0.011208544767437045,0.011146194500779139,0.018542760175239453,0.014156712347978818,-0.00036314019031225,-0.019447518422654686,0.015505738727766392,0.0,-0.28447724739020663,0.06298525055675985,0,11
2020-11-03,SPY,1,0.017655626694737192,0.017501576707481092,0.02127973174572272,0.015542168473944728,0.018636793400906848,4.750872114245297e-05,0.023854449929095033,0.0070124856027159906,0.08395541680270213,0.10678847553958115,1,11
2020-11-04,SPY,1,0.022349395985042486,0.022103308096405705,0.012545881898054615,0.017354617916025356,0.03085298232805056,0.02215156566394927,0.024496879840276473,0.007862533909913781,0.3608530862583097,0.4008390931244634,2,11
2020-11-05,SPY,0,0.019502732734249406,0.019314991493958544,0.01321807814804675,0.018350958814049762,0.03833262628726675,0.040343584834235724,0.009535039465580602,0.0028633605198788944,-0.3538130603648244,-0.12064412303224115,3,11
2020-11-06,SPY,1,-0.0002285060712963194,-0.00022853218278662268,0.008993763201636354,0.01835117310184484,0.023757756337777547,0.038754427084660925,0.01103082316444085,0.0006573057215510984,-0.0861375651056745,-0.2180385662507185,4,11
2020-11-09,SPY,0,0.012566099511142959,0.012487801335479887,0.00890479478350368,0.017202132967300218,0.022063895102736986,0.04709532988563603,0.02835400524660529,-0.025853789132482277,1.2982166913422164,0.6573886904976614,0,11
2020-11-10,SPY,1,-0.0014668670772185477,-0.0014679439799740734,0.011000260978412753,0.017111422596861353,0.01007678507673715,0.04069723511786938,0.01321107538875402,0.0015559657295591185,-0.503482793803053,-0.19227350009025934,1,11
2020-11-11,SPY,0,0.007428426792624343,0.007400971910868748,0.008801311895495328,0.010310416735703867,0.010013094768433817,0.0392602433320024,0.007014590468051802,0.0007576305720376264,-0.314463717972695,-0.4080194394994131,2,11
2020-11-12,SPY,1,-0.009700682482338019,-0.009748040622377552,0.008582085944348202,0.011835425087830755,-0.0014643611773225151,0.02225931280862481,0.015355170879305026,-0.006665153289514056,0.1517025013214206,-0.3019733100086641,3,11
2020-11-13,SPY,1,0.013844404864886695,0.013749446516004404,0.009977631963954734,0.010276210904523566,0.007835240308183833,0.027030901763439807,0.011793854170004227,0.007965820861200979,-0.06890098924884003,-0.3090883724047091,4,11
2020-11-16,SPY,0,0.012482557901148938,0.012405293085877567,0.009960875449880878,0.010310123705019396,0.01583559241198995,0.030286005878821687,0.008837061178789397,0.004404665880379856,0.18522010678589718,-0.17061482970873032,0,11
2020-11-17,SPY,0,-0.005378547698597247,-0.005393064161325789,0.010676323718637897,0.010831416588336303,0.006660247446314216,0.017633815514242368,0.009945320659231231,0.001805689069311789,-0.11309331362161279,-0.2414706320710912,1,11
2020-11-18,SPY,1,-0.012034368207080481,-0.012107367473999986,0.012401774800516375,0.010923856850349073,-0.005237740298639992,0.0017856960365556507,0.014574297504231882,-0.01282869645017431,0.06776935759555891,-0.13406126130811868,2,11
2020-11-19,SPY,0,0.00420998181782406,0.004201144638597221,0.011230677990056595,0.009434978517410621,-0.0035925941070967804,0.0038748818268887764,0.011332954752885288,0.006130462987524953,-0.15087411621545432,-0.2442210064318424,3,11
2020-11-20,SPY,1,-0.0068478163452830865,-0.0068713702296676615,0.00978174413397344,0.00984539269611286,-0.008886640966151327,-0.004443656850187883,0.006909094323645105,-0.006069967630026224,0.1747788238081176,-0.10699729070698805,4,11
2020-11-23,SPY,1,0.005994379094099056,0.005976484280326488,0.0076613901280119245,0.009225228549689164,-9.514679339739374e-05,0.0007110242921135601,0.011055788794578723,0.0005037860400700381,-0.10205872704576857,-0.06941511609903928,0,11
2020-11-24,SPY,0,0.016113590957136825,0.015985145030064984,0.01111265968264129,0.010341582808351818,0.014541170280781834,0.014229574732886885,0.012548205549249913,0.0083562639488871,-0.01288458436263451,-0.04902446995477161,1,11
2020-11-25,SPY,1,-0.0015415658095785378,-0.0015427552447038195,0.008635488298421711,0.010266063816159585,0.009379685510990221,0.01097509644888528,0.004626422089035052,-0.0012943056601858098,-0.2737283288392861,-0.2950284082514719,2,11
2020-11-27,SPY,0,0.0027848760839983555,0.002781005500994027,0.008633250810595808,0.009450377117673143,0.008882886541664137,0.010843032834000121,0.004397554198603643,-0.0004671913804616203,-0.37097873635864276,-0.5279007618231768,4,11
2020-11-30,SPY,1,-0.0044271508502881085,-0.004436979702548527,0.007963784960326483,0.008860661307910613,0.0006798583090772414,0.005261393941976555,0.010886591063681002,-0.002122175790777741,1.9414465124271851,0.34203663624473535,0,11
2020-12-01,SPY,1,0.010937374831817115,0.010877994333207575,0.008588912520771437,0.00865181051704822,0.006860514162641884,0.015283798630651324,0.007522498960263621,0.0012309042876541092,-0.11495158734606137,0.18835628116014558,1,12
2020-12-02,SPY,0,0.0021039776168154667,0.002101767355592976,0.005795481139626802,0.008359304278051042,0.007001025368743141,0.01568159298644467,0.007565317670733056,0.005399926487453764,-0.3812995578690419,-0.24021307186882568,2,12
2020-12-03,SPY,1,-0.0002728566593315218,-0.0002728938914824397,0.005628587331296326,0.006909235435789255,0.004503497365229592,0.012485855470223628,0.007336103673877708,2.72983686727916e-05,0.36917281773248845,0.053718495857985715,3,12
2020-12-04,SPY,0,0.008617620882678922,0.00858070114309406,0.0063338197551081514,0.0071384865902153795,0.00974108435989307,0.017818996787648755,0.00715998265918333,0.006887723861618422,-0.1929343850386438,-0.13627747281268432,4,12
2020-12-07,SPY,1,-0.002054951756344625,-0.0020570660667385,0.005654086349262246,0.00651134754052851,0.003812920799296071,0.011895678695414524,0.00514875603774944,0.00018971146903415113,-0.035578395228365034,-0.1354106385669781,0,12
2020-12-08,SPY,0,0.0029264378492979137,0.002922164165803487,0.004059615602533971,0.0064699480648321706,0.00448299015139364,0.011332849819322588,0.008457482163707238,0.006662711299080979,-0.13250572589658038,-0.2214049145916277,1,12
2020-12-09,SPY,0,-0.008968921340620106,-0.009009384236343898,0.006472132981688059,0.00587972022597117,-0.004558543915882951,0.0012692606600908096,0.013751012507533121,-0.010866044883088911,0.7451771006785386,0.3302879035276778,2,12
2020-12-10,SPY,0,-0.00032728471338083764,-0.0003273382827115867,0.006472856363867069,0.0058335162662465955,-0.004905937798568072,-0.00016908945494564787,0.009387724010235503,0.0037222976361384525,-0.22082692855301678,0.013944160136561523,3,12
2020-12-11,SPY,0,-0.0011723986126556118,-0.001173086409543167,0.004367181929687599,0.005843141892949759,-0.0041540837009576,-0.0020568497828054033,0.009536806048117415,0.003836650917789624,-0.00063739057839729,-0.03610516899056715,4,12
2020-12-14,SPY,1,-0.004477150757974502,-0.004487203212887536,0.004517723492116604,0.005848070405661917,-0.006218932120312992,-0.007228030836957222,0.014458513347631825,-0.010796470345531424,0.1996166284797205,0.18532662490452823,0,12
2020-12-15,SPY,1,0.013519302397532185,0.013428732014727274,0.008431083061840925,0.006381417025622622,0.007534844239069027,0.005216557132463606,0.009989066334035582,0.005960812405520309,-0.07730704661625454,0.11345856755836503,1,12
2020-12-16,SPY,1,0.0015695105211541716,0.0015682801267589142,0.006894849194061758,0.006373277585864141,0.007292843004755856,0.005869559140085467,0.006192224594582953,0.0009464228451241606,-0.08525443394143617,-0.0031811932170490165,2,12
2020-12-17,SPY,0,0.005592024226146242,0.005576446904200338,0.006941489583010026,0.006517892987698753,0.009897199357548514,0.009971232471466251,0.0037909438427008147,0.0008065488815390561,0.09755137323371077,0.09175458350651078,3,12
2020-12-18,SPY,0,-0.00399295051608628,-0.004000943627492148,0.007461128503285055,0.006205025899715347,0.0034398114173304073,0.0056918614865262285,0.011132988837971872,-0.004825211038713979,1.1294972668221055,1.028561016182902,4,12
2020-12-21,SPY,0,-0.003575722805428838,-0.003582130982691112,0.007260325662754573,0.006286208474386029,-0.0027220779494089298,0.0020038988600856733,0.045017378471733004,0.007918415544273064,-0.2940890844815123,0.337697734912497,0,12
2020-12-22,SPY,1,-0.0016852455685554268,-0.0016866671922830534,0.004013352213958625,0.006225440428693334,-0.00398084068164184,0.0006856590198462964,0.006246402450622663,-0.002634369634756274,-0.5025351007971017,-0.3395743822791233,1,12
2020-12-23,SPY,1,0.0008985414902380473,0.000898138043491592,0.00394082439454268,0.0054403688631154195,-0.0025292017789012577,0.0009637409356311188,0.006516764158899233,-0.0019278577642865944,-0.03644705833281192,-0.3382167257359573,2,12
2020-12-24,SPY,1,0.003890511310201461,0.0038829628430043783,0.003298709946946179,0.005520397140793339,0.0022544627986749166,0.003811953269896584,0.004292508775006229,0.002499493211521696,-0.42733553528680945,-0.6032450116021806,3,12
2020-12-28,SPY,0,0.008590753896844161,0.008554063353788166,0.0048007094955914795,0.005930480244449887,0.009225358936316486,0.010394651775120556,0.0040888498778771445,0.0011567848621512405,0.4740550081450152,-0.3982898028755898,0,12
2020-12-29,SPY,1,-0.0019079558614877312,-0.0019097783277643998,0.00438945689251499,0.005666907604024953,0.005336942114651411,0.006186541139601154,0.00848027995087928,-0.006286632564307667,0.3764089599081035,-0.1514621255770613,1,12
2020-12-30,SPY,1,0.0014270173299208988,0.0014260001083039597,0.003941605688631082,0.004069490415401834,0.004189677785778612,0.006540318436710102,0.004109144315262961,-0.0009400174758502224,-0.07871014614245397,-0.2000287926420241,2,12
2020-12-31,SPY,0,0.005080679906767083,0.005067816803087766,0.0039393830717101685,0.004263217420752861,0.005864895732737185,0.010210655159716975,0.00922586660671175,0.005648518237696457,0.5877105183873115,0.23012713028092624,3,12
2021-01-04,SPY,1,-0.013614112922670896,-0.013707634739090757,0.008523485424826165,0.006107903198132468,-0.007716887945828477,-0.0030386998307947444,0.028323265972026054,-0.017372276401067543,0.4035891172646193,0.6103155295475633,0,1
2021-01-05,SPY,1,0.006887451856148807,0.006863841706796769,0.008114281986282562,0.006377487235801661,-0.000430717908184608,0.0032447424884483045,0.012089139182953002,0.008774736254260418,-0.3972804843082529,0.08135113624875845,1,1
2021-01-06,SPY,1,0.005978444054317356,0.005960644066583143,0.008510849272197807,0.006398170938221176,0.0044149869096448136,0.007693460917697292,0.021259949827716954,0.010386509498370444,0.6258298683350847,0.7254787866238674,2,1
2021-01-07,SPY,1,0.014857637707214488,0.014748344240081757,0.010505160296078387,0.0075095239792935895,0.015455607095651747,0.019403958780078945,0.010608854479190882,0.007976601838114028,-0.36325681009873356,0.06332020911133251,3,1
2021-01-08,SPY,0,0.0056975787560187285,0.005681408944289146,0.010527003532841988,0.007498809336426207,0.01721957205228808,0.021451879327772927,0.011534680819518741,0.001760459902208076,0.04232274876830089,0.06631795755240111,4,1
2021-01-11,SPY,1,-0.006740683259854108,-0.006763504275900445,0.007737220747321639,0.008188884673894607,0.005053351908918424,0.011939513380066158,0.007569102303465306,0.0022230946786341984,-0.28799255551277114,-0.26755345341212167,0,1
2021-01-12,SPY,1,0.0002112210489739752,0.00021119874494868185,0.00797498323498496,0.007935478403200276,0.0013112534207562199,0.01037131423590143,0.009237509210285105,-0.0003167822590336506,0.029646495423701902,-0.2602224694981512,1,1
2021-01-13,SPY,0,0.002693018948152659,0.002689399269743653,0.007906359823746337,0.007830076870914865,0.0007062293537050124,0.010846106714258008,0.007948399029923166,0.0029047666862708535,-0.13785760366295763,-0.35459505339981,2,1
2021-01-14,SPY,0,-0.0035020696244897342,-0.003508216225061922,0.004922452096453954,0.008039823870081552,-0.002461861963264922,0.005574415491016671,0.007961320077910875,-0.0055965866242092864,0.10342445191993566,-0.2883855570558077,3,1
2021-01-15,SPY,1,-0.007292594749075398,-0.007319315707499996,0.0043406895734540854,0.008414510478862856,-0.0068255520006919035,-0.002241334674407458,0.010299358549219356,-0.0027075520555498982,1.1436673194756457,0.46570889511318203,4,1
2021-01-19,SPY,1,0.00785207147575151,0.007821404391341602,0.005796510318436499,0.007033616094569809,0.0009940733097608678,0.0029667885874631317,0.006554979675247602,0.0008193623766832601,-0.5218990294886152,-0.237754306678571,1,1
2021-01-20,SPY,1,0.013838516586931027,0.013743638627706112,0.00849891869991992,0.0077991698788678005,0.01210653761397329,0.013474634176501077,0.010758065285887203,0.007294559060976863,0.2069513382897452,-0.07368059319339992,2,1
2021-01-21,SPY,0,0.0009118309510844913,0.0009114154857803314,0.008537458921874847,0.00777465063417272,0.01065795164982597,0.011543970299093154,0.004421473250824988,-0.0006502119856165997,-0.22634027695795822,-0.21236420966741887,3,1
2021-01-22,SPY,1,-0.0035395747630230234,-0.003545853879087346,0.008543912693862711,0.006723936509816504,0.004744444985445462,0.006961493404401775,0.005990866042961085,0.001648148810497057,0.10494125221310147,-0.10630461807563807,4,1
2021-01-25,SPY,0,0.003943938942235992,0.003936182003618782,0.006637240254348675,0.006610087066797523,0.004127437722518668,0.010101368598446125,0.016446418374529186,0.0018766158300217012,0.33184513956546,0.19283553179892277,0,1
2021-01-26,SPY,0,-0.001561007825677474,-0.0015622274678062098,0.006817224677734059,0.006136227885385842,-0.00012506705999426604,0.007174794734690515,0.005993610795372439,-0.004203303240171619,-0.39397602340842586,-0.2667147556784306,1,1
2021-01-27,SPY,1,-0.024440497481348245,-0.02474412383543534,0.011256291956388503,0.010231947536722737,-0.019720332907816274,-0.01631553858557855,0.021855761222224906,-0.015280620535323362,1.8911340128863503,0.8900296043261755,2,1
2021-01-28,SPY,0,0.008600058241964748,0.008563288405841085,0.012688959205646416,0.010638313508526431,-0.007855752200468746,-0.007292416505233268,0.01604840647897712,0.0033744807649082544,-0.23634162970577477,0.3427415515335217,3,1
2021-01-29,SPY,1,-0.02001963272498164,-0.020222740911028936,0.014713363154690896,0.012304735452989213,-0.02112918272354114,-0.025015669680196306,0.02236249582001072,-0.014801792951360035,0.34572884166453455,0.6287191402517964,4,1
2021-02-01,SPY,1,0.016645960532114534,0.016508935054083018,0.017785445206519583,0.013470896925406445,-0.00052041242358003,-0.008924527190522058,0.018623545521631982,0.006716284270112413,-0.40190478294104603,0.015003028237308813,0,2
2021-02-02,SPY,1,0.014139867768479863,0.014040832311911444,0.019646621122594302,0.014002802584398504,0.014819913581732846,0.004321947874550203,0.018174618747302633,0.005004593512524667,-0.14992429198497448,-0.15217263761292288,1,2
2021-02-03,SPY,1,0.0007863136743746502,0.0007860046917382846,0.01475774078785537,0.013245643369547394,0.011614254471055796,0.005651676583128484,0.008419624516649411,-0.001542716070819549,-0.18655499474792359,-0.3016960015855561,2,2
2021-02-04,SPY,1,0.011365890892151898,0.011301784448183305,0.01502132408396253,0.013767611066750242,0.01849272462957452,0.016559745382920266,0.011149961115906156,0.008434330108624443,-0.10079710683978327,-0.3714991238935682,3,2
2021-02-05,SPY,1,0.003936025348651784,0.003928299467087726,0.006761702010879309,0.013721217133891132,0.013075461692335644,0.01926504339227786,0.006002026014937418,-0.0012622893780121565,0.0323953282169418,-0.3474930733698589,4,2
2021-02-08,SPY,0,0.007221590195683136,0.0071956393757641735,0.005405678993533147,0.013829061681506404,0.012833133302294186,0.024976686996590614,0.0056772716044146574,0.003185503087702898,-0.21172472457252756,-0.46256131868119554,0,2
2021-02-09,SPY,0,-0.0006657743225676471,-0.0006659960487107597,0.004882062038282187,0.013808722533788703,0.007611557056088625,0.02256047760170854,0.004414674380460478,0.0016427059687907797,-0.07335032790132723,-0.4969694585719412,1,2
2021-02-10,SPY,1,-0.0004354650681245298,-0.0004355599105716479,0.005139973649489699,0.010419011377773858,0.002910458315430242,0.017935571846084297,0.012190142912422364,-0.005202510890351832,0.6639260107282194,-0.07936870089521042,2,2
2021-02-11,SPY,1,0.0016151329528637515,0.001613830028378338,0.0033030431144829737,0.010321769551147804,0.0022009397517632756,0.016111349625115734,0.00917594424777491,-0.0013546641256671527,-0.27455438648688857,-0.2742021277045562,3,2
2021-02-12,SPY,0,0.004939611357053675,0.004927451503734304,0.0034518494248842796,0.0062137877325031,0.004610628753212831,0.015171735502369721,0.008028741397483522,0.007156620498246325,0.1789654955456701,-0.017768131906747087,4,2
2021-02-16,SPY,1,-0.0008660461324648816,-0.000866421367079262,0.0024587791873110546,0.005260549738759446,0.0028220185998042435,0.01009573342103498,0.006701225265760347,-0.004213635135837542,0.007493087029310175,0.03974401104438874,1,2
2021-02-17,SPY,0,0.00022946342076490822,0.00022943709806000356,0.0023446077367291723,0.004038399732227187,0.0019558982855880647,0.007515436335137071,0.00852931964375368,0.005045851014161103,0.025861054217576562,0.09376300776564928,2,2
2021-02-18,SPY,0,-0.004255962612559339,-0.004265045000133583,0.003367927435571516,0.004595832487627978,-0.0026343532808884573,0.0009478259691650948,0.009702504722473648,0.002900497685860622,0.14194138143375667,0.23026461501693052,3,2
2021-02-19,SPY,0,-0.0017656901855983564,-0.0017672508538897347,0.003385358013528907,0.003454667336514366,-0.004049661042416441,-0.0018015182427382204,0.0072181422628012784,-0.0052031741954566505,0.39402272209643496,0.596294585301111,4,2
2021-02-22,SPY,1,-0.007692089811172753,-0.007721826523797937,0.0031628882076082843,0.00422576541439595,-0.008870934419497822,-0.00930730813720737,0.007440719529215933,-7.750420990568454e-05,-0.19013226655133886,0.24792973377121386,0,2
2021-02-23,SPY,1,0.001214352893983195,0.0012136161638807152,0.003599173982036119,0.0034061339596178778,-0.005221754222412667,-0.007339429833655542,0.02274736108952497,0.007383133964677328,0.5914169418312463,0.7612758057758708,1,2
2021-02-24,SPY,0,0.011019637286522554,0.010959363476327866,0.007121591301838486,0.0050520024851402985,0.006060565652794336,0.0032086788071792327,0.018015743573025312,0.014081232703867942,-0.3248403071843824,0.1212504450395504,2,2
2021-02-25,SPY,0,-0.02409579073815793,-0.024390843633815606,0.012989372527821487,0.009268124313378258,-0.01393223861766446,-0.01901762474277846,0.028431664146399326,-0.020696234763586677,1.0248875181372257,0.9995266698758232,3,2
2021-02-26,SPY,1,-0.005152741363696478,-0.005166062515479908,0.012914620097836272,0.009224587276845936,-0.014095464723679063,-0.021473780753902938,0.019123131180484376,-0.0103812168299498,0.04112006163475268,0.8107315610880117,4,2
2021-03-01,SPY,0,0.024240137442425702,0.0239510083454455,0.01807766128981244,0.012444431303065929,0.00846985365654973,0.0030354541900161625,0.026841998500515985,0.010347753500530629,-0.3101002216086799,0.17305791008027316,0,3
2021-03-02,SPY,0,-0.00780313084500639,-0.00783373457774239,0.018550075621945862,0.012645668401670768,0.0010981449565266033,-0.0033132888850982978,0.010440734820554421,-0.008414136569878144,-0.2444593578664399,-0.14108213638867162,1,3
2021-03-03,SPY,0,-0.013245734603768211,-0.013334241776892242,0.017995029267789276,0.013159525288842051,-0.006837695172948521,-0.01372537416534525,0.01430827364993596,-0.011327393194213976,0.5068754059598997,0.206226346176126,2,3
2021-03-04,SPY,1,-0.012374907156396109,-0.012452113932305053,0.015512135021608317,0.013508339153731744,-0.016243642428478977,-0.02238630010550602,0.031792652742191146,-0.011856641832008906,0.5293704696173593,0.6406326443617736,3,3
2021-03-05,SPY,0,0.018396727784297795,0.01822955516113911,0.018017521365144496,0.015205001822080167,0.00014605757779451167,-0.0027450180558039605,0.03185616198653187,0.008332054615284473,-0.17114368734088192,0.2810225829271358,4,3
2021-03-08,SPY,1,-0.004978819189692785,-0.004991254803574208,0.012967825357770382,0.015107101228295203,-0.0007382360988646974,-0.006338587729035616,0.016274058099229174,-0.007643119673000337,-0.1900189161244834,-0.008936290003140224,0,3
2021-03-09,SPY,1,0.014277704241617117,0.014176737734198142,0.014956668942597865,0.01589103264190033,0.013194700590617225,0.007935160957822651,0.011921746872492048,0.003421037458438239,-0.0772688738538293,-0.09016380776201882,1,3
2021-03-10,SPY,1,0.006224343411910249,0.006205052195176641,0.012904689284035908,0.015592043268500387,0.015165609320302087,0.014787478398438747,0.008288589516061961,-0.0002823163757124279,-0.03286175919798373,-0.14568996289833303,2,3
2021-03-11,SPY,1,0.010139113886515005,0.010088057889666047,0.008949648333753857,0.013432518469829118,0.01654229715998823,0.022094681200825805,0.009968649905898366,0.0033143506528215748,-0.21523684387721864,-0.2965252367951763,3,3
2021-03-12,SPY,1,0.0013468204192237376,0.0013459142701250926,0.007518319472907994,0.013149967581843964,0.012455879174161799,0.019842429425700914,0.007677147427290453,0.005075599248093965,-0.2503495854832164,-0.4318353280676086,4,3
2021-03-15,SPY,0,0.005963527364126975,0.0059458159150738155,0.004865981185840406,0.011071860136899325,0.01086312060760819,0.02411403331805828,0.011817522939649364,0.005274813381362166,0.13570164693071995,-0.3361109300307654,0,3
2021-03-16,SPY,1,-0.0012612855784746024,-0.001262081668598647,0.004473485788250954,0.010626056399392753,0.005107942911148022,0.020352364550342728,0.006925730851674597,-0.0029214084184459683,0.004021670443650205,-0.3298827525468727,1,3
2021-03-17,SPY,0,0.0034099870400123855,0.003404186217617955,0.004375513328929162,0.009086519478698223,0.004617823752485206,0.01966911705156482,0.012217087012729543,0.006919653751995965,0.328757163688155,-0.09142351838646945,2,3
2021-03-18,SPY,0,-0.014549912096154971,-0.014656800141906956,0.008017371793168904,0.009539796261061407,-0.008971726364179866,0.0010354425639946818,0.015133849762821146,-0.00760494807455269,0.1775206641942113,0.1419815390585979,3,3
2021-03-19,SPY,1,-0.001850019854239271,-0.0018517332545124887,0.007908347210327732,0.008170782686426596,-0.009147492550531044,-0.0026337627445752743,0.011336855884832854,-0.0010259410369213534,-0.014951135292776474,0.16938128985819567,4,3
2021-03-22,SPY,0,0.007984854958594134,0.007953144693638059,0.008429795143462324,0.007989430589777849,4.957333142541209e-05,0.002220519794333242,0.010512027578257288,0.006563591432981942,-0.35068053104744135,-0.20005230443087052,0,3
2021-03-23,SPY,0,-0.007870749522268627,-0.007901887364342386,0.00893447935528014,0.007629437242403353,-0.005228019052406108,-0.006579125117081919,0.012247678671420507,-0.006149380315862498,0.2291721447682662,0.008361855917935035,1,3
2021-03-24,SPY,1,-0.005083573311034595,-0.005096538628598601,0.008296710041495773,0.0075993872492511085,-0.00599814608700322,-0.011430517472580615,0.013503833195132672,-0.008900283852501599,0.07610826737357002,0.10016628430670727,2,3
2021-03-25,SPY,1,0.005625654671649993,0.0056098897740186615,0.0068252260188350865,0.007031409901560415,-0.00014878717078348203,-0.0052232590600271855,0.01722885565884894,0.009637807955901872,0.1899812068212885,0.26650937171522093,3,3
2021-03-26,SPY,0,0.016114888032898955,0.01598642153590646,0.009831494557907342,0.008816620659128197,0.012586351924146921,0.00998079074101943,0.01565496439732915,0.012917960773439863,-0.014806860669981381,0.1835333128300427,4,3
2021-03-29,SPY,0,-0.0005052451259894841,-0.0005053728053168172,0.00956124189814666,0.008635055884695575,0.01042630236393638,0.009299556891324778,0.009989864356946104,0.0034989982357218315,-0.055078660700940696,0.07961366329306951,0,3
2021-03-30,SPY,1,-0.002652825160139094,-0.0026563501362808495,0.008485708911922357,0.00867237883471412,0.005061876634359308,0.006593191931342446,0.006161003779298851,0.0007859579839767632,-0.29457133448527206,-0.2403362824488875,1,3
2021-03-31,SPY,1,0.004053270802295339,0.004045078430004345,0.007290130155405862,0.008702303923738126,0.004628507815435556,0.01057866721703582,0.006804275980989156,0.0025041489440619904,0.47824479230864037,0.10668125694595032,2,3
2021-04-01,SPY,1,0.010799054872468794,0.010741161502249241,0.007832005953903293,0.007570508381166627,0.009891885785893173,0.018788226989926438,0.006250052183986989,0.005547167391905993,-0.11577054700348255,-0.006155415901589079,3,4
2021-04-05,SPY,0,0.014353250191997624,0.014251217471629829,0.007257110753984472,0.00820501867895819,0.019054046754725995,0.02899396418490685,0.008823669345142802,0.007187810335358283,-0.08023542653755056,-0.06545470261243114,0,4
2021-04-06,SPY,1,-0.0005905176091081099,-0.000590692033301643,0.007273978696428905,0.008223105256503714,0.013197734491325441,0.024874997842718294,0.0045346911810097874,0.0008871878521750693,-0.3235410885992007,-0.36015019411834615,1,4
2021-04-07,SPY,1,0.0011571136138013305,0.001156444673820367,0.006392878083903773,0.007287634308878875,0.008402696016107658,0.021654728627664488,0.0037197103980035244,0.0016012068103049186,-0.0997194498637558,-0.4024722209826409,2,4
2021-04-08,SPY,1,0.0047467831818563955,0.004735552731554016,0.0063486881986283845,0.006497334117915481,0.007099836634725243,0.021116130842372183,0.004044796720293557,0.0014463176243075322,0.036298966801167065,-0.35328967471520456,3,4
2021-04-09,SPY,1,0.007270217550644498,0.007243916916317872,0.005873088696501622,0.006526953028386525,0.009008960358901641,0.022968263250986,0.008349870319539708,0.00759072326635144,0.05602015792448034,-0.27230942075188713,4,4
2021-04-12,SPY,1,0.00036455172406135716,0.0003644852912261243,0.0033044524892837848,0.005492414634872317,0.00676986473200647,0.019372680104332796,0.00421073492284219,0.001922863656287323,-0.07200276247614745,-0.2748748851664754,0,4
2021-04-13,SPY,0,0.0029637708423624343,0.0029593875321749508,0.002791848692101182,0.005289082205286895,0.006435623596260598,0.018087708640460276,0.005856204090243874,0.003231809530801412,-0.002714051166654019,-0.22580071052577544,1,4
2021-04-14,SPY,1,-0.0034152249720984518,-0.003421070165130047,0.004108015389677256,0.005403832810424029,0.0006274579582030704,0.010444599635984542,0.007484912526696321,-0.0033427183347128574,0.09034146168944845,-0.13863897752956067,2,4
2021-04-15,SPY,1,0.01074249592509724,0.010685205247118468,0.005580567592236418,0.005788102240507705,0.007773913255543441,0.01642182422734062,0.005969935899365012,0.0051481726037792405,-0.023193355811475524,-0.09201986377086924,3,4
2021-04-16,SPY,0,0.00334242172010768,0.0033368482444480208,0.005195303472901012,0.005402455538399001,0.008322558006736092,0.015685884814552686,0.005224667886833434,2.3989851707609347e-05,0.36207159910874687,0.27053163215257037,4,4
2021-04-19,SPY,0,-0.004912789124691619,-0.004924896543591295,0.006243920352822291,0.004730644121129095,0.0016405986655956273,0.008523399959036615,0.007086872676321011,-0.0025225058519027263,-0.043136475725066514,0.2410704460856048,0,4
2021-04-20,SPY,1,-0.007321638207400727,-0.0073485729519200405,0.007339771239265079,0.0055708458635361545,-0.005361965047939732,-0.0003296820053370064,0.010871928583957403,-0.004203788792201845,0.042718013720007386,0.25474677819998615,1,4
2021-04-21,SPY,0,0.009462071132723793,0.009417586131008626,0.008189182888223547,0.006108210889671797,0.0018155176803542616,0.006814315075282629,0.011980323871507435,0.011081133995235963,-0.18397640613889976,0.006989510984497294,2,4
2021-04-22,SPY,1,-0.009133072728702007,-0.009175034928727399,0.007861177632495055,0.007007370271216054,-0.005610275849293966,-0.0032854692045600764,0.013585307887856985,-0.008704286006543643,0.46097345530220224,0.38806418538702525,3,4
2021-04-23,SPY,1,0.010842309083241464,0.010783952683267373,0.00959186259424996,0.007443593843873635,0.005423404437602253,0.006244030906184195,0.013224481119119303,0.009373398800968945,-0.24977352566230937,0.023735656566984398,4,4
2021-04-26,SPY,0,0.0020876219448848765,0.0020854458901862216,0.009238692275592424,0.007439643267484343,0.006356981005985363,0.006893253772003893,0.003377739684416779,0.00040720321282603856,-0.28721526802642294,-0.2656527474061552,0,4
2021-04-27,SPY,0,-0.00021555685141783076,-0.00021558008713551402,0.008075862033399758,0.007436448057609529,0.003552445297613893,0.00554641479793716,0.004402715497129187,-0.0009810343102784793,-0.01685050898387197,-0.2726552772972426,1,4
2021-04-28,SPY,1,-0.0002875232742030054,-0.0002875646169444579,0.007128923280671818,0.00728748655489752,0.002622917438354966,0.0038188489798380854,0.005050180420454673,-0.0009813160635340613,-0.0012513863684651128,-0.2626719821425796,2,4
2021-04-29,SPY,0,0.006372891078751053,0.006352670073771272,0.004795066397349576,0.006782617541413027,0.005250485014675288,0.009199139933804945,0.010182714847536268,-0.0006185995458085307,0.532903711828318,0.10123039706197612,3,4
2021-04-30,SPY,1,-0.006570403222444066,-0.006592083338612831,0.004687389164479194,0.007121969952916738,-0.0016220150650638754,0.0025586536420600936,0.005267849966020943,-0.0007902140315237963,0.08890142250933541,0.1932928811506689,4,4
2021-05-03,SPY,0,0.0021566999421518407,0.002154377603290847,0.0046941553640144915,0.00692469188067834,0.0002488018575954598,0.003999671946495198,0.0051736474454597324,-0.0029325048046832764,-0.20342932641154254,-0.0355028195222612,0,5
2021-05-04,SPY,1,-0.006169354448051334,-0.0061884635496243234,0.005534732488033607,0.006783805328093202,-0.005017766373537236,-0.0030201014009593186,0.011848949909863602,-0.0010815780976987897,0.4911747394254664,0.3991347199739099,1,5
2021-05-05,SPY,1,0.00031297300216737156,0.00031292403633376153,0.005557799847697652,0.006073748181298806,-0.003919509665096355,-0.0026315187969905285,0.005941853843775856,-0.003905325755291405,-0.40780106938396243,-0.16379765421573178,2,5
2021-05-06,SPY,1,0.007985505733763887,0.007953790313417919,0.006097230542246521,0.005628601437235665,0.004511191017524174,0.0036956527931688576,0.013298701291076409,0.007791695780915149,0.23535043598804561,0.06751717877415953,3,5
2021-05-07,SPY,0,0.007277903027047117,0.0072515468918181725,0.005761997434182575,0.005066726357211712,0.009489304704022317,0.009699419437281254,0.008716577042618641,0.005310868062954777,-0.08863665108568997,-0.019391874655981245,4,5
2021-05-10,SPY,0,-0.009902485339671085,-0.009951841047376675,0.007951496413763798,0.006159242558641535,-0.0003828116924871061,-0.0003780072625316766,0.011668621717825444,-0.010792893629807692,0.2084424615184739,0.1362035617306212,0,5
2021-05-11,SPY,0,-0.008924591912609414,-0.008964654623364154,0.008550267230784947,0.006791472048252032,-0.008635342623809383,-0.00851429146090421,0.01261193749237707,0.002686965226730975,0.42803387561024486,0.48714833251164946,1,5
2021-05-12,SPY,1,-0.021245196439636405,-0.021474123836944692,0.012477040383529014,0.009368935093671196,-0.024870640950432343,-0.02678547687140942,0.02088854438733123,-0.014152681391758258,0.15333481623434397,0.5503365151738879,2,5
2021-05-13,SPY,1,0.012012517616397878,0.011940939974939724,0.01360107805651324,0.010126297409820248,-0.00896629022464901,-0.012776973073661324,0.013093612877252721,0.007885600504390551,-0.2107914042622635,0.18556827971361556,3,5
2021-05-14,SPY,0,0.015355450025600348,0.015238748258625812,0.01562751159812982,0.011394797432667842,0.008951779810872695,0.0025559600511331215,0.01043052599821345,0.00815564770183895,-0.22738500291369812,-0.08060529889868273,4,5
2021-05-17,SPY,0,-0.00254468274019104,-0.0025479259484404437,0.015098472836328874,0.011387683273324869,0.007565404189281422,0.0006501726599170699,0.007294420159424017,0.00031289718252947875,-0.2076893880411087,-0.2691021101470926,0,5
2021-05-18,SPY,0,-0.00861570917473753,-0.008653038966773607,0.015058877174899699,0.011546171641243826,-1.4626207130108426e-05,-0.007091213287245268,0.010317481170917965,-0.009283274326319672,-0.08166843750575781,-0.2957737855405804,1,5
2021-05-19,SPY,1,-0.002621730451558224,-0.002625173205469622,0.010377315548775828,0.011551220407430455,-0.005268341833621681,-0.00852573927711675,0.014056819600786113,0.009682423557001656,0.7800826614858336,0.18876804122157376,2,5
2021-05-20,SPY,0,0.010758080648664459,0.010700624212364396,0.01010807528604924,0.011824169451292773,0.0030046710285491773,0.0030580002913314086,0.012044661491276552,0.00845073115465387,-0.26717079736369265,-0.13242104080964345,3,5
2021-05-21,SPY,1,-0.0008187547877406276,-0.0008190901505074066,0.0070892976916174435,0.01147829680155216,0.002978020179708052,0.003977864279811616,0.00899561024761647,-0.004629723171222012,-0.01850114454603946,-0.15676563368519714,4,5
2021-05-24,SPY,0,0.010194156485267003,0.010142546522381224,0.008449903624023897,0.011632063087862098,0.011417848076380022,0.013910807001505487,0.007763504050376015,0.004384954966938071,-0.3290993448569902,-0.4146297500440651,0,5
2021-05-25,SPY,1,-0.002218637348828878,-0.002221102171043654,0.0068071182749338925,0.011223786465088951,0.006115009163647489,0.010676094934377378,0.007351358305623466,-0.004972275128249268,0.11823842325412093,-0.2978679537510964,1,5
2021-05-26,SPY,1,0.0019845106296942916,0.0019825440897909274,0.006123545711887469,0.0080604108086215,0.004145283309437087,0.009349992183667943,0.004416586548339255,0.0004775042599441683,-0.24999912969918925,-0.4069176651369536,2,5
2021-05-27,SPY,1,0.0005249683541466155,0.0005248306064666863,0.004874427138485878,0.00748660443801629,0.0027454741467185517,0.0076930717703014295,0.004117407075804261,-0.0020944019199120056,0.3160720004827262,-0.1621616190926748,3,5
2021-05-28,SPY,0,0.0017889277250131563,0.001787329499599366,0.0046402441643227516,0.005898539410482007,0.002094813277248253,0.008656997982289694,0.0034681603222189964,-0.0022091661474321544,0.03196214976096723,-0.10403397677722792,4,5
2021-06-01,SPY,1,-0.0008811981805996183,-0.0008815866639535486,0.001790648204018751,0.005815250790379067,0.000972987289192373,0.006764881436406522,0.008329954688362791,-0.006862753735996558,-0.07354041852215132,-0.15581946545166803,1,6
2021-06-02,SPY,0,0.0015727315138647224,0.0015714960668384848,0.0011920812620107185,0.0047334179365919795,0.001548729707947949,0.006322811085470503,0.004614987900992865,-9.517459710872497e-05,-0.0944267991722092,-0.2225644442678001,2,6
2021-06-03,SPY,1,-0.0037113373532038363,-0.0037182414532681562,0.00225832972412591,0.004863116851290997,-0.002025670126833523,0.0006929389112684259,0.008878763673295327,0.00220170610678019,0.18415955321190047,-0.0031035771727612183,3,6
2021-06-04,SPY,0,0.009145737480857452,0.009104168484345365,0.004778592642008859,0.004554444522893542,0.00551524955158067,0.00808171199972052,0.009697010314542483,0.004396924785539216,-0.037840478303645786,-0.0030770897780952877,4,6
2021-06-07,SPY,1,-0.0009701885821452594,-0.0009706595197114254,0.004906461517737693,0.0045642058107446155,0.0035130591555470048,0.005364988397821069,0.0037625034943309693,-0.0009465294965585308,-0.07836778765365005,-0.038316076620588,0,6
2021-06-08,SPY,0,0.00021329585435214682,0.00021327311002572458,0.004823527939781887,0.0034712038544996503,0.002483244610787416,0.004835258703574041,0.00683033781029319,-0.001961633147409623,-0.0857472602075453,-0.113764540089894,1,6
2021-06-09,SPY,1,-0.0014919788148602953,-0.0014930929235417167,0.004964921508323997,0.0034093271305329735,0.0003606090623342606,0.0025226027019995545,0.004371676675492086,-0.003615479951267643,0.027623195846761206,-0.07358060904295705,2,6
2021-06-10,SPY,1,0.004648303141525645,0.004637533142395789,0.004522328275865365,0.003608861216605993,0.0027078300643355036,0.006096632328999929,0.0072820530359096,0.0015367739493474285,0.05334428930368329,-0.03874389583787474,3,6
2021-06-11,SPY,1,0.0016524383010252386,0.0016510745270172933,0.002463052287684433,0.0036070697095830985,0.0035523520220790417,0.006559069802729578,0.003795344896823683,0.0002592771060761345,-0.10680692511382772,-0.12301107715519566,4,6
2021-06-14,SPY,0,0.0022391977268270136,0.0022366944597740357,0.0022955178311952584,0.003618077831446413,0.004340966985210359,0.007565298639546247,0.005348323758556577,0.001955604231951142,-0.07049031397298267,-0.1586626552760334,0,6
2021-06-15,SPY,0,-0.001834347946316317,-0.001836032422769307,0.0027159603825163015,0.0036920170607561186,0.0014580111730388978,0.004572232072482141,0.00451314665402406,-0.0022095867889062705,0.2160133149190835,0.028610215469262457,1,6
2021-06-16,SPY,0,-0.00558328179165668,-0.005598926569415852,0.003988647425985135,0.004251335774633858,-0.004349515957871919,-0.0014572142897744111,0.011657164195966789,-0.005934624266472794,0.5606375646737918,0.5108828690386868,2,6
2021-06-17,SPY,0,-0.00033146078374601817,-0.0003315157290142423,0.0031391201780287536,0.004013120085727149,-0.003908948678274626,-0.002543272171444011,0.008774590489316893,0.0007114278545210372,0.1314107787291583,0.6101335893032249,3,6
2021-06-18,SPY,1,-0.013490559682336367,-0.013582384059259489,0.006112558841004741,0.005020634812942361,-0.013606122670034582,-0.014526710374001106,0.007504314159332504,-0.005202673114217574,0.30485642063690155,0.8909676868352805,4,6
2021-06-21,SPY,1,0.014315856531075255,0.014214352257088336,0.010148878006954349,0.00709614975155604,0.0019504860630497056,-0.0004299036917649879,0.012308073495819428,0.009740877345251786,-0.3863812741044337,0.12230231793294921,0,6
2021-06-22,SPY,0,0.005346352945036603,0.00533211193588734,0.010568729111467744,0.007293488693941232,0.007300440909519423,0.004387671312813923,0.009314514365885923,0.005370034965595302,-0.20765290708851725,-0.12499548851839304,1,6
2021-06-23,SPY,1,-0.0012053996361632846,-0.0012061267146439292,0.010158605201993905,0.007285144879897079,0.005192919082767977,0.002623627800966144,0.0036389754447400282,-0.001394164168545816,-0.14306511404620081,-0.2513237811832971,2,6
2021-06-24,SPY,1,0.005915667235568245,0.005898238377917586,0.010347551890040763,0.007374343893973484,0.008976526759364445,0.0078682199540403,0.00218878449414902,0.0004942254414989633,-0.08767448539196776,-0.3107963770528346,3,6
2021-06-25,SPY,1,0.0035521541499297093,0.003545860150810043,0.005626636171939067,0.007425825721649428,0.00697263743599863,0.01056573254313764,0.003615892385516625,0.001667037955512837,0.28860814492477327,-0.1286063908344134,4,6
2021-06-28,SPY,1,0.0020159541852329266,0.0020139248764659,0.0028673610170036777,0.007421661411315985,0.005863866818485386,0.011740988929552554,0.004120090813314114,0.0007022679109930075,-0.0854970367885497,-0.21580521375443162,0,6
2021-06-29,SPY,1,0.0005381163186077842,0.0005379715859410439,0.002739536719338083,0.007363293869544819,0.004235867485210099,0.011183496459789222,0.0033420413654825856,-0.000420661572700847,-0.32334893415300336,-0.45692585049861123,1,6
2021-06-30,SPY,1,0.0008416537990774131,0.0008412998071305466,0.00221250864281095,0.0069852309245722315,0.0025106373728462916,0.010284593735495617,0.003745245044634843,0.0019896681269567277,0.8022518452620897,0.0022998137730629864,2,6
2021-07-01,SPY,1,0.005536563956824114,0.005521293524488158,0.002071297942329358,0.007037244013696766,0.005550671546621144,0.01352527727463726,0.004197118779678269,0.0036374602475220614,-0.1756481391499648,-0.12288677769994494,3,7
2021-07-02,SPY,0,0.007643515383010779,0.0076144517243701415,0.003129993456243689,0.004455996750200676,0.009881770763938924,0.016771136493461736,0.008293411584038785,0.004748969650892689,0.07965232686514101,0.05229359906416908,4,7
2021-07-06,SPY,1,-0.0018213874863711732,-0.0018230482294363526,0.0039031585877851516,0.0032430897188335064,0.0054857975985063145,0.01205550017730106,0.009221264261276283,-0.0019595327260538355,0.19086896011452792,0.26261180324760014,1,7
2021-07-07,SPY,0,0.003534098684847997,0.003527868432660064,0.0037442625156463853,0.003136113627493994,0.0058807793225479355,0.012944577493180676,0.007494350349478553,0.0018447350140965932,-0.07511090024217582,0.15535764736425484,2,7
2021-07-08,SPY,1,-0.008148099672542264,-0.008181476867466841,0.006367447114951185,0.004539974883177346,-0.003634743928946693,0.0027458646627938066,0.00981860624245966,0.0049909386037827195,0.5357351356029552,0.6315040197822905,3,7
2021-07-09,SPY,1,0.010674801288183211,0.010618227847615458,0.0075221796643049395,0.005201816244850619,0.004636540507494624,0.010998578253256452,0.01186046030862738,0.006912792737644713,-0.2188283850025411,0.2114442908924381,4,7
2021-07-12,SPY,0,0.0035819541002868327,0.003575554180956786,0.007013306206780154,0.005202534726114415,0.00667460955500121,0.012159903943944173,0.005465872638186957,0.00378934369298936,-0.3062621821492,-0.15251890783232924,0,7
2021-07-13,SPY,1,-0.003408892179711187,-0.0034147156909050125,0.007237256002127741,0.005524501660761752,0.0020151872344664756,0.006816358290323343,0.005799557206888813,-0.0014899915437260995,0.0004102886011616569,-0.151833739773083,1,7
2021-07-14,SPY,0,0.0014921411556412245,0.0014910290191991749,0.0071327751283173325,0.005506631894722222,0.002689214167613141,0.00633225322903419,0.006881595353513774,-0.0026520431602564285,0.21203599231166126,-0.016392235728190374,2,7
2021-07-15,SPY,0,-0.0034156054444531847,-0.0034214519414099698,0.005838796754805702,0.005764053684909588,-0.002491815266146946,0.0013496708892604126,0.00646258727805605,-0.00013798569244182317,-0.14040143208213263,-0.14172116306946037,3,7
2021-07-16,SPY,0,-0.007843390781564374,-0.007874311961764136,0.004512604358961861,0.0062708505181762,-0.00841368335652859,-0.00671251624074487,0.011788683781875439,-0.0107107940715506,0.3763768357810413,0.14144701904761048,4,7
2021-07-19,SPY,1,-0.014768225746352504,-0.014878361678838381,0.006102449036162283,0.00725428108582876,-0.017587735360434786,-0.019405756920755857,0.022149751020271967,-0.0028625758786325686,0.9504129835109727,0.9600587062661561,0,7
2021-07-20,SPY,1,0.01433060015169385,0.014228887683476188,0.0109321993670899,0.008910576371510255,-0.0014177139323231502,-0.004923886482415929,0.017830358452504688,0.012638613454661881,-0.3269124990708643,0.2674235718069313,1,7
2021-07-21,SPY,1,0.008096469186317012,0.00806386862773767,0.011828063296608451,0.00924475746485778,0.007456082648739759,0.003111864227265171,0.008534955064676386,0.005111697908585192,-0.3502101232629442,-0.17767033784626785,2,7
2021-07-22,SPY,1,0.002093937048333494,0.002091747817693168,0.01177065846794852,0.008790656835940491,0.009233373152423008,0.004159948921530043,0.004669454903843724,0.0016561651490008115,-0.2602712423753638,-0.3506847520461598,3,7
2021-07-23,SPY,1,0.010287906876107922,0.010235346545314883,0.011389898756334433,0.008744482778390156,0.015567942311986993,0.013457699630487152,0.008022443171018624,0.005531206547133903,0.33184205854402293,-0.12033583801066383,4,7
2021-07-26,SPY,0,0.002454934387025931,0.0024519259582618247,0.005230973828133137,0.008715362382070753,0.010572684765561613,0.015024407794753447,0.004029020562947238,0.0038924483043435675,-0.31438715565829134,-0.38916348935983525,0,7
2021-07-27,SPY,0,-0.004557482919500755,-0.004567899906993134,0.005810379122261996,0.008786207600562963,0.002315167735634338,0.009603763572765045,0.00897913703745918,-0.002045859127985759,0.5415904225145931,-0.0770207302668744,1,7
2021-07-28,SPY,1,-0.00041009659599799964,-0.00041018070860410205,0.005424733078759989,0.008790560493398315,-5.0107985231306884e-05,0.008588980346965203,0.0068003781936464185,-0.0019332380769538837,-0.22144424611741453,-0.2697505895516624,2,7
2021-07-29,SPY,0,0.004147326343047819,0.004138749889872173,0.005513103820793169,0.008729243774778536,0.0017276669659387345,0.011400435172403967,0.004524555957519354,0.0018871050849075862,-0.09599522796746485,-0.3327086469777456,3,7
2021-07-30,SPY,0,-0.004856429421648989,-0.004868260194094809,0.004052000211174347,0.008424224917470092,-0.0024886226750646667,0.0048350064641433654,0.005229404502685994,0.0013701584766229473,0.4535841451408551,-0.020495925859579822,4,7
2021-08-02,SPY,1,-0.002098051624591868,-0.002100255618169733,0.0036754786929043466,0.006379971341977,-0.0030256754122425233,-0.00016456621807148242,0.008448020283509786,-0.006245174235523712,-0.14746516376799823,-0.04376381283548947,0,8
2021-08-03,SPY,0,0.008135516220869166,0.008102601308143775,0.005164880941821344,0.005373354347055659,0.004106117729800296,0.005651152621003908,0.011814598683826784,0.006180985858926712,-0.012408286026813764,0.012835541387472338,1,8
2021-08-04,SPY,1,-0.004918918208598022,-0.004931055906022053,0.005820994221369693,0.005397484066069202,-0.000901223879284041,-0.0003051114330916427,0.005434499380356736,-0.0018190636117815422,-0.19502048957951146,-0.15826608454731783,2,8
2021-08-05,SPY,1,0.0063328201581902555,0.0063128521109732105,0.006267515043660806,0.005651005235065743,0.004918133349691489,0.004584490054051482,0.004475037970197701,0.003498270275433932,-0.1661060253957657,-0.286636234215767,3,8
2021-08-06,SPY,0,0.0016525869443861918,0.0016512229251492982,0.005500987685782884,0.004736508056869854,0.004759461028565504,0.005661468406687131,0.002578635224380818,0.0008821174518782116,0.20426895767737507,-0.11359891871533989,4,8
2021-08-09,SPY,1,-0.0008136691111333416,-0.0008140003195196144,0.005298504216400002,0.004706058438075438,0.0018762482910121836,0.0045897572307780354,0.0033675140422866345,-0.0007457997980346834,-0.12161517153206902,-0.21770984103355984,0,8
2021-08-10,SPY,1,0.001243853931800487,0.001243080986386147,0.004086419451070184,0.004393193832498197,0.002427371881351892,0.005001288892127809,0.0035245421708112916,0.0001581693286091221,0.051348046945122405,-0.1381950601911074,1,8
2021-08-11,SPY,1,0.0024849116438665497,0.0024818293560135984,0.0026198986175665264,0.0043969383855886396,0.002738509612195461,0.006367699290584561,0.0028390107359548113,-9.014587954942738e-05,0.01603625346971449,-0.10943190013667659,2,8
2021-08-12,SPY,1,0.0029970180265079804,0.002992535921049644,0.0014707340856205237,0.004323695307686489,0.004223454649146419,0.008363938290207429,0.005860885740348116,0.003358708468452603,-0.11638427316887068,-0.19927297557096668,3,8
2021-08-13,SPY,1,0.0018198515275682503,0.0018181976040700931,0.001476595140424934,0.003799898096202279,0.0044963429064519556,0.008506044795604462,0.001952456572942861,0.0007406294857515118,0.014415539689637935,-0.13526711871090713,4,8
2021-08-16,SPY,0,0.002354819312790468,0.0023520510707477627,0.0006702849581002242,0.0035608978573545215,0.004670976432399998,0.008740918490328653,0.009538141961213506,0.005488948885579437,0.8682401704572806,0.5642709816277709,0,8
2021-08-17,SPY,0,-0.006555445312038333,-0.006577026612051284,0.004033124317237305,0.003827899137228651,-0.002524949724947767,0.0014749839328513925,0.009251723036897528,-0.00045016588746910735,0.2567656631407649,0.8314214588030513,1,8
2021-08-18,SPY,1,-0.010945127306746016,-0.011005465892226063,0.006310143772477965,0.005074947414908977,-0.01139932314594394,-0.009530943114971602,0.012890535410029672,-0.008533499305162904,-0.03584612280264454,0.6286029453847266,2,8
2021-08-19,SPY,1,0.0015485391992431374,0.0015473414487665593,0.0060473843181488105,0.004622976523152053,-0.007522659651494457,-0.007571908321751031,0.011506680857418964,0.008228840920291039,0.03872665270688147,0.5404926173130933,3,8
2021-08-20,SPY,1,0.007957071043812158,0.007925580492085693,0.007544295187253627,0.005315263372313073,0.0015315801407511653,0.0001286038699956915,0.009086159280777032,0.007109861406817129,-0.22414617905835654,0.14743453481772173,4,8
2021-08-23,SPY,1,0.00879631384447399,0.00875785166157339,0.008742558731044616,0.005941620134935258,0.010209074729823797,0.007759862104623094,0.010760195223103746,0.004717418650013303,-0.23657835789286574,-0.1428054631669715,0,8
2021-08-24,SPY,1,0.001587555522027495,0.001586296687896116,0.007896264103539491,0.005943087576189462,0.01001974385853499,0.008158068774997584,0.002500156515247787,0.0,-0.29520491877830934,-0.3914939477169185,1,8
2021-08-25,SPY,0,0.0020984575275728723,0.0020962588409387806,0.0036509612131472207,0.005935087943507214,0.0077177461034172445,0.009108606841441436,0.003770895844817061,0.001651137318883385,0.046070817427932065,-0.35993656486955905,2,8
2021-08-26,SPY,1,-0.005903409737669674,-0.005920903744438988,0.005920414455862582,0.006286916755420656,-0.0011013841608735753,0.002892179991885513,0.006018550138462095,-0.0052383488167252745,0.4268450050210093,-0.11322519604866488,3,8
2021-08-27,SPY,1,0.008941088825733523,0.008901353964019698,0.006142438289563376,0.0068585627164155635,0.00473078874081212,0.010875460840088058,0.008029156327374061,0.007000368842802801,0.3355634484762129,0.11951347067135054,4,8
2021-08-30,SPY,0,0.004397509069161698,0.004387868279462026,0.005392565141188176,0.006933800446865424,0.006915644507237806,0.01412319829875619,0.005233199243303196,0.0027939990735843996,-0.37389347589373223,-0.27229163111448595,0,8
2021-08-31,SPY,1,-0.0014815996955709343,-0.0014826983497107094,0.005651614253119227,0.006474278534592502,0.0038190476576605015,0.010915922258941668,0.003472401277697876,-0.0012607155421292824,0.2262900817661826,-0.060430885259668,1,8
2021-09-01,SPY,1,0.0005316227931813078,0.0005314815318469002,0.005661218273967207,0.004778994448856265,0.003063884350957835,0.008603758938461992,0.0034470513677952157,-0.0016793569244409415,-0.17839400204383793,-0.17492955265938714,2,9
2021-09-02,SPY,0,0.0030764539683465486,0.0030717313672674607,0.003980884831465179,0.0047572322217300286,0.0030632074991998604,0.008704987464640546,0.0047206919974499125,-0.00028678390697968746,-0.1276728501233544,-0.21323700372157905,3,9
2021-09-03,SPY,0,-0.00024254152472602541,-0.00024257094267809975,0.0024211532684542446,0.004508032667530865,0.0015651948965917928,0.006283270397626772,0.004602011237852437,0.0024336819310594978,0.10986800310580924,-0.08471239472945846,4,9
2021-09-07,SPY,0,-0.003575605918672564,-0.003582013676486362,0.0024603741491476816,0.004175986468242704,-0.0016761612407482085,0.0017507409018078235,0.004572479872965548,-0.0027611495738857268,0.09541980687081963,0.00908856384521295,1,9
2021-09-08,SPY,0,-0.0012181481421364992,-0.0012188906876664518,0.0024324318584897937,0.004221866566420669,-0.002605590193661911,-0.00012183297457479814,0.006232180764444021,4.433234940334749e-05,0.08728989868689707,0.06104023374579293,2,9
2021-09-09,SPY,0,-0.004280491514025209,-0.0042896790452990885,0.0029294408202053335,0.004456181866557069,-0.005634380867268418,-0.004417232661251824,0.00854228089469655,-0.003816288382776955,0.03183409603448806,0.05990613212808005,3,9
2021-09-10,SPY,1,-0.00788451948099056,-0.00791576665907634,0.0029849176875246376,0.004781189518096627,-0.010076244622205244,-0.012087292745113665,0.013701650759803376,-0.012415763562929885,0.5516228972027104,0.5533549684867274,4,9
2021-09-13,SPY,0,0.002559445733696597,0.002556175930531701,0.003867808833991424,0.0037425052955633096,-0.004667011844316393,-0.008751968137764687,0.01072135324340407,-0.0045917172095898545,-0.06903528919978386,0.43005742697047333,0,9
2021-09-14,SPY,1,-0.005396513728737395,-0.005411127508302194,0.0040319384044200735,0.003501551547226269,-0.006810919796637727,-0.012334302950638532,0.01142550025211121,-0.00881456246651116,-0.06617617204013437,0.27066945639329676,1,9
2021-09-15,SPY,0,0.008352649193573258,0.008317958856247643,0.006653667093475108,0.004754858878030662,0.0028437466218449448,-0.003269081876221991,0.011178087524815866,0.007332125863493311,0.007610256646346292,0.24103155682345112,2,9
2021-09-16,SPY,0,-0.0015853575267724684,-0.001586615535788205,0.006461261221764654,0.004735688111957543,0.002066079211433758,-0.0038228132605298004,0.009702218248299777,-0.0003353167621131219,-0.012761415470059267,0.17156037406577318,3,9
2021-09-17,SPY,0,-0.00974115571100731,-0.009788911150146795,0.007001606213575546,0.005214328079694771,-0.006526002811952147,-0.011241234785061338,0.009777051991890605,-0.007911578317485004,0.522432498100575,0.6005928512123755,4,9
2021-09-20,SPY,0,-0.016674006762891103,-0.016814582848875936,0.009339042298628841,0.006831645045651272,-0.01817927411004394,-0.023880970428780124,0.017706061719499334,-0.0019315588862656022,0.40549292801351067,0.9373115813161528,0,9
2021-09-21,SPY,1,-0.0009446632993371784,-0.0009451097749124671,0.009503612730401482,0.006897764821009941,-0.015042132252225726,-0.021195609879134936,0.011087431222195696,-0.006643286611673552,-0.444105728301456,0.028054413070407902,1,9
2021-09-22,SPY,1,0.00975480438920906,0.009707533448787053,0.009972718328965744,0.00810098160792554,-0.001537856348561517,-0.009050610501149192,0.014402015720909829,0.004150894643421284,0.10617544671179258,0.08171923753611754,2,9
2021-09-23,SPY,1,0.01214990758116219,0.01207668991601718,0.012355462500916481,0.009296634075565843,0.011775579025384397,0.003981409235096711,0.01202684658750899,0.0075707321269922545,-0.2535815793047589,-0.20800783325411265,3,9
2021-09-24,SPY,0,0.0016473789979651876,0.0016460235575950222,0.011372819725267038,0.008989172838625445,0.012282176829641722,0.005659820670055105,0.007838034508699764,0.005595327127226029,-0.18719828263259852,-0.33712665282522447,4,9
2021-09-27,SPY,0,-0.002860930895135727,-0.0028650311802174144,0.006644223202024146,0.008981932215444409,0.005442511404846417,0.0033541117893325367,0.0048553418132793675,-0.00038387324381436856,-0.011654760140945797,-0.3288261853928861,0,9
2021-09-28,SPY,1,-0.020151889829157832,-0.020357708951242337,0.012842466150037951,0.010881409643607658,-0.014859329939303723,-0.014848527887460938,0.016147754245246417,-0.013577750659679137,1.125370084616375,0.3494008734318357,1,9
2021-09-29,SPY,0,0.0016829360212604616,0.001681521471277314,0.011790907172683685,0.010368289243770971,-0.01167037391759096,-0.010493539755592751,0.007330137235484288,-0.0017003842694539655,-0.36881680943111694,-0.15138603827324293,2,9
2021-09-30,SPY,1,-0.012222258837289335,-0.012297564878529066,0.00956073390845194,0.010781768296234744,-0.01747370792330083,-0.018877637976546957,0.01832482554859306,-0.015779034307114408,0.7066362845746101,0.3603321431016049,3,9
2021-10-01,SPY,0,0.011884191617989481,0.011814129156982212,0.012387831290443766,0.011582463509485925,-0.0013752888870413038,-0.005589987445723255,0.02041855206423462,0.007564107765894253,-0.08018091754088796,0.238293517111126,4,10
2021-10-04,SPY,1,-0.012895857289484391,-0.01297973071722236,0.012892218538281515,0.011086146624951323,-0.007864881109302058,-0.017198427938012184,0.017551977144377888,-0.010069250234555427,-0.0051849232552435565,0.2782609050111069,0,10
2021-10-05,SPY,1,0.010404887913861627,0.01035112964523588,0.01191377368402034,0.01167976316500294,0.002745973318087458,-0.0068517979778747184,0.014178076711591856,0.006647489619880801,-0.29468382982033137,-0.09676634732639555,1,10
2021-10-06,SPY,1,0.004156095468014875,0.004147482758494192,0.012063409154528824,0.011284476464733472,0.006703671199816741,-0.002046811005728677,0.01765785348675798,0.01311530045635962,0.24646100405260118,0.11399286971711264,2,10
2021-10-07,SPY,0,0.008645724169442426,0.008608563927428925,0.010115539250180458,0.010891413408187504,0.010951687190452919,0.0076262988719473235,0.007938092457559134,0.0006158648797883546,-0.35914279293864937,-0.28329354406655116,3,10
2021-10-08,SPY,0,-0.0018238394855476514,-0.0018255047058195473,0.009427446947209291,0.010853942743063475,0.007426906237026687,0.007188268405202924,0.006143651905741045,-0.0036862328075622595,0.029265228645384056,-0.2713042691271952,4,10
2021-10-11,SPY,0,-0.007239883418066029,-0.0072662185599092766,0.007348824189632985,0.01101031021023641,-0.002643298097601776,0.0017282271789220705,0.012901488245015186,-0.0056501079696491254,-0.12505935024558257,-0.3648320950473918,0,10
2021-10-12,SPY,1,-0.0024613397807983217,-0.002464373857174351,0.0061946781632033,0.008955663556396895,-0.005335481869647274,-0.000714340585129869,0.007620463244871562,-0.004705438169631834,0.09117889176233618,-0.264481807339641,1,10
2021-10-13,SPY,1,0.0035976148666176933,0.0035911589296029334,0.006111233321758559,0.009015598298911498,-0.0018852774586688437,0.0027119984968473343,0.010374685046807637,0.001081183386491575,0.025186425629239118,-0.23859642313312968,2,10
2021-10-14,SPY,1,0.016820492835561307,0.016680594934271653,0.009244661404221876,0.009242690248421752,0.013118973036154724,0.016449155990886588,0.009292195532970947,0.007789044211359186,-0.03750924986981663,-0.20917417763991242,3,10
2021-10-15,SPY,1,0.007615750515977515,0.007586897089088218,0.009288816823940742,0.008884000146318849,0.017104095429965493,0.021461370122073387,0.004879175779054244,0.002518257711495222,-0.05661704405667689,-0.19700675658725753,4,10
2021-10-18,SPY,1,0.002960629352533717,0.002956255320583523,0.007174030997301101,0.007012650714620255,0.014330696496959616,0.020150229221392868,0.009640288234630595,0.007252745031983415,-0.061077388839756,-0.18011966922343892,0,10
2021-10-19,SPY,1,0.007715044692870432,0.007685435926691575,0.005533378964173476,0.006799432557795356,0.014324614028894844,0.023923687513149217,0.005435272138516572,0.0038314202291183995,-0.24458475050310868,-0.34281478448590497,1,10
2021-10-20,SPY,1,0.003927692592084142,0.003919999345427527,0.005473216956409042,0.006799228448339048,0.010470897294769577,0.023871819647019787,0.0038126509034794084,0.0028373168830332467,0.054786708882306856,-0.2393050385015545,2,10
2021-10-21,SPY,0,0.00260826529046021,0.0026048696697182905,0.0025118185552314327,0.006603722003146245,0.008112274988322232,0.023085459105602446,0.005578035449352553,0.004028614933436119,-0.16675273745451025,-0.3343527846119905,3,10
2021-10-22,SPY,1,-0.001036140230561755,-0.0010366773949339603,0.003132943422180806,0.006539241687538563,0.0038326617079824654,0.01851970026868721,0.007988933850676757,-2.209027324859828e-05,0.42463455141458506,-0.02706038977701708,4,10
2021-10-25,SPY,1,0.0053626096806249635,0.0053482820886952,0.003261840252409457,0.00535762010102879,0.005491372443706677,0.01920268103893208,0.0077264666229607225,0.0027956084729340563,-0.2316352593503962,-0.22683664877561305,0,10
2021-10-26,SPY,0,0.0009000586427756474,0.0008996538328789327,0.0025099739233539497,0.00494735998953009,0.004038458063093442,0.015046690322628509,0.006408557737427352,-0.0027122062966866535,0.24020170520518858,-0.015695654867966535,1,10
2021-10-27,SPY,1,-0.004430173223318734,-0.004440015520190244,0.0036997455875990033,0.005788514826516068,-0.001082684601746653,0.006347045940480189,0.007229747447240929,-0.005498980607949988,0.2918033137702831,0.2727250685092524,2,10
2021-10-28,SPY,1,0.009648764159064571,0.00960251211289087,0.005512400951630591,0.004313649356256783,0.006460498546465798,0.01250602445912663,0.006476928258898632,0.00627940087559306,-0.28990447002954256,-0.06537347158521234,3,10
2021-10-29,SPY,1,0.002029006900819308,0.0020269512464725636,0.005241759804540181,0.004080793278775067,0.005794814285585037,0.011570341756213853,0.008774431401153625,0.0074144052449506455,0.3640214705499252,0.26587522101540784,4,10
2021-11-01,SPY,1,0.00172043904631769,0.0017189607863228318,0.0050283224787510735,0.004099862315191978,0.005547598946484378,0.010450682878094142,0.005431240639364163,-0.0005648039429534095,-0.30969294094842825,-0.10387869754388879,0,11
2021-11-02,SPY,1,0.004042982410147333,0.0040348315186511385,0.005056932030924544,0.0037660177345096484,0.006998146497396496,0.012032990751945638,0.004671731798617406,0.0036504121318612416,0.009803111889266969,-0.09828316051859176,1,11
2021-11-03,SPY,1,0.006105136632162278,0.006086575791516502,0.00327520633338716,0.003919030773811732,0.00840619629567918,0.01547273880677058,0.009364854625050559,0.007413859783732046,0.07363561269638752,-0.037100824417939826,2,11
2021-11-04,SPY,1,0.0047127175262278165,0.00470164743948942,0.001846372321686849,0.003970021123431353,0.009395561458285684,0.017297447158175494,0.004319257841016371,0.003330794136448781,0.006423562839698471,-0.0510007777372139,3,11
2021-11-05,SPY,1,0.0034696010977348646,0.0034635959182223175,0.0016138941607911105,0.00372082367647927,0.008849793829624142,0.017411109590284024,0.007948304804066912,-0.0015981929806318598,0.25627707102187247,0.17626777629463586,4,11
2021-11-08,SPY,0,0.0008537825644048258,0.0008534182993917838,0.0019357377031123117,0.0037238487792159744,0.005860263537560639,0.015329744574829718,0.0043219048893745945,-0.0016393858020821083,-0.24077806195455376,-0.1150898310610401,0,11
2021-11-09,SPY,0,-0.0033053948030844493,-0.0033108696882537814,0.0037134106641200228,0.004184442419128887,0.00018410227527487777,0.009477573261805539,0.007862444353149211,-0.004133645297729753,0.014758397943069435,-0.09419653996469868,1,11
2021-11-10,SPY,1,-0.008044899906041736,-0.008077434723677612,0.005233348208816204,0.004936668954272618,-0.0073950000461515675,-0.000732786524352047,0.011469557308949684,-0.00420978459471196,0.35739827289238724,0.2361213928796393,2,11
2021-11-11,SPY,1,0.0003235067119240487,0.00032345439491088257,0.004458998105066921,0.004179916182079054,-0.005737047642407567,-0.0015823305001730903,0.00331035139659201,-0.0030953815865008144,-0.4980750312906437,-0.3606769887378909,3,11
2021-11-12,SPY,1,0.007546818752449225,0.007518483984749302,0.005745753922435619,0.004641578879007376,0.0023079896661695187,0.004218679973500006,0.008062435585155146,0.004622449946368531,0.5342611590168873,0.011881972494869775,4,11
2021-11-15,SPY,1,0.00034237836102057884,0.0003423197629244257,0.005719560883687273,0.004662714442760842,0.0032968184163719716,0.0029696016438092165,0.005505263083864209,-0.0025819860337021787,-0.12131289194956862,-0.10842045972980374,0,11
2021-11-16,SPY,0,0.003957881039376554,0.003950069233563447,0.005791315359256072,0.004657844794085149,0.006446869810448286,0.005347226575279862,0.007320952488151125,0.004559573821346313,0.03995274635221002,-0.07270983575723489,1,11
2021-11-17,SPY,1,-0.0024292047483048806,-0.0024321600531562737,0.0038653367748949096,0.004519694348128789,0.002059233196360033,0.002170748775065956,0.0036460372176505863,-0.0018336574660181237,-0.02045131249040577,-0.08358373232494598,2,11
2021-11-18,SPY,0,0.0033962696719256336,0.003390515373169478,0.0037858865996970217,0.004409029516334346,0.0029036168791083394,0.004967715502917969,0.007821186395262868,0.0010442859989583805,0.05782278100141469,-0.026452674045603253,3,11
2021-11-19,SPY,0,-0.001788142101488921,-0.001789742735969213,0.0029152289380587814,0.004343277622282172,0.0004182223306758992,0.0030934328364862207,0.00519580613171928,-0.0015331247749896348,0.13214658196643603,0.12177496742747196,4,11
2021-11-22,SPY,1,-0.0028152085373633895,-0.0028191786898732474,0.0033242545137571735,0.004425340865965421,-0.0024577647694100646,0.0005606336969090631,0.01314532533892793,-0.007050494215082134,0.2694973096329796,0.36438940283352417,0,11
2021-11-23,SPY,1,0.0013260732000182074,0.0013251947414660847,0.0027041444319924235,0.00431469067292516,-0.0006701754583875452,0.0017138244427841176,0.009952471821273408,0.002076112362845786,0.006108957972568163,0.31820259947359397,1,11
2021-11-24,SPY,0,0.0026697826959278803,0.002666225156604085,0.002738076680022668,0.0032418348893012805,0.0014420767678378077,0.003139064685577342,0.009397942122809713,0.007252295628284555,-0.15500945954252698,0.12926357296724955,2,11
2021-11-26,SPY,1,-0.022303239578552958,-0.022555717944910292,0.01015459510920884,0.008147403425636322,-0.016377715454535258,-0.018227167676628908,0.013258651493202258,-0.007288997585933743,0.8213997038416523,0.8009814880440587,4,11
2021-11-29,SPY,0,0.012266719668915238,0.012192093125326764,0.012738065201298224,0.008808094868812599,-0.0024776647097011217,-0.005616113745063656,0.010407883500411596,0.0011420664359517543,-0.2343205265661722,0.31027309709308826,0,11
2021-11-30,SPY,0,-0.019457642548079024,-0.019649434429847012,0.015044602378715173,0.010626119018528266,-0.016816595769307496,-0.022481060297868227,0.018896127676034904,-0.013939399223823052,0.7220547868986238,0.9547771046773064,1,11
2021-12-01,SPY,1,-0.011107106979277748,-0.011169251484243858,0.014741461837941543,0.010673851198459029,-0.020255928858233796,-0.02942733539333342,0.031149823296326706,-0.024131388733537734,-0.11187698405219182,0.5649962517673628,2,12
2021-12-02,SPY,0,0.01531621265438643,0.015200103536350262,0.01772423578667398,0.01231709018309513,-1.313026141991358e-05,-0.01227637385329483,0.01943515974553271,0.014798177950388507,-0.032601380029589344,0.38309258287022674,3,12
2021-12-03,SPY,1,-0.008701432033503154,-0.008739510545865414,0.015292495850680848,0.012295033174376517,-0.00630301592874094,-0.01741027149349761,0.024783792565812642,-0.012522594751072423,0.07594772081624712,0.3603255709601163,4,12
2021-12-06,SPY,1,0.011843437086228814,0.011773852460465584,0.015192287088836671,0.013221666758338937,0.008032822608054824,-0.0035921588249712144,0.01585076822162935,0.005831678761831893,-0.2792809520896866,-0.058443430122618545,0,12
2021-12-07,SPY,1,0.02068478686508035,0.020473761706738536,0.014530951567760107,0.015042700548920712,0.02316472776318612,0.016861528167933626,0.022027972924052622,0.008333143314464843,-0.035288828269051,-0.1108886476367591,1,12
2021-12-08,SPY,0,0.002648055980140507,0.00264455605720304,0.011577373959943653,0.015058971465565044,0.017417847014674637,0.019259867222516158,0.00676341656746989,0.001749470418785545,-0.24345156868063678,-0.3267375380999815,2,12
2021-12-09,SPY,1,-0.0067515556006984,-0.00677445046101699,0.012436200995457518,0.015194317893993451,0.006644101450049789,0.01305782348423734,0.007454854811226793,-0.00384489547460457,-0.15180484725659893,-0.42862988331936747,3,12
2021-12-10,SPY,0,0.0094135820194714,0.00936955037091991,0.010283374374678677,0.013348621727749598,0.008578794630150766,0.019986393542979597,0.009355719003632284,0.0032179937614665293,0.25928718546299656,-0.2558394954663572,4,12
2021-12-13,SPY,0,-0.008858423971550455,-0.008897893071411644,0.012132721885483392,0.013323118088503233,-0.0036771655663436764,0.010519572912600195,0.009123989286557584,-0.007699004866949747,0.13692233520563812,-0.15513360299166068,0,12
2021-12-14,SPY,1,-0.00688003622631761,-0.0069038127940768135,0.007830510694907254,0.01172751680153588,-0.008448415456996927,0.0018746288725837168,0.011855125953464269,0.0005830162944717969,0.10874246363908902,-0.014578876363331328,1,12
2021-12-15,SPY,0,0.015624893811690299,0.015504081981316808,0.01121209146547675,0.011513202570718434,0.006579230878013931,0.013125773297785859,0.021837630710710793,0.015493488558410947,0.20187510088511584,0.20267895512190504,2,12
2021-12-16,SPY,0,-0.008818428412734614,-0.008857540862571511,0.011578835230922575,0.011508153647851075,-0.002339889966262665,0.0022389108407321334,0.017076850411884295,-0.012950451832184772,-0.002828930541072583,0.21309155574278327,3,12
2021-12-17,SPY,0,-0.010642826942182992,-0.010699866896744403,0.011003903808585671,0.011723487715582105,-0.009034859369287163,-0.010143206117645964,0.01447295602308109,-0.0036398932297985924,0.16250516863031716,0.4129012595848802,4,12
2021-12-20,SPY,1,-0.010633574897731313,-0.010690515368859899,0.011229595925731148,0.011744253898821132,-0.01534714722207875,-0.020204136091916958,0.009373303874909089,0.0011001583962183129,-0.20940495131044135,0.10761233547581361,0,12
2021-12-21,SPY,1,0.017759119710343274,0.017603269019456746,0.01467538120709663,0.011183082428546666,0.0015662338460924463,-0.002034324321595893,0.015045450637528004,0.00970326061178094,-0.3484255349335603,-0.25862639905707485,1,12
2021-12-22,SPY,1,0.009998767628363714,0.009949110682486939,0.013401275933965682,0.01166003374756425,0.012133375359863585,0.007984553954135665,0.011301045592518363,0.010587942276218664,-0.15637700322177228,-0.36556593610218135,2,12
2021-12-23,SPY,1,0.006221905881482304,0.006202629739989085,0.012729309188690937,0.01154390748690716,0.015888009156343363,0.012971849437352745,0.007573307291666667,0.0039466796875,-0.04161133770983971,-0.3887832465940242,3,12
2021-12-27,SPY,0,0.014152190822327881,0.014052983475049352,0.011025029277394561,0.012001314959246844,0.022587496323544176,0.025504613573269053,0.01122736054819154,0.011015574786943911,0.006536179320584701,-0.3709237350532568,0,12
2021-12-28,SPY,1,-0.0008172004702020619,-0.000817534560530575,0.007198756360500995,0.011465835949155253,0.012256469939984527,0.02204587781820533,0.005756510074882798,-0.0017792977085816601,-0.16782670229507501,-0.45195083966131144,1,12
2021-12-29,SPY,0,0.0012793785933551405,0.001278560885926261,0.006146475199349761,0.010997279055538626,0.007384405208042288,0.01991233966722583,0.0055347898655129305,0.0010482619574897275,0.15290240425090862,-0.3351968751825821,2,12
2021-12-30,SPY,0,-0.0027645718799190755,-0.002768400366471191,0.006775448550856871,0.01023965538418768,0.0010217780039025737,0.015529240909468056,0.006967519559971674,-0.0037034482890731706,0.01515512907546368,-0.27032240911637384,3,12
2021-12-31,SPY,1,-0.002520245359592721,-0.0025234265239291176,0.0070564778503536905,0.009709417236832503,-0.0033281432781091524,0.010783285153111555,0.004604263426925532,-0.0014297013968894194,0.17908149433389364,-0.07717991691459136,4,12
2022-01-03,SPY,0,0.0057900612394605755,0.005773363258764874,0.0035226676180583672,0.008623566754583084,0.002253338211462008,0.012790609310087575,0.008398068659490839,0.0029603268911320133,0.1139039875899408,0.12822737379982163,0,1
2022-01-04,SPY,0,-0.00033487468237691775,-0.0003349307654243461,0.003494563647491363,0.007199509416303163,0.0016318667408798948,0.007629865824873461,0.00918163766715589,-0.0034848575257301418,-0.02049727391073397,0.17044107096491778,1,1
2022-01-05,SPY,0,-0.019202300428275088,-0.01938905926406953,0.009272498394966255,0.009090318663935358,-0.013837230590045158,-0.012827066068464732,0.020328636374770642,-0.018400533808181966,0.4686823445778021,0.62613244423469,2,1
2022-01-06,SPY,0,-0.0009394050259861064,-0.0009398465434182768,0.009359285004543793,0.008553548323301094,-0.011341482055760577,-0.013806378800073404,0.011519832609566249,0.00010683663126752075,-0.16912364679559477,0.29478397882048846,3,1
2022-01-07,SPY,0,-0.00395355261826158,-0.0039613885674576466,0.009345960341711866,0.008345280767264688,-0.011545376948634556,-0.016770800291083132,0.009723299907798374,-0.003974817439085168,-0.020116533826700533,0.21673362554786646,4,1
2022-01-10,SPY,1,-0.0012442109244995558,-0.0012449855975500412,0.00798541199704028,0.006460842189225741,-0.007640169870255287,-0.015554023118664828,0.019753585238225076,0.006073044055456908,0.40241753180530027,0.5663023876131912,0,1
2022-01-11,SPY,1,0.009108106487192513,0.009066877839482679,0.01021097008941267,0.007432404333458446,0.004739706073042971,-0.005089537009138612,0.01676593969939763,0.009715600685538546,-0.377497863641695,-0.05837072235539942,1,1
2022-01-12,SPY,0,0.002703595931342173,0.00269994778978333,0.005046981493734215,0.007504413041044577,0.006319653465817421,-0.0010329006773150962,0.009033291203600373,-0.0012086925690644721,-0.09014024986844427,-0.15724291853882577,2,1
2022-01-13,SPY,1,-0.013778510718363224,-0.013874315446101626,0.008470932852268036,0.008481982469944456,-0.006097760775228167,-0.012361112147593722,0.019991957459068933,-0.016222291074576276,0.3486067680984064,0.08793606203447024,3,1
2022-01-14,SPY,0,0.0004087941582131549,0.0004087106246455363,0.008370470010433331,0.00852923540687434,-0.0051081895130220545,-0.009801569822786571,0.011253501623911795,0.007654109500661515,0.05174552581847047,0.10385536487781377,4,1
2022-01-18,SPY,0,-0.017709495359437,-0.017868184803736753,0.01139802994417385,0.009302522464972915,-0.018938249135256546,-0.02291966769709619,0.010114399432848581,-0.007069213183615272,0.14410335078719672,0.21127592199765122,1,1
2022-01-19,SPY,0,-0.010383554411433793,-0.010437839621807221,0.008920673619837593,0.009345941037134748,-0.02155502113112484,-0.027695880662056305,0.01778969683194862,-0.013926188668748023,-0.0032039274773013604,0.15855887199486896,2,1
2022-01-20,SPY,0,-0.011068044804395272,-0.011129751348605055,0.0067465415300009485,0.008318236977610388,-0.022103604391087273,-0.03396004791103324,0.03138289858815427,-0.015426997245179064,0.11907814363153535,0.27246708452932844,3,1
2022-01-21,SPY,1,-0.019630697210033077,-0.019825938722123126,0.007870237403092529,0.00941111679911282,-0.030026247731592903,-0.046748472999738944,0.022690513975579637,-0.017012269085643874,0.6528166027535613,0.8778130009394116,4,1
2022-01-24,SPY,0,0.004246745085386916,0.004237753112232845,0.009384997825870284,0.010001687461020014,-0.015052804477625914,-0.03719954573938056,0.0454135017767838,0.018077442725414766,0.24478373589517433,1.0242531973668556,0,1
2022-01-25,SPY,0,-0.012208796067166072,-0.012283935619820774,0.008684814817555522,0.010055569974814976,-0.017387320867953027,-0.042448005875714734,0.029026018092373002,0.0032559083500170185,-0.33277187302285804,0.2998145490735462,1,1
2022-01-26,SPY,0,-0.0025089152305338702,-0.002512067832529219,0.00925015019490232,0.008570983705381622,-0.011640095781494497,-0.03713229383187999,0.034443690214453294,-0.016654556901344063,0.10948866440115412,0.3270432939356851,2,1
2022-01-27,SPY,1,-0.00493796398617774,-0.0049501960144997526,0.00918663246732802,0.007819024560078349,-0.009513507080829209,-0.03334342247784672,0.027700414959949595,-0.01601793313290027,-0.19589347345447283,0.008037759741818862,3,1
2022-01-28,SPY,1,0.024835222656180544,0.02453184128314323,0.014113689946955586,0.012928682604449982,0.013237641327791483,-0.004296540592307663,0.03277247137795599,0.02142465491395225,0.09727292076304583,0.054135380274485945,4,1
2022-01-31,SPY,1,0.018011288952217708,0.017851007410870423,0.015916694707041424,0.01479475946751208,0.02674643280490585,0.017030827567689144,0.023728586375731123,0.01964920138614157,-0.074219828356766,-0.05812826288280004,0,1
2022-02-01,SPY,1,0.006756988502290673,0.006734262371512756,0.012865590878827876,0.014124680567565029,0.025038258057589857,0.02472288183815685,0.014844241036053783,0.005036876648933137,-0.19110497506098467,-0.2444098443159871,1,2
2022-02-02,SPY,0,0.00971391974960123,0.009667042958269256,0.011337662774134729,0.01402139547370458,0.02388730639537373,0.033367780244151435,0.011130641765573546,0.004061484310681943,-0.04704950006252262,-0.28347831438366566,2,2
2022-02-03,SPY,1,-0.02350488517692728,-0.02378553141926698,0.01855521519489361,0.015694173707971364,-0.00700826752356043,0.009112784787544959,0.016099367045347653,-0.00964631552447666,0.005652644404870344,-0.2775069397027886,3,2
2022-02-04,SPY,0,0.004701970914726683,0.004690951178969449,0.015730891862757182,0.014104919551016424,-0.005324914153707616,0.011407753701737633,0.020051556143488886,0.005264940229373765,0.003643314433286582,-0.23565705176806706,4,2
2022-02-07,SPY,1,-0.0032091626998841383,-0.003214323105847683,0.013404878806656664,0.014199689340125825,-0.007350701164647089,0.006478615570244761,0.011434637759322352,-0.0050054502705582735,-0.2868741051408812,-0.3889595206632661,0,2
2022-02-08,SPY,1,0.008227934806084525,0.008194269886279137,0.013634814711659582,0.013413999766754626,0.0017105059880859752,0.011012774240198864,0.014997900392316153,0.00942401753081901,-0.04097053611276513,-0.374646022955737,1,2
2022-02-09,SPY,0,0.014636259698087795,0.01453018343625967,0.014719550529480634,0.013611060268811027,0.016285972587910758,0.020283634570383624,0.00630463316526386,0.0050964529633968055,0.14291586431639747,-0.22948152180850923,2,2
2022-02-10,SPY,0,-0.01796576242988257,-0.018129106092760416,0.01253919150145455,0.015248572225108139,-0.003176868690307866,-0.0020699169058662203,0.023286168594237985,-0.004475537355567382,0.5131639628080384,0.17548248254337162,3,2
2022-02-11,SPY,0,-0.01971871406590231,-0.019915722038368777,0.01531993687389422,0.015063840185976564,-0.019247231615367455,-0.021423993500800598,0.02819248082355155,-0.019915026666296354,0.09357996969387683,0.2977252924833884,4,2
2022-02-14,SPY,1,-0.0032694920003393246,-0.003274848467781588,0.015319570053914195,0.013635194491068989,-0.0188534282446553,-0.02225782342339777,0.014229881738838716,-0.002045881948060876,-0.19716332516613955,0.06832444758729972,0,2
2022-02-15,SPY,1,0.016126964242948905,0.015998306154891395,0.017145077287416093,0.014618076590259788,-0.0008690442191655601,-0.0049718126560950315,0.00698624394736091,0.005341074659159176,-0.2806652992570299,-0.20765680336348735,1,2
2022-02-16,SPY,0,0.001120916806536476,0.0011202890483588135,0.01475826544529423,0.014135050250280688,0.0051767571907095355,-0.0014621912969672302,0.013785946473900813,0.006014492086107789,-0.04090178080008855,-0.2172875635996051,2,2
2022-02-17,SPY,0,-0.021361439738553867,-0.021592897407144207,0.015574519813360655,0.013789553624224923,-0.010836269012210797,-0.02070353707098238,0.022900577294638257,-0.013898298012597985,0.20498187679994717,-0.04292929482005492,3,2
2022-02-18,SPY,0,-0.006475123991814713,-0.006496178543604181,0.013526395911651726,0.01363164357118019,-0.014462026927586136,-0.02387982644740183,0.015640355218954016,-0.007088413054487064,0.2971256347845814,0.2251714015556492,4,2
2022-02-22,SPY,0,-0.010731682168531709,-0.010789682000024392,0.013998492591148114,0.013838881447949865,-0.020838328885089297,-0.03049992821093961,0.022320531435033434,-0.005371754950406199,-0.062205364930953744,0.10810173757173969,1,2
2022-02-23,SPY,1,-0.017738490950653274,-0.017897703585643576,0.008947386622767978,0.013737593562886298,-0.027500472825334188,-0.04142566796721836,0.027527396942867464,-0.02475382832807955,0.06580980418323401,0.129156962339688,2,2
2022-02-24,SPY,1,0.0150488821863215,0.014936771123585046,0.014266114945574143,0.013808693685175129,-0.004467608518571753,-0.020493632662127115,0.04408543526233409,0.04204174794701307,0.6137134366184436,0.6514494642009143,3,2
2022-02-25,SPY,0,0.02206417687717832,0.02182428518880908,0.0172054294630417,0.015776355025683926,0.017171720193730478,0.003774375530859464,0.023230398097384045,0.018947452168217846,-0.4306681829590979,-0.046306005137543016,4,2
2022-02-28,SPY,0,-0.002558623418920103,-0.0025619022899450172,0.016898688731690415,0.01458266226650766,0.013438834482564,0.002086165980841992,0.01735990561116425,0.01064742290237476,0.19548128353221772,0.1469479676379748,0,2
2022-03-01,SPY,1,-0.01523012033972615,-0.01534728981493405,0.01779010236843447,0.015283438744814306,-0.0021859052130384082,-0.01112411105107769,0.023124374491025886,-0.01163110853992009,-0.0537657521546544,0.07279277938133544,1,3
2022-03-02,SPY,0,0.018396224782591064,0.018229061245735423,0.015856017257192084,0.015595708874985664,0.00870759373087826,0.008972548165573802,0.01884958250693469,0.012766888529704474,-0.14558383695283772,-0.10379426103725442,2,3
2022-03-03,SPY,0,-0.0049784926281547515,-0.004990926608064328,0.01601505445084942,0.015590375570873012,0.00027089916986744456,0.006474873399976877,0.01659590332675342,-0.01080666050453669,-0.10384068157976323,-0.2092798619267493,3,3
2022-03-04,SPY,0,-0.008124774101462062,-0.008157959952490579,0.012614402647192258,0.014306571107187614,-0.005307628851824564,-0.0005735757108418227,0.012715669332657787,0.0009728162773233931,0.08034467691041947,-0.15318751405123188,4,3
2022-03-07,SPY,0,-0.02947913497768695,-0.02992237735398451,0.01746042307539752,0.016894306448585878,-0.02692590779873205,-0.026704585352468557,0.029984944519600057,-0.028084800046389833,0.2098506556516948,0.02053320511350809,0,3
2022-03-08,SPY,1,-0.007581528269993032,-0.007610414147460887,0.01698440446831913,0.016769935874217597,-0.02811169676474634,-0.031088833586651266,0.028811773696613873,-0.008031064192368525,0.19490038188033632,0.1840504684529054,1,3
2022-03-09,SPY,0,0.02681057597401093,0.0264574698975375,0.020168214276476113,0.018274702172339837,0.0028530739337910838,-0.00637457790618734,0.015735998049815274,0.005339391577969918,-0.289986751446083,-0.14978530754175023,2,3
2022-03-10,SPY,0,-0.004515409591178909,-0.004525634845484738,0.020167510573898786,0.017693512109580152,0.003140483853413034,-0.010212341325812502,0.014176820955519755,0.007005637720397815,-0.1967513684836757,-0.2518362803359052,3,3
2022-03-11,SPY,0,-0.012715199542099875,-0.012796729542592367,0.02047152560368277,0.016108247761881543,-0.0039315197171402305,-0.01876197394760082,0.021582711248620323,-0.01880311100808375,0.01770301374760974,-0.22239096546612325,4,3
2022-03-14,SPY,1,-0.007308213590487944,-0.007335049411310024,0.015859721166137833,0.01613110867485839,-0.010070217446178087,-0.021446061220192103,0.020812989007030592,-0.009242354327856328,0.000971388479060753,-0.1887291305540909,0,3
2022-03-15,SPY,1,0.021990395406328744,0.02175209389618704,0.01816679190001556,0.017600327473554757,0.006956112883431453,0.0009676763987516157,0.020058563333554585,0.015246503041107237,0.10957889546763155,-0.07508795968874904,1,3
2022-03-16,SPY,1,0.022174146053376642,0.021931874578041466,0.01683531767741884,0.018090695039034824,0.025306600560879966,0.023709110579056558,0.025308810421451933,0.013328945249951799,0.3646773508719241,0.23297359822689034,2,3
2022-03-17,SPY,1,0.012510942656174473,0.012433327501809366,0.0164180187086932,0.01843802933779838,0.030571076933366248,0.03521273130677294,0.01817386228779993,0.017251345855541965,-0.2916626424237072,-0.12453521503123266,3,3
2022-03-18,SPY,0,0.010952888781967651,0.010893340319515943,0.012015254515100215,0.018332417652393133,0.029432573575869814,0.04318938355558122,0.017442886143514556,0.014885819665917522,0.03572955552806922,-0.08731554368686567,4,3
2022-03-21,SPY,1,-0.00029237956555583366,-0.0002924223167939388,0.009287329922271364,0.014448689968132351,0.015639543306885217,0.03649705590164998,0.013008054253350571,0.0001125676530564659,-0.1692191959227236,-0.20808520395056573,0,3
2022-03-22,SPY,0,0.01170128821794636,0.011633357548998191,0.007973681709839088,0.013670453186849296,0.01603409561533109,0.04022363301573195,0.010586285775300925,0.008365879668225879,-0.15505864189845364,-0.2720766085289932,1,3
2022-03-23,SPY,1,-0.012878371612247919,-0.012962016758168105,0.010984046351612415,0.013403439991186879,-0.0013519542137631069,0.022636022637880338,0.01069566297493497,-0.006958930978622673,0.06397420509468144,-0.19606020805683788,2,3
2022-03-24,SPY,1,0.01507434674500141,0.014961857835876557,0.011504813676457839,0.013425827140312726,0.008805092583431318,0.0317921113698143,0.012871664804570205,0.010203138915680905,-0.18494172570477463,-0.324760489191374,3,3
2022-03-25,SPY,1,0.004883607602698348,0.004871721473509005,0.011017926045755591,0.011728564304212322,0.010035883053703065,0.028837746250537144,0.010085154432161398,0.00339125535703016,0.19099462593976546,-0.17993916123336773,4,3
2022-03-28,SPY,1,0.0071128828369804165,0.007087705603828098,0.010843822660039318,0.01047281066855683,0.01201776582373193,0.02677447185629478,0.012940773647545261,0.008516582144644654,-0.11117192576519463,-0.2493920528864153,0,3
2022-03-29,SPY,0,0.012370844358477129,0.01229495073451492,0.010948139269825527,0.009584073918043313,0.019126047438672744,0.030955369450860415,0.010630004706800181,0.003325939776176559,0.26341387250510007,-0.030825440783206592,1,3
2022-03-30,SPY,0,-0.006174541494858521,-0.0061936828094317775,0.008238641979614193,0.009230417840412867,0.006212506522311978,0.019029147175918304,0.010275038067420686,-0.0035625497326016026,-0.07986232624752398,-0.037915014169779604,2,3
2022-03-31,SPY,1,-0.015391396316748907,-0.015511073443877699,0.011190743874371332,0.010942820744454776,-0.00977412892577112,0.0006913690610852452,0.016597885650227205,-0.013649566053102677,0.5276093333617851,0.4366852751207342,3,3
2022-04-01,SPY,1,0.0028340728838514018,0.002830064470932925,0.011029164127238934,0.010559921212015684,-0.007067903188909153,0.0016631316414830177,0.009529851161251381,-0.0008603033971448349,-0.2682919213573717,0.07314681738085027,4,4
2022-04-04,SPY,0,0.008566414097036734,0.008529930579014966,0.011274977836597496,0.01072364107726357,0.0010473374890422882,0.007478740888680502,0.01026194214988466,0.008099183171737597,-0.33069283359236734,-0.2559571738132279,0,4
2022-04-05,SPY,0,-0.012631120862127143,-0.012711571642862296,0.010149432753707156,0.01123056714786929,-0.007018634745197039,-0.005562680755482496,0.017595842068818538,-0.009204346096767443,0.24518883911343758,-0.07302174713251841,1,4
2022-04-06,SPY,1,-0.009999347887269194,-0.010049677153990189,0.010441541054183233,0.010884583723174503,-0.011647178321304685,-0.01609646593299241,0.012217752189816612,-0.0008280015722810887,0.44039237615290805,0.2909161038577739,2,4
2022-04-07,SPY,0,0.00503883292352425,0.00502618048944381,0.009469310487361637,0.009818853442482645,-0.005403339109926408,-0.010763811412952684,0.016068591577356572,0.007136589021109584,-0.26942318846002733,-0.07186130805219493,3,4
2022-04-08,SPY,0,-0.002673832338991322,-0.0026774134135667538,0.009193493164706834,0.009661801323998577,-0.005704841964753848,-0.012294125220017382,0.010469456500716904,-0.000892903309137677,0.01505175601686104,-0.06031611989564378,4,4
2022-04-11,SPY,0,-0.017092128232069848,-0.017239884724632226,0.008733473461384197,0.010382237785136262,-0.015314475478619305,-0.025738274169518016,0.012631973017047955,-0.009434536628378882,0.13242642170633778,0.0379880464958704,0,4
2022-04-12,SPY,1,-0.0037054954390208783,-0.0037123777941960867,0.008317486459827774,0.008768263716579667,-0.01333600058765938,-0.024322459683418285,0.020538066216699746,-0.010810639551562124,-0.06023025381389213,-0.022022224744216334,1,4
2022-04-13,SPY,0,0.011453704947103738,0.011388607865543854,0.01072213898779315,0.010190097587098143,-0.0005906475105841302,-0.009754776328060655,0.014314063034826602,0.012053966153028763,-0.12200996638360617,-0.13573819367807627,2,4
2022-04-14,SPY,1,-0.012451900321942433,-0.01253007485834079,0.010948805119625416,0.00984088446863182,-0.008124702697260955,-0.019050384575590162,0.01589452937565526,-0.012986088167215554,0.3213037866678188,0.17461319898963779,3,4
2022-04-18,SPY,1,0.00041135132224323634,0.0004112667404827519,0.011189491057888355,0.009708420346304323,-0.0033813842614931477,-0.015348467225124396,0.009477838583312548,0.0026556252571892473,-0.3256070583787595,-0.18531514581257358,0,4
2022-04-19,SPY,0,0.01614250879303225,0.016013603880207228,0.011539414766794829,0.01095377676088467,0.010352314673324647,0.0031986226154046005,0.018544729796827333,0.016397988931540427,0.17906139918942454,-0.06056387896422888,1,4
2022-04-20,SPY,0,-0.0007413995908279736,-0.0007416745634225563,0.011221008885735573,0.010367632214290294,0.006668771013383701,0.0038850230159035437,0.009151517531116258,-0.004945005607840392,-0.16186633427995012,-0.20398813849037423,2,4
2022-04-21,SPY,0,-0.014953792221457984,-0.015066727460059326,0.01238027252423975,0.010929424292299022,-0.006022185399724322,-0.009234728592162789,0.028782278985524257,-0.023364718390062048,0.30959119593281037,0.0705141726043732,3,4
2022-04-22,SPY,1,-0.02743886502843007,-0.027822341741397416,0.016556760837004216,0.013234870154291568,-0.028113504474076456,-0.031440990590983375,0.028930406776940473,-0.024879254368352633,0.5508778666616716,0.5543157753691641,4,4
2022-04-25,SPY,0,0.005797537643723594,0.005780796595764137,0.01718583505875621,0.013671682716088047,-0.01824163885417074,-0.021586176412443314,0.02324924066214506,0.0114239766433604,-0.09680626367272127,0.34035214130551794,0,4
2022-04-26,SPY,1,-0.02896081169116571,-0.02938845279373581,0.015575058018888576,0.015324871869667118,-0.033862357142574684,-0.04472627934092932,0.023413102728995255,-0.022849448783707885,-0.13081237666917123,0.14674250138799372,1,4
2022-04-27,SPY,1,0.002811686453053408,0.0028077410564470995,0.016350724761360434,0.015544063567767831,-0.018640873413322434,-0.037395084529424416,0.018957923131160348,7.189814015675696e-05,0.17340713083061599,0.2919367288729491,2,4
2022-04-28,SPY,0,0.02525934617758563,0.024945601247101656,0.02328970464116097,0.0176216081681439,0.011022049968526737,-0.009538695404557207,0.028511232331562723,0.013071559596429987,-0.13587560435958368,0.08049904419335174,3,4
2022-04-29,SPY,1,-0.03695532017480774,-0.037655471764769466,0.025877435416786745,0.020488645040913373,-0.019836238717283794,-0.04041196113557466,0.03460894683267104,-0.027361355173849477,0.37972822906975967,0.4214345115320073,4,4
2022-05-02,SPY,1,0.006019213012321112,0.00600116991696531,0.025903754416950642,0.020754473029486235,-0.007309628155542924,-0.029325382474630235,0.02645187521616031,0.005848529665526402,0.08812497809144348,0.4187472420404974,0,5
2022-05-03,SPY,1,0.004584037893592852,0.004573563190646723,0.022739223826582826,0.019723760511563673,-0.0028928144038512515,-0.01828660567177498,0.013421380673117706,0.003301113430881338,-0.3681598105013818,-0.12107040314975792,1,5
2022-05-04,SPY,0,0.03045294589022518,0.029998458869883393,0.02653277201910791,0.02293386642050599,0.02170276408778582,0.01535597973134073,0.03824209437166955,0.028723533547569062,0.4420723356013605,0.18518494782522166,2,5
2022-05-05,SPY,0,-0.03554271371099249,-0.03618973347598686,0.02922280190767193,0.02492983506317049,-0.007997167547094786,-0.015080417100921673,0.036650566496262776,-0.025297351414864114,0.19883270397697306,0.3255297374980617,3,5
2022-05-06,SPY,0,-0.00596895975704248,-0.00598684520452597,0.02389297872186308,0.023715607534961596,-0.013606230795303653,-0.017521878228027532,0.02206270170756648,0.000583775798618135,-0.12235245542826512,0.146389383449403,4,5
2022-05-09,SPY,1,-0.032017405450963876,-0.03254117270498913,0.027276795401759937,0.025087748393851365,-0.0376602997926343,-0.042036236011698036,0.024463104203402707,-0.01710686885057815,0.025138564203391,0.14414912154074466,0,5
2022-05-10,SPY,0,0.0023106601961484508,0.0023079947260846723,0.02703878482483874,0.023974906956215732,-0.027307230764059942,-0.0358770653530992,0.027837473163482902,-0.0133501298594693,-0.1483995035546235,-0.04564437292828427,1,5
2022-05-11,SPY,0,-0.015886258369136708,-0.016013797521742923,0.01631176440170816,0.024121576064039064,-0.025511709829056595,-0.04553957684924381,0.030346463857059337,-0.01336450178695761,0.07444534676959202,0.010603596434374696,2,5
2022-05-12,SPY,1,-0.0010439150501297956,-0.0010444603089485582,0.013838977178927181,0.02167115191361275,-0.016045674898686246,-0.0382457201393368,0.02735186077519681,0.007627709525509927,-0.12131271907334173,-0.1242070112419903,3,5
2022-05-13,SPY,0,0.023907891516989688,0.023626572881160435,0.020929535993679516,0.021305426386455804,0.012363492850292035,-0.012764380156709332,0.01908196790419368,0.012628897364669258,-0.16720973884570245,-0.24892177205734978,4,5
2022-05-16,SPY,1,-0.004057534754211778,-0.004065788883528931,0.014503280959729581,0.02110461887460685,0.007281029181602339,-0.013280713988990223,0.015925783644736274,0.00027497712020978834,-0.2452809903392772,-0.39859309348623995,0,5
2022-05-17,SPY,0,0.02057031434515655,0.02036160275122434,0.016987428915222313,0.022339694314475758,0.023245545452520666,0.009022142669904198,0.014734511032247532,0.004403140113390898,0.05605654368220758,-0.35651325178286697,1,5
2022-05-18,SPY,0,-0.040311568274211895,-0.04114659748373484,0.02567647862300572,0.022220974603002635,-0.01756485099632865,-0.022668803187329778,0.03283767038413878,-0.028847619946561338,0.4172579209608127,-0.06883637088759043,2,5
2022-05-19,SPY,1,-0.006124390431186177,-0.006143221435245039,0.02581899811782181,0.02013736198129345,-0.022169629409170444,-0.02271924998798247,0.018089726172620404,0.0021614851228571653,-0.16285431423120555,-0.17170400908890948,3,5
2022-05-20,SPY,1,0.00043631339772787214,0.0004362182407149362,0.02195693190567636,0.020235217322185698,-0.015767755343906176,-0.016937371605918017,0.04193258800858233,-0.009205327697870311,0.3341921232921905,0.12433328571343027,4,5
2022-05-23,SPY,0,0.0187100870582515,0.018537206457715172,0.024631771183361923,0.01909786986346663,0.004255662759423462,0.001771754898022504,0.018710399803359985,0.010411697159774594,-0.4185983343503342,-0.29882223269093866,0,5
2022-05-24,SPY,1,-0.007633884260453971,-0.0076631715003783185,0.021372501278174978,0.01921412978077785,0.003919856474353889,-0.004569226297642892,0.020863059130684362,0.003388060673821537,0.19674042627812116,-0.12802879287661217,1,5
2022-05-25,SPY,1,0.008835111059510847,0.00879630984036961,0.01099592161267555,0.018689700168303618,0.00995291468356263,0.003054380755110442,0.019270468776326866,0.012897957202423857,0.00026353544278334695,-0.08331966256570367,2,5
2022-05-26,SPY,1,0.01998125220651792,0.01978424693757308,0.011838072472533755,0.01955567742720375,0.021899792568371934,0.019758049135230493,0.021546632675065003,0.01665533876944819,-0.10171974431771591,-0.13955282209894393,3,5
2022-05-27,SPY,0,0.024549064391364173,0.024252578610462372,0.012823464714639339,0.01963117889510405,0.033627807896400075,0.041245002509232576,0.01882766445253189,0.018018695392437528,0.03164724108932515,-0.09390919563192757,4,5
2022-05-31,SPY,0,-0.005610751394125479,-0.00562655078508012,0.014558393795228516,0.019703589132956948,0.019701211187998613,0.0320799755949257,0.015548284042025485,-0.001499202358815887,0.1317502804690882,0.006834493754943605,1,5
2022-06-01,SPY,1,-0.008088534088018462,-0.0081214237527103,0.014681540599950789,0.018990308626139582,0.003670817430543538,0.023407094734263723,0.022424542374167092,-0.013440318205483843,-0.09747229952989978,-0.09468265723476599,2,6
2022-06-02,SPY,0,0.019043472934078487,0.01886441568001551,0.015523953649759144,0.013227559620435748,0.012846623268341295,0.03628587264850225,0.02540177215425755,0.019466564797301703,-0.08056979319934676,-0.13312249843169632,3,6
2022-06-03,SPY,1,-0.01641163444821414,-0.016547797144596643,0.017994487228915123,0.014635738868463899,-0.00629811482768039,0.01397192844295403,0.010984478288896241,-0.004510148833875518,-0.09716541723611227,-0.1939745153286513,4,6
2022-06-06,SPY,1,0.0030448196509957892,0.0030401935756403375,0.013465687304732476,0.014560871438219106,-0.0015953733671919546,0.011523029478271551,0.014610148937818613,-0.00720861720231106,-0.19986838132684426,-0.2967759906831736,0,6
2022-06-07,SPY,0,0.009592140957278117,0.009546428461199241,0.014039131419763675,0.013923138198119371,0.0066098945629324835,0.01652635520211554,0.02109780872425832,0.018720862574359957,0.030664818836736663,-0.2596934453111466,1,6
2022-06-08,SPY,0,-0.010872189213979033,-0.010931723367423984,0.014556906987072038,0.014275848651576741,-0.005119410385740597,0.0012319071151174477,0.01314232488020562,-0.006546980173047713,0.08566550367456016,-0.1681187422265641,2,6
2022-06-09,SPY,0,-0.02378286649838579,-0.02407024446244499,0.013775723706988393,0.016676059251681825,-0.021226614083162842,-0.023547868326768917,0.025162427041374676,-0.019299345207311008,0.340944832944833,0.12303166412620681,3,6
2022-06-10,SPY,0,-0.028995676211628352,-0.029424357777583232,0.01662360970303284,0.017690390980093642,-0.03989681071253004,-0.04827024577179151,0.015270458632329034,-0.01286471086666273,0.5400881680105876,0.6224570572430101,4,6
2022-06-13,SPY,0,-0.03796819666806239,-0.038707769266278724,0.018468795805681667,0.017623704072128082,-0.05930166035160944,-0.07531623063472359,0.022403605709843996,-0.012768213835947433,0.2792528475723868,0.8799059985629085,0,6
2022-06-14,SPY,1,-0.0030132071301474106,-0.0030177559787984976,0.014014858957817969,0.017714574119692825,-0.042012297818120214,-0.06913687071460739,0.019503797225617337,-0.007907684590854315,-0.38818351706333165,0.13997852261077193,1,6
2022-06-15,SPY,0,0.01425629571112963,0.014155630342862047,0.02119028800343079,0.019286301301313893,-0.01214492713490678,-0.04866793325466323,0.03121687310943208,0.004876051852065112,0.2081975314339335,0.32074749885021525,2,6
2022-06-16,SPY,1,-0.03309598374491396,-0.0336560477572494,0.022429417428386732,0.018334189931821558,-0.027205810099782846,-0.06829294713294465,0.018515062180047694,-0.010418114942649919,0.07007817498336877,0.33625300480619935,3,6
2022-06-17,SPY,1,0.0021557056668373153,0.002153385467222435,0.022851899250868158,0.01885217109139458,-0.013402918401109298,-0.055944989999572314,0.019725838588391515,0.0009574993203658469,-0.1737103201899559,0.06269529126115625,4,6
2022-06-21,SPY,0,0.02517368158620159,0.024862043686066038,0.02202287698656239,0.021743717030699838,0.010516124668545235,-0.023372323368583303,0.012691927814101518,0.008550895561924201,-0.3087102513726906,-0.2786861199672792,1,6
2022-06-22,SPY,1,-0.0018130650096431777,-0.0018147106013524095,0.02197338807983238,0.020965443651746903,0.007528671034687351,-0.01499617257462138,0.023042492734968556,0.01017219680783263,0.17246676621721369,-0.17804693487315637,2,6
2022-06-23,SPY,1,0.009802518971538277,0.009754785964759094,0.021401482515349606,0.021848288144093713,0.017136218785541724,0.0029425605445072556,0.015770952880225966,0.0037701328986026283,-0.11955775854602624,-0.2860541223092229,3,6
2022-06-24,SPY,0,0.03179397302310005,0.031299008585436106,0.014558233478395452,0.02424753636009319,0.03554097232164044,0.03748147236012933,0.02286313938187901,0.022758240206309715,0.2365708563652622,-0.1264059542134769,4,6
2022-06-27,SPY,0,-0.0038195855610956286,-0.003826898806341461,0.015897935699407933,0.022388557986286514,0.019284652895587007,0.03339045824802489,0.010024250179062997,-0.006290734002990185,-0.3267781944573347,-0.37460942459170776,0,6
2022-06-28,SPY,0,-0.020432923728400332,-0.020644563828262186,0.019326698040317513,0.019562499894369752,-0.004456568125588256,0.01032385824784643,0.03236553962338637,-0.024549667683502155,0.31115625605972475,-0.10961402743514137,1,6
2022-06-29,SPY,0,-0.0008143249656866747,-0.0008146567083713308,0.019268218086288907,0.01951092074534106,-0.008353587941547613,0.007341288302161075,0.010098826102322699,-0.002334587054505051,-0.2411688652311006,-0.296606562563524,2,6
2022-06-30,SPY,1,-0.008124473324256143,-0.008157656711566652,0.019424404815312792,0.0192718401478733,-0.015994581285755927,-0.0007583976711114104,0.021528828178179055,0.002684482755264331,0.71308088190511,0.22219401425483665,3,6
2022-07-01,SPY,1,0.010576426433941633,0.010520887296406656,0.011273176395353565,0.015496281289009359,-0.0009802246884679233,0.005504214414137065,0.020979457364780855,0.012428278909400169,-0.3348072986615209,-0.13069088166116305,4,7
2022-07-05,SPY,1,0.0018885881249737224,0.0018868069846282864,0.011645114574699847,0.015500904643133619,0.004396559106822462,0.0031435525117868846,0.024156690890420236,0.01617533918613514,0.08816577297877992,-0.02027611472194002,1,7
2022-07-06,SPY,1,0.003377447070703088,0.003371756306249196,0.006781828447744403,0.013684950244366226,0.006412714585924961,0.004373910558594707,0.016408859370432665,0.0029834725396893852,-0.13521697487659323,-0.1461923007679592,2,7
2022-07-07,SPY,0,0.014977180060221418,0.01486612954172184,0.008862047814390484,0.014153923016721233,0.016866368662988185,0.015530988925600786,0.01703364572539948,0.010048803402196518,-0.08377990009399916,-0.19273502936889708,3,7
2022-07-08,SPY,0,-0.0008226217090074872,-0.0008229602479179476,0.006554828323840765,0.014061980486471948,0.0099995070056762,0.011892699384197236,0.012859274221097247,0.003615112076275744,0.12199597370978155,-0.0863716710075847,4,7
2022-07-11,SPY,0,-0.011423490120081814,-0.011489239387005412,0.00945610830010691,0.010326445666033905,-0.0030874313707421885,0.0018592057519914995,0.008733951182790443,-0.004198510020893685,-0.19380285036285638,-0.22460465291144738,0,7
2022-07-12,SPY,0,-0.008849041287697923,-0.008888426573719244,0.010532085969158387,0.010573563380393204,-0.011329435459285109,-0.004992991924058776,0.018688944459279655,-0.007350468836393722,0.06600144945165831,-0.16924417472053088,1,7
2022-07-13,SPY,0,-0.005251613166521563,-0.005265451356757822,0.010434560723161129,0.008517199482864744,-0.014259330523566205,-0.009747496738598871,0.019354864429464897,0.009943962698098822,0.3536753928047933,0.12807461226059869,2,7
2022-07-14,SPY,1,-0.002428604075233376,-0.002431557917555338,0.004397486084738747,0.008540210360245775,-0.010950253323030568,-0.011524533115621072,0.02143941426113004,0.011509377369827548,0.06506650076106024,0.16401267810582065,3,7
2022-07-15,SPY,0,0.019105147136110112,0.01892493550810137,0.012161721233283067,0.010079591111347918,0.009816829957463469,0.005288409993550847,0.01231209411938895,0.006744261330992442,-0.11866031695070944,0.07243657958759009,4,7
2022-07-18,SPY,1,-0.008256887082948139,-0.008291163985843397,0.011602921754582426,0.010082394760022834,0.0026777357967346926,-0.0031969002217735465,0.021705526983359678,-0.016555931291368613,-0.20056564348270434,-0.12890794156407803,0,7
2022-07-19,SPY,1,0.02701918554784344,0.026660611928544853,0.01592516111742731,0.013193289820259524,0.02362102653497944,0.020988742209977707,0.01937417304419097,0.016032953420774165,0.2421127910435481,0.08638464154952841,1,7
2022-07-20,SPY,1,0.006373030192815765,0.006352808306881563,0.014663614214546601,0.013243167228397822,0.021645526667499526,0.02442392229083956,0.013325887252684722,0.005860289412732378,-0.08486230351820245,-0.007754957164737952,2,7
2022-07-21,SPY,0,0.01018317911483968,0.010131679868679022,0.013371097814519634,0.012843953800502454,0.021014732713096285,0.03223076864063312,0.018292042287626004,0.011746511162460654,-0.09659706195941753,-0.10407064302880464,3,7
2022-07-22,SPY,1,-0.009278040379441244,-0.009321349486662633,0.0149414362392393,0.013359697502364203,0.00640896138877145,0.020957115800012582,0.01862526929130172,-0.009600965007832503,0.1123722919578023,-0.003117101530521027,4,7
2022-07-25,SPY,0,0.0012149219529682398,0.0012141845325039924,0.013319935731754419,0.012551593587653566,0.0006880989346969013,0.019210836193580105,0.008237548365445357,-0.0004548140891503474,-0.25715366087097435,-0.25459534053810795,0,7
2022-07-26,SPY,1,-0.011830871626113293,-0.011901413319669985,0.009612649046063161,0.012894648919173793,-0.01046002839836424,0.004548853351747706,0.010435672836123998,-0.007490304989039816,-0.012774209186765195,-0.25450946837349375,1,7
2022-07-27,SPY,1,0.025966494861240363,0.025635090134693783,0.015432385852222728,0.01444542347043433,0.01202211645071749,0.024784230801500495,0.022390753164198442,0.016938897052154758,0.5551973316410559,0.16246609325072514,2,7
2022-07-28,SPY,1,0.01254243145509415,0.01246442673042747,0.015730510670602764,0.014271834437850201,0.020964030159143388,0.030224225648356695,0.021523286424648184,0.010400837352074532,-0.10171589017039884,0.06795306277086288,3,7
2022-07-29,SPY,0,0.014578421219446414,0.014473177660379477,0.014359521570549217,0.013923469611154723,0.027119429759491887,0.03816863259828662,0.015358972402623293,0.010819971066777252,0.1762565806728984,0.24194323590108224,4,7
2022-08-01,SPY,0,-0.002961349609714281,-0.00296574308135078,0.014996146027519955,0.013374913331588396,0.016374767773418952,0.027631294997997324,0.012244922009928078,0.003959416207634996,-0.19546525032843431,-0.010410569871184827,0,8
2022-08-02,SPY,1,-0.006597108951266084,-0.006618966056695541,0.013392539064586349,0.012049439683509742,0.0011629570800200106,0.01683517568560866,0.015105574769111604,-0.0025909209308875906,-0.09374763384406581,-0.0836586167037573,1,8
2022-08-03,SPY,0,0.015659476232172453,0.015538131788419562,0.010566634422740832,0.012596447173858953,0.010193391270023389,0.027718317913423052,0.013843511686008846,0.010114610132907292,0.06912859381354886,-0.01458637549128583,2,8
2022-08-04,SPY,0,-0.0006757798023967476,-0.0006760082444916549,0.010373866228424828,0.012562984080407466,0.0055402815280680695,0.023121824441916017,0.006395235967157645,-0.0004826162410639033,-0.3268033606308408,-0.31753726507579927,3,8
2022-08-05,SPY,0,-0.0016900492477466278,-0.001691478992095874,0.008631819794892226,0.011892416264470872,0.0031199743409222602,0.01677612365161618,0.011106741571778177,0.009300389407153997,0.2443962099674526,-0.1307593319801419,4,8
2022-08-08,SPY,0,-0.001160837278448179,-0.0011615115719214586,0.008474560952673649,0.011991331642241023,0.0008773345366488439,0.011263748418925301,0.013943428163568633,-0.005442528032811559,-0.05154985751977037,-0.17588957681031048,0,8
2022-08-09,SPY,1,-0.003970887724724093,-0.003978792632659989,0.007942358567292243,0.011029490180955781,-0.0046842496199279715,0.002227050563620825,0.006137496414062428,-0.002110511655453864,-0.1661708678119218,-0.3043054690423691,1,8
2022-08-10,SPY,0,0.02100376938890247,0.020786231035559766,0.010309015415092744,0.010058655491431841,0.013504002091868639,0.0185748207742773,0.00816661119848938,0.0028893248450382845,0.5282205475854518,0.08617513175463465,2,8
2022-08-11,SPY,1,0.0,0.0,0.010257976046626378,0.009745436935125881,0.01066511089689226,0.0151477848761985,0.013570110131383087,-0.007092366413535523,-0.1336329492017121,-0.03691909691080808,3,8
2022-08-12,SPY,1,0.016929002645672764,0.016787304054991736,0.011507423846777404,0.010067543442814346,0.0210765472099399,0.02857664792862491,0.014643491442922554,0.012013381368347089,0.03706187793853388,0.04144581095516364,4,8
2022-08-15,SPY,1,0.004120819737049253,0.004112352412970033,0.01084481551528478,0.009795937755850517,0.01756281504552737,0.028335184074429476,0.011064840569233278,0.009628731887080145,-0.12393649352859659,-0.062383553221858956,0,8
2022-08-16,SPY,0,0.0019588451581609156,0.0019569291227208296,0.009501957270460454,0.009079885872478153,0.010754554101660041,0.02503072818139418,0.011338942741781684,0.004605711944692358,0.09696327174027686,0.03598270269363546,1,8
2022-08-17,SPY,1,-0.007098019583634985,-0.007123330366709979,0.008763011733443389,0.009023689954161822,0.0004455980353628153,0.014801703241913655,0.011645632674580415,0.0017374333263185395,0.07209431766432228,0.1189951411872403,2,8
2022-08-18,SPY,0,0.0029062588882531326,0.002902043882514249,0.00859392789015679,0.00893479414219838,-0.00035047832887424857,0.014440495353752691,0.007285727072780344,0.002413037839624781,-0.22875113666040525,-0.14206101224592083,3,8
2022-08-19,SPY,0,-0.013437936839700626,-0.013529043019611997,0.007641072374108823,0.010327573605879846,-0.011492823145822118,-0.0012444283933708,0.00950634957052567,-0.006682658629753741,0.3874430881704989,0.16745444540296872,4,8
2022-08-22,SPY,0,-0.02082260609252251,-0.02104245377786551,0.010130027959842854,0.012636236964809986,-0.024993845764636258,-0.022124404635324058,0.011581386479362419,-0.008871794263880578,0.1422984581773059,0.28122165219013096,0,8
2022-08-23,SPY,1,-0.002419067776003647,-0.002421998447739604,0.009283660142286352,0.012589326352759575,-0.01932562781167746,-0.024720673736653098,0.008839972070761462,-0.0013320121121305564,-0.3679796539314968,-0.1957765543739145,1,8
2022-08-24,SPY,1,0.0032011089327885767,0.0031959962914314133,0.010627464325881715,0.010408326819741649,-0.010074626234863104,-0.020134019193118857,0.009026645398925653,0.00378546536512831,0.001478458493194168,-0.16803416524615988,2,8
2022-08-25,SPY,0,0.0141176085197956,0.014018883176808217,0.013734956234764086,0.011526649891373466,0.007943296332573846,-0.006187681992576577,0.013173107960087558,0.010283256987940545,0.03588001089922699,-0.12553844590444663,3,8
2022-08-26,SPY,0,-0.03384920317804119,-0.03443535258208019,0.019224921340160885,0.014109032549038206,-0.018234850254399193,-0.0348452944944333,0.03507472982495562,-0.033572609261206705,1.023603174572016,0.6521710839368686,4,8
2022-08-29,SPY,0,-0.006612138850003779,-0.0066340958822408425,0.01784807251784165,0.01373007642336569,-0.019635087998033374,-0.035200820686634104,0.011536509174621698,0.001069101598037527,-0.3658676651760163,0.029021935828351664,0,8
2022-08-30,SPY,0,-0.010977806797778267,-0.011038507568508216,0.017935400604307566,0.01348257015156674,-0.023674444156587815,-0.038537217252521905,0.020056966648749824,-0.013965617341087375,0.3102547314703201,0.29455744908141135,1,8
2022-08-31,SPY,1,-0.007609085001863636,-0.00763818178304021,0.017054720789429177,0.013481849161772369,-0.02223830204449817,-0.03854764954325396,0.015502667474303134,-0.0118770787062494,-0.11234594710714474,0.1278682464301708,2,8
2022-09-01,SPY,0,0.0031377790959636886,0.003132866540795476,0.013716315290634938,0.013501984858618844,-0.007833836163819274,-0.028089404919659722,0.017154903365019396,0.008984699655590785,0.03564922655225522,0.11875687145167402,3,9
2022-09-02,SPY,0,-0.010544354071132744,-0.010600339674980752,0.005712590341231965,0.013391793114307616,-0.011830637828357804,-0.031235905638087313,0.028055388779293058,-0.020085961250726668,0.2653285936898735,0.3547406765810073,4,9
2022-09-06,SPY,1,-0.0037731727897662992,-0.003780309163053275,0.005840927661667907,0.012527519362101293,-0.009635988245877636,-0.0294763530272818,0.01449897392378438,-0.006028527682322208,-0.2307960988476605,0.043573390590200045,1,9
2022-09-07,SPY,1,0.017964915279447657,0.01780545317238591,0.011355246374386086,0.014580606007583199,0.008375625476655602,-0.008452824165704698,0.021489087130215787,0.018825413624457835,-0.07402651968882035,-0.06161031152006169,2,9
2022-09-08,SPY,1,0.006536135547597244,0.0065148676366462155,0.010784638602819413,0.014787443772327118,0.012297715752043414,0.0013453471354276658,0.017046435126511446,0.012620425527973609,0.13890806913908693,0.025815301029588733,3,9
2022-09-09,SPY,1,0.015535423608210364,0.01541598435281255,0.012246795686966256,0.014977097965027926,0.022759323171513746,0.020195670250485742,0.01253915288523499,0.009584386856875782,-0.050912069407102245,-0.057240509742426116,4,9
2022-09-12,SPY,0,0.010747576825663296,0.01069023213360687,0.008581248993880635,0.010847245143287694,0.0241017574349498,0.02969798629639353,0.007999460690383499,0.005357410949523114,-0.09713076659335729,-0.11188420382564201,0,9
2022-09-13,SPY,1,-0.043482531172164274,-0.04445622698806151,0.025506798707507904,0.017876917802403924,-0.021569808914167377,-0.01271846983826741,0.027822693799310634,-0.021725557475736044,0.7752478835860419,0.46822159718333634,1,9
2022-09-14,SPY,0,0.003815973583405352,0.003808711225657291,0.023955665286109925,0.0176851800426888,-0.016278916028954593,-0.008051664951682191,0.012878082171327186,0.0003295684904053406,-0.3084529850643082,0.01610714289128823,2,9
2022-09-15,SPY,0,-0.011353296800815538,-0.011418237469940529,0.02381526257129989,0.01788463951766917,-0.022446705964812796,-0.018064537790147606,0.018271561563289688,-0.007227189534930769,0.030698499359590237,0.032974905915897024,3,9
2022-09-16,SPY,1,-0.007628921764844754,-0.007658170842735679,0.020910496139892903,0.017922437881861562,-0.02035225603567914,-0.023275164292163142,0.010777358490566038,0.0036965243296921547,0.17631324899753298,0.18120608496770974,4,9
2022-09-19,SPY,0,0.007755003725878895,0.0077250882480397465,0.020214443075779975,0.017912063716993717,-0.0022399464011946257,-0.015180409527034922,0.016664037446902,0.016454711104099858,-0.2891435012727386,-0.134186577159639,0,9
2022-09-20,SPY,0,-0.011478625995414493,-0.011545013939996629,0.008974867276229216,0.018236651035170554,-0.009929189565184182,-0.02523181590760315,0.012777185221395496,-0.002519091120483171,0.05453714254522124,-0.08765479339294746,1,9
2022-09-21,SPY,0,-0.01744385004475346,-0.01759778679004853,0.00949848806265073,0.017534996159986584,-0.01931490273664016,-0.03765310675833211,0.030897912844493527,-0.022584162632274987,0.38138774686217647,0.20921735034651556,2,9
2022-09-22,SPY,0,-0.008399808656148422,-0.008435285856364771,0.009330495365788805,0.01710238137299076,-0.020269064162046657,-0.03973196247280286,0.012905585864504963,-0.006266889998705811,-0.16182248427584578,0.0037028345171306043,3,9
2022-09-23,SPY,0,-0.016754772693458486,-0.016896721679922067,0.010226430269845356,0.015519035872204877,-0.02771902077767141,-0.046774014019648424,0.01977976911291249,-0.007096914189999065,0.3674230993622629,0.3056391380236936,4,9
2022-09-26,SPY,0,-0.00989269277826732,-0.00994195059433256,0.004085509016286988,0.013817695942879628,-0.024845282704628158,-0.04507687925531745,0.0195955148713745,-0.005731301226841443,-0.2432893681817847,-0.03600422370034839,0,9
2022-09-27,SPY,1,-0.002552726352124224,-0.0025559901135485674,0.00620451013314052,0.008211697653164334,-0.016429789980955234,-0.04044394472519108,0.025895329231540292,-0.01260796769027402,0.1697202023737001,0.1450761527701514,1,9
2022-09-28,SPY,0,0.019676375131109314,0.019485297669232793,0.013951428644354348,0.01149325573097558,0.00666165912158001,-0.015726876462107464,0.026620510344887657,0.0168779675450695,0.02316007981967627,0.14050870619061606,2,9
2022-09-29,SPY,0,-0.02088909273225703,-0.021110356588417645,0.01599710217337672,0.012366904731217947,-0.008206916903578443,-0.02965419391589663,0.02020112099956488,-0.010959322375147988,0.019404849362196774,0.13311031394291195,3,9
2022-09-30,SPY,1,-0.015463304106093978,-0.015584107962348881,0.01579080291100302,0.012672382213619389,-0.01775931806098563,-0.03735175446476158,0.02451629468341259,-0.012769472838764107,0.3608505537293176,0.46746536026895535,4,9
2022-10-03,SPY,1,0.026401062317118695,0.026058569312048974,0.020951561948297143,0.016085730947569606,0.0068991672388467595,-0.00605951401583793,0.02586683473253465,0.015315162803104057,-0.4160705270663426,-0.15637511002750626,0,10
2022-10-04,SPY,0,0.030986610647331547,0.030516218187479183,0.024435251833255685,0.019605049022974188,0.02984605654912964,0.026442444936700893,0.030692784272597043,0.014957055358510664,0.1542651507133188,-0.049747841444990004,1,10
2022-10-05,SPY,0,-0.002328308407538726,-0.00233102313218847,0.02381220796005717,0.018799629049098595,0.023788479013720387,0.02413601747434413,0.022791127009808714,0.009909160781754741,-0.14996795453404732,-0.17817383680536925,2,10
2022-10-06,SPY,0,-0.010315601343118708,-0.01036917591306441,0.02142815611968566,0.018905091716308567,0.007532304034370885,0.013852281650419185,0.016080103890735338,-0.006442636019419716,-0.06509004073095426,-0.22651342519454243,3,10
2022-10-07,SPY,0,-0.02789405202931894,-0.028290480491926395,0.024951524839209652,0.020273263387272002,-0.023529621386367494,-0.013044654057561722,0.03347157238435854,-0.016749309307898516,0.3091815603612138,0.026675200902190666,4,10
2022-10-10,SPY,0,-0.0076352592846467005,-0.007664557103055358,0.02150175631170085,0.020178397721261936,-0.027535435157660992,-0.01943591658324717,0.01796894763404496,-0.010825372386823308,-0.29452497692261304,-0.26411423189767347,0,10
2022-10-11,SPY,0,-0.00633296842416442,-0.006353106737251757,0.009926347825520225,0.02024598553586019,-0.023016757910734764,-0.02414675208324557,0.02043325012215891,-0.0013957124096415923,0.21619403809433635,-0.09111323759190426,1,10
2022-10-12,SPY,1,-0.003298409072095443,-0.0033038608146513937,0.009724314778700617,0.0188463075023023,-0.015196253242716673,-0.023644844583242453,0.009827789595122573,-0.004495116310080122,-0.16750141647960481,-0.2173473809705092,2,10
2022-10-13,SPY,0,0.02639100472177658,0.026048770369913044,0.019451132592315,0.019946961231589486,0.01484682011886096,0.0012502888394703149,0.055554035934730954,0.047994072837921606,0.912599783353552,0.44646366893899403,3,10
2022-10-14,SPY,1,-0.022788797524286197,-0.023052475812733064,0.01794264662383899,0.020739602260621263,-0.0054340983767752205,-0.021687426911612295,0.03608742029864914,-0.02962958424052506,-0.15970649453836727,0.2523266625636642,4,10
2022-10-17,SPY,1,0.025696999569519763,0.02537238107543427,0.021504484994573282,0.02064218595753835,0.016279535358081132,0.00339462561728765,0.0293948295925177,0.007719561229656904,-0.2470465584263397,-0.060301052398431976,0,10
2022-10-18,SPY,0,0.01174963566548115,0.01168114467046788,0.02085704081720686,0.018212701847181725,0.020647817054443518,0.017087117633931115,0.021139399915068507,-0.010662970031548308,0.042876217421824236,-0.013603359983318297,1,10
2022-10-19,SPY,0,-0.00708642887431532,-0.0071116568663081026,0.02141105155770381,0.01829362329412855,0.00680313513972397,0.012262555026171906,0.01707368350709251,-0.0013279228362367448,-0.179245370403724,-0.1835149822890093,2,10
2022-10-20,SPY,1,-0.008385403463631702,-0.008420758743512557,0.018961269510098328,0.01820789169757745,-0.0013337181814221388,0.005926920969715255,0.02190046491564775,-0.007118971621546208,0.10704115144287751,-0.10159012353719676,3,10
2022-10-21,SPY,1,0.024301736947339503,0.02401114819975181,0.016440749536211833,0.01741084985581696,0.013704386709527228,0.02712099992002459,0.030839119737698605,0.025115067786937288,0.48429767418679237,0.30268720293020723,4,10
2022-10-24,SPY,1,0.012236183199441086,0.012161926243932086,0.013995630212941389,0.01716122526043887,0.019454198000459,0.03433863135097259,0.018489483455769527,0.007927798964112193,-0.34800104396879084,-0.15850793236498484,0,10
2022-10-25,SPY,0,0.015968653053176407,0.01584249538619975,0.014504434990512873,0.016936582253131587,0.028103777407585406,0.04311538097479595,0.017371066880939878,0.01618312190007389,-0.07713997113659321,-0.21284839457463867,1,10
2022-10-26,SPY,0,-0.007534102944748988,-0.007562627660752774,0.014617211476786494,0.01728542379229959,0.01304150193270881,0.028162600342929167,0.01632508922085412,0.001048147113888897,0.32012916268740566,0.011772893911756954,2,10
2022-10-27,SPY,1,-0.005339992676753669,-0.005354301399362882,0.013842218494963221,0.016221175216282697,-9.475834056438259e-05,0.01883058515142544,0.014801507085715142,-0.008066401124626149,-0.21247068566482175,-0.14921013311346343,3,10
2022-10-28,SPY,0,0.023790637274882398,0.023512049927134626,0.013692135230535748,0.014283677102714103,0.015818751663990493,0.03436347636129966,0.025903589292055162,0.0240871719643497,0.22361592645275574,0.06699283586573301,4,10
2022-10-31,SPY,0,-0.007223286757833791,-0.007249501005257564,0.014841902489208457,0.013670492247149717,0.004630176363443317,0.021624892965129483,0.008125411735384391,-0.0005952049085886244,-0.036596478634523755,0.02417163032935954,0,10
2022-11-01,SPY,0,-0.004375756632280403,-0.0043853582752060305,0.013439704301821445,0.013769032013838216,0.00044235580643503525,0.013564463794446535,0.018198610337146714,-0.014405150519692106,-0.11614973616209245,-0.08336513723185446,1,11
2022-11-02,SPY,0,-0.02509627655256752,-0.025416558042036463,0.0175291366197894,0.016276725040982334,-0.021022670386519282,-0.013528589481944575,0.03612918816801918,-0.023521747650070927,0.4868747043588626,0.29715051689227034,2,11
2022-11-03,SPY,1,-0.010296839790935763,-0.010350218986616255,0.017786957421368984,0.01642065983501321,-0.026542346662832283,-0.02512275179341117,0.014563770006545173,-0.0012383004107102264,-0.3141205949426098,-0.10923479061058872,3,11
2022-11-04,SPY,1,0.014393280308573786,0.014290680377398779,0.014158038831892088,0.015151377106864117,-0.00592179749118682,-0.011626061711961122,0.023527838507128647,-0.0017241217413378647,0.18834765976158474,0.089208652323018,4,11
2022-11-07,SPY,1,0.009565587067618564,0.009520126514311222,0.015840383290546014,0.014946664117752688,0.006916953721862074,-0.002454644978742704,0.01334359338895406,0.005930530837491853,-0.3402563349474229,-0.26819435128415803,0,11
2022-11-08,SPY,0,0.005395345110264849,0.005380842377281425,0.016250623506287715,0.014070073713071906,0.01370357323164928,0.003696921677688314,0.01941695096143467,0.0023353223023440026,0.23949249416798835,-0.09853058347552623,1,11
2022-11-09,SPY,1,-0.0206021851337701,-0.02081737081072177,0.014643892717790976,0.0153287871534813,-0.006790864315222911,-0.014939320220967778,0.019819517916556957,-0.015265938211722741,-0.07260775202590708,-0.1405588702201248,2,11
2022-11-10,SPY,1,0.0549541504531188,0.053497306697503966,0.027205192468687796,0.023526080664277686,0.03478009030822693,0.035184533896226,0.024223667548469118,0.017111235297809262,0.8020880177844589,0.4540860197700305,3,11
2022-11-11,SPY,0,0.009678565481835877,0.009632028202071652,0.027215321870323512,0.022616057015740307,0.0327946214522028,0.04260854954480964,0.014510025038778592,0.007381413723213224,-0.336613274252452,-0.02892812135679501,4,11
2022-11-14,SPY,1,-0.008506835843065885,-0.008543225491909112,0.028743198112738212,0.022681796872769132,0.016019860623997184,0.03133511124277022,0.013487636903449864,-0.0038824396982401962,-0.23376410247666501,-0.23639003171110395,0,11
2022-11-15,SPY,0,0.00852915585808356,0.008492988116286071,0.028701329833309874,0.02261345416339259,0.016068846163041828,0.03635254787726794,0.01949397343437747,-0.006630945288748481,0.2961051965481514,-0.018398633513405982,1,11
2022-11-16,SPY,0,-0.007628809338672493,-0.0076580575522857686,0.02581930801330519,0.020729414695062277,-0.002527409932455371,0.02297122176548516,0.007535637490734856,-0.0033519496354588447,-0.2648868763714597,-0.23104595080876067,2,11
2022-11-17,SPY,1,-0.0030596491682078897,-0.0030643394642746458,0.008748607180100685,0.02023520210717052,-0.005353563356685465,0.013749390297424613,0.012318797479529048,0.00968088629313961,0.08740229314610604,-0.1518388591404206,3,11
2022-11-18,SPY,0,0.004540286556157236,0.004530010547427743,0.007513020868716249,0.020034701502053023,0.0004143158661569224,0.013224670702577157,0.01199273176142303,-0.0042992696159882835,0.24734382781426723,0.07085092443685892,4,11
2022-11-21,SPY,1,-0.0036362588056937373,-0.0036428860652435446,0.006592194659400966,0.02015600587912365,-0.0029564699579976983,0.005773151586173864,0.008007306772792525,-0.00012674414324516354,-0.448538298044069,-0.3976354553798468,0,11
2022-11-22,SPY,1,0.013457143396681914,0.013367400270100305,0.008363517648746875,0.02037949569367365,0.009741390285311846,0.014678475271134639,0.012404541681580627,0.008244431771212113,0.17925890654760046,-0.2688466279091293,1,11
2022-11-23,SPY,0,0.006301591435932563,0.006281819428554769,0.007106843107024397,0.018330283765594656,0.012540390634971477,0.01379542585993665,0.009060180772832962,0.007183145344638981,0.12961657482334643,-0.16372191624478039,2,11
2022-11-25,SPY,0,-0.00022362763439953692,-0.0002236526427878971,0.006541018746477701,0.007624540763793246,0.008209460285226289,0.011621631629557871,0.0034093899484057503,0.001244307335709699,-0.5525244061082659,-0.5669434676166707,4,11
2022-11-28,SPY,0,-0.015957103490420677,-0.016085788866274875,0.011053343651558965,0.008932892569670847,-0.00781895967164481,-0.0038696980540566805,0.014282523389048618,-0.007968109210858046,1.2223182541397395,-0.0008391399235280206,0,11
2022-11-29,SPY,1,-0.001717548526824264,-0.0017190252043803866,0.01092865085901564,0.008514957672599896,-0.009840725458644117,-0.0056081325102596,0.010099735193252829,-0.0020703871529198477,-0.2293935322679489,-0.20717510320667432,1,11
2022-11-30,SPY,0,0.03150051652328334,0.03101455427871258,0.01739532446998664,0.012980874286120695,0.017383858608314373,0.023349560238968392,0.03590478151175948,0.030822530891824136,1.7636532211814187,1.0328157411615422,2,11
2022-12-01,SPY,0,-0.000735807870367311,-0.0007360787098438237,0.01744522921511526,0.01256811036440376,0.01412472849691171,0.0195434070132543,0.01284340861878783,-0.003400406507858592,-0.47153666784951165,0.062481355724774756,3,12
2022-12-02,SPY,0,-0.0011535883348393616,-0.001154254230024243,0.017487409686318997,0.01247934840325406,0.01065028078671526,0.015148345819873787,0.014219939597576134,0.011584844405492543,0.11707736569709759,0.16923681009298663,4,12
2022-12-05,SPY,0,-0.017989333075968283,-0.01815310823856997,0.018035395816673044,0.014141085770319875,-0.009341580439092279,-0.003998076951466811,0.016734692520772275,-0.010793453985356095,-0.09435956443843474,0.08208373269312563,0,12
2022-12-06,SPY,0,-0.014414732381346829,-0.014519633941776355,0.01951919072436041,0.014921655694485359,-0.022943412391403628,-0.01816919889425128,0.020905250876839778,-0.013995359940771054,0.008829108109996486,0.05226038640901742,1,12
2022-12-07,SPY,1,-0.0017012843230924668,-0.001702733150745317,0.008322301575384109,0.014141731500586473,-0.01752739785723323,-0.018189829337944108,0.00933988243734903,0.000559885018924564,-0.15446915695594066,-0.11683530563655997,2,12
2022-12-08,SPY,0,0.007833990015994052,0.007803463641437247,0.010566120296253484,0.014244902358375708,-0.004287018946554255,-0.0089688902801347,0.010350752103731032,0.0027837615659253496,-0.07872236185287262,-0.17807620419923664,3,12
2022-12-09,SPY,1,-0.007470113613425755,-0.007498154645869448,0.010292856434424144,0.014359112476702489,-0.004908563963084034,-0.014140533408910194,0.011318177933536372,-0.004203179348376226,0.34096997097364246,0.031147092064095716,4,12
2022-12-12,SPY,1,0.014417183426675306,0.014314244055258385,0.011568833464622764,0.01433366508041312,0.009764861821690562,-0.0006887564918529598,0.014057011369503762,0.012280903898314691,-0.07418134582069225,-0.054352846486244166,0,12
2022-12-13,SPY,0,0.007569831743930333,0.007541324341387323,0.00865945494805349,0.014448741553728302,0.013233517203793177,0.0051788432816541885,0.027838678943429104,-0.020111159805592718,0.6415514456447646,0.42463545238110045,1,12
2022-12-14,SPY,0,-0.00639341089079648,-0.006413936273780507,0.009647266354139662,0.010106242251717905,0.0035983488992636925,0.0008245251888077121,0.02288290325590754,-0.005502829948671561,-0.12660271039928905,0.29876528082112785,2,12
2022-12-15,SPY,0,-0.024461953916835255,-0.024766118056588127,0.015056841833182961,0.012318443945058037,-0.017688488042564954,-0.019295585648837044,0.018665953790054226,-0.011843730800743196,0.08874742973213712,0.3471753141181817,3,12
2022-12-16,SPY,0,-0.011806149654602027,-0.011876395676880591,0.015478360768446147,0.012468470296482239,-0.025230822751253434,-0.025507147798493834,0.014382829151790687,-0.004958730199979749,0.01828370540474178,0.31967466713056814,4,12
2022-12-19,SPY,1,-0.008479571774606898,-0.008515727880630486,0.011490895400378013,0.011746890004420764,-0.025012739099565584,-0.029391614398218024,0.014447045472361128,-0.008996824252350375,-0.3335605466468654,-0.12301596581481478,0,12
2022-12-20,SPY,1,0.0013683712319529917,0.001367435865226696,0.00944667940908832,0.011317803058309546,-0.013763518743450387,-0.025202810773271134,0.011549731708787168,0.003454361523727028,-0.06824023105206556,-0.1796687756390707,1,12
2022-12-21,SPY,0,0.014952377407010387,0.014841692582201915,0.014777546262193688,0.012661314871543468,0.006903874888353867,-0.009324688630645395,0.01231572399400685,0.007775632058259947,0.05025313326310821,-0.14991248712102312,2,12
2022-12-22,SPY,1,-0.014265998847405092,-0.014368736482821554,0.011976846359134725,0.012827797496923976,-0.0037575445777335847,-0.020011744742408633,0.029865560125247555,-0.006082721959320199,0.28085237579860656,0.044117205378469304,3,12
2022-12-23,SPY,0,0.005752227928498943,0.005735747036457184,0.011552765254842022,0.013047740416374994,0.002161853376727585,-0.012194979938210837,0.013249042170848442,0.00858688217578077,-0.40214980089072316,-0.36139570671271026,4,12
2022-12-27,SPY,0,-0.003943522020589008,-0.003951318206589782,0.010892875964870265,0.011679929930618461,-0.0025107366490970673,-0.012082429212035506,0.009143394346431228,-0.003631272022280008,-0.13731157269038197,-0.4347503598064161,1,12
2022-12-28,SPY,1,-0.012427780884574635,-0.012505651599524548,0.01235364168369405,0.011185961275618085,-0.012904023035435253,-0.018391912952497647,0.01827813564665008,-0.012246566162116506,0.37323725459059376,-0.17609511037721748,2,12
2022-12-29,SPY,0,0.018000331980956075,0.01784024423923647,0.013427024710195452,0.013503291933077486,0.006335586469765397,0.002971839902366158,0.013881988945728342,0.010036081209571023,-0.05557067612446498,-0.18281870435371061,3,12
2022-12-30,SPY,0,-0.0026341255413872,-0.002637600954528807,0.01150578927269298,0.011333879713308561,0.0027846987247535093,0.0017498102402915272,0.010902673751516498,0.0047025482305032736,0.25460759822549783,0.06918646355285607,4,12
2023-01-03,SPY,1,-0.004210016002322736,-0.004218903071599556,0.011327360985281289,0.010796941002231558,-0.0003413453901927044,-0.0018269900034925124,0.02237429095081586,-0.00923586085819842,-0.10915567552384964,0.010343062591820829,1,1
2023-01-04,SPY,0,0.0077202600086268,0.007690611300710692,0.011772955109337095,0.010696298467960308,0.006129669682120031,0.0048940658005891535,0.015345281578382742,0.0015136935668103053,0.1480734315109946,0.15054296396145994,2,1
2023-01-05,SPY,1,-0.0114133223171895,-0.01147895414301825,0.011482611725518467,0.011392555126119804,-0.00677019449572136,-0.006273276489549451,0.00806870628318173,-0.006130138138969785,-0.10430783588819803,0.027035119515982364,3,1
2023-01-06,SPY,0,0.0229320088438405,0.022673022242518215,0.01331990976398335,0.0127714527467861,0.013544154161392097,0.016022530431699655,0.025718085556102544,0.014296545908693406,0.3536302869281087,0.3435742306657199,4,1
2023-01-09,SPY,1,-0.0005669057935623334,-0.0005670665454085011,0.013152556363088316,0.011694868855018307,0.010104638676278421,0.013551915595814812,0.015446880791866941,-0.006429822468480205,-0.2899665609619386,-0.012734293124020857,0,1
2023-01-10,SPY,1,0.007012821176794359,0.006988345707800825,0.012582745996132166,0.011747431191940593,0.012043506371395063,0.018618151721383258,0.011310535526952872,0.008599061516502582,-0.11652097039529263,-0.13412784094409302,1,1
2023-01-11,SPY,1,0.012647940749531239,0.012568623645424104,0.013021010430792828,0.011976764610840466,0.018635866851022476,0.027717062359217337,0.010758996258575994,0.008387879395231763,0.05390303573696298,-0.10783496972023665,2,1
2023-01-12,SPY,1,0.003640804732539138,0.0036341930460350724,0.009103776585705901,0.010566548577546481,0.013170047267726082,0.026046656890425623,0.015302333428706372,0.0007310308758606942,0.3088887953299235,0.13934309179806226,3,1
2023-01-13,SPY,0,0.0038794882244830298,0.0038719824162418703,0.004901906513537252,0.009580151408052165,0.01171923593479618,0.026033213935504618,0.014633427765553793,0.012397756575754334,-0.29119864415352215,-0.18928989173430633,4,1
2023-01-17,SPY,0,-0.0018319129590507188,-0.00183359296365726,0.005298491763597299,0.009522534370127227,0.004809703406260635,0.020124483119854597,0.007955263351574085,-0.0017818258208204347,-0.019194446661314868,-0.18271991003794363,1,1
2023-01-18,SPY,0,-0.015787991001294133,-0.01591394883776065,0.01048324927247548,0.011187423298528655,-0.011508702827445871,0.0012788233018121709,0.022154823491979968,-0.018846693935490978,0.5896074017227928,0.25848777546863166,2,1
2023-01-19,SPY,1,-0.007279804928614797,-0.007306432013873376,0.00826905667386685,0.011460167017404063,-0.01528351790297977,-0.007249363343135085,0.009810912652442896,-0.001849113237650554,-0.12720172072711355,0.09698596266592663,3,1
2023-01-20,SPY,1,0.01862908205880065,0.018457686070809665,0.012908928530442431,0.011685851034993222,0.003610095891800169,0.007000366085192056,0.019635999851988575,0.01481671030213497,0.055744725381760896,0.1368602603897202,4,1
2023-01-23,SPY,0,0.011998461533636817,0.01192705064043853,0.014053969939084652,0.010164179187109315,0.01455619412773368,0.015839906684254945,0.017468221048744046,0.009855826905823595,-0.08308353230275889,0.0688928940846385,0,1
2023-01-24,SPY,1,-0.001073184832924956,-0.0010737611081044207,0.014017833493450909,0.010186452726191774,0.012221573878290037,0.011584519697061424,0.008799586855896867,0.0033092842660954057,-0.2928754033081964,-0.23002863612715585,1,1
2023-01-25,SPY,1,0.00037457846002841855,0.0003745083230315416,0.01052017981462691,0.010125298463957324,0.008082633160053865,0.009470493816886139,0.01803261631093014,0.0111124984488793,0.4246189409810013,0.07000616765524126,2,1
2023-01-26,SPY,1,0.010990624016493422,0.010930666025491753,0.00833980710445442,0.009953200474351637,0.010960157365853762,0.0181955288218687,0.012130118297344297,0.004018542647696053,-0.1475572610002559,-0.0917845699340355,3,1
2023-01-27,SPY,0,0.002297553465780533,0.002294918125601342,0.006132157292335044,0.009942963584446487,0.00834649325271597,0.01830113273282441,0.011693011885948661,0.005004184202908401,-0.05452125819990761,-0.11710693637287617,4,1
2023-01-30,SPY,1,-0.01254676266670518,-0.01262613792731937,0.00843779428835595,0.010944677683512788,-0.004285199687276475,0.004997516040951,0.012040730512654415,-0.005486572795563283,0.08567850151142276,-0.05404604325901674,0,1
2023-01-31,SPY,1,0.0147032891320249,0.014596243779882556,0.010603901437193806,0.011759060297071853,0.007210653553322066,0.01755077345452838,0.014359458767757224,0.01333733711861967,0.16993881566534585,0.07367395173329006,1,1
2023-02-01,SPY,1,0.010627754334669115,0.010571676723053258,0.010916444921958318,0.01011348784956253,0.012670632793350789,0.023417944894883247,0.027936150546459797,0.013795307262334217,0.16872591053289998,0.25200169452225807,2,2
2023-02-02,SPY,0,0.014557082678519961,0.014452145510593262,0.01148968510691125,0.009539312106259412,0.021354445973633673,0.031087527288914174,0.01308873563975986,0.0046280998301325895,0.0019249116886392859,0.23206897826430795,3,2
2023-02-03,SPY,0,-0.010629079356699322,-0.01068597152069195,0.013743935234124934,0.010067545086332133,0.007205728129694888,0.01598829895855003,0.014286073362155696,0.00184652147133595,-0.06805109463919456,0.14416162571607627,4,2
2023-02-06,SPY,1,-0.006111340485065675,-0.006130091159866957,0.012085188027917998,0.01012354899894676,-0.0034480126205225226,0.007495465418915881,0.007784480770366456,9.755735013087206e-05,-0.3635493282441459,-0.2501688806026575,0,2
2023-02-07,SPY,0,0.013078559832082837,0.012993773920068286,0.011764189817677925,0.010575699421202655,0.005326997992698201,0.01692466700377171,0.021816183668844826,0.015457253894131686,0.5090844560023751,0.08894711029720281,1,2
2023-02-08,SPY,0,-0.010934690880718967,-0.010994914029782699,0.012775468161626948,0.01153597607706307,-0.005593737101355689,0.0032738522073576526,0.011134524360728657,-0.006002979587579458,-0.16224954858023954,-0.07827751830264973,2,2
2023-02-09,SPY,1,-0.008669251216885887,-0.008707047779025423,0.010097504760534259,0.011622682778719065,-0.009566433894868442,-0.005992038934514277,0.021138509418724128,-0.017663683935070118,0.032368895739726566,-0.055758154752669986,3,2
2023-02-10,SPY,1,0.0023336906242377164,0.002330971797385395,0.009840429473026824,0.011623261939043528,-0.005168694280990982,-0.004246146761706093,0.008451172324391958,0.005371367644117475,-0.1007079238934162,-0.15331287333593036,4,2
2023-02-13,SPY,0,0.011738963071654895,0.01167059596381037,0.011153802191610685,0.011086396312707723,0.005039391515186287,0.004442736320332763,0.011572741662265715,0.010055748040926347,-0.08275010350474854,-0.21464891763259475,0,2
2023-02-14,SPY,1,-0.0004600481068742779,-0.0004601539614714767,0.009096773725812055,0.010329534581018502,0.005825827661113392,0.00247814417040626,0.01590306921176724,0.0034043975471952383,0.3616474231092146,0.06733424188480241,1,2
2023-02-15,SPY,0,0.0032471232023654206,0.0032418626824481933,0.0073441124610315175,0.009862203377433654,0.007456396398747067,0.004956928992090326,0.01118556420036398,0.008846118749409226,-0.30358425737051886,-0.21906215194869405,2,2
2023-02-16,SPY,0,-0.013768641575081175,-0.013864308470986408,0.009242149994273554,0.009539254088614037,-0.006990063831215809,-0.006830640743054395,0.011668555771826555,-0.0012476081972755827,0.24166405385691325,0.0017170269810848904,3,2
2023-02-17,SPY,0,-0.0024981908778450856,-0.002501316563467526,0.009270505418877827,0.009058062605117743,-0.0090948400211317,-0.008083605788604342,0.008520962403239376,0.0029552583712905388,0.16781431739531483,0.17828050499659476,4,2
2023-02-21,SPY,0,-0.020060827432235473,-0.02026477805227067,0.009798144384225138,0.010803625624404964,-0.02243711707188778,-0.02543299541767019,0.0132486388384755,-0.009849653264402645,-0.07396440423133888,0.05984524671218194,1,2
2023-02-22,SPY,1,-0.0013782048367507738,-0.0013791554345496948,0.009659393485001009,0.009340830403678932,-0.016994250187578164,-0.02280299115957085,0.010287384817183646,-0.002452894712901247,0.013143647337939601,0.08384895852275465,2,2
2023-02-23,SPY,0,0.005319378368793259,0.005305280448361316,0.010230732878115347,0.009422576507827947,-0.005228867273982307,-0.015192637985522173,0.01481724335891563,-0.0022412439036661068,0.14926864917729743,0.21418073230026247,3,2
2023-02-24,SPY,1,-0.010682338153404025,-0.010739803939991077,0.009763262699924917,0.009590933093500405,-0.01000535217853138,-0.023141137110101795,0.009129495799337554,0.0024277765982463856,0.12418642926610302,0.3159894301847894,4,2
2023-02-27,SPY,0,0.0034058634692712975,0.003400076651969286,0.010593258704436549,0.00965823168287286,-0.0018821267493819294,-0.01731725356653513,0.011353711457123362,-0.005351699694877638,-0.2564800026618753,-0.0329160793553952,0,2
2023-02-28,SPY,0,-0.0036962108476185085,-0.003703058714247476,0.006318248009279463,0.008259463657202943,-0.004156834728638481,-0.016924747202793133,0.007879578068738187,-0.0024419132338329556,0.19881856728908187,0.11702449265804038,1,2
2023-03-01,SPY,1,-0.0038357299214247798,-0.00384310519919584,0.006410430452157192,0.008164548148877517,-0.006078256744006638,-0.016327272028602735,0.00837105163738409,-0.0016944776852608997,0.03388891999676469,0.13993607418385512,2,3
2023-03-02,SPY,1,0.007777370070040535,0.007747282229593644,0.007153450538473896,0.008741019759967081,0.0030914740697607357,-0.004666230515470549,0.01619643472488249,0.01306408520550249,-0.14621871326729974,-0.0522845620034329,3,3
2023-03-03,SPY,1,0.01603759293984841,0.01591034939681979,0.008368633894503145,0.010007853648613714,0.01518025700670056,0.012332487123753344,0.013559864760957595,0.011208153616624358,0.05864359233998773,-0.011767012559178003,4,3
2023-03-06,SPY,0,0.0006928516876023583,0.0006926117766807849,0.008498686008803089,0.010004271499439827,0.012455783543013688,0.013742275406076088,0.008492784952667427,-0.001431888877286106,-0.19223368841544608,-0.18706380389802524,0,3
2023-03-07,SPY,1,-0.015328676383433493,-0.015447375101690142,0.011854773901467924,0.0090500924127783,-0.00406603604520428,-0.001591847585032724,0.017407666067890706,-0.015207022921385281,0.4878667617269654,0.17585318363932734,1,3
2023-03-08,SPY,0,0.0016319450383739387,0.0016306148630551576,0.011537196102144003,0.00905545592999057,-0.004521798797191834,-5.774028372496076e-05,0.007831509331228507,0.001330351564570655,-0.3098865669657448,-0.18052492205587856,2,3
2023-03-09,SPY,0,-0.018449788149710433,-0.01862210829572053,0.014037268296821738,0.010540387381234938,-0.019830695090830797,-0.016262522091303966,0.02739283653009311,-0.020463283323205086,0.49766410779888326,0.2065272252793533,3,3
2023-03-10,SPY,0,-0.014429365199638111,-0.014534480883384937,0.009561149603869699,0.010932957882034692,-0.025051358509150967,-0.027900181061657814,0.022609265092928793,-0.012992625640417236,0.6905845980134941,0.8758549624820087,4,3
2023-03-13,SPY,1,-0.0014254398447062222,-0.001426456750555083,0.009047641603741588,0.010742199039991936,-0.016948947732140507,-0.0262516422705793,0.025510124968528072,0.009297786374553897,-0.1662483553761367,0.4526327922163407,0,3
2023-03-14,SPY,0,0.016530205709997636,0.01639506905057253,0.013914276817223266,0.01239504933892567,0.002646624658500185,-0.009021056169564168,0.016389307078265046,0.0031498360725432137,-0.05093858926421191,0.3141381269983794,1,3
2023-03-15,SPY,1,-0.006254247628093568,-0.006273887365466635,0.013670418745619776,0.012478112253011603,0.0013170764149481595,-0.013856785853217146,0.014978357977370065,0.008784845427907216,0.1552195490689965,0.426380346600145,2,3
2023-03-16,SPY,0,0.017545089167576355,0.017392951030998915,0.014157981286358952,0.013601276370632959,0.016505909367789284,0.0038775229542764578,0.026317130662915123,0.024016281090541478,-0.17192620214581877,0.12712947462199775,3,3
2023-03-17,SPY,1,-0.011692612343420783,-0.011761508512507568,0.013376349628318905,0.0126861075556164,0.0017573263666763594,-0.004653883769595413,0.014877183473259246,-0.00821425913305771,-0.018853199417538935,0.06367171805806016,4,3
2023-03-20,SPY,1,0.009615617620955863,0.009569681802594765,0.013386742561670486,0.01328364426182046,0.006300140375951058,0.007280127236013012,0.010491315843355796,0.007523036164893008,-0.33793277145910383,-0.3064120205876578,0,3
2023-03-21,SPY,0,0.013130669113452953,0.013045209162428684,0.012734618622786107,0.013212935748144285,0.015015615824728767,0.01994427834807544,0.009641569791561033,0.0042040415587289,-0.016458941839197605,-0.3091844810946991,1,3
2023-03-22,SPY,1,-0.017046739629291263,-0.017193707909755496,0.015599065609255983,0.014327297628544525,-0.00447061169675711,0.003916261247089103,0.0261329286059522,-0.01660277744930671,0.22095139864647817,-0.1794631477059735,2,3
2023-03-23,SPY,1,0.00270333835799752,0.002699690910902497,0.01320347176588609,0.013005959584331471,-0.0010519689315039438,0.005832200216130623,0.022627762090337872,-0.004859609020609658,0.06805307723009024,-0.12836314150422945,3,3
2023-03-24,SPY,1,0.006562068798356968,0.006540632152957748,0.011843191288361324,0.01191058585810326,0.0025687489995700474,0.009512346314795694,0.016435286090225768,0.009978572117833803,-0.09776935818880905,-0.16376642143493492,4,3
2023-03-27,SPY,0,0.0018698430867172267,0.0018680971062670082,0.011252195236154451,0.011820811155682313,0.0030458363194159066,0.008160870221883165,0.008439706395936223,-0.004094255256716519,-0.3126973395838132,-0.3852587148928225,0,3
2023-03-28,SPY,1,-0.002244678965476865,-0.002247202033665019,0.009167747781922654,0.010943804018769352,0.0024732521876800195,0.004528975550747161,0.007074785533756134,-0.0004294992416678111,-0.15050182136564594,-0.4371615014553104,1,3
2023-03-29,SPY,1,0.01453489677092068,0.01443027769205596,0.0063327797115899555,0.011293250956777886,0.012303533083793505,0.01563521509620802,0.007301311432527635,0.003550654998975193,0.23263566914844036,-0.2413679280237373,2,3
2023-03-30,SPY,1,0.005855224512958834,0.00583814930626847,0.006242422820676791,0.010232857158439107,0.012850683157004994,0.019235922149954288,0.006409454233865593,-0.0009650922675484383,-0.09881429045174128,-0.26339502540622695,3,3
2023-03-31,SPY,1,0.01409479231737043,0.013996384347379376,0.00741696476141703,0.00953207310955465,0.020144363677640165,0.028563939879976408,0.01272679377120444,0.011688852230322419,0.6045618556701031,0.21854471991247904,4,3
2023-04-03,SPY,0,0.003810373847181525,0.00380313276108879,0.00713859767082021,0.009389184237214066,0.016704641080007354,0.028038037123597315,0.007166424439380864,0.005136372929352311,-0.39862987294601415,-0.2461661816809403,0,4
2023-04-04,SPY,0,-0.005548052498062894,-0.005563500103903607,0.008292068570415556,0.009300733796897933,0.004567234137412557,0.01984442223431704,0.011369766408036084,-0.007166759935005758,-0.011716680689289882,-0.23363352513159397,1,4
2023-04-05,SPY,1,-0.0026182384128787817,-0.0026216719936700272,0.007688735962826287,0.006691753392904952,-0.001132167411251217,0.013257407485337769,0.0069133075896679694,-0.000759965570372565,-0.021040066665165225,-0.20730117150071647,2,4
2023-04-06,SPY,1,0.0039008660145072316,0.0038932773651429997,0.00756350490057224,0.006678622438288342,7.330658797743972e-05,0.013175083504202378,0.009341933803329707,0.005949341134045748,-0.022345023481523008,-0.1688198126199063,3,4
2023-04-10,SPY,1,0.0010263565064787539,0.0010258301627530386,0.004134002089974493,0.006674081565730402,0.0009921287820329194,0.010746278888180916,0.009148819150338237,0.0073780775388635495,-0.0009773576203302436,-0.11908941171230258,0,4
2023-04-11,SPY,0,0.0002686555539270774,0.00026861947248590923,0.003612953347776138,0.006735610546225789,0.0018633165070365276,0.007727969700793258,0.0055086510852909235,-0.001316259279646518,-0.06882900708217521,-0.16268043251840758,1,4
2023-04-12,SPY,1,-0.0040761207145371126,-0.004084450738404577,0.0031370042445536548,0.006925586165984067,-0.0019177458237076284,0.000556508636233799,0.011484232991971936,-0.009274789058454866,0.4573939380652603,0.1810326649273324,2,4
2023-04-13,SPY,0,0.013282609160272685,0.013195168747408559,0.006478795664573754,0.006704126744777653,0.008443606585247343,0.010842425932134248,0.014296901628205827,0.010484404471655375,-0.007007604685930646,0.15957672209334262,3,4
2023-04-14,SPY,1,-0.002442651344750635,-0.002445639484527362,0.006840058210641988,0.006823868620059618,0.004378277464536673,0.006218352338206223,0.012184779460393091,-0.0008478624684130756,-0.08918391699333916,0.04441721208224281,4,4
2023-04-17,SPY,1,0.0035882572974776927,0.0035818348612455253,0.0068810739006598155,0.005455432956554721,0.005861098197742498,0.008709277327300091,0.006959757380921722,0.0038072782763270267,-0.1500111947698035,-0.0546199982611123,0,4
2023-04-18,SPY,0,0.0006522786389702162,0.0006520659977207188,0.006857310413755693,0.005373122576885789,0.004325671735101011,0.008566019578749806,0.00707445626931077,-0.0032965858834717253,-0.04329554280484793,-0.0905930174827626,1,4
2023-04-19,SPY,0,-0.00016897352145872624,-0.00016898779909269024,0.006149251468396204,0.0049164708573273975,0.0011991532863055987,0.007054309632039457,0.0070835546589426346,0.004657739610035073,-0.13109974826935178,-0.19674382452990558,2,4
2023-04-20,SPY,1,-0.005457074812173723,-0.005472019037560116,0.00339650016477873,0.0052417050861981165,-0.003498411727520745,0.0005174473828348791,0.008341293413669598,0.001629370495992847,0.37324113255581937,0.08625389045565424,3,4
2023-04-21,SPY,1,0.0007770400824715917,0.0007767383431263042,0.003302991787402075,0.005145622200229913,-0.0025986471546415313,0.0005632953226704096,0.006089374398166473,2.4284348396885028e-05,-0.03142124777822897,0.037684714346195136,4,4
2023-04-24,SPY,0,0.001043019535786005,0.0010424759688438812,0.002735698657201789,0.005145726118569193,-0.0009249628335586957,0.0008731970176962811,0.005995294252896722,0.001553471355149685,-0.1242257417224133,-0.09205753398286809,0,4
2023-04-25,SPY,0,-0.01587385396616936,-0.016001192957588728,0.007176696606789461,0.007365556708347202,-0.012897965811362821,-0.014144070805906184,0.012518911823610802,-0.01096010557545274,0.5197187718106513,0.30876138026309974,1,4
2023-04-26,SPY,1,-0.004235424766621754,-0.004244419585000436,0.006866806284396761,0.007373435413830973,-0.012382998645845467,-0.017439393296294736,0.009982291370988237,-0.005802556702540878,-0.17715336612568489,0.0855906454087183,2,4
2023-04-27,SPY,1,0.01990812839625611,0.01971255303986652,0.012917228287485934,0.008922699270549572,0.0070178535506408846,0.002379696202487791,0.014619194611870393,0.013292392290195024,0.15564781781794235,0.24256546268817902,3,4
2023-04-28,SPY,0,0.008534993604502716,0.008498776475987846,0.01344061506505234,0.009286849986471613,0.013766118457356091,0.010083090564966701,0.010960193133874786,0.01079006184057437,-0.03802689946261306,0.17757437830230804,4,4
2023-05-01,SPY,0,-0.001009724786520949,-0.0010102349020062462,0.013503599118403223,0.009251446939701488,0.011322663133346733,0.008678591145623527,0.005656259408888756,9.629707272324082e-05,-0.30537686829596644,-0.1773566396395334,0,5
2023-05-02,SPY,0,-0.011239399881485701,-0.01130303923105025,0.012102279509466428,0.009955341982981678,-0.0023556355399061424,-0.0018417572416192796,0.016876823746689307,-0.009475113387848578,0.674092878080818,0.3071818612828767,1,5
2023-05-03,SPY,0,-0.006863862317966318,-0.006887526970370317,0.012512250676360585,0.010133787255700839,-0.010961345483018858,-0.00721682087152864,0.014828875731076148,-0.008119400177039944,-0.11987384433429327,0.10027711339988077,2,5
2023-05-04,SPY,1,-0.007083226138909993,-0.007108431278167515,0.007666334409854499,0.010218078838355099,-0.014488638138833498,-0.012627250572986193,0.008674707794540418,-0.004423335279694849,0.03681889791307502,0.11523443192106031,3,5
2023-05-05,SPY,1,0.018512791140312235,0.018343515408329125,0.0117849988695546,0.012051973828359428,0.0053700627447419436,0.005546411594924194,0.012423238675430697,0.009097359290278056,-0.07386680350972952,0.015628033301840816,4,5
2023-05-08,SPY,0,0.0002665355815778536,0.0002665000672799067,0.011813053597356018,0.012048220260874615,0.006997323424984714,0.005787468990568145,0.004746086760017827,-0.000556967783733038,-0.430586243540353,-0.41198082547191706,0,5
2023-05-09,SPY,1,-0.004385293615054242,-0.004394937218782147,0.010715293085844776,0.01084426350499175,0.002537300709600121,0.0001946852846992364,0.0034052340618715626,-0.0004864938210682555,-0.016518538647825598,-0.38671257300217543,1,5
2023-05-10,SPY,0,0.0046724788717829036,0.0046615967269412195,0.010066151207763871,0.010709493137879528,0.004853445379199517,0.002795847358094683,0.01369965536107453,-0.002488641072642571,0.9533259786144279,0.17497106045822242,2,5
2023-05-11,SPY,0,-0.0017439250103795656,-0.0017454474178340007,0.009039969669555656,0.008720102008094411,-0.00030550162784204193,0.0011151394973585305,0.00597157757539238,0.00043692843900388614,-0.27028308902685483,-0.11801588617610015,3,5
2023-05-12,SPY,1,-0.0013102864100799083,-0.0013111455859116106,0.003340716031097077,0.008184488076134951,-0.0011114407746606325,0.0008585251445056841,0.011054151167787104,-0.004426532413539375,0.004623908342847649,-0.09231189858733102,4,5
2023-05-15,SPY,0,0.0034499087883412827,0.003443971504490939,0.0037957077313668275,0.008305616591185063,0.002203274738378891,0.00492231705085544,0.007762800640379045,0.0019164731031546998,-0.22973546249725108,-0.2937153895250161,0,5
2023-05-16,SPY,1,-0.006682674289061219,-0.006705103336747342,0.004545021156077656,0.0077626158785358305,-0.004165487724545169,-0.0016499420905401463,0.006264306273020077,-0.003909059896139756,0.06292388569407659,-0.20116289629341688,1,5
2023-05-17,SPY,1,0.012139051917898325,0.012065964507262272,0.007103262566099538,0.008238757535253043,0.0067597561186028,0.008699242988470246,0.012659077545435,0.006984369686390907,0.5126287788858948,0.21548646194807586,2,5
2023-05-18,SPY,0,0.009633186472892463,0.009587083176710642,0.007730827033902635,0.00792988598337227,0.012970514516600362,0.014939779497378236,0.012051096827076543,0.010436291042520645,0.11330667797037353,0.34893523633351675,3,5
2023-05-19,SPY,1,-0.0014550459268019011,-0.0014561055341024698,0.007753329915348442,0.005994950959235734,0.008071919462621091,0.011995434341099953,0.008020551228049762,-0.0036890264916857635,0.06808284247745355,0.4096589328709137,4,5
2023-05-22,SPY,0,0.00040597626762273187,0.00040589388155432005,0.007868733654174336,0.005992032166478923,0.005681624850761846,0.010927734813234613,0.00726162917673981,0.0003582884847028677,-0.4147464239021208,-0.1868079144374145,0,5
2023-05-23,SPY,0,-0.011222782269209586,-0.011286232864945234,0.00935863520686921,0.00703419541911633,-0.0074354803575904516,-0.0011795893453905304,0.012084033535971678,-0.007168865279170948,0.4220582957721901,0.10160160619708059,1,5
2023-05-24,SPY,1,-0.0072447618728150864,-0.007271132603749564,0.00796839454196338,0.007307281041532673,-0.01266680052666358,-0.00799466319936648,0.007128660941963252,-0.0032249091861222203,0.03276320130580501,0.14783637763472912,2,5
2023-05-25,SPY,1,0.008659833388311,0.008622552109652126,0.00761804059390278,0.007817949930943882,-0.0019208632552045746,-1.2137434580838935e-05,0.009041809539226797,-0.00021699459904931496,0.01959228235125332,0.13981525443459408,3,5
2023-05-26,SPY,1,0.012950731054129472,0.012867587414573833,0.010232268895600066,0.008676754345253187,0.010324076933272863,0.010883309477764946,0.01329061033909099,0.011292231702586709,0.03153418585425061,0.14233662930464175,4,5
2023-05-30,SPY,0,0.0003808395140476595,0.00038076701308664695,0.010232461663043714,0.008676538764674281,0.010033442368470924,0.009526226243408376,0.00909887057554592,-0.004383589102354538,-0.2303527656399872,-0.1395822203201379,1,5
2023-05-31,SPY,1,-0.005545279251966906,-0.00556071138974179,0.008791513932041292,0.008560296088618111,0.00262014491548479,0.0020983227290571893,0.007172229149744579,-0.001028002001138317,0.5344494294893098,0.2417007920602363,2,5
2023-06-01,SPY,1,0.009501141317893591,0.00945628934752385,0.007570153125968503,0.008243475388366235,0.0069610705469749234,0.010023140077962678,0.01466192670598694,0.008921550429332964,-0.19805471980420852,-0.005981560351119519,3,6
2023-06-02,SPY,0,0.01446134528034082,0.014357777320604725,0.00860845237835785,0.008882462993022006,0.015091836772614942,0.022501830510955,0.011283811607405771,0.008056568734356596,0.028821245709784504,0.029288604008009145,4,6
2023-06-05,SPY,1,-0.0019163249721940723,-0.0019181634720446539,0.008321225105040912,0.008904085282414528,0.009754833792015027,0.018478668211260096,0.007588493530548468,-0.002755189780387874,-0.2840104915221239,-0.22980153036768214,0,6
2023-06-06,SPY,0,0.0021774354866517243,0.0021750683096302126,0.008197407070507711,0.008885498656229325,0.008211186201094511,0.018452265295550774,0.006070256302015224,0.00318744066553166,-0.02196754669249401,-0.24961397821962794,1,6
2023-06-07,SPY,1,-0.003457804669673714,-0.0034637966930590736,0.00764081975860109,0.007860343351465356,0.0006238977321930683,0.011930561554366337,0.008192535117224568,-0.0044113869798980306,0.3334952563329594,0.0018223849421483695,2,6
2023-06-08,SPY,1,0.0060486234801770955,0.006030403988823707,0.0071787254725624115,0.007014428398532064,0.0032355460661994684,0.013712917365171107,0.008860341340209696,0.005883478961026029,-0.2743304991138916,-0.2489833245466131,3,6
2023-06-09,SPY,1,0.001794232782027505,0.0017926250691759904,0.0037369002076375582,0.0068777796837985955,0.004106044929688801,0.011886499627170144,0.00725647776349785,-0.00013954218947373503,0.38400201443679705,0.04602621226318937,4,6
2023-06-12,SPY,1,0.009071797749891308,0.00903089617379571,0.004741152225588372,0.006386103460044218,0.010053868082520845,0.0177650226244368,0.00860946658190034,0.0066833154077151,-0.11241177101750821,-0.051038524162735355,0,6
2023-06-13,SPY,1,0.006592906104966323,0.006571267952979021,0.004927649465984859,0.006377956237109409,0.012643488230176025,0.020529202693181592,0.006202291748658879,0.003078186886302745,0.2601088243371268,0.1614938043982601,1,6
2023-06-14,SPY,1,0.0011909250033173002,0.0011902164146633254,0.0033535172401557693,0.005578325366225478,0.008875378143651913,0.01714942820716181,0.012516878557625644,0.00038896800155084404,0.04913883985038536,0.2338100303313988,2,6
2023-06-15,SPY,0,0.012397712470477273,0.012321490174699967,0.004777928469338415,0.0059284052358536945,0.015072512213618827,0.024805119083833427,0.017578399711673118,0.014369902881317441,0.09632042269269792,0.31800137340725554,3,6
2023-06-16,SPY,0,-0.0034061704578446372,-0.0034119846629749873,0.006302226808258619,0.005371511486833576,0.006448073331376314,0.01820896600586086,0.010473532224109603,-0.008035749281922099,0.035018961389117864,0.3280709527971306,4,6
2023-06-20,SPY,0,-0.005188333396362488,-0.005201839534564989,0.007250118800355594,0.00579088371183058,-0.0010548289867132743,0.010196913555108766,0.007635149719255032,-0.0006172580265518619,-0.33289654169637495,-0.12493156382617532,1,6
2023-06-21,SPY,1,-0.005123535655162548,-0.005136705968942223,0.007414338239455582,0.006304640291324519,-0.006125775477768269,0.0030524010944370517,0.006098687728758514,-0.002797141439975438,0.01079169752259701,-0.1284660214926674,2,6
2023-06-22,SPY,0,0.0036096595914481,0.0036031604054693744,0.007590390740748201,0.006015327180441678,-0.0029701902792355073,0.004001404079968296,0.006959301598616114,0.005899291362094518,-0.08242284265344113,-0.18673253043397664,3,6
2023-06-23,SPY,0,-0.007559970007667505,-0.007588691427875105,0.0042579363926018654,0.006676314823455245,-0.00699121311148676,-0.0048861590301841895,0.0059824830381531415,0.0006467530178870385,0.30348456620590847,0.024550169125415078,4,6
2023-06-26,SPY,1,-0.004085744922028733,-0.00409411438257834,0.004263691346996451,0.006887259986460799,-0.007398902231379734,-0.009664216290668604,0.007905281653081823,-0.002727550018721662,-0.20907960401631287,-0.17784328313555653,0,6
2023-06-27,SPY,1,0.010963257153059569,0.010903596304772556,0.007621596765065441,0.007161703538475292,0.003949773661370504,0.00028028603174323763,0.01140278155703526,0.008835451070409244,-0.00013594494092572518,-0.17488977558958219,1,6
2023-06-28,SPY,1,0.0005043908735893332,0.0005042637112708803,0.007158357918065072,0.006880940397545337,0.003786131802951953,0.00047596688143225485,0.006964714088760734,0.003080167551013565,0.03876056291604457,-0.12276459284161712,2,6
2023-06-29,SPY,1,0.003941359132847433,0.003933612325567992,0.007193672806273729,0.006973514145814371,0.007001208807848158,0.003832811979156414,0.006284957996328735,0.0049316312015432115,-0.10251335342958379,-0.1816271637530502,3,6
2023-06-30,SPY,1,0.011800735170562682,0.011731649472156214,0.006800524617260577,0.006863026459646871,0.014189676255653927,0.015139614789932976,0.007226355617442416,0.00416816855680145,0.5462646374680882,0.2736188690316861,4,6
2023-07-03,SPY,0,0.0011504083343734095,0.0011497471217669641,0.00537826389579476,0.006721305869050457,0.00965073744132905,0.015300680217448015,0.0032736874503181603,0.001964226250366639,-0.6875747875462064,-0.5584970476625657,0,7
2023-07-05,SPY,0,-0.001487191210613803,-0.0014882981771124904,0.0051951305110208325,0.006438558565199309,0.004966601769591739,0.012412594377528174,0.004503226302780697,0.002760745877198913,0.7814072343825282,-0.19425719429967558,2,7
2023-07-06,SPY,0,-0.007830701804171558,-0.007861522754764039,0.0072140797744800035,0.006789342950002951,-0.004379656676472221,0.0034026732087890643,0.006918229602716593,0.0005461522621669758,0.38070025882256275,0.10687724766276019,3,7
2023-07-07,SPY,1,-0.002524572723432539,-0.002527764830754009,0.007249828489387621,0.006814530749898467,-0.007091037790998289,0.0004037552619666762,0.009894505180119318,-0.00018242502554089506,0.06789009934501467,0.1574090995089481,4,7
2023-07-10,SPY,1,0.0025309623218743305,0.002527764830754009,0.004009788364173018,0.006210903068998881,-0.002943629462123787,0.001462255083212849,0.0051348761641539006,0.003377632505058753,-0.2750440591542036,-0.12613561715801758,0,7
2023-07-11,SPY,1,0.006368707198862511,0.006348512679804408,0.005365148824188016,0.006044553343513142,0.004011961780942208,0.005316786518110517,0.008014527600098277,0.004563467345534082,0.03235404805944575,-0.08718342878213148,1,7
2023-07-12,SPY,1,0.00804578855754512,0.008013593773780414,0.006532766824013786,0.00565047723242345,0.010764343976241264,0.011142406074859501,0.00575731364923744,-0.0008289290141425886,0.4259863675427138,0.26736754506710425,2,7
2023-07-13,SPY,0,0.007937012804855481,0.007905680399994175,0.004502650132108399,0.005879548195179183,0.014235834830260474,0.016134002632631317,0.006541622495441271,0.003706192642844786,-0.21212299223819553,0.0029696405355656985,3,7
2023-07-14,SPY,1,-0.0006228316942477052,-0.0006230257344812529,0.0037874459745680634,0.005974164209515764,0.008720393824072525,0.012943698080468247,0.006370971069068375,-0.0026638522859289975,-0.03602889601961745,-0.035748108774488085,4,7
2023-07-17,SPY,1,0.0034721545832785417,0.003466140571585008,0.003664652533812723,0.005047927384036824,0.00716657877091631,0.014731219546354257,0.006345615016879694,0.003807341830845387,-0.24544014392157654,-0.21578522481259232,0,7
2023-07-18,SPY,1,0.00743054524771547,0.0074030747429985055,0.003789528446283407,0.005352852964915411,0.009360423314150657,0.019883892692735383,0.01067702010786626,0.008190904420435628,0.5312812024251996,0.12096444836187814,1,7
2023-07-19,SPY,0,0.0022237061151779702,0.002221237339943727,0.0036067402441070694,0.005184655115389196,0.0074941636659699995,0.019388946563819065,0.00509880502500106,0.0004175785967964089,-0.18317627020312832,-0.09378062657765984,2,7
2023-07-20,SPY,0,-0.006634452383680878,-0.006656558190425876,0.005237563566798844,0.0049217397067922095,-0.00034934551744103537,0.009794627236029196,0.008058664275270872,-0.004381664779966299,0.07132764824704774,-0.015511993983030492,3,7
2023-07-21,SPY,1,0.0,0.0,0.005191353273353332,0.004675570654749329,-0.0016294563972173437,0.006730339075795566,0.004405674591695623,-0.0039210476975987335,0.009689538132015674,0.015061520541524986,4,7
2023-07-24,SPY,1,0.004467251614158174,0.0044573030631163135,0.005313167173706557,0.004690599318045655,0.0013448210687372342,0.007964695460207505,0.006043674661894822,0.0018307719936984503,-0.24204917250784275,-0.22129554889298897,0,7
2023-07-25,SPY,1,0.002730146888956231,0.0027264268073130538,0.004324863587506187,0.004562799119490386,0.003525530368121421,0.007813551195797075,0.006322689091223366,0.003348583381891053,0.021616558750467307,-0.1936856690130454,1,7
2023-07-26,SPY,0,0.00015366296432572923,0.0001536511593815959,0.0042233548288540925,0.004246367539222961,0.003542631979249755,0.0058561314070353365,0.00794328633763748,0.002288398666861222,0.28739545434779457,0.07069331381199784,2,7
2023-07-27,SPY,1,-0.006629798307941637,-0.006651873042196499,0.004221487676785666,0.004517400508829768,-0.0032468379410383053,-0.001458554151415714,0.01718882584044177,-0.014225957334294607,0.2975459129746991,0.34908433752569934,3,7
2023-07-28,SPY,1,0.009790174047073164,0.00974256080222169,0.006023647615284868,0.005318244723841885,0.004414044196616507,0.0066202122461125334,0.011603949478507427,0.002281320816404785,-0.1321403469191187,0.15360426539942695,4,7
2023-07-31,SPY,0,0.001904158529547395,0.0019023479177908698,0.005879405426301101,0.005283200771231293,0.004740761842126906,0.006995130790931947,0.004612963975967833,0.0008307751902453169,-0.2246093701179076,-0.11741693330821978,0,7
2023-08-01,SPY,0,-0.0028616106667638253,-0.002865712902437423,0.006134518747373728,0.00500406009486951,0.0014084169848063155,0.003607945996268569,0.003857386652647589,0.0004603019653128157,-0.10878234182887281,-0.18396698764471875,1,8
2023-08-02,SPY,0,-0.013910979284352143,-0.0140086437534519,0.008912294876556986,0.006704062892204363,-0.010185694697702474,-0.009248848352530481,0.009200182923676227,-0.006883607539299503,0.698875957425644,0.3312439714957154,2,8
2023-08-03,SPY,0,-0.0028656659928919526,-0.0028697798749037773,0.008613482828172238,0.006459796387404076,-0.01143528481205125,-0.01136123030423053,0.0076332768558803245,0.0017855275817149278,-0.3157268873478444,-0.08083862691152621,3,8
2023-08-04,SPY,1,-0.004522878899602456,-0.004533138062026154,0.005807836433599612,0.006561148874636033,-0.011504235590389378,-0.014667250389018172,0.014709808450603903,-0.008675016976215288,0.5577936433604405,0.3751249752796151,4,8
2023-08-07,SPY,0,0.008728550048778372,0.008690676483776194,0.008045608843418648,0.007085695316102125,0.0002574101301369147,-0.005301170777484376,0.0064184104157636685,0.004457221898523797,-0.4171762598011164,-0.20328676038232407,0,8
2023-08-08,SPY,0,-0.004348627991149545,-0.0043581107752377335,0.008062682307363147,0.007053082935293356,-0.0006635774769800928,-0.008162343392117188,0.012118423844140224,0.0014952987140975918,0.22282997044081743,-0.04679794862259734,1,8
2023-08-09,SPY,1,-0.00668524218178701,-0.0067076885086549964,0.0061168800405036585,0.0072094581549385405,-0.005404158528751424,-0.012663162361429614,0.009442622460592307,-0.00730463173554921,0.10409423595141898,0.041660138905470046,2,8
2023-08-10,SPY,0,0.0003589458898993758,0.0003588814842352406,0.00616452842598134,0.007063139479906904,-0.0037445066862157317,-0.01086712140951751,0.015618376050043953,-0.005087125475528537,0.1804286352513529,0.22828831636722846,3,8
2023-08-11,SPY,1,-0.0005832903470832651,-0.0005834605270766957,0.0058944856346978,0.00589557633191031,-0.0038092226528207984,-0.008966519426105046,0.007545568606673257,0.0037840229546187384,-0.26143185080452236,-0.07905626558655732,4,8
2023-08-14,SPY,0,0.005520174397269262,0.005504994074311043,0.0046893337066402216,0.0062918387042311345,0.002855634957629638,-0.0013460912687044413,0.00838763293537644,0.007668030247194434,-0.30314786965959106,-0.3458075356077289,0,8
2023-08-15,SPY,0,-0.011648794736731194,-0.01171717348484691,0.006658252562840496,0.006983020800835066,-0.006219852320743513,-0.00998077969125799,0.009725114756340449,-0.0075738329899903405,0.5816087775814021,0.006590587302712114,1,8
2023-08-16,SPY,0,-0.007338206399477021,-0.007365263484302886,0.006763790604990877,0.006094243046438298,-0.010800046123723317,-0.014935889680369074,0.010509410989211388,-0.00637340519165772,0.05811445365386514,0.0850342527122403,2,8
2023-08-17,SPY,1,-0.007619912760666092,-0.007649092622417086,0.006791562352544033,0.0063211574263670285,-0.014069524122581889,-0.019685369125199248,0.012875130629774035,-0.011039067632517061,0.19479023109033888,0.24344459224574533,3,8
2023-08-18,SPY,1,0.00048129541609931437,0.000481179630610562,0.006953306190908532,0.006368735196165001,-0.00949887050914866,-0.016936195503250095,0.010522181069228575,0.007222477139807789,0.03281430719256773,0.2863813426035935,4,8
2023-08-21,SPY,0,0.006506378149942371,0.006485303037335299,0.007300487075116813,0.005966728306951159,0.0009295440935122024,-0.007999808692658594,0.010947270394189057,0.0040909806761755315,-0.30482944199409223,-0.11764294244680706,0,8
2023-08-22,SPY,1,-0.0027086464678427458,-0.0027123214884081648,0.0058950214118217905,0.005933810475801351,0.0003790023766965245,-0.0083132729337132,0.008182568138839972,-0.006867942403552263,-0.054203349874125006,-0.15859079084765437,1,8
2023-08-23,SPY,0,0.011137747453819236,0.011076179475242753,0.007413764995970132,0.0070634006227849695,0.009957560987893022,0.003349577155114636,0.010404114568511667,0.008605574910180706,0.05303242443171863,-0.1019372887405261,2,8
2023-08-24,SPY,1,-0.013859046656199192,-0.013955979886815406,0.009559532636583738,0.008192088369261354,-0.004311882125998867,-0.008530523852486538,0.018799648796336874,-0.017540281432336678,0.29333732704080884,0.16837894224425876,3,8
2023-08-25,SPY,1,0.007049690191138547,0.007024957296706269,0.01002850528169865,0.008680935903809226,0.0011239877711510804,-0.0002523018867675031,0.014361238028069661,0.0029406596299350538,0.1559898460526925,0.29322129007307507,4,8
2023-08-28,SPY,1,0.006341454867125007,0.006321432445151487,0.010008688734483474,0.008755645241655674,0.005906976476422132,0.0073121177062662746,0.007755953218892413,0.0011758763176853454,-0.3980421226072586,-0.23481123520131186,0,8
2023-08-29,SPY,1,0.014454723615913823,0.014351250027997864,0.01105356289585398,0.009164668500254618,0.015367481352314805,0.02041694971899588,0.0157913042998658,0.014706901288577436,0.34883286738944785,0.022742324560863558,1,8
2023-08-30,SPY,0,0.004118767841815529,0.004110308936438933,0.010515775795852368,0.00864618602786059,0.01588434175186726,0.021979967868007044,0.006429255379528382,0.0033369668470388495,-0.1688454404629649,-0.13821705994238553,2,8
2023-08-31,SPY,1,-0.0014633134128982928,-0.0014643851015758713,0.005742181835037504,0.00803604681819814,0.008283926458932722,0.017243581617741643,0.00591161949792519,-0.0028783080051733596,-0.0429997436784888,-0.14360957950114062,3,8
2023-09-01,SPY,0,0.0018650771322770154,0.0018633400354666207,0.0059906170496027865,0.007995729920848535,0.0051146990638666345,0.015770344704234107,0.008804688381239068,-0.004369245377361826,-0.10805089234102949,-0.194484777381547,4,9
2023-09-05,SPY,0,-0.004321733315126197,-0.004331098998280325,0.007198182417390042,0.008249103919017384,-0.0021101447202019896,0.009131301368360933,0.004193162391657793,-0.0033057944126962547,-0.06409292872399441,-0.231886441130838,1,9
2023-09-06,SPY,0,-0.006722540138911159,-0.0067452381947914475,0.004414242021512182,0.008607675531444599,-0.007522207899945066,0.0005336401017093095,0.010481740122673316,-0.004861714329738625,0.28264227008566833,-0.02262945323550214,2,9
2023-09-07,SPY,1,-0.0030701308114062797,-0.003074853331319183,0.0032135698479291925,0.008061391289078379,-0.007850580965315657,-0.0029450228480771834,0.00631894537593696,0.0039268371498615545,-0.0056968420755103555,-0.030760354569831172,3,9
2023-09-08,SPY,1,0.001506020245616746,0.0015048873344420954,0.0037402710155488576,0.0063066196993678105,-0.0042109768555591565,-0.003371174451497927,0.005799025865722791,0.0013935606331605284,-0.12359676727017399,-0.11791827700533652,4,9
2023-09-11,SPY,0,0.006576625721170126,0.006555094070413325,0.005280608610457839,0.006265974487232708,0.0035671404776687066,0.0012838590578270193,0.005131152603689234,0.00046854804843814596,-0.023996224438328384,-0.08384913038884745,0,9
2023-09-12,SPY,1,-0.005485565822668237,-0.005500666789081343,0.005474360212841141,0.006453837547920548,-0.0004840817377863571,-0.004926377087843714,0.00702535864213134,-0.002147940365670153,0.12271996889337178,0.019316895019052538,1,9
2023-09-13,SPY,1,0.001165946374684701,0.001165267187089647,0.004644907117125865,0.004339108521218172,0.0005512365751931814,-0.0031767993884941337,0.005893964581636231,0.0006499227827719785,-0.10902177741861963,-0.059337728558588654,2,9
2023-09-14,SPY,0,0.008622398905182127,0.008585438330991124,0.005491743268159276,0.005055865745199016,0.006692491148921675,0.005564122862554477,0.007482096993257142,0.0028725544042232463,0.385909802937908,0.27502945315774996,3,9
2023-09-15,SPY,1,-0.012048296737688702,-0.0121214657668407,0.008572292938353985,0.0063163128911537005,-0.005175787036766244,-0.005348375672874939,0.01019814243683611,-0.008431407182857849,0.34061881223720736,0.5975940297245399,4,9
2023-09-18,SPY,0,0.0005864162616679991,0.000586244386842516,0.007762915352098018,0.00626026107375017,-0.0031413375061811744,-0.0034294832153810573,0.005439575055886328,0.0013091459334714712,-0.5015400240860661,-0.20001607079183803,0,9
2023-09-19,SPY,0,-0.002073893546707839,-0.0020760470418581534,0.007461617152912996,0.006180312678784045,-0.004442559731288376,-0.004388951264329921,0.0075675570591444575,6.776628669289353e-05,0.193039915913632,-0.06087962286427018,1,9
2023-09-20,SPY,0,-0.009193252089813475,-0.009235770822717093,0.008198607097975255,0.0064727794969501136,-0.010791849624902428,-0.012206422352268653,0.01353575287367382,-0.012094310936868528,0.24127033764015726,0.14659289595858183,2,9
2023-09-21,SPY,0,-0.016528381058885322,-0.016666498772131,0.007058343176772288,0.008073385810080186,-0.019452277906344517,-0.025923494370626687,0.010879022496154309,-0.009892121730182031,0.26081058493797427,0.38092998044333215,3,9
2023-09-22,SPY,1,-0.0022485624534225312,-0.002251094265980136,0.006961560845297953,0.007942960946624443,-0.01586342889409953,-0.0251346041541336,0.009504025328071895,-0.004694181343496026,-0.031375905656136016,0.2715298783297524,4,9
2023-09-25,SPY,0,0.0042053030561266525,0.004196485480969514,0.007924902718796813,0.007653327634368341,-0.006545860148954752,-0.017777289190113565,0.008271751711205037,0.007130035796662216,-0.29708706859189304,-0.1181185699969316,0,9
2023-09-26,SPY,1,-0.014691305362548257,-0.014800291337165206,0.008667503865802683,0.008456918803895062,-0.01350899562894059,-0.028112215204880053,0.01118650714654988,-0.007480928202647702,0.35688294097312845,0.15548577108000616,1,9
2023-09-27,SPY,1,0.000399138381550479,0.0003990587470159568,0.009291096222697295,0.008405976354813202,-0.00732537930090249,-0.023514716218992038,0.012596888077322536,-0.0024351039683427195,0.08877552293684832,0.1942038585817043,2,9
2023-09-28,SPY,0,0.005797427674593791,0.00578068726050418,0.008120890558250073,0.007959147473110302,-0.0002333390991091644,-0.01327243187402849,0.01264455378371553,0.007144819847815208,-0.11888071147921131,0.04174768419716646,3,9
2023-09-29,SPY,0,-0.002426952099509716,-0.00242990192144088,0.008126447996196723,0.007525708146758559,-0.0012896517641597383,-0.01205237520095459,0.013760516729524143,-0.009706494106771435,0.24770671039895586,0.29502498219093565,4,9
2023-10-02,SPY,0,-0.00039771812906030934,-0.0003977972398914176,0.007583310657371436,0.007470861649523642,0.0006134741362517904,-0.008706424900989163,0.009704220842486032,0.0016173701404143387,-0.2720210787298901,-0.08608562844550383,0,10
2023-10-03,SPY,1,-0.013386034760395571,-0.013476435367207884,0.0070524301872938585,0.00803011450810348,-0.01079330624328223,-0.01716048672739967,0.01691526486308588,-0.008163556299425216,0.2382140035752387,0.08744855190755141,1,10
2023-10-04,SPY,0,0.007282094106522363,0.007255707680756451,0.008214505514213589,0.00870138606086959,-0.002939460377938463,-0.006766305586280774,0.01153835864353789,0.006136414085213794,-0.15716562934292977,-0.08813458233930027,2,10
2023-10-05,SPY,1,-0.00037685660076236527,-0.00037692762905638943,0.007434493480856618,0.007345808445399051,-0.0014302053734270848,-0.0055380445550443635,0.009897214238928856,0.00032994309847924133,-0.19793832115536347,-0.2417848868488035,3,10
2023-10-06,SPY,1,0.011872825285775157,0.011802896254889284,0.00959805157020715,0.008474543902978698,0.009447301819252019,0.006476509242985484,0.0249543776781169,0.017939681262458766,0.6148979152499119,0.20818860717841736,4,10
2023-10-09,SPY,1,0.006402238236267399,0.006381830964216739,0.0098296558106511,0.008627727500706657,0.01353763902008187,0.012905969028657704,0.013728414101522517,0.011015534217152153,-0.2904382586187566,-0.15131507812077638,0,10
2023-10-10,SPY,1,0.005204792636394284,0.005191294519541145,0.004403482518578613,0.006989830063068087,0.012663520878259504,0.016116090716698395,0.010832915450082465,0.003695676293465556,-0.02198585619301663,-0.1542921657825035,1,10
2023-10-11,SPY,0,0.004096236599379521,0.0040878698625475,0.004415993284599811,0.006991342455858508,0.011315602017997417,0.017834004816321913,0.007804595037552227,0.001560904997053601,-0.20552289672842095,-0.29610568248727054,2,10
2023-10-12,SPY,0,-0.006096378267120395,-0.006115037053774586,0.006532837370199068,0.007352787624100363,0.0009001438651849991,0.010417359672663107,0.013983259368047639,-0.0075294849593985965,0.2994714315222804,-0.07371658746773158,3,10
2023-10-13,SPY,1,-0.004981144195880471,-0.004993591446199375,0.005969836622515723,0.007535543606311457,-0.004985666415968537,0.004443532656906779,0.015096177599812523,-0.008524600831598936,0.17237431950533666,0.11127852551670014,4,10
2023-10-16,SPY,0,0.010521531566199949,0.010466565468473021,0.00709320332308416,0.00808752431595096,0.0037475141919702804,0.01295333490537609,0.008229236236102586,0.0051173324955572875,-0.20716058232283796,-0.11024087823272999,0,10
2023-10-17,SPY,0,-4.592278920578785e-05,-4.5923843689621435e-05,0.006837752858772199,0.006118219103207226,0.0030180284285674652,0.009522714131129817,0.013146652049404054,0.0074166296369888194,-0.0014383587067763326,-0.08068589343651655,1,10
2023-10-18,SPY,0,-0.013324935912743308,-0.01341450946911138,0.008823900073189757,0.007878129570205112,-0.0075572763822920885,-0.00520740445004042,0.0140261090850715,-0.009166519182728592,0.24208659310956437,0.1334201693010626,2,10
2023-10-19,SPY,0,-0.008786413863299702,-0.008825242004986578,0.009152149253602518,0.008504210009841768,-0.012984833008807706,-0.014387918247691922,0.016452015633044104,-0.010488500761611657,0.296742831857272,0.3839472251414968,3,10
2023-10-20,SPY,0,-0.012288150453647506,-0.01236427402920448,0.010024817282379823,0.00834034250288099,-0.020438280889694016,-0.024616814798072206,0.012817554420015942,-0.011244679143115029,0.021404844918111232,0.3966089828672952,4,10
2023-10-23,SPY,1,-0.0017331863321820018,-0.001734690037332065,0.006061792558237588,0.00781770683757827,-0.014997847884924753,-0.023632488842790567,0.01584810811518439,0.002025705138554944,-0.25730169246424506,0.023804385551175145,0,10
2023-10-24,SPY,0,0.007539488413145445,0.007511208525353474,0.008690328698428455,0.008110813145757867,-0.0017766292821302931,-0.013772607561300498,0.009653418073497073,0.002318729446304333,-0.14636698390070746,-0.12600487101640667,1,10
2023-10-25,SPY,0,-0.014352323823707103,-0.014456314629001099,0.008924137296950813,0.008528612576995836,-0.010197974734801885,-0.023660906230725476,0.011614459323351629,-0.010287104943892332,0.19931470058881784,0.012411994493491063,2,10
2023-10-26,SPY,0,-0.011974610279247733,-0.012046883466532599,0.009286330154306747,0.008858196509040095,-0.015572408880218047,-0.030566982449286573,0.013759107457779194,-0.009364928081989507,0.22217033596821167,0.1937268512039707,3,10
2023-10-27,SPY,1,-0.00453261526222648,-0.004542918708946075,0.008721236610896447,0.00885911497167871,-0.015094376777893048,-0.030216500170509475,0.013013386650248766,-0.00847439519287177,-0.06763907993275253,0.09905686064884756,4,10
2023-10-30,SPY,1,0.01195566343091703,0.011884759066536077,0.011660584880243983,0.009143502768803997,-0.000985602585414136,-0.013859944364904231,0.01078438795194699,0.004908595587776262,-0.19377336014462454,-0.12389221012044993,0,10
2023-10-31,SPY,1,0.00628039438149397,0.006260754890972109,0.011406531302938623,0.009706963307524808,0.007919845671581438,-0.0034527673268771597,0.010380141766171318,0.004853716100724875,-0.0796821263662062,-0.19722895800953189,1,10
2023-11-01,SPY,1,0.010664617486133121,0.010608151556661838,0.010360160240858132,0.010134706636139891,0.016165927052008255,0.008990331264350226,0.011569670711556042,0.0082537961696655,0.23100299754472475,-0.01625552131893926,2,11
2023-11-02,SPY,1,0.019164335767738017,0.0189830128449211,0.00873094750631023,0.011703081448367675,0.026650544973103374,0.027265109162129875,0.010220863627886134,0.009798920073460244,-0.03190843913566188,-0.021754519156996888,3,11
2023-11-03,SPY,1,0.00912354607988286,0.009082177958942061,0.0048093646301854065,0.010919560757719873,0.024294350877946957,0.03331070593007612,0.0075726062436395295,0.0035784913435596877,0.05507647550161199,0.05801776330111319,4,11
2023-11-06,SPY,1,0.0023003005043220615,0.002297658863386509,0.006266952011745697,0.010790264852855355,0.017016706623525613,0.03195160292625521,0.005672035303876854,0.0005052040785505793,-0.3228193091991638,-0.26473392175547183,0,11
2023-11-07,SPY,1,0.002846176125593125,0.0028421334353128103,0.0068682801587280125,0.010702402362347062,0.01107036502595804,0.03163888885543664,0.007069215623509371,0.0028460378421048577,-0.0527128171636565,-0.292519297250435,1,11
2023-11-08,SPY,0,0.0007324031918483076,0.0007321351155162859,0.00759878038370883,0.008867576678285706,0.005024585234750356,0.027614618845632988,0.00735916194843251,-0.0006856080478527914,-0.0390639954805847,-0.2949446253030221,2,11
2023-11-09,SPY,1,-0.007798662506266263,-0.007829231107899126,0.006074699661929205,0.008058829764997109,-0.004223198545686868,0.014524376456834576,0.011564006589229897,-0.010469165920600976,0.34704110387717413,-0.014262746175359275,3,11
2023-11-10,SPY,0,0.015604820508205774,0.015484317300498596,0.008378574212183005,0.007906239415413494,0.008574822424493922,0.023194443666591402,0.016285164284144837,0.010619694134049567,0.07559778008618045,0.08324390272549143,4,11
2023-11-13,SPY,1,-0.0009533040370328649,-0.0009537587203167774,0.008545649792079762,0.008075101224063694,0.005541764331561616,0.016412592204354093,0.006625169209172796,0.0021856235481778285,-0.4161098206840431,-0.34007540934108105,0,11
2023-11-14,SPY,1,0.019400628489297578,0.019214835452255663,0.0115813594189304,0.009155996331116701,0.019553476062642128,0.02887859869856757,0.008894965844135261,0.005399721326762491,0.8603398798914927,0.20111136627748172,1,11
2023-11-15,SPY,1,0.002117189063334468,0.0021149509769813335,0.011457816364881811,0.009186049463964433,0.015973429066950873,0.02470851359520143,0.005731970349043922,-0.0009553057914176249,-0.2042594484903305,-0.019080758937671916,2,11
2023-11-16,SPY,1,0.0012230998035855922,0.0012223524263701435,0.009315890169655849,0.008068365694269606,0.009737890424167173,0.021430018111056492,0.005431642479800158,0.002248363302792431,-0.13787832546206014,-0.12286989474038756,3,11
2023-11-17,SPY,1,0.0012437734405070788,0.0012430005950845313,0.00834759926839159,0.007946117859560087,0.006398407871257561,0.018978549481609708,0.004730821182062734,0.001221611412750253,0.2470142111847453,0.11887054010040243,4,11
2023-11-20,SPY,0,0.007697681308702187,0.007668205327772348,0.007784753976451063,0.008025531062090467,0.007813921360764198,0.02253011262292337,0.010232428210399712,0.008279162312020341,-0.15874524257456712,-0.061403314524143604,0,11
2023-11-21,SPY,1,-0.0021795765354554186,-0.002181955269442426,0.0035748961694649687,0.008274036162136726,0.0035956067219491405,0.016562423706633744,0.004788414013870353,0.00019858850643261102,-0.29586394456661924,-0.32551160589670225,1,11
2023-11-22,SPY,1,0.0038607767050311548,0.003853343033668466,0.003670456806811881,0.008207872397189012,0.005093579028443207,0.01643632820178187,0.0054727464377546525,8.78676565528311e-05,0.20612006189511134,-0.1838578504570033,2,11
2023-11-24,SPY,0,0.0006155478275333692,0.000615358455677395,0.0037274951199222947,0.007235134172393034,0.0034646824784698715,0.012209676154580906,0.0016920232080320102,0.0005053738217165086,-0.4993273833275248,-0.5589983255597644,4,11
2023-11-27,SPY,1,-0.0018009049542209166,-0.0018025285331155771,0.00415649605113656,0.006410509669105448,3.0939605045743335e-05,0.007280791318693192,0.0031012948004798774,-0.0003738764157884319,0.69839999461957,-0.20507895776039586,0,11
2023-11-28,SPY,0,0.0009900228749251117,0.000989533125494546,0.002440127773799158,0.006301757873793081,0.0007259452864780691,0.004994825977334916,0.006100222638266482,0.0018719303397009522,0.22985387874707963,-0.03733136444621332,1,11
2023-11-29,SPY,1,-0.0007034937513629158,-0.0007037413192074737,0.0021358941498095443,0.0028764557206597506,-0.0005672600773454217,0.002984980654963998,0.009012348621228286,-0.0055561819508566515,0.016598245190372785,0.03313658047269441,2,11
2023-11-30,SPY,1,0.003937421229759819,0.003929689874546227,0.002165287666475818,0.002988859030880176,0.0027594702911664104,0.005443496155888017,0.0075085916950086125,0.0020198096249362404,0.262988946251544,0.2996832954224342,3,11
2023-12-01,SPY,0,0.0059160462138552194,0.005898615127407858,0.0032137636178005157,0.0032952907539386474,0.007010322503619104,0.009419287063610504,0.009851438977129125,0.00730635445534756,0.11824928811187574,0.40192539677000405,4,12
2023-12-04,SPY,0,-0.005249572788137091,-0.005263400208629143,0.0043229822751874765,0.004013167051345498,0.0007537591644397601,0.0028193922980341846,0.010491656530423365,0.002392441447077088,-0.18784325334086838,0.15806596593061184,0,12
2023-12-05,SPY,0,-0.0001970326524055599,-0.00019705206588849222,0.004354642386170926,0.003336003382553998,-0.00017518226435730977,0.0021069093870724753,0.005974610469528005,0.002943364910483739,-0.03641263604345657,0.11615238914039305,1,12
2023-12-06,SPY,1,-0.004029622229552832,-0.004037763034147268,0.004855644097662383,0.0035469136147403923,-0.004269547483971681,-0.0022574992588554332,0.009873365452805673,-0.008827156806781512,-0.009582554249321196,0.07139430658982038,2,12
2023-12-07,SPY,1,0.00763034227636239,0.0076013784573314425,0.005782369234914605,0.004117759257977334,0.0025247784882871382,0.004648048421659778,0.005712252589445637,0.0028889875766320754,-0.030803750323690426,0.026301155816999433,3,12
2023-12-08,SPY,1,0.004299124818565092,0.004289909982508888,0.0054620420256965415,0.00427022045130057,0.006350391432823788,0.00788438267834457,0.00773840032143991,0.005989640193971347,0.24179272009720076,0.17798714888097855,4,12
2023-12-11,SPY,1,0.0038895933725100473,0.0038820484623016682,0.004506479717886403,0.004222661046341679,0.007928314073048393,0.010143206219364043,0.005873549985188993,0.005003345256049841,-0.21867096823824683,-0.09811634793327173,0,12
2023-12-12,SPY,1,0.004567266212643251,0.004556867901530204,0.004342319482062273,0.00431129378466193,0.00922899686475942,0.012726251120963816,0.007798466445935437,0.0053506080509869575,0.051158268489374104,-0.060079444165960116,1,12
2023-12-13,SPY,1,0.013790108195302686,0.013695889852565202,0.004160973401758218,0.005555802531954119,0.016189934025011787,0.02314418834391052,0.014295280389329906,0.012938943555258178,0.36515844256201,0.23207131373213086,2,12
2023-12-14,SPY,0,0.0032093491365003946,0.0032042101677882684,0.00441194613546938,0.005553553579615996,0.013418935387853992,0.022955343630206793,0.009481504732969577,-0.001037016369047619,0.2760350779390639,0.49463286587495214,3,12
2023-12-15,SPY,1,-0.001646433383583057,-0.00164779024455175,0.005607684354765995,0.005683609303275826,0.006979761028959475,0.01859275558975204,0.006965046325306248,-0.0003408031383789445,0.1892670508964427,0.6678366550162691,4,12
2023-12-18,SPY,1,0.005624930973680442,0.005609170124290408,0.005593877308226323,0.005009628477281168,0.007522642625348519,0.020529495347135107,0.006560780215320695,0.002101979301205923,-0.5028367326322095,-0.16879972711944236,0,12
2023-12-19,SPY,0,0.006080867666898859,0.006062453801588319,0.00559818213501636,0.004856096512735534,0.00821952769444767,0.02229571293756427,0.005227183939821736,0.004888573348911703,-0.20765097981820324,-0.33030048672948464,1,12
2023-12-20,SPY,1,-0.01385718430061067,-0.013954091359801524,0.008270123369429089,0.0071778549971150876,-0.005607939307179954,0.0048118888168504625,0.017047824115828236,-0.012026292919691237,0.8457259270683515,0.18786697773428918,2,12
2023-12-21,SPY,1,0.009481889566151258,0.00943721860601876,0.009311197531364083,0.007322702627133101,0.0027152210088130513,0.010799496650303109,0.008783686093358164,0.0029067228349486073,-0.15792209558787806,-0.02193018341454056,3,12
2023-12-22,SPY,1,0.002009607294714,0.002007590735184195,0.009180625966634293,0.007332253700703136,0.0028922564940159212,0.009526179281900138,0.007765991621029192,-0.0004431508495538609,-0.22507975884847264,-0.22810659099489872,4,12
2023-12-26,SPY,1,0.004222608572685971,0.004213718378859532,0.009057758890849161,0.007335908678087209,0.005560023926615587,0.010445375567588844,0.00546332039124195,0.0033328127657421378,-0.17530270814348936,-0.3563081441599204,1,12
2023-12-27,SPY,1,0.0018080037772609803,0.0018063713058120712,0.008723234403906186,0.007336857422848907,0.006667270557539018,0.009209903532750197,0.0037228441119445147,0.002250562255435414,0.2277303338328489,-0.20941926287972412,2,12
2023-12-28,SPY,0,0.0003777946008209909,0.00037772325440954546,0.003574404478637948,0.006314597092507657,0.0034734089361334597,0.007864334126869155,0.0027050369362010608,-0.00039842819883576544,0.13467293526646196,-0.08581652539877738,3,12
2023-12-29,SPY,0,-0.0028949148158422533,-0.0028991131863120856,0.0026248884445405265,0.006449430176610256,-0.0005298348993993951,0.0038417234037428916,0.007828099357330495,-0.0024764269973453954,0.5848381440185801,0.4432631839599315,4,12
2024-01-02,SPY,0,-0.005596384862969428,-0.005612103296437354,0.00387538373839497,0.006751612736657415,-0.005705117061216014,-0.002475593100147777,0.006735054152606891,0.0010377631111796806,0.010963084841650206,0.49063072218306125,1,1
2024-01-03,SPY,0,-0.008166593599996608,-0.008200122897047635,0.004120576616471007,0.007042007919582462,-0.010970588285495131,-0.009957531653614238,0.006419635356356288,-0.0034861385464205435,-0.1620870431802316,0.20092799387118743,2,1
2024-01-04,SPY,1,-0.0032211593163484764,-0.0032263584177778526,0.003195781977166771,0.00665748172844295,-0.010301951483098426,-0.011568491166375039,0.00834935674574041,-0.002178067564082028,-0.18683720467747056,-0.05465336773887697,3,1
2024-01-05,SPY,1,0.001369571515167145,0.0013686345075347717,0.0035399407431238815,0.005096780271086043,-0.005251024533814874,-0.010143564954071982,0.008577744656339254,0.0009198554029868829,0.022398797609465282,-0.014902591129823506,4,1
2024-01-08,SPY,0,0.014276025907794754,0.014175083024444035,0.008855943564936209,0.006200173054410597,0.009254706188724704,0.0035842752596937366,0.01376942618508964,0.013171687390232681,-0.13051490439380897,-0.13176474762493406,0,1
2024-01-09,SPY,1,-0.001517061674658704,-0.0015182135778735173,0.008419454528684011,0.006199910745884471,0.007196700505330611,0.0020130278645114075,0.007586806979275184,0.004259668524009076,-0.11949529307911022,-0.23442379276258452,1,1
2024-01-10,SPY,0,0.00565549014711153,0.005639557904245862,0.006990651691045739,0.006322010354275909,0.009558413929734444,0.0074860322603740315,0.007550230011375869,0.005061569676793389,0.02091871247994126,-0.22908253622369257,2,1
2024-01-11,SPY,1,-0.000440790817812009,-0.0004408879946424804,0.006429013040031133,0.006298768739113464,0.005250414984641294,0.007076003209652404,0.012269908072816109,-0.0025963488429052396,0.15792609187854523,-0.11738303816587636,3,1
2024-01-12,SPY,0,0.0006927134288716719,0.0006924736136673104,0.006501507192415126,0.006301741798768808,0.0022412108445921675,0.007775756194663197,0.007052559733414417,-0.0024275985078677093,-0.25550578837500815,-0.3283452864345805,4,1
2024-01-16,SPY,0,-0.003671148699777138,-0.00367790390413969,0.0034761356320818764,0.0063462014180864995,-0.001576703964898285,0.004156737749469341,0.007469569751343965,-0.0006943927178019845,0.4651072615223415,0.028409614646244252,1,1
2024-01-17,SPY,1,-0.005558672684831678,-0.005574179597774176,0.004325136189198012,0.0063425573139693995,-0.006462412151003516,-0.0013490314081264776,0.006188829177241398,0.000996145168511593,-0.19021371547811028,-0.10810562208829311,2,1
2024-01-18,SPY,1,0.00889273268181845,0.008853425196637232,0.005570672471304899,0.006212193301824549,0.002402409367595615,0.005893973560844978,0.009788789340447942,0.0052319158196178816,0.334267814577617,0.20838887578482423,3,1
2024-01-19,SPY,1,0.01246623166803218,0.012389168003404727,0.007849580449944134,0.006799063053338888,0.01230897034603129,0.01518687195627555,0.012938328807182126,0.010007325113318833,0.20660880811529325,0.4087520841896972,4,1
2024-01-22,SPY,1,0.002114348633203589,0.002112116543855791,0.007790360404115272,0.00678063775692705,0.011575258106910846,0.014019498360096971,0.005041223099059019,-0.001156995820943705,-0.31569231602073367,-0.023224731629530426,0,1
2024-01-23,SPY,1,0.0029165082148367993,0.0029122634559994864,0.0069205420525370286,0.005581305329651301,0.010327080743515404,0.014793063385787342,0.004586621471320375,0.0017561115860994046,-0.34148110156384937,-0.3354350376183157,1,1
2024-01-24,SPY,1,0.0010930404347999634,0.001092443501046425,0.0049395677328347015,0.005449984682377006,0.005939571549490319,0.01346085712346623,0.007974383777142916,-0.004960912901063639,0.6370909775294171,0.06550528133040312,2,1
2024-01-25,SPY,0,0.005438949821616301,0.005424212148195551,0.004573866240235329,0.005436095997043395,0.0065960823105635225,0.016538567025817796,0.005988725933326369,0.0009229505300143249,-0.11300678774536788,-0.061282676811501124,3,1
2024-01-26,SPY,1,-0.0012704111025140241,-0.0012712187588084234,0.002458683563549697,0.005490233239078117,0.0032562839197856075,0.012913658729911015,0.005291303331985801,-0.0003691475976396335,0.05676111685625651,-0.006329203367260172,4,1
2024-01-29,SPY,0,0.007919417353429603,0.007888223351800505,0.0035981980439005355,0.005724127434939592,0.007956639336246463,0.017849188730500343,0.008713837377784682,0.007258068906165755,-0.19987578547420726,-0.20832343029723566,0,1
2024-01-30,SPY,0,-0.0007734832232075828,-0.0007737825156981515,0.004028555177070182,0.00541180191299593,0.004691000587758065,0.013709852527940214,0.003078134729982015,0.0006727354278501518,-0.044101052137214825,-0.21653851870147667,1,1
2024-01-31,SPY,1,-0.016317300271938007,-0.016451893557120734,0.009430803236818282,0.007880281408223822,-0.010686405272251176,-0.005007086674019279,0.012729731248946044,-0.0117473502757462,1.1496850818173132,0.5646462323657553,2,1
2024-02-01,SPY,1,0.01308812108864399,0.013003211698954686,0.011192430103989863,0.008369820862051519,0.0017815796888998037,0.005382452546977445,0.011204471738542889,0.009429889355125289,-0.270765829359477,0.14094334717076062,3,2
2024-02-02,SPY,0,0.010527423696433669,0.010472396232956704,0.011937005902423156,0.008136834190660318,0.00945852513508516,0.013483757804147567,0.01378535705940803,0.009598717993704023,0.07983972419677099,0.2500499184989957,4,2
2024-02-05,SPY,1,-0.00364122734048955,-0.003647872745285774,0.011838218940301144,0.008365423079722573,0.0052573680193197525,0.007913058294741981,0.008405901952346095,-0.002329399201189895,-0.23653658939696576,-0.04552705340175667,0,2
2024-02-06,SPY,1,0.0029033061044934083,0.0028990996511062406,0.011847573655196402,0.008365245539451355,0.006905939925457183,0.008956385380006315,0.004599650635806596,0.0009321242966787028,-0.26186984454262374,-0.3007372704611373,1,2
2024-02-07,SPY,1,0.008340393268319701,0.008305804378600179,0.0066794934550585055,0.008598563741675835,0.009043082016593873,0.01473719599706591,0.00638742141319462,0.003647056211952567,0.2617715751109648,-0.10514769790489409,2,2
2024-02-08,SPY,1,0.00044174855624334874,0.0004416510140750063,0.005772574814006376,0.00856176231778575,0.005772457145705401,0.01306177238067563,0.00291102523928054,0.0004416808231425802,-0.2581321352391346,-0.3186995266758169,3,2
2024-02-09,SPY,0,0.005779398562223204,0.005762761907481817,0.0046537077420723905,0.0085416296393398,0.008795790605129694,0.016068166580894827,0.006334703883625518,0.0047310077108212905,0.22229651762584157,-0.15329422322353892,4,2
2024-02-12,SPY,0,-0.00043901625073361483,-0.0004391126465819184,0.0036675908961816303,0.008395627546391731,0.004942624762383163,0.013626796407613107,0.00650479812893888,-0.00037911773712624003,-0.11686730416352764,-0.24744554790926243,0,2
2024-02-13,SPY,1,-0.013772900431047064,-0.013868626793583694,0.008558910906229875,0.00976579693841889,-0.008938122415370509,-0.0009785860026042537,0.012880907392698652,-0.0009099795930318989,1.0016742681271382,0.40445723987305904,1,2
2024-02-14,SPY,1,0.009087670003891768,0.009046625608712944,0.008743958186431316,0.007993177059269862,-0.00012024019110146167,0.004912104503320469,0.009400377115901864,0.0035830003596699148,-0.39532905626211323,-0.08531409082926655,2,2
2024-02-15,SPY,0,0.006899547680245588,0.006875854719195829,0.009247456089141104,0.007359721941553585,0.005290611581391325,0.009239723478041695,0.006809718512035065,0.005447738136459029,-0.098040878636248,-0.140253537605179,3,2
2024-02-16,SPY,0,-0.004979920100156798,-0.00499236122331137,0.00925770912989689,0.0071371079274660625,0.0009618542885760917,0.0031731359045137353,0.008212068999287456,-0.00436516322128875,0.2245335019373247,0.08874620113802978,4,2
2024-02-20,SPY,1,-0.005505359592928083,-0.005520569936345865,0.009504066433503327,0.0072961693070103095,-0.0028623787223461816,-0.003192503241381317,0.007956263452073233,-0.0019287781337371604,-0.05025889380653992,0.040054223330530325,1,2
2024-02-21,SPY,1,0.0009058905293377606,0.0009054804581465348,0.0066690830914901906,0.007261746692898888,-0.0032116054324461407,-0.0029357461096785054,0.00769043933496543,0.003613051509484183,-0.17345793715071922,-0.14453709544219806,2,2
2024-02-22,SPY,1,0.020695347270954345,0.020484108046155747,0.01080415074409323,0.009436158781557848,0.013787443738561,0.015784097051903645,0.010852961478377757,0.00692444627438633,0.2885498217339535,0.09308705151991359,3,2
2024-02-23,SPY,0,0.0006897395023879316,0.0006895017414194626,0.010686761274343622,0.009432192752362624,0.01212517856436679,0.01454950071872152,0.005949690428774768,-0.00278827133109964,-0.19738490232649453,-0.13379825097925102,4,2
2024-02-26,SPY,1,-0.003662491153425429,-0.0036692144952894523,0.010474651694345062,0.009477186371146976,0.005820364954270962,0.009867364825891123,0.005685647684128229,-0.004544555605094004,-0.17832320642903499,-0.27432896236359294,0,2
2024-02-27,SPY,0,0.0018576843718893787,0.0018559610102544255,0.009520004898211651,0.009466480970902583,0.003630957393341294,0.010543342368938502,0.004756273147916716,0.000453878948508951,-0.030408818200040932,-0.28855968084974704,1,2
2024-02-28,SPY,1,-0.0013217087460413168,-0.0013225829734473393,0.009755893105490862,0.007976775236635225,-0.0012744357266910589,0.006763257984168769,0.003759907282313362,0.0018404274792158516,0.15663040252177374,-0.10322058561902059,2,2
2024-02-29,SPY,1,0.003595083428270973,0.0035886365625694694,0.002817080799037154,0.007652733599139545,0.002086729671835652,0.008475451067367912,0.00864051029892414,1.9641482282001472e-05,0.48522119540018327,0.29986405798003823,3,2
2024-03-01,SPY,0,0.009388213902118192,0.009344418515572883,0.0050060888503487624,0.007870133386782888,0.009503501218127042,0.0157577239409199,0.009293057422007587,0.007603372462721974,-0.08436123767944637,0.16289729779464346,4,3
2024-03-04,SPY,0,-0.0010724558903599801,-0.0010730313826750049,0.004371115446472412,0.007567075267305814,0.005922014444196044,0.012104507100688888,0.004296646839351063,0.0005272317650284298,-0.35194964395769135,-0.21584685557254923,0,3
2024-03-05,SPY,1,-0.009994157593185449,-0.010044434449890005,0.007137447857910951,0.008204745146495817,-0.004229083225893326,-6.905597880424441e-05,0.011347618092933635,-0.005997173128645135,0.46298441945971125,0.14518618651660664,1,3
2024-03-06,SPY,1,0.005067340102729245,0.005054544343641609,0.007382735779733515,0.008242440935587965,-0.0005528518077414502,0.002519383962287236,0.007149141090498802,-0.0015669137441898249,-0.0613981629414897,0.05973385155878308,2,3
2024-03-07,SPY,0,0.009926473256912427,0.009877529447678057,0.008335536367355557,0.006004146405988351,0.00671136330351052,0.011017363482691556,0.011848651276999498,0.0032544390663051073,-0.14229246121809125,-0.06534777857136709,3,3
2024-03-08,SPY,0,-0.006002256617515078,-0.006020342567088832,0.008068644047756679,0.006454048225661789,0.0011112436332865183,0.004185779627392527,0.013754637640334022,-0.007255695092783593,0.4753521186794676,0.3256823972449645,4,3
2024-03-11,SPY,1,-0.0008598592433949337,-0.0008602291344059765,0.008064872657621694,0.006298772598295147,0.0006497720213161085,0.002281857804325327,0.006621228667272977,0.0015671285373604483,-0.27706699794874756,-0.05916261122937272,0,3
2024-03-12,SPY,0,0.010757367807676221,0.010699918958305688,0.007164859628379978,0.007012535405497809,0.007627717849398863,0.011111373291516902,0.012698450435757364,0.006485572131023796,0.1687607501614523,0.060905608589582494,1,3
2024-03-13,SPY,0,-0.001567445672765011,-0.0015686754009225368,0.0074740499139270755,0.007025686192079593,0.0036139775271248897,0.007612220887943888,0.005414685216463475,-0.0022045883481875707,-0.24633040823695473,-0.19879720928825917,2,3
2024-03-14,SPY,0,-0.0019768471621474104,-0.0019788037034462747,0.006301340745240269,0.007098982363348153,0.001575445436960754,0.004272984462078133,0.010271384915010987,-0.003907303345582002,0.9993394320930749,0.5429917220133718,3,3
2024-03-15,SPY,1,-0.006866660707165462,-0.006890344704047813,0.006517734169669721,0.006916802127457123,-0.005183622190840342,-0.0023436298794106136,0.007016752219284901,-0.0007448009430955212,-0.0229232888997003,0.44527431416926366,4,3
2024-03-18,SPY,1,0.005943212882649318,0.005925621657485003,0.007011538695111943,0.0071760484024449775,-0.000505214508482843,0.003164224201551713,0.00591435413880107,-0.002217927331590467,-0.17420942475496137,0.1339737217182031,0,3
2024-03-19,SPY,1,0.005557133218754062,0.00554174932121132,0.005465390966268822,0.006293786023836735,0.004841267187357445,0.006749827803790076,0.009528467539166061,0.0069510834499454536,-0.3165367918617039,-0.21281990087189917,1,3
2024-03-20,SPY,1,0.009249336194085744,0.009206823028711675,0.00660418967563778,0.006649303148677416,0.011727162225879884,0.013625957610943207,0.010741178854053358,0.00913190134971509,0.14549018768732935,-0.0997069163397245,2,3
2024-03-21,SPY,0,0.0033047083039212666,0.003299259756041728,0.006138856641962559,0.006127510907229312,0.01159210676273048,0.015199369103294114,0.004203389719822997,-0.0022736437610594803,-0.13418426142258166,-0.22212614713482226,3,3
2024-03-22,SPY,0,-0.0018958504640314011,-0.0018976498631433358,0.004125193776673502,0.005670530256447333,0.005242137866376062,0.011097734975166862,0.0031411286787269488,-0.0017237045912850337,0.312245565179293,0.03068979132099403,4,3
2024-03-25,SPY,0,-0.0027626913890850258,-0.0027665146642510408,0.005059275565076865,0.00581341978004763,-0.0001999579519467165,0.006337792983319934,0.002577966308076309,-5.7653448292665344e-05,-0.38647262959271944,-0.3558506307371426,0,3
2024-03-26,SPY,1,-0.001847097139976439,-0.0018488051274347939,0.005093946302049445,0.005008152579198664,-0.00323541939691796,0.003773396523907069,0.006100939690616865,-0.004642831381226235,0.349430348304856,-0.1218443820734918,1,3
2024-03-27,SPY,0,0.008403660081948816,0.008368545918405523,0.0047635963740080296,0.005474408179851701,0.004103209090320803,0.010488694325529124,0.007130458648686307,0.0027984145905031494,0.26787517356947443,0.07323099426169155,2,3
2024-03-28,SPY,0,-0.00019090663022613974,-0.0001909248552163234,0.004601999041102377,0.005368848103228484,0.0035763702764963767,0.008403582654988417,0.0034975554324973086,-0.0002676069695867129,0.16018231369232216,0.26789415327637656,3,3
2024-04-01,SPY,0,-0.001739763403890593,-0.0017412785498267525,0.004583520818973131,0.004634335912255098,0.0014653115100271563,0.00426201100262813,0.006509810565328168,-0.0031881409824326,-0.35118578450156757,-0.12535465641987797,0,4
2024-04-02,SPY,1,-0.006358201070618019,-0.0063785005221213,0.005406547771005986,0.005189373379885071,-0.0045470724352721925,-0.0032696578027126,0.00482401985008793,0.001157835428374376,0.18811252050738259,0.06095560512601139,1,4
2024-04-03,SPY,0,0.0010984840474292934,0.0010978811552995182,0.00536245528154585,0.004957090465060663,-0.00368294870565955,-0.002883501124792187,0.006335527857695603,0.0032643176563404088,-0.2030774495051212,-0.15256320556700642,2,4
2024-04-04,SPY,1,-0.012206021900676656,-0.012281127169429418,0.005441494386806378,0.005474370659561628,-0.012015913025443692,-0.013651246697663044,0.021221701056456585,-0.01996105557985728,0.6373390267733678,0.33538603905508624,3,4
2024-04-05,SPY,1,0.010446820903633913,0.01039262995878687,0.008477032239128936,0.0065243745666718365,9.255391343865327e-05,-0.002624168067998145,0.012498527390186611,0.00771677202030677,-0.23035347585798194,0.007917015668403415,4,4
2024-04-08,SPY,1,0.0005593241126458093,0.0005591677492162717,0.008539964848611265,0.006520783381915724,0.0019817933454495673,-0.0015880232377543102,0.004411014002991387,-0.0008283804116601539,-0.3507166667784537,-0.3172656943706842,0,4
2024-04-09,SPY,0,0.0011567728189785242,0.0011561042728223114,0.008074000035163509,0.006484666203961669,0.0029548844407278896,-0.0003464867000187999,0.0122959162614073,-0.00226703684107829,0.4059229202219752,-0.06587107139601822,1,4
2024-04-10,SPY,1,-0.010013078490869631,-0.010063546537599777,0.009216973253098708,0.007207512695396648,-0.005054826368194543,-0.009461844494736305,0.00792620246917337,0.0012464257084633327,0.2146035515479976,0.10844161339107683,2,4
2024-04-11,SPY,0,0.007546927515202695,0.007518591932832663,0.007893025910392327,0.007088959841035416,0.0005447686468598167,-0.0009912467661854496,0.014349913675163195,0.004498928322156929,-0.15188596151612532,-0.043364326860734104,3,4
2024-04-12,SPY,0,-0.013803104158051971,-0.013899252791926386,0.0087612160153249,0.008150211467704557,-0.010367994244545042,-0.012453279113034954,0.013103448521365567,-0.006843301606015969,0.3204339576884121,0.2696436823563737,4,4
2024-04-15,SPY,0,-0.012528100445097223,-0.012607238758677752,0.009397268236548217,0.008754821075502408,-0.017333225849749834,-0.0214752914990598,0.02275154060064764,-0.020732616183386277,-0.004966449188698041,0.2140074025645351,0,4
2024-04-16,SPY,0,-0.0018238107475504473,-0.001825475915313568,0.008951144635603736,0.00870242766910451,-0.013053966402196915,-0.020350560610568835,0.00849607581926467,-0.0027924182185842827,-0.20214024976819023,-0.030438586549294766,1,4
2024-04-17,SPY,0,-0.005918302223910876,-0.005935884781433032,0.008689905250056728,0.008621645694496022,-0.013648016251237016,-0.022561879784511296,0.014030246566116556,-0.010868491517976515,0.03301807196124318,-0.02008767153561508,2,4
2024-04-18,SPY,0,-0.002057726764312262,-0.0020598467928225617,0.005678365487735586,0.00808423430348232,-0.008456124376437169,-0.02198539587690529,0.01109607395177824,-0.004900637313869557,-0.017944863872228156,-0.009135590656634829,3,4
2024-04-19,SPY,1,-0.008728247984074011,-0.008766562247691567,0.0045504141366373456,0.006807640310088391,-0.010949871841719694,-0.026084550697235476,0.013214812732766496,-0.008569595463669331,0.3710959769598421,0.31038384513838935,4,4
2024-04-22,SPY,1,0.009209017551805365,0.00916687309146269,0.006822868342467181,0.007979198743387286,4.799495987861668e-05,-0.013428883649293621,0.0139606138531038,0.003796506235895742,-0.3351015432539628,-0.15004074016404878,0,4
2024-04-23,SPY,0,0.011866609691026042,0.011796753572050456,0.00918209593056884,0.009310586123339602,0.011057297290539836,0.0009798174681154848,0.013073453654096527,0.007712533633469278,-0.04896043318962351,-0.188187256417931,1,4
2024-04-24,SPY,0,-0.0004746073624046776,-0.00047472002412707326,0.008470496031761032,0.008951256996109585,0.008617158702617589,0.0022328224717378387,0.008370163958484623,-0.0022702027440517653,-0.13469000643628082,-0.273131652247507,2,4
2024-04-25,SPY,1,-0.003798847326095478,-0.0038060812728506477,0.008709529038103766,0.008352024706871226,0.003195962675612618,0.0013066040387972322,0.013582272684755823,0.008634155258287975,0.23591539852060062,-0.10051055184728575,3,4
2024-04-26,SPY,1,0.009473947590954657,0.009429351197479896,0.0069272597028387705,0.008188556655071753,0.007441036339508322,0.01131383479793624,0.008255144910429236,0.0037721015880049255,-0.069677846834022,-0.13124237038365993,4,4
2024-04-29,SPY,0,0.0035413680238436385,0.0035351121453315315,0.006573204639177444,0.007060059618370942,0.0068814907603533815,0.013763664277967713,0.006861534288317138,-5.881075792947603e-05,-0.27821155380282736,-0.3316924916374091,0,4
2024-04-30,SPY,0,-0.0158412777210869,-0.015968091808857388,0.009458054763841013,0.008870804749179815,-0.00763091062632737,-0.0019881833914281444,0.014904802990117792,-0.012938466658513604,0.6693511205332714,0.1092519453955012,1,4
2024-05-01,SPY,1,-0.003247089081350074,-0.003252372314954677,0.009470044914481257,0.008720867629088096,-0.008870344130994967,-0.005189265523362185,0.016594214454490233,-0.0020543275943714916,0.0356101162052358,0.14167144599224568,2,5
2024-05-02,SPY,1,0.009353406639900363,0.009309934397479402,0.010596234085371744,0.00915813009734568,-0.00020987640202063673,0.003016784294754382,0.012575675755677047,0.00174552195470856,-0.22048831795500656,-0.09459832283379543,3,5
2024-05-03,SPY,1,0.012395359318103205,0.012319165836073509,0.011263544291050476,0.009065903109073565,0.010970057780303133,0.012206935301972921,0.0078057559390200095,0.0002543330500843269,0.16317293949499767,0.1000409888178091,4,5
2024-05-06,SPY,1,0.010326855792326395,0.01027389809600443,0.01199511367259846,0.009154036012214385,0.01878737838277189,0.01925977998973738,0.00644281763229927,0.005489065351277372,-0.3503732302317175,-0.26230007135904965,0,5
2024-05-07,SPY,1,0.0011033717013146926,0.0011027634341473913,0.006714766111316064,0.008662200195903176,0.013848901946359016,0.018076288881899938,0.004096134027335627,-0.0008114670997321486,0.11206249061138651,-0.16387714070234816,1,5
2024-05-08,SPY,1,9.665698605743067e-05,9.665231507227645e-05,0.005646859486154869,0.008643855807620098,0.007295795267681537,0.015818918169323792,0.005045948718434687,0.003745667506118204,-0.20003500674450592,-0.3160280985583742,2,5
2024-05-09,SPY,1,0.0057619887050999186,0.005745451940871504,0.005442550800062407,0.008415083127228945,0.007160148981088854,0.018335842469576313,0.006764853622035038,0.005392512275335583,0.037969234574478206,-0.25936202264592034,3,5
2024-05-10,SPY,1,0.0012881036708911608,0.0012872747770824589,0.004292715729145534,0.008141075104841548,0.0047417537227019135,0.017142559368895194,0.005845016015865561,-0.0018588580281390307,0.1968096197160185,-0.09505702368057589,4,5
2024-05-13,SPY,1,0.0001342624349851551,0.00013425342259054673,0.0023476022693828848,0.00816288753576002,0.003196874908454328,0.015128183170894038,0.005606997645189469,-0.0031575788842839727,-0.29706776532933077,-0.35301474996114535,0,5
2024-05-14,SPY,1,0.004588014284517605,0.0045775214289873745,0.0026344929744207273,0.005171946827251067,0.005414084015461729,0.015566186938763549,0.006275104341061338,0.004202572399238873,0.5670354392042793,0.05078402584886432,1,5
2024-05-15,SPY,0,0.012383148022689694,0.01230710397807755,0.004810721876275854,0.00503805464314261,0.012963717163508193,0.022303235184955694,0.009318647195497166,0.007511956485276776,0.03422211175978829,0.12952346387018432,2,5
2024-05-16,SPY,1,-0.002057544692443347,-0.0020596643455439434,0.005633162629295945,0.005408153271093484,0.007596637865641576,0.015563134110565757,0.005623993123811705,-0.0022457960867374666,-0.1556191170811143,-0.02344138720270672,3,5
2024-05-17,SPY,1,0.0014375154397507917,0.001436483203550054,0.005620421344083206,0.004719977035328668,0.0057443992964929524,0.013487614018303562,0.004160307515342469,0.0012102922626128763,0.17798458745979673,0.18153142983077597,4,5
2024-05-20,SPY,1,0.001152163929652561,0.0011515006981772657,0.005494237241995045,0.004097519242207488,0.00341503411524946,0.012041935464771614,0.004513123128920443,0.0009252605464776882,-0.3619575721941758,-0.23155906162959727,0,5
2024-05-21,SPY,0,0.0024524160284589147,0.0024494137638031432,0.005471537466988041,0.00406526168309678,0.0028156839894302177,0.011776902469318173,0.004628952674231791,0.003929783743117286,-0.11458471250549462,-0.29206129215910825,1,5
2024-05-22,SPY,0,-0.002879175127503797,-0.0028833279252147292,0.002341430946595803,0.004375973621250594,-9.04751132791981e-05,0.006441486933697282,0.007123394182538414,-0.0015452883944068266,0.4471992104554834,0.010952085383772125,2,5
2024-05-23,SPY,1,-0.007304272633687048,-0.007331079448999134,0.004054738710269658,0.005151281452145995,-0.0063702398450141695,-0.002007470418816548,0.015667285118661587,-0.013134193394263891,0.18229386236825795,0.16229725743419876,3,5
2024-05-24,SPY,1,0.006616391238277064,0.00659459899296877,0.0053094308931327045,0.005438239293163777,0.00020778376994723402,0.0029590018942129426,0.006422307104730713,0.0030122703969129635,-0.2782689403473446,-0.14206212518162387,4,5
2024-05-28,SPY,0,0.0006988454407301781,0.0006986013619645348,0.005288828635939676,0.005423639520069121,0.0010013355077562736,0.001970598975668203,0.00641187374135929,-0.0008675240079816353,-0.12161216339598602,-0.24569754820923462,1,5
2024-05-29,SPY,0,-0.007002454871396835,-0.007027087116654229,0.005819266084364825,0.005952626173321188,-0.004028563448465916,-0.005572251602056544,0.0036904627690534293,0.0007989326510573115,0.245955290380925,-0.035406679364179516,2,5
2024-05-30,SPY,1,-0.006633882486766551,-0.006655984487469624,0.006195361736140045,0.004646534792334047,-0.00792366657009791,-0.010828559097623813,0.007378164746973843,-0.0036414895686811884,0.026273337419755904,0.018474475550736003,3,5
2024-05-31,SPY,1,0.009108377453401095,0.009067146359940992,0.007394534240108162,0.005683958778360333,0.0005768965060433118,-0.0015693733953550115,0.01745643381202236,0.007219328229798709,0.9575355343959153,0.8307117258891028,4,5
2024-06-03,SPY,1,0.0008151608537849686,0.0008148287906202256,0.006620826983890049,0.005666987997302489,0.0020161102709697065,-0.0004432399222118466,0.012683871545356289,-0.002306210905519769,-0.4841076467905774,-0.03142471603393637,0,6
2024-06-04,SPY,1,0.00111786028487737,0.0011172359443101243,0.0066440324408804236,0.0056660231830246875,0.0036773858099465873,0.0009907150972736645,0.00795882358874322,0.003665981452018956,-0.2605491110413638,-0.27911769052560154,1,6
2024-06-05,SPY,0,0.011885404861504467,0.011815328150698079,0.007366410752729002,0.006839142153875819,0.012310645719878721,0.012253130709743099,0.011229010217871477,0.007347746171403023,0.3747238881172996,-0.03738497645747707,2,6
2024-06-06,SPY,0,-1.8943143324623435e-05,-1.8943322748654623e-05,0.00550422186674693,0.006734517861946822,0.0076934124391536685,0.011309203042707772,0.005121668724826335,-0.0005981669144672652,-0.35290398736410533,-0.35413696359155067,3,6
2024-06-07,SPY,1,-0.0012156583247044939,-0.0012163978366750428,0.0053147108009254755,0.00615808759004236,0.003955595028313219,0.008544136934033775,0.008151326387590302,0.0006559169484479015,0.4030056640212929,-0.06647831159446271,4,6
2024-06-10,SPY,1,0.00308979295893419,0.003085029358506297,0.00522930966151677,0.005931707855548533,0.004090103742484308,0.010473305175324077,0.006414312159375962,0.004651300691731017,-0.17440109197330222,-0.21984158145709032,0,6
2024-06-11,SPY,1,0.002408336387425436,0.0024054409931384413,0.005146123096174103,0.0059407843841337285,0.003288582552113395,0.011544413357938765,0.009287213108084464,0.0053925606068796345,0.019539820826596443,-0.20479526156468908,1,6
2024-06-12,SPY,1,0.008213079681904878,0.008179535883078515,0.0036450863950004317,0.005494027804215946,0.009006127721422619,0.016928850820535635,0.007052798570576329,-0.0004985313383966268,0.738465893786727,0.3299375940924649,2,6
2024-06-13,SPY,1,0.0020135326486205862,0.002011508208819457,0.0033996698917237093,0.004402913181613235,0.008110340224833479,0.015192933490572047,0.006885740709318045,-0.0012888008387487541,-0.29233233150939186,-0.05563597397607867,3,6
2024-06-14,SPY,1,0.0006082053435858548,0.0006080204616756291,0.0029100162515747477,0.004058776141083767,0.005446020259794793,0.012889242810128376,0.005472603804789513,0.0035128390713466302,-0.1043544700843817,-0.05288277310189815,4,6
2024-06-17,SPY,1,0.00795911087131973,0.007927604214625461,0.003574885581689725,0.0042755939964450075,0.009171284926702716,0.01728706105616573,0.012765724112950615,0.009260548881774676,0.39285705377164826,0.2917222624218343,0,6
2024-06-18,SPY,0,0.002540704931627946,0.0025374827973605463,0.0035583779879255163,0.004206710202063878,0.0074462762360287815,0.016074162105041534,0.003454226809712662,0.002430764593762469,-0.2590119897205383,-0.057551529972036164,1,6
2024-06-20,SPY,0,-0.002716758802109309,-0.0027204558888840324,0.0038715527084737574,0.0035517060303997317,0.0026319960842307033,0.011004498405647212,0.008990977030168212,-0.004440889688708929,0.6997177134791814,0.523083876576155,3,6
2024-06-21,SPY,0,-0.0013405919681065415,-0.0013414913654257177,0.004165576665187363,0.0036697249324233994,-0.00011109633844652578,0.0074878584811914894,0.004831015365297188,0.00020203039425076657,-0.08516640551016519,0.29903803675828655,4,6
2024-06-24,SPY,1,-0.0032506271036742973,-0.0032559218692771452,0.00467732838593283,0.003925008938027813,-0.003985207863597573,0.002275475480419731,0.007954764488266434,-0.0029210714190805133,-0.2923579313196122,-0.08500290403812027,0,6
2024-06-25,SPY,1,0.0038509636422781046,0.0038435676634742677,0.003196158622394484,0.003956767480547996,3.7839461896505e-05,0.004115384486394591,0.005073640719815204,0.001544195427395326,-0.16676294293489602,-0.24102265336169215,1,6
2024-06-26,SPY,1,0.001248037323762441,0.0012472591725547488,0.002964630842141094,0.00396140433483097,0.0017331760333512136,0.0034661584129314083,0.005904027889212363,0.0033475092719125236,0.01619561263384317,-0.2320602198843308,2,6
2024-06-27,SPY,0,0.0015765234185698418,0.00157528201009427,0.0027553512430188633,0.0032871226566617956,0.0028965501684150574,0.0038015992769069307,0.004309068416183734,0.0018336175604694257,-0.09102582060979592,-0.2604009578073009,3,6
2024-06-28,SPY,1,-0.003935218822621267,-0.003942982169885312,0.003349379881366831,0.0036514587351641078,-0.000943692186297862,-0.0007937138340335936,0.01339647899994969,-0.005373204520992354,1.172980608706819,0.507292238457989,4,6
2024-07-01,SPY,1,0.002058232144172001,0.0020561168863562074,0.0029150479474046483,0.0036781301088622495,0.00015781779501256032,0.00047200148775816686,0.006157992268559607,-0.0005314554272102942,-0.4707720189902094,-0.20262692379229974,0,7
2024-07-02,SPY,1,0.006729624598504014,0.006707081754953492,0.003783690703811998,0.0034239648725551725,0.005347091701221274,0.006527242793906041,0.009858350618394898,0.009766410592927847,0.0033996893130643357,-0.17476176957585587,1,7
2024-07-03,SPY,1,0.0044626316745368655,0.004452703659563184,0.003990125014381439,0.0035901648351914315,0.007637807111038342,0.010142331682071237,0.005795608926045334,0.005048423552324167,-0.18906733803555353,-0.3188507133912821,2,7
2024-07-05,SPY,1,0.005766470326189266,0.005749907876922755,0.00426279250186388,0.003650673791450006,0.010394691619024732,0.014221115298264086,0.007122519413287317,0.005201433596601845,0.26527985751710137,-0.08323260803754717,4,7
2024-07-08,SPY,1,0.0011538278736904495,0.0011531627259042665,0.002379633401027294,0.0035007114565705297,0.007500648584457759,0.013395556552878052,0.003708767012709101,-0.00028801156529615577,-0.12962418410929322,-0.1489853599699663,0,7
2024-07-09,SPY,1,0.000972592116235127,0.0009721194549694445,0.0026402556146584853,0.0030236941409693876,0.004659843625940185,0.011965481001970257,0.0029841676830780345,-0.000791001390863314,-0.24427244153362593,-0.3279787748295364,1,7
2024-07-10,SPY,0,0.009895193071413955,0.009846556232544934,0.003685800368915022,0.0038419395684936215,0.010106050969392877,0.01891999772168851,0.00879595618949637,0.007629202692878903,0.4181614308695223,-0.04875741337877526,2,7
2024-07-11,SPY,1,-0.008622613418480696,-0.008660003236682812,0.006910003153832535,0.005322645373942343,-0.0004096439091344495,0.008126778962084913,0.011577372420445516,-0.008834464860159113,0.3708670532179881,0.25914050587097504,3,7
2024-07-12,SPY,1,0.006307544740922433,0.006287735435675401,0.006990766806217696,0.005487947952028446,0.003965702220858791,0.01198859752730197,0.011692266267960128,0.004232170670332666,0.0005692292033430135,0.20812370816808734,4,7
2024-07-15,SPY,1,0.002750120523653532,0.002746345861139865,0.006982257909529743,0.0050058008076763055,0.0044756550127720285,0.011607183404590105,0.009270006407263012,-0.0008896321796639987,-0.2354759590388137,0.004971830093067675,0,7
2024-07-16,SPY,0,0.00593008157149999,0.005912567842232264,0.007104555151050723,0.005061626608117854,0.007174929888372539,0.014040186024943946,0.00543641975081061,0.0035354349168331333,-0.10124604834874573,-0.08814645135016963,1,7
2024-07-17,SPY,0,-0.014021176017077752,-0.014120401300877106,0.009243024294128778,0.007344808485726992,-0.0053932941006886725,-0.0015991558100015846,0.006979285073834737,-0.0033285350611918963,0.5659638166101444,0.3707565379056095,2,7
2024-07-18,SPY,0,-0.0076848140831787815,-0.007714494423302298,0.009071065770921784,0.007784305762472866,-0.011688225861293255,-0.009484741109983985,0.016275494971492666,-0.01047436307103731,-0.01485670267336614,0.2783573168454354,3,7
2024-07-19,SPY,1,-0.006640604914115333,-0.006662751831330027,0.008141299132646378,0.007795178231909934,-0.01437353605411651,-0.01506497179556654,0.011169117946835706,-0.006209030777112733,0.16418401148738937,0.41123154101664783,4,7
2024-07-22,SPY,0,0.010309925512624218,0.01025714072539774,0.010147584876193534,0.008574521269781766,-0.0017457138251444348,-0.004797882055015412,0.0076853526220614825,0.0029837692840189874,-0.3383102500263322,-0.08053571833869533,0,7
2024-07-23,SPY,0,-0.001568409167491458,-0.0015696404087108817,0.009105355944269656,0.00857750010059403,0.0006796089281355666,-0.005994931550041049,0.006239335439453913,-0.0013704128837962297,-0.20548507729538812,-0.2803857711976283,1,7
2024-07-24,SPY,0,-0.022662703341900237,-0.022923449408305707,0.011894667347567419,0.010274367067476416,-0.01641409945858352,-0.025005888578430113,0.016178998505647246,-0.0139015506439684,1.1636517265008886,0.4485914902906949,2,7
2024-07-25,SPY,1,-0.005210277592075707,-0.005223898421168549,0.011840157379383686,0.010144506304123526,-0.016444683577358954,-0.026918301602718464,0.018490828885307568,-0.005430872031025952,-0.17925177782280954,0.17048840349824235,3,7
2024-07-26,SPY,1,0.011199596088110608,0.011137344972193652,0.013805321724757343,0.010756086361260046,-0.003773162250287121,-0.013247013760050885,0.01051119698142293,0.003983132381496494,-0.12090754648183488,0.02763131286294751,4,7
2024-07-29,SPY,0,0.0005877796546283065,0.0005876069798276262,0.012315118914668542,0.010654263230201784,0.00043336766688084616,-0.009656935946511958,0.007930143465364154,-0.002307625582495491,-0.2650110297263214,-0.24315660987758791,0,7
2024-07-30,SPY,1,-0.00506634976860687,-0.005079227231497008,0.012275060214331786,0.010190287986199448,-0.00030977688018474225,-0.01056245032328651,0.016146170626700294,-0.007798501976106166,0.18569281148300165,-0.12010630778025422,1,7
2024-07-31,SPY,0,0.01625458557234216,0.016123894118010185,0.009742708350991213,0.01133982055055509,0.012362100691193145,0.0066469234334802785,0.010783604358580499,0.0033334860194376825,0.4014590127546229,0.21366045882344253,2,7
2024-08-01,SPY,0,-0.014160801123903277,-0.014262021983354245,0.012254019763726894,0.011930477008494042,-0.0036585290552041405,-0.005854742860620377,0.027942165222056427,-0.017300970794429042,0.163946734406077,0.3618937327054106,3,8
2024-08-02,SPY,0,-0.018618614276091905,-0.018794122569683047,0.013685553160539897,0.013032487552937067,-0.018050653198784294,-0.021481872516598055,0.015660316655972936,-0.005319599787097526,0.08322004691954721,0.43116297474235243,4,8
2024-08-05,SPY,1,-0.029123703835287507,-0.029556217195231937,0.01710884846307267,0.014479109490896277,-0.036930943045829556,-0.04343361244202093,0.026014439244587968,0.011218806328740944,0.7667470717763569,1.1465875153178406,0,8
2024-08-06,SPY,0,0.009219586455327056,0.00917734549905802,0.019229988941253932,0.01529421445078255,-0.02081577036125859,-0.02893570166336268,0.022880485253147446,0.005643183768470301,-0.42006010908787605,0.15917492880732054,1,8
2024-08-07,SPY,1,-0.0066838175135568445,-0.006706254253100674,0.014319121358391926,0.014121596966207961,-0.015489112083178158,-0.031360334093286424,0.025621208040421083,-0.018563017962102232,-0.16655211885936316,-0.028822414053868317,2,8
2024-08-08,SPY,1,0.023117071432296132,0.022853919749566742,0.02098408384867945,0.0165243208097768,0.012018650597031888,-0.007529886607011815,0.01803735690533999,0.012864903542639508,-0.10497706451215938,-0.13329580335386526,3,8
2024-08-09,SPY,1,0.004409871158949308,0.00440017616911792,0.01956740864422555,0.016086082012933836,0.016446609478978358,-0.001013926937000309,0.011230464193672025,0.006002137918187477,-0.2790447021489777,-0.36809602143561204,4,8
2024-08-12,SPY,1,0.0005253411326555657,0.0005252031893121512,0.01114305093249011,0.01608497525666824,0.01085412646950168,0.0016680340296899576,0.008947732287140459,-0.0017596121426833966,-0.06746003910599829,-0.4131841656929416,0,8
2024-08-13,SPY,1,0.01644542365219892,0.016311662189592013,0.012075484057560551,0.017041254013726626,0.01978827201541966,0.018133261653858757,0.011182971450569183,0.010269599891155324,0.23014848820345013,-0.2835445699783392,1,8
2024-08-14,SPY,1,0.0031548370815228655,0.0031498710250081885,0.009751588280944074,0.016144653842213273,0.013437897809041477,0.02270152661193614,0.008915956660483509,0.0016579615999633014,-0.18890912252475012,-0.39981315787650407,2,8
2024-08-15,SPY,1,0.01714047651657058,0.016995235862460767,0.00785090574753638,0.016379109173003403,0.022265326626868198,0.03826659957539369,0.008152830698362147,0.00649682861550273,0.433480419064761,-0.12026119712650774,3,8
2024-08-16,SPY,1,0.0022419788999104018,0.002239469415323825,0.008175053913683679,0.014710605051220802,0.016545470271393192,0.036428690702099864,0.0068187767620993605,0.005241040836397064,-0.26979397437498764,-0.31989086586340665,4,8
2024-08-19,SPY,0,0.009561257412605384,0.009515837873382615,0.007059418003114366,0.008995390029426141,0.016445133216072216,0.038141082486266464,0.010365403353792447,0.00879708156153534,-0.11948720141703817,-0.28367007713375747,0,8
2024-08-20,SPY,1,-0.0016261140417987985,-0.0016274376002698432,0.007367554245558399,0.009462102055726196,0.008687612299076886,0.029472669198574275,0.006277402508035595,-0.0008048147856254163,-0.1377620661625999,-0.31860574384474083,1,8
2024-08-21,SPY,0,0.003436664536923706,0.003430772700339091,0.0073404702745489565,0.008329726565718476,0.006025913043171016,0.02508503596122491,0.0131839945429598,0.0015184371371822797,0.2307076600172535,-0.1088696391332673,2,8
2024-08-22,SPY,1,-0.007848577207078211,-0.007879539401688618,0.006439170337508716,0.007755690864577646,-0.002997054441722935,0.01230660148662066,0.014576244742992366,-0.01126995677435881,0.351849710704186,0.22346522656828038,3,8
2024-08-23,SPY,0,0.010625421484762532,0.010569368402715718,0.007751377740407419,0.007971974495095738,0.004779720544648702,0.017665692380295583,0.010365929484452415,0.004646713223246874,-0.09768270627121511,0.09200369526007846,4,8
2024-08-26,SPY,1,-0.002383890782924558,-0.0023867367744792034,0.00695820568140281,0.008217541856118426,0.001961762325433769,0.010206701125442308,0.008629541913361896,-0.00424378472161637,-0.29326571799823853,-0.2168380069224688,0,8
2024-08-27,SPY,0,0.0013730986678519574,0.0013721568299356335,0.0068641294431469905,0.007222221764830387,0.00231318932813962,0.00804916256399335,0.006684641905404397,0.003699811185811576,-0.08647166974958509,-0.252431480107423,1,8
2024-08-28,SPY,1,-0.005805139307251905,-0.005822054624054829,0.0072887735337484405,0.0078109084519029474,-0.0026794275545959367,-0.0004134952191087171,0.011778204465209658,-0.005185285482712362,0.25607529233282045,-0.058023339991503775,2,8
2024-08-29,SPY,1,8.929895963372125e-05,8.9294972719145e-05,0.006146857377117296,0.005937970412503364,-0.0033487900518368585,-0.001268341477285495,0.011600721079977287,-0.0034981028023710805,-0.057244435786295234,-0.06445252087844111,3,8
2024-08-30,SPY,0,0.009546099317694123,0.009500823223604904,0.005718699271061235,0.006531841300160771,0.005608907990432455,0.006578606775755835,0.012589827046201992,0.005189245222067522,0.6195215315948257,0.45107747537916576,4,8
2024-09-03,SPY,0,-0.02057910675280339,-0.02079380724062485,0.01121313884902755,0.008990782011354396,-0.01201521656500082,-0.012808451356986272,0.020161629317611084,-0.014969497121774112,-0.033492769549011925,0.33606439731579374,1,9
2024-09-04,SPY,0,-0.002046651369741581,-0.0020487486227080964,0.010975767487498516,0.008993370497919135,-0.010278860684115876,-0.013461753937795362,0.009033025432312934,0.0013631406458744085,-0.22071250707507084,0.01110061291346831,2,9
2024-09-05,SPY,0,-0.0024322652088685226,-0.0024352279710155855,0.010922097376357022,0.008835736883268601,-0.009593923072348076,-0.01391724001074901,0.012162159467179686,-0.0023235659802109112,-0.0626915038464878,-0.057833525608006586,3,9
2024-09-06,SPY,1,-0.016830046442845803,-0.016973281045570943,0.012235013235258161,0.009895323714232728,-0.019907960769909194,-0.027746499839901184,0.022111454141448536,-0.01742011318928279,0.5473824278255841,0.42048415726452615,4,9
2024-09-09,SPY,1,0.01119631535686616,0.011134100571603689,0.012784908228200536,0.009982928729375682,-0.0026866179391424883,-0.014072197980250722,0.009235342093826827,0.0032313387525541976,-0.4094969179692176,-0.14308420448028114,0,9
2024-09-10,SPY,1,0.004355556873497424,0.004346098888906802,0.010380928348625312,0.010237428516654169,0.0028616522989961535,-0.007629204853748406,0.010522320529188042,0.0007841430579687077,-0.10016367583284291,-0.22990477967882683,1,9
2024-09-11,SPY,1,0.010258947550831232,0.010206681706174336,0.011512646781579091,0.01093549725506037,0.011866706808868921,0.003847562707594676,0.028066271252597776,0.010424586433154269,1.0675759590708513,0.4607027731933828,2,9
2024-09-12,SPY,1,0.008423285347685106,0.008388007445118362,0.011653286078043168,0.011195853729537339,0.01687117972556762,0.012158485455193047,0.011999845160450284,0.007351249559565059,-0.31135462985357865,-0.014662288199244311,3,9
2024-09-13,SPY,1,0.005222738569804486,0.005209147372362111,0.003018053569104507,0.011307439813688681,0.014194856183687987,0.01677100155585709,0.0063961997271841705,0.004109248901534074,-0.2413970775536669,-0.25336508501482324,4,9
2024-09-16,SPY,1,0.0014770128236205604,0.0014759231130589967,0.0034555358019390018,0.010887038168756809,0.00970540129305486,0.01842753390135332,0.005714317999971316,0.001958266529386276,-0.06752394398443162,-0.2675493642527259,0,9
2024-09-17,SPY,0,0.0004084582864327668,0.00040837489005518535,0.0042659629171783835,0.008187884940093627,0.004968845914723019,0.016821480827308166,0.010246043731459126,-0.003592228542593598,0.3455059321640872,0.008239925164438722,1,9
2024-09-18,SPY,1,-0.002965730407402778,-0.002970136900297682,0.004410017234138124,0.008243366958137693,-0.0005019893953797094,0.011896287834927355,0.013942571908540159,-0.0041507891241486326,0.19715536992356197,0.17854280006834333,2,9
2024-09-19,SPY,0,0.01706426713245346,0.01692030792377519,0.007740558026107023,0.00933516234029953,0.012268081437285083,0.025214598085632423,0.008406135988647446,-5.258979065415286e-05,0.2755631731106327,0.41557078051252283,3,9
2024-09-20,SPY,1,-0.0017286360158116354,-0.001730131831110704,0.008134467284400402,0.006365045516784547,0.007666009806541529,0.018025768633302963,0.007290811588897114,0.0007219870476577018,0.02904581394268102,0.43243157825282497,4,9
2024-09-23,SPY,1,0.002498934268385433,0.0024958171240925253,0.008104093484877666,0.006067931301316138,0.007129818168086333,0.016031766141077375,0.003916888675863928,0.0005795412918882337,-0.43077244652149393,-0.19011555799672053,0,9
2024-09-24,SPY,0,0.002861332369231473,0.0028572465498371002,0.007977046456359977,0.00609028044228818,0.006469986020786411,0.01456208160265171,0.006590958305908453,0.0014373989487676136,0.0609471653720004,-0.15686962198313625,1,9
2024-09-25,SPY,1,-0.0022055614600836604,-0.0022079972930066916,0.007827759653114037,0.00602216597912663,0.000598890789173856,0.009221045897073843,0.005217707440338601,-0.0019260366860670273,-0.17897606488098672,-0.25859586484769403,2,9
2024-09-26,SPY,0,0.003964639116043278,0.003956800645357639,0.002836855451356028,0.005743311625356654,0.003485793467221887,0.010552946801664964,0.008374242692475178,-0.003621325728892885,0.2578131912169581,-0.06114211005669157,3,9
2024-09-27,SPY,1,-0.0014502546060429777,-0.0014513072431050489,0.002769940564564254,0.0057998174206265116,0.0009002537124147558,0.007099493541496971,0.006627230499119584,-0.003348582807968388,-0.1289949520026481,-0.18665831318858483,4,9
2024-09-30,SPY,0,0.00400722886300664,0.003999221306372647,0.0030260634559602373,0.005829945850292283,0.00347342502787118,0.00888765275535408,0.011044472461900106,0.0058553819212796045,0.5096446869306832,0.16719739959230906,0,9
2024-10-01,SPY,1,-0.008958432638663472,-0.008998800666687679,0.00535460460348032,0.006825388334350793,-0.004582988884268779,-0.0014272362581443376,0.014056500201286145,-0.008336290710415552,0.14335702844987375,0.27965558787471534,1,10
2024-10-02,SPY,0,0.0004219725084146919,0.00042188350305405464,0.005326798746705503,0.0066720035096623255,-0.0037513570123680617,-0.0026131832482158,0.008155580672548889,0.002025617541346906,-0.47573373992690127,-0.3034254613975774,2,10
2024-10-03,SPY,1,-0.0018281767260073245,-0.0018298498806039731,0.004736639336355026,0.003934938988644973,-0.004009798159201994,-0.004189704791232596,0.00759658359748983,0.000810811450460679,0.0721485230118275,-0.202935555964475,3,10
2024-10-04,SPY,0,0.009087379907035231,0.009046338124377051,0.0067253552635925555,0.004858849177186476,0.004509034897966835,0.0040267407444536385,0.009190198287752381,0.0011007336589252735,0.051230827610688756,-0.10150017461896133,4,10
2024-10-07,SPY,1,-0.009040457987704142,-0.009081570901980918,0.007529825897375398,0.00571575990870554,-0.0024876423940438652,-0.004723987280191189,0.009329629273115397,-0.006126378566050927,0.1636177749417198,0.032871623612002576,0,10
2024-10-08,SPY,1,0.00945754134781529,0.009413098795424624,0.007812799971209098,0.006455651491241719,0.005339163184999496,0.0043596697317880295,0.0074506506211746695,0.004821009225465963,-0.25149755727543643,-0.21156094223850685,1,10
2024-10-09,SPY,0,0.006926570504826257,0.006902692015960277,0.008099789578543492,0.006696104276928202,0.009370836207711841,0.010059779567432203,0.009002781808677203,0.006944032539590165,0.013730423784783952,-0.19986425284932885,2,10
2024-10-10,SPY,1,-0.0017500610912019043,-0.0017515942371071347,0.008088407500219425,0.006683364289581087,0.004684037848384781,0.0076167037134984295,0.005366772757609757,0.0006252242029822495,0.16421890578758291,-0.060140001303169655,3,10
2024-10-11,SPY,1,0.005988159557293038,0.005970301784517851,0.007603382787064025,0.006831322749480556,0.008379070009272294,0.012214757414958921,0.007673021506774262,0.006127991271034773,-0.042369290930058146,-0.10028133769186443,4,10
2024-10-14,SPY,0,0.008178450457311026,0.008145188164315087,0.004397006813328876,0.007127041771287516,0.010815399202478426,0.018614500825601565,0.007811223446103776,0.005333671892491085,-0.1431532128324028,-0.1814417457658033,0,10
2024-10-15,SPY,1,-0.007769733319326511,-0.007800074963761006,0.006844072292792177,0.006934073090056696,0.0006731359809100113,0.008737668182811742,0.01087949861363471,-0.008227984292627952,0.49662591254983823,0.2784293062575902,1,10
2024-10-16,SPY,1,0.00434639014938254,0.00433697187618165,0.006497925319448522,0.0069479438801674995,0.0032355281911196077,0.010758494799654406,0.006674936909918776,0.004346404444371455,-0.4331483517699931,-0.2624962945271817,2,10
2024-10-17,SPY,1,8.589010206727643e-05,8.588641372409e-05,0.006295995136288049,0.006845365106957729,0.0011759154419255236,0.008302240620249979,0.006758755020678576,-0.006076014612769829,0.11938982079972926,-0.16145793587732804,3,10
2024-10-18,SPY,0,0.0038464792403316572,0.0038391004545701435,0.006038527235265611,0.006480214734903712,0.0032985918143348947,0.010150046016235814,0.004811062926287042,0.0008903376731024913,0.0878969113529513,-0.07530278886037511,4,10
2024-10-21,SPY,0,-0.0016420986000978965,-0.0016434483217908635,0.004911780736841262,0.0054102769906912,0.0018883668216542748,0.005740198062678337,0.00727926723938766,-0.0003767589489136191,-0.02613264629791967,-0.06832480765774163,0,10
2024-10-22,SPY,0,-0.0005311986033414984,-0.0005313397393029717,0.002702647442987275,0.004939324448758848,0.00014061191749914492,0.0034508043078980144,0.007090603568957438,0.003906754287823546,-0.06188973352726479,-0.11874210165667354,1,10
2024-10-23,SPY,1,-0.009137531074060123,-0.009179534377911303,0.004753619208103111,0.005637994684859944,-0.00753135481025391,-0.005863598059752451,0.01254178670478205,-0.005625743172265598,0.4426307198146491,0.2350256774226509,2,10
2024-10-24,SPY,0,0.0021628346516617825,0.002160499091809598,0.005008122882349005,0.005626359134628403,-0.004321389918935492,-0.004246088829798822,0.006017432242323827,-0.0012758892708278084,-0.29067862255802546,-0.10340593937591958,3,10
2024-10-25,SPY,1,-0.00034537534899536926,-0.00034543500479689015,0.004279178100456407,0.0052931299313955646,-0.002762506548672161,-0.004497581183029564,0.010971444645267468,-0.004247616888446658,0.35129603000580323,0.1962326473861815,4,10
2024-10-28,SPY,1,0.0030915335564385416,0.0030867645929850696,0.004837363557828271,0.004611796158281929,0.0012861615249051273,-0.0008204385517881496,0.003759144455976962,-0.0030038792074293208,-0.36162790205677386,-0.22449953058303562,0,10
2024-10-29,SPY,0,0.0016182855030435483,0.001616977490027871,0.00497758364689812,0.0038861425811377863,0.003442771204925199,0.00045403347026695684,0.007726102711693636,0.003311277099515782,0.4217109035052544,0.13552612284202215,1,10
2024-10-30,SPY,0,-0.003025231334937817,-0.0030298165972402202,0.0024327311563238528,0.003740155178271859,-0.0002895391594164298,-0.0021796334975869858,0.0069329068953695745,-0.0022019444857150805,-0.03412378175138753,0.06654153781844419,2,10
2024-10-31,SPY,1,-0.019603165693758418,-0.019797856315194373,0.009206213167156791,0.007119184605648897,-0.016292509509611808,-0.019427293360544162,0.012492185822337812,-0.012023043539351908,0.45242761090651085,0.4526484751203852,3,10
2024-11-01,SPY,0,0.004220559958140857,0.004211678376356609,0.009822150279097526,0.007156286378921318,-0.009398849311763713,-0.012982474275593292,0.008629126606069522,-0.0004901443906831115,-0.24118306816765667,0.08077067166936036,4,11
2024-11-04,SPY,1,-0.002153906679928652,-0.002156229673195398,0.009310430925684796,0.0071527355777599695,-0.007738730163016516,-0.01275014381277817,0.008070985347309363,-0.0023985348484801532,-0.16314665790770244,-0.0993432608171545,0,11
2024-11-05,SPY,1,0.012091708046168215,0.012019187358456307,0.01170202624228201,0.008500253161063414,0.006035842000847946,0.0003347594367693052,0.01089808110444611,0.010442621990109298,0.03300363712483967,-0.0810840881508279,1,11
2024-11-06,SPY,1,0.02486569341005418,0.024561573185624574,0.016551544275184536,0.011278436397708244,0.027099034331587557,0.022893300337360367,0.011099758811691526,0.003122820404263635,0.7270753806521557,0.5202717768418874,2,11
2024-11-07,SPY,1,0.007731954969968813,0.007702216598275413,0.010118334738787961,0.011408085798178341,0.02542858697196415,0.02789016208870021,0.006154354065025883,0.0042658126876925165,-0.30724824733800715,0.02516197351688776,3,11
2024-11-08,SPY,1,0.0043316383066367425,0.004322283765358037,0.010104366083381033,0.011358328356382688,0.020331799786976745,0.028942106937491108,0.0058205408486730024,0.0033883281432410192,-0.016689531939398594,0.00985702594128135,4,11
2024-11-11,SPY,0,0.0009530338955394679,0.000952580047068885,0.009280165629583285,0.011383147349703299,0.011316460539771978,0.026756092644591556,0.005284978448273669,-0.0017505339978368395,-0.19072277042258678,-0.19570785125726553,0,11
2024-11-12,SPY,1,-0.003106343791748234,-0.0031111784923814056,0.010788105253617748,0.011548469317631722,0.0013421563046880358,0.020917862672266807,0.00821805133017147,-0.002973154746266429,0.14418093586046155,-0.07995373037611075,1,11
2024-11-13,SPY,0,0.00048587354922302595,0.00048575555088969935,0.0041147272315580664,0.0114099516568346,-0.00023425380593777856,0.018421356657905896,0.007147929308461671,-0.00030130853114900826,0.10190414848126195,0.0010543173036685616,2,11
2024-11-14,SPY,0,-0.006430224552246955,-0.006450987500950411,0.004125167010033159,0.009023662583139915,-0.005910763841412314,0.0076266091598165,0.008638540616856441,-0.006646406766224993,-0.17904095077719118,-0.1394963819525623,3,11
2024-11-15,SPY,1,-0.012808605553460195,-0.012891343001767197,0.005674228737957741,0.010522479117292262,-0.014535930860438362,-0.007758357079548861,0.01075091089065462,-0.006731959065913252,0.9532337208674664,0.5751265780016077,4,11
2024-11-18,SPY,1,0.004097381706267278,0.004089010297291473,0.006499711434996745,0.010393837632964408,-0.006952901720226556,-0.00677844766132929,0.007079191406476128,0.003292371136081481,-0.513063767292022,-0.23107678592394865,0,11
2024-11-19,SPY,1,0.0036553770825054066,0.003648712427977152,0.007273130092997915,0.009925681398211268,-0.0010966356495025753,-0.005432028039237036,0.011988761038880514,0.009560236031962375,0.33539810333038744,0.0060507195180599105,1,11
2024-11-20,SPY,1,0.0003389043454062879,0.000338846930300285,0.007259846285144664,0.006008853408533544,0.0015094887084865505,-0.0050044337816632645,0.01043391221515704,0.00020325064567747078,0.012559702096656578,0.05777435376157403,2,11
2024-11-21,SPY,1,0.005368235809295685,0.005353878191906247,0.007467574404213371,0.00570650651470708,0.006776558173658298,0.0006640411506542154,0.012925484655531951,0.00045493509434940373,-0.06560322669619412,-0.01060895516955096,3,11
2024-11-22,SPY,1,0.003099488375636561,0.0030946948639432037,0.0018605978095448895,0.005607557451759752,0.006565006635723014,0.004219200716922833,0.005053397796232467,0.003116323661328172,-0.18232824174390327,-0.17668287610484146,4,11
2024-11-25,SPY,1,0.003391943612276016,0.003386203946959654,0.0018122611517018745,0.005726399044256202,0.006786803591227519,0.007834502649522346,0.00944084093965143,-0.0033193057271564087,0.1102641106669735,-0.09535928654252779,0,11
2024-11-26,SPY,0,0.005221585436747667,0.005208000229869114,0.0020382282731820664,0.0058593026052451026,0.008526295426576791,0.012456620952538744,0.0054442381965313725,0.003089573578504127,0.0749244841122112,-0.032970075070924865,1,11
2024-11-27,SPY,1,-0.003030163234722827,-0.003034763474672353,0.003423823996381022,0.005974082642780649,0.0026655494430833926,0.009109773260380871,0.005945352160722314,-0.0027145935169131494,-0.25472969862761474,-0.25825103604267907,2,11
2024-11-29,SPY,1,0.00621216929893964,0.0061929533161366734,0.003597834620078153,0.005726398038485343,0.005903025175680865,0.013806805287354118,0.0066203696776809045,0.004819422302413609,-0.11243463273745447,-0.3288722547943177,4,11
2024-12-02,SPY,1,0.0017925679729711153,0.0017909632404444764,0.0036341836570020904,0.0027398157530530236,0.00498152458190626,0.012577909752877314,0.003068206894178191,0.0010946385587292718,0.051979295764379874,-0.21693952260098626,0,12
2024-12-03,SPY,1,0.000463679534348449,0.00046357206821134866,0.0037329531276455137,0.0028200629668923907,0.0033160542694850026,0.010376289864005628,0.003016202199041831,0.000861728705266529,-0.1524412524412524,-0.3193616621917452,1,12
2024-12-04,SPY,0,0.006209500212288388,0.006190300704419727,0.003956800933858498,0.003029019956154041,0.007200155902149286,0.01370598377071297,0.004887408010890648,0.0033518290793923635,0.5902269331688137,0.10081612638150017,2,12
2024-12-05,SPY,1,-0.0016454981148955605,-0.001646853433906692,0.0035112716529578122,0.0032712581099351434,0.002939488239438015,0.009316975473060207,0.003587520607125362,-0.0016456571836140194,-0.3277912292346381,-0.21718341492038795,3,12
2024-12-06,SPY,0,0.0018955339483279765,0.0018937396908800253,0.0028763661076695126,0.0031391768980207984,0.0030960196742590984,0.008856815011323738,0.0033747988027286566,0.0006091056165224973,0.08619994298071765,-0.1122319134461991,4,12
2024-12-09,SPY,0,-0.0051497285097474865,-0.00516303406125207,0.004212014275817263,0.003912259017929587,-0.002415340048649517,0.0021361804536645934,0.006220224533121583,-0.004953199416696388,0.11206888273610427,-0.0028697554637715506,0,12
2024-12-10,SPY,1,-0.003109119192492127,-0.00311396254521501,0.004483230622875811,0.0041050135608545445,-0.0051525681550058655,-0.0018513546346399234,0.006062379932533351,-0.0042453496951418085,0.0717215415036827,0.08485810850183562,1,12
2024-12-11,SPY,0,0.0077306645778363325,0.00770093610602629,0.005055559823217692,0.00446072423952607,0.0026044483928509,0.004732032795960794,0.00483672708587319,0.002773271805825634,-0.22980837663994413,-0.12106116164086644,2,12
2024-12-12,SPY,0,-0.005152593642935521,-0.005165914029621632,0.00555036391264002,0.00472376553322795,-0.0017937901545471702,-0.0013534103142237575,0.0046654290859508155,-0.0037093210073004114,0.09994176659913445,-0.025884750787474542,3,12
2024-12-13,SPY,1,-0.00019841622728100639,-0.0001984359143847314,0.005376455823474892,0.004346395324751497,-0.0008035616862280826,-0.001825383999589869,0.007124022345469036,-0.003611481453224466,0.138249037845789,0.08951582974583627,4,12
2024-12-16,SPY,0,0.00426977746340218,0.00426068782823652,0.005285419179364764,0.00450948442512673,0.002762998020208185,0.00191358867285496,0.004240936178578796,0.0013035941045276402,0.216977164549488,0.27952116639555613,0,12
2024-12-17,SPY,0,-0.004119951004549094,-0.0041284613856342744,0.005483545977194659,0.004743983065573663,-0.00185989915877538,-0.002276844656026289,0.003773594817037475,0.00016547044064535896,0.2764216664530659,0.505912841279673,1,12
2024-12-18,SPY,0,-0.029803473706515593,-0.030256623579941078,0.013275686678117965,0.010153287459310975,-0.024784530310687503,-0.02858338812959238,0.03397456730298937,-0.029305526249625086,0.9408625960357517,1.483768122260222,2,12
2024-12-19,SPY,1,-0.00030710529101718453,-0.00030715245750378983,0.013616815260644672,0.01018961991771027,-0.019135335233632866,-0.025562163339270638,0.012090815393624955,-0.008894767816422232,-0.2062768421237391,0.7428533872852912,3,12
2024-12-20,SPY,1,0.012010996856451017,0.011939437265177766,0.015838021137258046,0.011222826992952057,-0.003662365103386356,-0.011447045493756858,0.02550840771655063,0.016123218055083446,0.46319170851785674,1.1400153543152944,4,12
2024-12-23,SPY,1,0.005988219017835306,0.005970360891119242,0.016068191059845714,0.011467739306382639,0.005715924214980461,-0.0042015724130080034,0.012929672966267822,0.0064309561826487,-0.5415422135643078,-0.055692790088835875,0,12
2024-12-24,SPY,1,0.011115066605539958,0.011053748206389713,0.017261303220073822,0.012079967679248486,0.017225847887321954,0.006778784094870316,0.009848096125200404,0.008791044954933248,-0.4246614083607758,-0.4530524644151167,1,12
2024-12-26,SPY,0,6.672961356235518e-05,6.672738724144978e-05,0.005852900687512063,0.011785340733230683,0.011466828898874404,0.007534619857657576,0.007339388455223103,0.0030692691500729774,0.2430330427230316,-0.333904961579116,3,12
2024-12-27,SPY,0,-0.010526614947115709,-0.010582411670752911,0.009285530230482493,0.012132744215193168,-0.0028288870454830084,-0.0018516733045075284,0.011748200604794949,-0.004233973214764515,0.5761940459641284,-0.003908974973422463,4,12
2024-12-30,SPY,0,-0.011411608606290868,-0.011477220648675512,0.009948557641822236,0.012546102404435135,-0.013239137883904406,-0.010925349380601412,0.012468347662321078,0.000561254735521943,-0.1291456118505202,-0.15920053700554615,0,12
2024-12-31,SPY,0,-0.0036380505985887934,-0.003644684398956599,0.009170316309712356,0.012335419901623089,-0.013980715050983306,-0.011419449452898522,0.01054403556719884,-0.006492441608118293,0.008375928793116882,-0.16866028185235582,1,12
2025-01-02,SPY,1,-0.0024571493834200098,-0.0024601731291777895,0.005096191900231586,0.012330789271715286,-0.010858624625896707,-0.010908372314528236,0.018035603961076847,-0.008059179629694449,-0.12004164570651343,-0.26247020183642045,3,1
2025-01-03,SPY,1,0.012503473922702568,0.012425951027439375,0.009596984182796225,0.008835562321940396,0.00470141312070349,0.00016654741352928326,0.010501561796833024,0.007522990638360822,-0.2453091387140467,-0.37922763291878603,4,1
2025-01-06,SPY,0,0.00576066668960995,0.0057441374983158155,0.009204689521095573,0.008918270991889117,0.010369130538815385,0.004023779869463562,0.010230325894783735,-0.0015262115314852013,0.25841350277788777,-0.16659616671362776,0,1
2025-01-07,SPY,1,-0.011304223381579992,-0.01136860173941212,0.009171028502455785,0.009040029724781368,-0.0011912728389897875,-0.006903869247125161,0.018362242671709782,-0.014713230689951062,0.26664974810924624,0.19170063269958137,1,1
2025-01-08,SPY,0,0.0014609392825513101,0.001459873149002533,0.008921412069268032,0.008795142270495996,-0.0008882345196042918,-0.004579710774711199,0.009138788468243628,0.0013419025156499135,-0.21672012200069213,-0.04714012315849925,2,1
2025-01-10,SPY,1,-0.015267275000548808,-0.015385019809034617,0.011652863890630827,0.008766402013708131,-0.014755967750160082,-0.016320410621570303,0.012630614379035943,-0.009199861069700797,0.5454066932038466,0.36289589790799526,4,1
2025-01-13,SPY,1,0.0015505471876331445,0.001549346330506296,0.009154720572079604,0.00884533192816102,-0.009678398149133738,-0.011453216122909948,0.011115591637218161,0.009760833191285108,-0.34463990151152457,-0.11781678615673108,0,1
2025-01-14,SPY,1,0.0013759292368293874,0.0013749835135961064,0.008198782970796804,0.008566188419644898,-0.0038463681888907253,-0.007930522500940507,0.01138001331501457,-0.0037134351505104263,0.010655373292896453,-0.08039493528373798,1,1
2025-01-15,SPY,0,0.018189978739041157,0.01802652030354679,0.011829086657903628,0.010001636203697657,0.012835214217778113,0.009330909283831401,0.00802939050557141,0.0041502416209650015,0.17512381093997176,0.07999057811179977,2,1
2025-01-16,SPY,1,-0.0019231741492636845,-0.0019250258231098272,0.011925584728635686,0.009931207156691574,0.01014515126627158,0.006436996100788406,0.005755899840994461,-0.004257987334411175,-0.23867227180220807,-0.15576760685937718,3,1
2025-01-17,SPY,1,0.010039953635990084,0.009989888126205493,0.008196883105344804,0.010231143386940506,0.014367320697064034,0.014308844273511534,0.006281827696950481,0.0010385873330993325,0.34051251509128644,0.11461617733404306,4,1
2025-01-21,SPY,1,0.00915337711919939,0.00911173885712735,0.00790052146260269,0.009907412449396753,0.016179885032837404,0.021668311209459556,0.00730853009695696,0.003962250404592772,-0.267565687284099,-0.19083023756159911,1,1
2025-01-22,SPY,1,0.005621571292272476,0.005605829229571313,0.007301021277580571,0.009901491612227935,0.013608615163156257,0.025486711234493864,0.004059978284329028,0.0008582313604387375,0.1331463408326261,-0.08399250484032306,2,1
2025-01-23,SPY,0,0.005458226246474629,0.005443384112917116,0.004715238542701234,0.008774397903470921,0.013392366754977125,0.0274147313313009,0.006982470376337461,0.006520324012256601,-0.14615113287409742,-0.1881804313530615,3,1
2025-01-24,SPY,0,-0.002919379508978026,-0.002923649209278345,0.005119974156434594,0.008997658578549981,0.0049788395124164,0.021235335762963325,0.006526691133042348,-0.0030173773188950557,-0.15910245163673298,-0.2998003487977525,4,1
2025-01-27,SPY,1,-0.014145367696859479,-0.014246366989866033,0.009377966567052608,0.008746288201474758,-0.009822919076556635,0.003606775207822599,0.00849008559657117,0.007666309539702302,1.0332816062557977,0.43165170468880976,0,1
2025-01-28,SPY,0,0.008592447898237765,0.008555742924976961,0.009253092091666464,0.00887763285512601,-0.001799755908667322,0.008324992882580151,0.013519355304851615,0.006493330967613829,-0.3684962287400282,-0.08946513789592925,1,1
2025-01-29,SPY,1,-0.004483021581333735,-0.004493100456406829,0.00895953117525596,0.00925144094291097,-0.004752944728959152,0.0005303422266464963,0.008132966305502547,-0.003163673950203754,-0.1632986971483099,-0.2201876043528237,2,1
2025-01-30,SPY,0,0.0053671812976305855,0.005352829310332652,0.008941930859294905,0.007731041802482118,0.0021499302952607824,0.0038542423454128727,0.009735751819478396,0.0017881250668879438,0.05659083206464133,-0.14443889529110654,3,1
2025-01-31,SPY,0,-0.0053219491666967045,-0.005336161184346544,0.009099258134826538,0.007996550578928412,-0.001148523551782854,-0.0031718875812084546,0.014666722929526749,-0.009349782182355966,0.6946205955505547,0.3799786598139254,4,1
2025-02-03,SPY,1,-0.006729648336339378,-0.006752394526380989,0.006982468645521934,0.007818092873078077,-0.007343224190224373,-0.00991134451950948,0.016535319951330056,0.008605187993580017,-0.01066145486720882,0.3435778187210823,0,2
2025-02-04,SPY,1,0.006708326846265988,0.00668592614673269,0.006394144630919708,0.007535198086243685,0.0002260716776278926,-0.003059821309980726,0.008396966282372761,0.006607249709975051,-0.491964432134983,-0.30453858942172307,1,2
2025-02-05,SPY,1,0.004054500120593607,0.004046302784908917,0.006335058764165645,0.007416377569188609,0.003477581647727712,0.00135055243822646,0.0096396808173573,0.005960235694225094,-0.08382798629915889,-0.33872425303352494,2,2
2025-02-06,SPY,0,0.003475614030269414,0.0034695880424608916,0.006045150245481816,0.007269134942904731,0.006537356310023945,0.0054023869261239366,0.006303746573010735,0.0005445916519447975,0.16697821753754116,-0.21924296589673176,3,2
2025-02-07,SPY,1,-0.009153685448068716,-0.009195837857155276,0.007107346599615769,0.007747463831663655,-0.0023283291210253187,-0.00260994944138504,0.01331380793029588,-0.010084191483579976,0.41980347483331704,0.07070103158418894,4,2
2025-02-10,SPY,1,0.006791399663027331,0.00676844199286375,0.0066186283951522274,0.006592318765444534,0.0020908551728147096,0.003250990444758628,0.004569325417211139,0.0013574594793192049,-0.4871142089252488,-0.3942665690313618,0,2
2025-02-11,SPY,0,0.0007606343178343522,0.0007603451821598384,0.006164031987822875,0.006021366328996679,0.0016814316312279143,0.0038825562547049053,0.005692461613591083,0.004580549035830894,0.15386564396687752,-0.27689060578729063,1,2
2025-02-12,SPY,1,-0.0032215948434023423,-0.003226795352362366,0.006176305022026817,0.00592605403087206,-0.0012613251232062028,0.00039129230327650255,0.010080069933738353,0.00694254515985211,0.49970222945300047,0.06422547288705349,2,2
2025-02-13,SPY,0,0.010557670795660945,0.010502327777464515,0.007838335160610516,0.006609688943856092,0.008144893609780546,0.010167561854326435,0.011150063611946929,0.008685151154102465,-0.0921730140806325,-0.037593797522000316,3,2
2025-02-14,SPY,1,-4.935525884852687e-05,-4.93564768593302e-05,0.005579190528157984,0.006269308254503857,0.005126954520621396,0.008800708735924756,0.0031478225767635117,-0.0003934653136610016,-0.34238648332286614,-0.30200992734111753,4,2
2025-02-18,SPY,1,0.002935868815777898,0.0029315675694663312,0.005170037984584604,0.005599820146184337,0.005875728178915018,0.009470827225684042,0.005090992218936844,0.0009985354679918127,-0.005997681193887883,-0.2278740108840639,1,2
2025-02-19,SPY,0,0.0023550445617528393,0.0023522757905096725,0.005108123597099056,0.0053828329605880324,0.005723343970727157,0.009989099511360955,0.006015576329909176,0.004671478340713783,0.1593367976372948,-0.09847889335159765,2,2
2025-02-20,SPY,0,-0.004160464644991091,-0.004169143458317315,0.00538167512214213,0.005630288456358029,-0.0007629196286035311,0.004767181992366476,0.007620062975380636,-0.0018968067276206497,0.1787392256321123,0.044736405122449474,3,2
2025-02-21,SPY,0,-0.017104082781476126,-0.017252047229836087,0.008256510660067003,0.007928684709295428,-0.014695645009316194,-0.011380160159004116,0.017749471559122407,-0.016749657717557542,1.093335886633474,0.9588537245453308,4,2
2025-02-24,SPY,0,-0.004550376782922472,-0.004560761261523716,0.0080697521521793,0.007528062945572621,-0.015138720033035735,-0.01530110982027022,0.010863490997512444,-0.007989763467233119,-0.33694024291751934,0.29900766620675734,0,2
2025-02-25,SPY,1,-0.004973260146939551,-0.004985667960467843,0.007056130426546791,0.007160369710729322,-0.014429374562649144,-0.018481190428556893,0.013949621953071771,-0.004873204489178232,0.14839801959903198,0.378103372712671,1,2
2025-02-26,SPY,0,0.0005049592500177003,0.0005048318009981401,0.006560080001222769,0.0071508789682261376,-0.007879648832756159,-0.016235536756881164,0.012954595058418839,-0.002332513324587347,-0.256492152437507,-0.0065379861351581026,2,2
2025-02-27,SPY,1,-0.01596213571403282,-0.016090902704805288,0.007726673869308308,0.008454314046486385,-0.01539237205833488,-0.028996663652277488,0.02240093099453,-0.01977044194629397,0.7126952836460334,0.594984475080591,3,2
2025-02-28,SPY,0,0.015605715974889689,0.015485199007902573,0.011472182513790685,0.009448945892382949,0.0019155939597343963,-0.011291773180840403,0.020971323712204164,0.014720942607294387,0.19606532365994722,0.7298694139534014,4,2
2025-03-03,SPY,0,-0.017519976873326182,-0.017675268140930456,0.013513039408845866,0.010494570159257923,-0.011155948117454129,-0.024404501636425713,0.02925291464936931,-0.020815816191403335,-0.16333367514009378,0.32505230666877005,0,3
2025-03-04,SPY,1,-0.011836787382579095,-0.0119073999205499,0.013919574150430443,0.010404241443710117,-0.017073265380120106,-0.030340661359429255,0.022666530076061526,-0.00491631421412304,0.47675934555523836,0.7046012084911522,1,3
2025-03-05,SPY,0,0.010747807056854963,0.010690459916657069,0.015723911129822486,0.01142080699658723,-0.002606941171795163,-0.014973195429079156,0.02046157856563097,0.011045787321126162,-0.3503723727338889,0.04219247783143554,2,3
2025-03-06,SPY,1,-0.01775120719359835,-0.017910649552822733,0.01608624244352566,0.01210772728601271,-0.016158318043850484,-0.026261739450876842,0.017463661871925863,-0.004813301226981892,0.12444669067323688,0.10170483516909767,3,3
2025-03-07,SPY,0,0.005604862997103277,0.00558921419818148,0.013415630948392182,0.011981800150880063,-0.004397927535415569,-0.016788678115573274,0.02059907034983011,0.008793060573514486,0.013282993049495095,0.10926064552652859,4,3
2025-03-10,SPY,0,-0.026635448353614644,-0.02699659929296594,0.01576115589965503,0.013963370371591056,-0.023083554286209562,-0.036954574317271005,0.024577512838200765,-0.012350480864615387,0.22385496089148682,0.2730309799418664,0,3
2025-03-11,SPY,1,-0.008312957516975139,-0.00834770283989883,0.015623440090270276,0.013970134131947273,-0.02408198481065138,-0.03863149040491709,0.021451554301538098,-0.00622102494105427,-0.11300598228470515,0.08758263301553049,1,3
2025-03-12,SPY,0,0.005306441097902237,0.005292411548771803,0.014177252744698006,0.014317945728938821,-0.010499369688748095,-0.02753134408987301,0.01675646725460565,-0.005870088929127582,-0.2101414154713679,-0.16794296286208243,2,3
2025-03-13,SPY,1,-0.013330307864365287,-0.013419953983158095,0.013569797577135266,0.014139092604085952,-0.016273466238632017,-0.03484676239727713,0.01688480159120466,-0.012659147787504235,0.06453967770397862,-0.11411802129099691,3,3
2025-03-14,SPY,1,0.020655601775305454,0.020445167661433672,0.01810700777041209,0.015049889571737704,0.008764611653790277,-0.00947223314849821,0.022189903401334563,0.012047998387936921,-0.15414676684746365,-0.22654801365989163,4,3
2025-03-17,SPY,0,0.007711325978399852,0.007681745675810703,0.013528991487795515,0.014889073847883795,0.014155049057867242,0.0010943234741844776,0.013077785095812694,0.007747199767133935,-0.2178668151923946,-0.3756039799836335,0,3
2025-03-18,SPY,1,-0.010808337476654883,-0.010867171874900272,0.014058910221404076,0.014823000445043423,0.0013672931739738825,-0.006949300146009474,0.01055244706350974,-0.00669257851171258,0.3475444155833556,-0.10910278272672713,1,3
2025-03-19,SPY,0,0.01089078411239508,0.01083190661875566,0.01460759771384399,0.014837454723288415,0.009296886753235034,0.006704453075329964,0.016559186683767456,0.007639940412563939,0.007792081936482287,-0.09646323378083899,2,3
2025-03-20,SPY,1,-0.002891692811274549,-0.0028958818324555935,0.012240002455287164,0.013871573555057512,0.0013635415079507052,0.005081497190210005,0.014148068621399479,0.003834294426009191,-0.05405673417873669,-0.1249482091016606,3,3
2025-03-21,SPY,1,0.000329920251935123,0.0003298658402162147,0.008629742981542482,0.013683882263564352,0.0006779903557909694,0.0072469113138720065,0.012265743441951344,0.00840357410541507,0.33045417435695423,0.1600175547467544,4,3
2025-03-24,SPY,1,0.01790844377492129,0.017749976730994987,0.011368826843445517,0.011786483161131074,0.01548830740955709,0.022512789758428964,0.008672060814455795,0.00574637240192913,-0.29841576829865213,-0.13771501257255614,0,3
2025-03-25,SPY,0,0.0024038818271738815,0.0024009971253180495,0.008507433231323896,0.011138640330409426,0.012156238038201872,0.021113728279405164,0.004727917192488846,0.0002781751835271913,-0.3473236589366785,-0.39289246834764824,1,3
2025-03-26,SPY,0,-0.01193834026356333,-0.012010174541489782,0.010848148986537283,0.012169719901274028,-0.0010380088555814737,0.006887223674676868,0.015890426832251104,-0.011474426811877401,0.35177561614049546,-0.15561712975976394,2,3
2025-03-27,SPY,0,-0.0026556435220658203,-0.002659175998708463,0.010826587292476588,0.011086490051655143,-0.004839956886868668,0.0011437734470614025,0.010508166807046021,-0.00017626782895822162,-0.1867775799785143,-0.27568178936876875,3,3
2025-03-28,SPY,1,-0.020138283935378976,-0.020343823330424726,0.014491643719423445,0.011433579635795298,-0.022024958703569242,-0.018070689744685953,0.019804451800651955,-0.01745275341897444,0.6996100957684481,0.2123104250370058,4,3
2025-03-31,SPY,1,0.00671277169810125,0.006690341369994357,0.010894206077220175,0.011353916613898384,-0.01034256915144316,-0.01041967452133008,0.02517146468052371,0.017387187424202814,0.330234557168513,0.49547450797677284,0,3
2025-04-01,SPY,1,0.002824358391568138,0.0028203773855031145,0.010968206357117783,0.010855354466061931,-0.002432800743604635,-0.007911258003678423,0.016611372433132043,0.006314393073842957,-0.4271411817279672,-0.12765987015918367,1,4
2025-04-02,SPY,0,0.006328434817011397,0.006308494357111449,0.011136537526081383,0.010451217068890194,0.005335486839673997,-0.001472358914224925,0.02271864810177416,0.017061583544820347,0.3919622190970087,0.1961911098410125,2,4
2025-04-03,SPY,0,-0.04928069709227745,-0.05053641993379987,0.024257119066087993,0.01879044460313378,-0.03375283237150983,-0.04610907211175885,0.020674650619040336,-0.01542802988484486,0.6573943129271389,0.8036675786221599,3,4
2025-04-04,SPY,0,-0.05854306726048053,-0.060326675171205935,0.03262553881747034,0.025163801643139073,-0.07351314193148362,-0.09248475220899577,0.03973876341536274,-0.03511750669507911,0.7300739764735764,1.6175670958042447,4,4
2025-04-07,SPY,0,-0.0017811932094612404,-0.0017827814203066339,0.031180719612873074,0.02338977680400823,-0.056122172242258794,-0.08261688762678143,0.0845683577152472,0.03105133458492064,0.17730499056959115,1.4900535706470852,0,4
2025-04-08,SPY,1,-0.015662714676747957,-0.015786671024523358,0.028788503599486027,0.022791600756309524,-0.04792583855025623,-0.0838246052866154,0.0686390560918552,-0.04863368542835603,-0.35382216066784256,0.4319141186241944,1,4
2025-04-09,SPY,0,0.1050192812545172,0.09986278391659287,0.06529054502411538,0.04417799007828176,0.05851525756531961,0.016136084838939357,0.11261755643902713,0.11182715710677231,0.4586434651295468,0.7942337296858457,2,4
2025-04-10,SPY,1,-0.04381888159598191,-0.04480792947744572,0.0643840027902205,0.046049631867240114,0.016888174709091652,-0.020680958292862095,0.04543659629871203,-0.014262296003256309,-0.32884188974698114,0.10565330461412215,3,4
2025-04-11,SPY,1,0.017842703415233307,0.01768539088040999,0.05647368191344904,0.046395399044677536,0.02365795683982519,0.000851014154033658,0.031280444056689956,0.02089824758933252,-0.3971195925367397,-0.3451114235970354,4,4
2025-04-14,SPY,0,0.009701435762081934,0.009654678996110277,0.05598828843407492,0.046474733142894326,0.020001915766787448,0.014415016630951127,0.019152732614852504,-0.009061653867102549,-0.30482709574184375,-0.5362694618370093,0,4
2025-04-15,SPY,0,-0.002801038334295458,-0.002804968583070888,0.05452571067993035,0.046433964925711405,0.0015572699175157023,0.01603955505902266,0.01189612747319512,-0.0038171431130656313,-0.16375782696886854,-0.6128115614059839,1,4
2025-04-16,SPY,1,-0.022227805610509077,-0.022478566151837853,0.02496646858310305,0.04665363081913504,-0.012255185031424976,0.0008053642051577548,0.033102687450242765,-0.011322636951135025,0.46740278663945767,-0.43471250676098594,2,4
2025-04-17,SPY,0,0.0014266916772247562,0.0014256749196057683,0.015110664082040768,0.04413313675952542,-0.01152574196440792,0.004200566232399394,0.01375939952253676,-0.002331213459475429,-0.0433216585534133,-0.4417697947010133,3,4
2025-04-21,SPY,1,-0.023802760939665157,-0.024090623785154364,0.014835223701175692,0.04030928280695756,-0.02772944709816727,-0.021307787623881635,0.02540490719589726,-0.013968778564849271,-0.13146675581364775,-0.4589665549186607,0,4
2025-04-22,SPY,1,0.026017940681550833,0.025685232640094924,0.020346871713160356,0.040943280381880116,0.002067949597175156,-0.0001990047142031992,0.019437045923866934,0.013669368153434874,0.0948562812013014,-0.3104888034924729,1,4
2025-04-23,SPY,1,0.015495236846295724,0.015376411575600102,0.02223627295640494,0.04036325154724098,0.018443018693563573,0.00785117513133704,0.02137184824954359,-0.009270413991679848,0.19279744983745473,-0.11726608925784765,2,4
2025-04-24,SPY,1,0.021049134902774158,0.02083066231722075,0.0200357289104051,0.02300502162002178,0.031626926392942734,0.029439551683568377,0.022320727982332644,0.018575853857683185,-0.2918655005425502,-0.24398604370405164,3,4
2025-04-25,SPY,1,0.007225151050962442,0.007199174694128452,0.019722812583864786,0.017146574049280036,0.029664711927227527,0.03181410940770313,0.013463797718570385,0.007298984827910232,-0.047245223724248,-0.18215283083753608,4,4
2025-04-28,SPY,1,0.00038141420809401083,0.00038134148818613767,0.010340644172974298,0.016572050221642206,0.0160097236264769,0.028947266244891967,0.015469936043650335,-0.0009794139323402967,-0.22097330479911514,-0.3169442689082381,0,4
2025-04-29,SPY,1,0.006299228306147819,0.006279471094238431,0.008157100753190458,0.016459348448498765,0.012301217539925524,0.032497339427018046,0.012570411819144854,0.009855958981206206,0.00338767332160006,-0.2941152308855226,1,4
2025-04-30,SPY,1,0.0003970354979805357,0.00039695670024375573,0.00844541307237371,0.01636694218602707,0.005680037532086235,0.02966028026886125,0.027393757509290368,0.01272891248588429,0.9487452668858882,0.30573439574362693,2,4
2025-05-01,SPY,1,0.007086914929300692,0.00706192076588863,0.0035674336906703933,0.013711142680966893,0.008498222404924372,0.03067840164848934,0.011082003010096174,-0.003390660511123828,-0.3213202794799225,-0.08785709697187105,3,5
2025-05-02,SPY,0,0.014844129127253636,0.014735033338763692,0.0059635294244848105,0.013852518699830004,0.01754437688810695,0.03824635979486812,0.010624546610788653,0.0035946901476524924,-0.03907188448092225,-0.09857569517201381,4,5
2025-05-05,SPY,0,-0.005734294466325229,-0.00575079865633743,0.007721310895389412,0.009942562769942731,0.0071311724713472024,0.02299199417937814,0.008798926609285933,0.0016709074944774125,-0.3632918459812936,-0.39863902319285416,0,5
2025-05-06,SPY,1,-0.008358430352621848,-0.008393557909377236,0.009485666125928443,0.0094532395471405,-0.0028836307331121525,0.008664216922844803,0.011452966675327162,0.0015593266693103968,0.24846608310570306,-0.2154357175089372,1,5
2025-05-07,SPY,1,0.00420554784974847,0.004196729249441589,0.009513066140588274,0.00882937304583811,-0.0010467066896450161,0.008223587757935968,0.013889188534827249,0.0017852360196646188,0.15173201118001356,-0.04187645225403269,2,5
2025-05-08,SPY,0,0.006967790512363292,0.0069436276363576965,0.009498559105494662,0.006837441512033433,0.0035591472080933606,0.011908828079419509,0.015232441972112406,-0.00031843584829625485,0.17167014463553287,0.12071094151812223,3,5
2025-05-09,SPY,1,-0.0012741154091596707,-0.0012749277843102647,0.0064631359807507255,0.006827900336372828,0.0031427733102353805,0.008146146377290053,0.008367445272210255,-0.0037776332563605945,-0.4226479637897892,-0.3256687693975987,4,5
2025-05-12,SPY,1,0.03304739833427317,0.032513073241944745,0.015736783435748525,0.011750828326157491,0.029166708988022982,0.03551728471553184,0.010249922219455759,0.0026140980752831695,1.100703659775446,0.34110285275687713,0,5
2025-05-13,SPY,1,0.006603834423700716,0.006582124635304609,0.01334683240458434,0.011752810279601882,0.025807710791647676,0.03636931932887011,0.010695720885164118,0.0058793196359839305,-0.13983917684470637,0.11536629350559213,1,5
2025-05-14,SPY,1,0.0012780596636838837,0.0012772436406418564,0.013718672100452118,0.011711214877137777,0.01771151743590682,0.031672315647971905,0.005852235340831109,-0.00037422075847403903,-0.024485188499305366,0.13816074830289415,2,5
2025-05-15,SPY,1,0.004884342398821628,0.004872452698347907,0.013839264929271268,0.011706426922556608,0.013762669497492386,0.03092097670577343,0.010024583546795513,0.008368099655872038,0.07520121900623833,0.20700143854967634,3,5
2025-05-16,SPY,1,0.006334078244299102,0.006314102279206146,0.01282063916659625,0.011264481599604787,0.009829798624009456,0.03250426036482623,0.008828703091966173,0.004989449821617336,0.06712680708479679,0.25541895169717055,4,5
2025-05-19,SPY,0,0.0010938140906693317,0.0010932163119026228,0.002685948387866325,0.010750512075639594,0.006875507000327241,0.028035210454870008,0.012650914385761715,0.011477640333643646,-0.10366051693510103,0.07301291878056326,0,5
2025-05-20,SPY,0,-0.003362128049795521,-0.0033677927027300214,0.0037811387603067757,0.010134451836953278,0.00145273283149705,0.018584844151184,0.007503097346999703,-0.00040474676467582645,-0.1108136455987736,-0.06408510650124599,1,5
2025-05-21,SPY,1,-0.016850689272540076,-0.01699427746265325,0.009326569171914297,0.012463409461164612,-0.013846583539396717,-0.0023004680825270407,0.0182856531183847,-0.009482729023677106,0.5705433518382566,0.38517858031479824,2,5
2025-05-22,SPY,0,0.0003944352014140229,0.0003943574322997634,0.008746675684991989,0.012455346696651624,-0.010991119029730267,-0.004977822552205358,0.008941788028682522,0.0007380869302151692,-0.2556500839831214,0.022532825196359463,3,5
2025-05-23,SPY,1,-0.0068256758656789485,-0.0068490773392317905,0.007290893305538371,0.012796704901037176,-0.012687725939730887,-0.014254031780740029,0.01078166287585611,0.005434225127521284,0.07294059869828562,0.03947884004503055,4,5
2025-05-27,SPY,0,0.020790667721467315,0.020577491444211837,0.01385094304478594,0.009798520823425376,0.00911222469467976,0.00484457376404035,0.02197690501450141,0.008667935615810217,-0.045252469452445765,0.0012075703835605633,1,5
2025-05-28,SPY,1,-0.005785518908830278,-0.005802319856157645,0.0139885152116347,0.009855317688644057,0.005030795525619025,-0.0011200822284770373,0.009770825141540256,-0.006474435569765497,-0.05707515653305961,-0.0565849188664822,2,5
2025-05-29,SPY,0,0.0039473827948730555,0.0039396123213855105,0.011143325458009634,0.009923819106805395,0.006523025135706018,0.002403792277838157,0.012022400620787212,-0.0050753882878900695,0.022321409004244286,-0.040406880110411825,3,5
2025-05-30,SPY,1,-0.0011184568183596477,-0.0011190827579552476,0.011235098481815193,0.009807468203260403,0.0032409512279809594,0.0014646876388475505,0.01339720297244417,0.0007811148665839848,0.2947967296097225,0.21038722927463094,4,5
2025-06-02,SPY,1,0.005633006470431523,0.0056172004187651225,0.010051701985980394,0.00975844459698005,0.00424265254672207,0.007360977243185962,0.01315159306573512,0.00842182544709892,-0.31976066542165005,-0.16047219684376612,0,6
2025-06-03,SPY,0,0.005702589788187495,0.005686391575042471,0.005012827507207234,0.009934028801838598,0.008281595075598558,0.012892066522517398,0.008829458194258384,0.0063308232264962265,0.03205717948093878,-0.12814092255630483,1,6
2025-06-04,SPY,0,-0.00026854740296644586,-0.00026858346827740576,0.00326096470283181,0.009856824512020546,0.005222292645328475,0.012090375971648859,0.0041209157767836775,-0.0017254577508746146,-0.09892117435092806,-0.21081616228098865,2,6
2025-06-05,SPY,1,-0.0048327690561892345,-0.004844484645630587,0.004574239918994749,0.008068275238876712,-0.0006471487432396783,0.005459141791259503,0.013302565370007057,-0.007663633104803417,0.6100495165247006,0.27575268464146596,3,6
2025-06-06,SPY,1,0.010268979858962801,0.01021661208921465,0.005887667155152788,0.008476028938872684,0.006308507616753056,0.013027607335355462,0.00663153027824492,0.0008018600298008502,-0.278395772805642,-0.07394252295857984,4,6
2025-06-09,SPY,1,0.0009012828881442836,0.0009008769765985747,0.005798658263346726,0.007833852320353479,0.004862770126511151,0.010426389904467648,0.004602164177372822,-6.666115736796103e-05,-0.2038228708474561,-0.23831739179407252,0,6
2025-06-10,SPY,0,0.005669767615193333,0.005653754979559444,0.005793936844595889,0.005119910379214966,0.00819832742033233,0.014116768280494796,0.007297231117660721,0.004764997044947307,0.2495567409329944,-0.039483301259080505,1,6
2025-06-11,SPY,1,-0.0028520166647609813,-0.0028560914136344095,0.006187416219967746,0.004689462103283124,0.003501029161191216,0.00891208352887607,0.009583041764921054,-0.004683985300002051,0.11187223572388194,0.05996076639079573,2,6
2025-06-12,SPY,0,0.003974226097154476,0.0039663497220523425,0.004944961664095604,0.0046905141779086295,0.0039041662540930666,0.01059889274559822,0.0070498498356757556,0.0062332130689551485,-0.12937052493816026,-0.0693399699101731,3,6
2025-06-13,SPY,1,-0.01118006439646746,-0.011243031070609533,0.00669793487990535,0.006307562401947008,-0.006612590363011428,-0.0019709708727974062,0.010643266695384294,-0.002506265664160401,0.39571800589436923,0.3010067663805758,4,6
2025-06-16,SPY,0,0.00951419647871532,0.009469221553215945,0.00815985772731724,0.006710249482615098,0.0018384763807866022,0.00584801310800942,0.007045371971852263,0.003797415338121943,-0.10638281232543068,0.13239236417615885,0,6
2025-06-17,SPY,0,-0.008545134970438073,-0.00858185396508393,0.008601458379814322,0.007254099744696539,-0.004886217159801531,-0.002986700372028417,0.008313740277069763,-0.00446509151408895,0.027821779578691253,0.13402959202915254,1,6
2025-06-18,SPY,0,-0.00015053245301976936,-0.00015054378416667902,0.00860509580746544,0.0072532312452006685,-0.003735241721614657,-0.0033878977945839273,0.007937303623791553,-0.0016710112892192744,-0.06817225280807304,0.029329266449213742,2,6
2025-06-20,SPY,1,-0.0023486391501789106,-0.0023514015291770107,0.008089532819709295,0.007099706161492663,-0.00351174022877887,-0.0062237376945074585,0.0110298415174924,-0.006851792427022097,0.2277449252659749,0.2607507394149453,4,6
2025-06-23,SPY,1,0.009877480504495662,0.009829017063755607,0.007948379311871255,0.007040841417910362,0.0046768354283277525,0.003126598161033778,0.014536776852510504,0.008587736245318174,-0.0704444590936445,0.1400925234650332,0,6
2025-06-24,SPY,1,0.011047208993087754,0.010986634292441622,0.008346243943371407,0.007797667573634762,0.01378110963202328,0.012707326705568622,0.007346983131480245,0.004054096499838456,-0.22522704916157665,-0.13332251723942912,1,6
2025-06-25,SPY,1,0.0005603646306042709,0.0005602076849724469,0.0061920407580924215,0.007660320294876275,0.010516267591230033,0.012291926603770209,0.005050101922721463,-0.0012994983833830472,-0.08297741354950816,-0.2010127869237086,2,6
2025-06-26,SPY,1,0.007823779874487347,0.007793332813020193,0.005942993190685928,0.007807923117134526,0.01296268514798915,0.01812680853918547,0.006469732679661789,0.004729149787345611,0.26456818664794857,0.004057985242156059,3,6
2025-06-27,SPY,1,0.0049683317640052405,0.004956030331985772,0.004208042585788664,0.007841298567574564,0.011089022226483891,0.02098691950536069,0.009071918669718822,0.003312178967409609,0.0981560413706708,0.07228045191256305,4,6
2025-06-30,SPY,0,0.004781306168960997,0.004769912029432,0.003898894830534456,0.006297410709762277,0.01004409806752049,0.02203177825703384,0.006770534586028052,0.0007612340850173908,0.07238831232668352,0.14563358822682138,0,6
2025-07-01,SPY,1,-0.0003236793082248557,-0.0003237317036788312,0.0033814036596415183,0.006061378289732591,0.006141329428046571,0.018878507077542572,0.0053702343391188465,0.002092996127521453,-0.24293829896489283,-0.12185903293280986,1,7
2025-07-02,SPY,1,0.0045332765158159205,0.004523032166476426,0.0029373523944740388,0.004578452266062305,0.0063320746003834305,0.019347157686864014,0.006286055576760679,0.005200605961122769,-0.05025981685018299,-0.14924653576833347,2,7
2025-07-03,SPY,0,0.007881385954874975,0.007850490061390936,0.002954415004059205,0.004457352825119488,0.009850804573822147,0.02239882727919551,0.006185294474399015,0.004642966650752126,-0.2322133079939378,-0.324743591048963,3,7
2025-07-07,SPY,0,-0.0074520170832973465,-0.007479922081385482,0.005987836635180611,0.005538087871307917,0.00046093660953849813,0.01041866561763194,0.009881985248400832,-0.004299269665616711,0.4650607647388272,0.015113577063530892,0,7
2025-07-08,SPY,1,-0.0005477162177452977,-0.0005478662690654446,0.0058149913029242346,0.005364611741301221,-0.000889033513167159,0.006556914153075688,0.004168288278872376,-0.001625410429148824,-0.21105400691042508,-0.16703076242215686,1,7
2025-07-09,SPY,1,0.005996626767211355,0.005978718557821949,0.006180186594744712,0.004760815036173124,0.0030312542157364675,0.009761659182476956,0.0061178242996692105,0.002071355374998138,0.12009738312500207,-0.06485278001105543,2,7
2025-07-10,SPY,0,0.0028203102183428364,0.0028163406054204643,0.006056595293658653,0.004694698680463186,0.004126786140088656,0.009554830704168848,0.006183891823254629,0.002595314138908073,-0.12984225564296448,-0.18096176378885442,3,7
2025-07-11,SPY,1,-0.0035154238705955576,-0.0035216174928223154,0.005259476222336573,0.004781655986302547,0.00114944723131849,0.0041025631775610805,0.0053472654830376875,0.0014131176680676964,0.10674963931234682,-0.07391332426109654,4,7
2025-07-14,SPY,0,0.0019081172266208757,0.001906299083398011,0.003582477206833181,0.004660879459007164,0.0017314304210696019,0.004417452452872839,0.0053918504017638645,0.0026478344007499423,-0.18488555085424574,-0.2054230601466197,0,7
2025-07-15,SPY,1,-0.00427316705062708,-0.004282323121872267,0.004371732836191698,0.004851552335522506,-0.003124501742691077,-0.0005638423119483926,0.009242713558845934,-0.008573439436770957,0.43197394915074616,0.1703996559227572,1,7
2025-07-16,SPY,1,0.0033431911185151097,0.0033376150794746096,0.003652879981480209,0.004903645611643429,0.0001569685866762427,0.0017202262142117508,0.010709578959770068,0.0007695201145747345,0.1973995287772834,0.36080850107908913,2,7
2025-07-17,SPY,0,0.006119689977517551,0.006101040721242512,0.004481067861038428,0.005051587154051488,0.005562273806016371,0.0066243719635556975,0.006758538714410415,0.005829521894553072,-0.22589464812473659,0.0495966518077533,3,7
2025-07-18,SPY,1,-0.0007324129021104575,-0.0007326812474746092,0.0039674021324823975,0.004494743023725801,0.0035531994553454904,0.005526100153093516,0.004783010946853828,-0.0027331491124879016,-0.047384290208272506,-0.02183190527056078,4,7
2025-07-21,SPY,1,0.001896175165666536,0.0018943796948640568,0.003966927828772918,0.0035635835698424527,0.0041843171801523305,0.006128604917813529,0.005089223519690989,0.0,-0.03423567849610498,-0.038932084078998175,0,7
2025-07-22,SPY,1,0.0001431211632245688,0.0001431109223677396,0.002719483374002668,0.0035302913330987314,0.002176922669610226,0.004902594338110244,0.005627051605027722,-0.00038148186884203177,-0.05252386587771207,-0.09081975712111423,1,7
2025-07-23,SPY,1,0.008507541122114937,0.008471555947003218,0.003974985937165873,0.00395912214602921,0.007494995429091267,0.011810732422256276,0.007093724313988701,0.004211913911966535,0.17427718277395954,0.06056761447567771,2,7
2025-07-24,SPY,1,0.00033105252282705777,0.00033099773703160196,0.0037434644148237597,0.003953639228621451,0.0057897566264661915,0.01075890303352156,0.0034037728691891328,-0.00028363170927490114,0.011290436953099503,0.050765951264050146,3,7
2025-07-25,SPY,0,0.004224349640319147,0.00421545212405583,0.003476111953555653,0.0036351332013389915,0.006998891221024595,0.012853459167230907,0.004314333588171045,0.003164824899582569,-0.20252821949006483,-0.15355617034084068,4,7
2025-07-28,SPY,0,-0.0002511001451916961,-0.0002511316761113491,0.0037699567812961784,0.0037141520117888126,0.004152600680586094,0.01065016552708098,0.003921691781068493,-0.0008470509567166249,-0.03426160723392435,-0.18621320206154401,0,7
2025-07-29,SPY,0,-0.0026377452404861,-0.002641230220137736,0.004377535814347257,0.003436230499028594,-0.0005130035137428379,0.005890290066603354,0.006783044129849085,-0.004840551325276138,0.10268568442252057,-0.0839695464797382,1,7
2025-07-30,SPY,0,-0.0012592342390789213,-0.0012600277407193161,0.002575265298564824,0.003556498671111742,-0.0018501031610643759,0.0029973359986612547,0.009655325848291468,-0.002295824909949819,0.32800220621140985,0.23246525234159332,2,7
2025-07-31,SPY,0,-0.0037511295105476794,-0.0037581826405110874,0.0030749636637072432,0.0035430037431284696,-0.0048616229200003636,-0.0014028247893066448,0.014199411601489867,-0.011540994947652997,0.28558336410968077,0.5048706419279425,3,7
2025-08-01,SPY,1,-0.016390562686528054,-0.016526374020133794,0.0065827299971223914,0.006470753095548468,-0.01640912552842566,-0.01686019401015737,0.011256664482732645,-0.007312816827577093,0.355161086886711,0.839871230708277,4,8
2025-08-04,SPY,0,0.015199814188961769,0.015085454389026864,0.011254711898244505,0.008239616516204468,0.0003676560111787186,-0.0022952895118678596,0.009014262738078526,0.008790576742099801,-0.4774010089676497,-0.05075513182508784,0,8
2025-08-05,SPY,1,-0.005069966572431306,-0.005082862459230064,0.01135383919130081,0.008421397991644427,-0.0023988683533817667,-0.007213941054967865,0.008816232479043347,-0.006046324660207606,-0.07056461525854296,-0.1268005758763252,1,8
2025-08-06,SPY,0,0.007659680244984202,0.007630493838537866,0.012217043384689529,0.008328759000970808,0.005779303765666821,0.0006167064372237796,0.00844129665628634,0.005929642439058231,-0.05428102875179641,-0.1676264468646066,2,8
2025-08-07,SPY,1,-0.0008376240775045396,-0.0008379750805715958,0.012090272457544236,0.008328764734801507,0.0048825697004521995,0.00012175759547594645,0.01236953859861652,-0.006271203155440114,0.1530248999728081,-0.043837278463332074,3,8
2025-08-08,SPY,0,0.007797573458693252,0.007767329500689257,0.007975055721771622,0.008616651752423413,0.007765687284109424,0.007907532463445666,0.006166662768102118,0.004920662286220288,-0.1368383603438006,-0.18224908185654565,4,8
2025-08-11,SPY,1,-0.0019774432364148,-0.0019794009585734074,0.005880510343515328,0.008640525402503683,0.004263947331380358,0.006076787815363582,0.006729895075183272,-0.0024158990515738723,-0.08289098164604791,-0.25367803909740505,0,8
2025-08-12,SPY,1,0.010646114455700184,0.010589843604162041,0.005677928999594164,0.009213692954323416,0.010258469726485142,0.015593762767241337,0.009494113596021628,0.0068934568386314335,0.1019452762319486,-0.18193283136081695,1,8
2025-08-13,SPY,1,0.0034230513551560815,0.0034172060502539736,0.005428578092260665,0.009193686586557665,0.009871846931912565,0.017393350608125857,0.005442635269711311,-3.094772437218471e-05,-0.07165058982740824,-0.2205245810628338,2,8
2025-08-14,SPY,0,9.296545483872265e-05,9.29611338182923e-05,0.005242135893934542,0.009020568608549303,0.0059644624605612595,0.015426226051511893,0.005102705975262145,0.003360404258816266,-0.012735302731774811,-0.18380759004255576,3,8
2025-08-15,SPY,0,-0.002341194642022759,-0.0023439395232358606,0.005363727198781161,0.006597164107765606,0.0016532455292104231,0.009596429361006242,0.00552641275900188,-0.003947410689821332,0.1561670388942733,0.04662219917841859,4,8
2025-08-18,SPY,0,-0.00021763143719111255,-0.00021765512234850348,0.005090847024412115,0.005202707267802169,-0.0008604824231112085,0.007459235708613177,0.002831109986140198,0.0006844452158048455,-0.36137478587309113,-0.30019325605540703,0,8
2025-08-19,SPY,0,-0.005425130066677664,-0.0054398995265119154,0.003267033012101241,0.005256640420637082,-0.005391136359356619,0.00013913166637680163,0.008754205942215522,-0.005146780668809111,0.5923036007387301,0.11128795946317127,1,8
2025-08-20,SPY,0,-0.0026570836306466505,-0.002660619942930431,0.002223564348713747,0.00500299123896904,-0.005938444944163734,-0.0033487051270368884,0.010494151831866002,-0.0020175774370390026,0.2744001135472476,0.3629526523898279,2,8
2025-08-21,SPY,1,-0.004011822287558586,-0.004019891234610107,0.00194769929583415,0.005218059062914769,-0.007018297697842901,-0.007858468297486931,0.0065379596293918775,-0.0011473588204756115,-0.38344453781796217,-0.13390114749113924,3,8
2025-08-22,SPY,0,0.01535688655115064,0.015240163058274803,0.008464831714306514,0.00671907264556028,0.007641995623319797,0.006100825604976601,0.01450388838804639,0.011838289760035831,0.5342025843980016,0.287998176528689,4,8
2025-08-25,SPY,1,-0.0044011570576184544,-0.004410870660547239,0.008768292983595164,0.006891489178717247,0.003467322881943069,0.000650950353962676,0.004564937801549685,-0.002437748242007568,-0.3901956633429746,-0.20548419407183172,0,8
2025-08-26,SPY,1,0.004187036349890816,0.004178295104638963,0.008389412560882941,0.0061551424578418275,0.0059876510731258215,0.004454305270525705,0.0061351640711836035,0.004609095112483077,0.00599325588062638,-0.18409828732389377,1,8
2025-08-27,SPY,1,0.0022785132820093423,0.002275921406956094,0.00803210831120832,0.00610311704759324,0.00560787928491302,0.006470316737551274,0.004576713426796779,0.003195925245025512,-0.06282278952184495,-0.2208727219628145,2,8
2025-08-28,SPY,0,0.003541362732142783,0.0035351068723050716,0.007116562081390721,0.00618782285874257,0.004989887452750308,0.009410857069444,0.0063963192567599424,0.002595625581127798,0.27261274567603966,-0.01196333891651391,3,8
2025-08-29,SPY,0,-0.0059636816039791984,-0.005981535371295088,0.004748004992751612,0.0064802764801304,-0.0009230747464981093,0.0031398299488192283,0.007259042765994592,-0.003737598683577944,0.21135899999187258,0.1855763589180328,4,8
2025-09-02,SPY,1,-0.007410295555874247,-0.00743788819356439,0.005555958504241656,0.0069242190361565445,-0.007650267552154699,-0.0038243285800536597,0.008737266390931373,0.004345128676470588,0.10012184288708603,0.2295947429944738,1,9
2025-09-03,SPY,1,0.0054195597134076845,0.005404926745351091,0.005845323458498832,0.0069077574407402495,-0.0018327985189484641,0.0009624655657105574,0.005835032131140068,0.0016649405646324304,-0.1361566656705313,0.060475060435229544,2,9
2025-09-04,SPY,0,0.008357360441814565,0.00832263106813702,0.007055579706991492,0.00719678002267506,0.005732651220725193,0.0076028957677864994,0.008752079075772266,0.007293399229810222,-0.07909670732792151,0.01248262636433406,3,9
2025-09-05,SPY,1,-0.002896148488535144,-0.002900350441516153,0.007014975781890844,0.007105858629870523,0.0033422196471981636,0.002864937909750509,0.013630510758631751,-0.0065082433251813215,0.3060402458171827,0.26279938872485564,4,9
2025-09-08,SPY,1,0.002456541908713472,0.002453529541966759,0.006354642927874844,0.005329688391087374,0.004629617716293444,0.004780519955490448,0.004023999269783824,0.0003237981780353609,-0.2588176179781613,-0.03403331495745776,0,9
2025-09-09,SPY,1,0.0023119206976098816,0.002309252320879196,0.004183438953308376,0.005051306855492868,0.003824997740645486,0.0058791255996208935,0.005608910755136689,0.0020957000294562333,0.04753132667332993,-0.01061421331264023,1,9
2025-09-10,SPY,1,0.0028908542790047065,0.002886683795347622,0.00398560246841198,0.004983116498958965,0.0041013767572881665,0.00768815073620277,0.00599734239992679,-0.0021571756602679452,0.17994704682469953,0.12298146978759705,2,9
2025-09-11,SPY,0,0.008310264731785644,0.008275924601042206,0.003968685523893996,0.0054818972371454035,0.009799719346411884,0.014338389337858803,0.007245697342389055,0.005273796578399966,-0.1038015236850367,-0.02391706343274569,3,9
2025-09-12,SPY,1,-0.00033461291182779185,-0.00033466890721989273,0.003163014003834384,0.005474397391624435,0.00631885445231517,0.012672865502585395,0.003360646319262514,-0.00028893316371697434,0.040690990413873473,8.285918322270547e-05,4,9
2025-09-15,SPY,0,0.005323858293106998,0.005309736658426267,0.0032692138926937553,0.0049451515992542435,0.007948708402473859,0.015583057542908785,0.002577089221582484,0.0019252296220546726,-0.1237659744902796,-0.11055495962361583,0,9
2025-09-16,SPY,0,-0.0013767927852816886,-0.0013777414352986739,0.003996252898790397,0.0038579589888634836,0.0036008173254056253,0.011119295629265613,0.0038852970475544047,-0.0022222788157147334,-0.040823302870834355,-0.12135774783517506,1,9
2025-09-17,SPY,1,-0.0012424352925486382,-0.0012432077551656207,0.0044198826850253845,0.003975997993356017,0.0002336861913876387,0.007479939055052176,0.011242227845591535,-0.0012575825783892216,0.666729879514133,0.4017753421282355,2,9
2025-09-18,SPY,1,0.004672445142330339,0.004661563154354731,0.0033093475529046255,0.0035031136117525162,0.0034972220568774137,0.01015862688806557,0.00698000425288393,0.0005589978833326602,-0.11272929863210401,0.20203941889663612,3,9
2025-09-19,SPY,1,0.004952874775332017,0.004940649640818862,0.0034547014721575883,0.0031420233073802,0.005988820525966165,0.012336030628447903,0.006311042181279008,0.0020684478761917005,0.082759962502432,0.27980866425615414,4,9
2025-09-22,SPY,0,0.004731007968096224,0.004719851922289742,0.0033403761012764624,0.0031965304296011064,0.00837687142378507,0.014062251338913034,0.0077317955644899275,0.007006968533529472,-0.2909104645844224,-0.09993280488729428,0,9
2025-09-23,SPY,0,-0.0054434748398075605,-0.005458344535399284,0.004694495463514735,0.0041784601662644,0.0013630272617872752,0.006296083720529477,0.00803942677923091,-0.005264502166879967,0.17647677107420634,0.03795754237917914,1,9
2025-09-24,SPY,0,-0.003181633452613686,-0.003186705609681262,0.005048018985091902,0.004503341431010836,-0.00294973153119793,0.00146954720483361,0.007434052713741071,-0.005131652088868053,-0.1667713064305112,-0.12407002993350202,2,9
2025-09-25,SPY,1,-0.0046134974884720625,-0.004624172513464586,0.005133828069633768,0.004222452177408773,-0.006836937218585026,-0.0034885919838921753,0.007599477127772425,0.00016716623271784557,0.3163807867548345,0.12457225659171245,3,9
2025-09-26,SPY,1,0.005729144366994232,0.0057127952340456645,0.0053549075551427155,0.004537086370657205,-0.0005798228184861198,0.0012762853565737586,0.006808069882018381,0.0035025966617469096,-0.22810110452667365,-0.12800390247345728,4,9
2025-09-29,SPY,1,0.0028103664411398555,0.0028064247447199264,0.004933141109711179,0.004333215699840301,0.0031863379661534186,0.0033923448485684293,0.005147877687881367,-0.0010235304515238302,0.062443624673312215,-0.08477422131282275,0,9
2025-09-30,SPY,1,0.0037668667591119753,0.0037597898827215204,0.0045345181985181286,0.004363976372526641,0.006061921274838067,0.005954579083726541,0.007602671651884257,0.00490247844554753,0.17400236737914798,0.04188828486651475,1,9
2025-10-01,SPY,1,0.0034075694259330103,0.0034017768166521023,0.003973739816584309,0.0043201758991857,0.007254029995081845,0.007694541201571425,0.009514902244073076,0.007961803810397006,-0.15926432412386426,-0.09179953774610283,2,10
2025-10-02,SPY,0,0.001151711603039951,0.0011510488920176698,0.0016551752871324236,0.004191027215973976,0.0050308785702983805,0.007519909555522952,0.005652886804890423,-0.0018346505802231531,-0.21571870856043251,-0.25647390170599615,3,10
2025-10-03,SPY,1,-1.4767362221612679e-05,-1.4767471260057619e-05,0.0016036661999746914,0.004004284895152017,0.0027901957971530056,0.006669957394924486,0.006746398598684754,-0.0011641491262368003,0.2390044994375704,-0.0444901740033512,4,10
2025-10-06,SPY,0,0.003586228910336109,0.0035798137244125172,0.0017086462828058888,0.003895388622806072,0.00400036227618461,0.009555716734301445,0.004541240307231433,-1.4903912476955734e-05,-0.2251398692662112,-0.24442673892730848,0,10
2025-10-07,SPY,1,-0.003707492250961897,-0.003714382034843311,0.002984614505379009,0.003619083531757306,-0.0006004395827976516,0.0049200533166260385,0.007910321316248135,-0.005085174148587494,0.31848679958918624,0.009745955729108635,1,10
2025-10-08,SPY,0,0.005963052412792269,0.005945343779222512,0.0036657415561790027,0.003630303500978306,0.003961501430795433,0.009092316271713363,0.005654664770607982,0.004267042672976501,-0.15714918474148187,-0.14003675182544317,2,10
2025-10-09,SPY,0,-0.0028970083792374535,-0.002901212830195732,0.004148506076490485,0.003320292030126168,0.0004740115942336587,0.004195338489726863,0.00702267198641138,-0.003518857436568859,0.09554348936282375,-0.025969261054017645,3,10
2025-10-10,SPY,1,-0.02702782789908964,-0.027399797306961737,0.013086844889156126,0.009541061962256065,-0.02184528465978708,-0.021657722726269646,0.03140759257614616,-0.028431977761347482,1.3972638375745654,1.0624070415135765,4,10
2025-10-13,SPY,0,0.015344074693208754,0.015227544895200396,0.015757999091942754,0.01087101388563316,-0.004280002118697834,-0.006550704703654153,0.008113199354403003,0.0036175789373517776,-0.5009459135655798,0.021244472786495994,0,10
2025-10-14,SPY,1,-0.0012216548034567065,-0.001222401631992831,0.015748210886715658,0.010790934961990913,-0.003434117119644031,-0.007176760387915815,0.019264474198326696,0.007699678454859552,0.11587534014994882,0.13594849183541347,1,10
2025-10-15,SPY,0,0.004439615866679292,0.004429789843934273,0.015570137676377082,0.010837735413379356,0.003388064822070991,-0.0022783785668252232,0.01694608390397997,-0.0024744674663911685,-0.07971425868104831,0.033290367359079864,2,10
2025-10-16,SPY,1,-0.006810260525524803,-0.006833556176281341,0.015707122827218832,0.01099919857999599,-0.0002723309978459598,-0.007796215860533695,0.01739605364818279,-0.009267857304672078,0.35324090053437707,0.30941689696643837,3,10
2025-10-17,SPY,1,0.005676300358907982,0.005660250871856398,0.008283956303156877,0.011214450481014004,0.0019545069344368837,-0.0014413029671092037,0.011554200329321456,0.00741473032363533,-0.1271886783408238,0.10872529949665499,4,10
2025-10-20,SPY,0,0.010400475399621634,0.010346762560389244,0.006648310359641398,0.011698101816267095,0.009859388797048396,0.008991190562972484,0.0074027488868712125,0.005964125794322721,-0.3731312350454763,-0.3096308107610285,0,10
2025-10-21,SPY,0,-1.4995920012528252e-05,-1.499603245225245e-05,0.006499825000487963,0.011625565332625251,0.007099052357686819,0.008647088834823125,0.004482916946682323,-0.00022343681269659235,-0.07016302604912272,-0.3463036737805587,1,10
2025-10-22,SPY,1,-0.005198815962920711,-0.005212376827340215,0.007254532275298555,0.011566203060552534,0.0010733532725579753,0.004204522828468171,0.012946446736653646,-0.0062500181652250745,0.4322743515440275,-0.08485129231074706,2,10
2025-10-23,SPY,1,0.005929891190499692,0.005912378583532885,0.0060452832827253234,0.011718352720023441,0.0036634930553647305,0.010068210557031776,0.007349030437004487,0.005448145056336842,-0.1856846730549625,-0.25401994268173256,3,10
2025-10-24,SPY,1,0.008172571104630766,0.00813935648856301,0.0063784452240856935,0.006972806965713992,0.007992521814480513,0.014626515383054484,0.004168681366918218,0.0011678118465006382,0.13340548285559684,-0.06396140962767805,4,10
2025-10-27,SPY,1,0.011797712023148943,0.011728661579555322,0.006756169978345716,0.006378005150354829,0.015669950828195223,0.023193734254008502,0.005009276006611211,0.003676431147642986,-0.1481605508597097,-0.18602445584008098,0,10
2025-10-28,SPY,1,0.002655998956591077,0.002652478024378624,0.006444170364109667,0.006186399167219907,0.013628941608791578,0.02212172065159068,0.005938368571686705,1.4569195550318936e-05,-0.02528741802152834,-0.17804412949811355,1,10
2025-10-29,SPY,0,0.0004802976988058649,0.00048018239278579955,0.00446660452660702,0.006260405050694533,0.008287608449068617,0.01924342193884576,0.009916972616418947,-0.0019310548717350639,0.38742688874455156,0.13443105548570156,2,10
2025-10-30,SPY,1,-0.010998144919191377,-0.01105907164752562,0.008730668595112706,0.007096747890621324,-0.00515694213719875,0.005173480422860033,0.008934032948452202,-0.005951172947691829,-0.10882110181175875,0.05898528534315073,3,10
2025-10-31,SPY,1,0.0032802806107155025,0.0032749122269395414,0.008181929936645075,0.007032384232555133,-0.003296701680143954,0.005842841854750036,0.008525089108355137,-0.0043500825708467665,0.14185087468789215,0.22507123307964005,4,10
2025-11-03,SPY,0,0.0018766870879645126,0.0018749283108574488,0.005938499969211224,0.006483838742538195,-0.0008713926509895664,0.005944380471073041,0.008546364136710848,-0.0033980721232663258,-0.3424471772208971,-0.19083628266672914,0,11
2025-11-04,SPY,1,-0.011853539942447533,-0.011924353295924561,0.007360557630434961,0.007799055985092705,-0.00929025890383206,-0.006557302166816603,0.007957292451486297,-0.0012867656683625541,0.36835034458693183,0.07360432601202005,1,11
2025-11-05,SPY,0,0.003465389196996238,0.003459398571761696,0.007862282803931281,0.007559079333511848,-0.0029870240929107394,-0.004546967710500782,0.009911408686166185,0.0038520203507193137,-0.05131651089548239,0.02717465809923869,2,11
2025-11-06,SPY,1,-0.010729333212666003,-0.010787307565268023,0.007793216843952176,0.008271733882766292,-0.010913286965374414,-0.015017692904049196,0.012801801343356355,-0.009106055569811257,0.14291071255765941,0.14329932959212854,3,11
2025-11-07,SPY,1,0.0009845075813768034,0.000984023271633383,0.007403913559026063,0.00776132268293445,-0.006688587445914829,-0.013137274284196643,0.014777433357851207,0.004581452114253109,0.18294872835163756,0.30638292898635977,4,11
2025-11-10,SPY,1,0.015604434791510524,0.01548393751028776,0.0113006953156976,0.008510706300196211,0.00937930189716174,0.0028226360500993586,0.010557503221910796,0.006201660072639443,-0.24603747400400033,-0.03077417147714767,0,11
2025-11-11,SPY,1,0.0022891497024457585,0.002286533590952544,0.009352241350943882,0.008496257595857962,0.009369509804802112,0.005719148283235942,0.007118209822158306,0.004485605909571025,-0.22269058804449726,-0.2439210009062165,1,11
2025-11-12,SPY,0,0.0005563986064420767,0.0005562438741302245,0.009353877056945022,0.008497326963743775,0.008202760259544917,0.006873262226370969,0.005855824258959701,-0.0020589862436259975,0.05697890198020805,-0.17617554543954583,2,11
2025-11-13,SPY,0,-0.016594021470737852,-0.016733244574677286,0.011442959861999079,0.009398164998188886,-0.009033211800614782,-0.008697036938129954,0.01519465954491183,-0.012432067557173035,0.6603057171514544,0.32045220514846906,3,11
2025-11-14,SPY,0,-0.00016358609958400105,-0.0001635994812492214,0.01144403395800937,0.009281707540248572,-0.009475779283572572,-0.0073759826393997585,0.01862086855985909,0.009843980499718115,-0.06390141680955908,0.22098440036843847,4,11
2025-11-17,SPY,0,-0.009316523930962162,-0.00936019418834011,0.008059502116814022,0.009507273988376162,-0.014120189796482774,-0.014050115068223179,0.017231654251385186,-0.006017663466353881,-0.06598676051946017,0.09467746707869096,0,11
2025-11-18,SPY,1,-0.00839746055820656,-0.008432917870575984,0.007123285424995605,0.009190058324002805,-0.015716740059476986,-0.020129383490959607,0.013985818014009417,-0.0030508360830343645,0.26544810134418806,0.32736410368207514,1,11
2025-11-19,SPY,0,0.003863199783587179,0.0038557567903252377,0.008066177037340874,0.009218269488913099,-0.005761630152960939,-0.014156086723138284,0.012999828194882424,0.0027996844697410544,-0.17266473016358352,0.07291804978453942,2,11
2025-11-20,SPY,1,-0.015242336682765423,-0.015359695168779552,0.007638780594875956,0.009776343742390427,-0.015150138130685997,-0.026607775452535565,0.03517555669378121,-0.030286285923836257,0.745388213678553,0.716575669693345,3,11
2025-11-21,SPY,1,0.009961222976632822,0.009911937023691308,0.010375309127014912,0.01052941303298655,-0.001451540928766648,-0.015157494226015311,0.020914453037683585,0.006075935543966697,-0.2500842440870331,0.25679313662031933,4,11
2025-11-24,SPY,1,0.014718507062180475,0.014611241086194049,0.012538169278773905,0.01036974443151491,0.012306903548954473,0.001239643540332347,0.012781195841073366,0.009114334010007632,-0.3510780420826066,-0.18822131255244057,0,11
2025-11-25,SPY,1,0.00940589965210692,0.00936193961876075,0.011709691912402698,0.010913976029933834,0.017227498069453784,0.011866166003099421,0.017543396823721837,0.009556876900188537,0.00794650283013354,-0.1996403188404281,1,11
2025-11-26,SPY,1,0.006903575013019525,0.006879854447598532,0.011744565706384895,0.011203093217859348,0.01901357962166661,0.019417060096102334,0.007349204533479129,0.0030252317314716152,-0.11344140330623564,-0.29707286132641175,2,11
2025-11-28,SPY,0,0.005458406338614941,0.0054435632273932555,0.0035464346533133993,0.009757202782924764,0.015181895902537379,0.023239559013063182,0.004655851391412623,0.003715931838127655,-0.3153551216200424,-0.49178461548629726,4,11
2025-12-01,SPY,1,-0.004565415602551193,-0.004575868940384531,0.007064210308756108,0.009948980905536873,0.004210157073712084,0.017297696138220076,0.006260956696697955,0.002150855140477249,0.2436235064618386,-0.34381641115142847,0,12
2025-12-02,SPY,1,0.0018522092741120044,0.0018504960496885658,0.005421763306483582,0.009228166058458453,0.0022824627343571713,0.016770404622947765,0.006584335914623815,-0.0005718465847225757,0.028636693398168767,-0.3045176118211833,1,12
2025-12-03,SPY,1,0.0034627677932603795,0.0034567862174261776,0.004453523782395068,0.008413014663522641,0.00313603163183096,0.016679798937956347,0.007669998158820189,0.004878274517667838,-0.09078562374312593,-0.3249801168178229,2,12
2025-12-04,SPY,1,0.0007310561539983773,0.0007307890626133684,0.003773694866126735,0.008459550067688107,0.0024842269740470435,0.014142442463723315,0.0058805900094897065,-0.0013278464332997415,0.08266813421036545,-0.23983351244651596,3,12
2025-12-05,SPY,0,0.0018995368427094927,0.0018977350040128016,0.0030871529800738364,0.005516756602753955,0.0037121775370130283,0.01110058883797449,0.0055582267953848095,0.0003209939861487311,0.2786931804428896,0.08673232326834057,4,12
2025-12-08,SPY,0,-0.0030042775146746914,-0.0030087994153351616,0.0024344677177811354,0.005735940436764849,-0.0002866331521669263,0.004419482917612738,0.007384329987196299,-0.0043111927888217815,-0.3029933998813745,-0.16372028528128624,0,12
2025-12-09,SPY,1,-0.0008631449669616043,-0.0008635176910702924,0.0024956555479382953,0.004356551804566623,-0.0015904294224042825,0.0014469979568982883,0.0040986426010455,-0.0001610867053882297,0.055739931017625866,-0.08649975537160248,1,12
2025-12-10,SPY,1,0.00663226800901473,0.006610371282859795,0.003608261822063385,0.003906796590171122,0.0039512131368337755,0.006237344235614506,0.011222417328776562,0.007340028398301968,0.4692360328656613,0.3325565519117548,2,12
2025-12-11,SPY,0,0.002326948130527251,0.0023242449793094977,0.0036402221411535665,0.003495524667592951,0.004884641587541649,0.00718001022229986,0.01033367915823262,0.005881963066755965,0.005864274266878189,0.31121810994891375,3,12
2025-12-12,SPY,0,-0.010752057995096265,-0.010810279077722917,0.006487900311758675,0.0048838324331571615,-0.004779332740719511,-0.003411843298497974,0.014109917918236108,-0.009314520109442352,0.31316515363736275,0.5691608298226296,4,12
2025-12-15,SPY,0,-0.0015107978831542246,-0.0015119402890508837,0.006414115843133208,0.004673397141750002,-0.005440835995715543,-0.0049843849807771345,0.009493408373923158,-0.007305990370946076,-0.19750124381077105,0.20958520115908974,0,12
2025-12-16,SPY,0,-0.00273229759527871,-0.002736037133593605,0.006470507518124475,0.0047047129507095135,-0.006948270524169131,-0.007317096660876432,0.008980811796446315,-0.0005299903742677363,0.34378654568279177,0.5068514294767239,1,12
2025-12-17,SPY,1,-0.011003620102041367,-0.011064607732192755,0.005911387115028795,0.005541227175216977,-0.013207203322167405,-0.01644387091687527,0.01359041909028901,-0.012487299491764218,-0.09346344277582841,0.2815337831967333,2,12
2025-12-18,SPY,1,0.0075513325776148665,0.007522963990016507,0.007671299998957249,0.0062637701921397166,-0.0020300010046228056,-0.00786560675347614,0.008618603941451647,-0.0016676577974126354,-0.0178539790210549,0.1940820622113435,3,12
2025-12-19,SPY,1,0.009063445479451815,0.00902261895801626,0.008210084719595282,0.007015325319241696,0.006765190276736721,0.0015802939333386945,0.006828442585558054,0.0059119996470986536,-0.0464850009341915,0.10888975302786696,4,12
2025-12-22,SPY,1,0.006229892278320159,0.006210566721978061,0.008513686863385512,0.007242766302427121,0.011210627141854834,0.007343553968060634,0.00697423528243239,0.0013013051514175007,-0.32860004150599187,-0.2667347327107592,0,12
2025-12-23,SPY,1,0.004570454818432879,0.004560042005283371,0.008156001447411151,0.007332879346366735,0.012516235757530358,0.010916717904961848,0.006331174988364927,0.005907180903399226,-0.06781086509279477,-0.32113128592224793,1,12
2025-12-24,SPY,0,0.0035176203055324873,0.0035114479496591855,0.0022291246593019094,0.007132242080448386,0.0098480510847061,0.013752392269667846,0.004404432361523303,0.003532222738081687,-0.3916471314003701,-0.5660037758032384,2,12
2025-12-26,SPY,0,-0.00010141503224314619,-0.0001014201750946242,0.0033852229119355126,0.007112994576647518,0.005090128748480804,0.01317790106250416,0.0034604910844875224,-0.00047784241116081505,0.05495416472306158,-0.5185497522191407,4,12
2025-12-29,SPY,0,-0.003563628207054803,-0.0035699930558568127,0.003939766491275574,0.006149343868236816,-0.0006044547539971745,0.008368721814516755,0.004552469649536537,0.00045087932120424463,0.5033534951565966,-0.23120218401278558,0,12
2025-12-30,SPY,0,-0.0012211007345822589,-0.0012218468855627052,0.0033694604632689795,0.006135810779481016,-0.002456739921693152,0.005915566908555103,0.0028801810074791483,-0.0006400500888692102,-0.246146468561929,-0.38758795825686954,1,12
2015-01-16,XLE,1,0.032528017895596895,0.03201018146124168,0.022831376436536877,0.021955228101024956,0.017666843914365682,0.003615368239048289,0.028653273951265355,0.026470219909565287,0.03376142794949932,0.15258351679288618,4,1
2015-01-20,XLE,1,0.0011961012544896565,0.0011953864952771731,0.0176251964998686,0.01795233298345513,0.015696467837150285,0.006050569036362363,0.019107434194939807,0.006413727691359781,-0.3428977186320683,-0.20555251633400862,1,1
2015-01-21,XLE,1,0.020313449534889783,0.020109883553718788,0.01767338298184655,0.018408089338287963,0.027241545140475942,0.02412045603459334,0.020429721835322337,0.012916774641651264,0.008723269410164658,-0.1666931387809415,2,1
2015-01-22,XLE,0,0.004684477291619249,0.00467353927383396,0.017559837071977023,0.018421159792230378,0.022730261371745053,0.026278368481145398,0.02133428981914763,-0.0016808541449888864,0.16547361881768263,-0.03399230208410131,3,1
2015-01-23,XLE,1,-0.007123299680362738,-0.007148791508955643,0.015908633193938516,0.01723135501405382,0.005324433131157269,0.019387901352096115,0.015873031629130827,-0.0026020940236012925,-0.3595345681853974,-0.3682955294618082,4,1
2015-01-26,XLE,0,0.014348887688378387,0.014246916688840816,0.010831309316464631,0.017568251450221225,0.013027583692816203,0.03209359030851622,0.022360910837846797,0.010920488654201355,-0.13170886255520775,-0.4404823246458546,0,1
2015-01-27,XLE,0,-0.0006426175793170508,-0.000642824146494192,0.011092281987902835,0.013978285987896556,0.006111240094935244,0.0265931537777484,0.014517209649131915,0.007258555379365826,0.17646129799968424,-0.3266934506091841,1,1
2015-01-28,XLE,1,-0.03937761403176343,-0.04017388587113224,0.020442293522878022,0.01957069254177679,-0.027969658189907265,-0.015236637571268918,0.03870967741935484,-0.036774173859627016,0.7976511760321818,0.1925950721851477,2,1
2015-01-29,XLE,1,0.003349016853653408,0.003343421386106993,0.02028206318012702,0.019572707151217734,-0.018811684147978958,-0.01337032007141048,0.028438530094995848,-0.004651142513237126,-0.2242837351352186,-0.007757775068002459,3,1
2015-01-30,XLE,1,0.008678173671442302,0.008640734767260572,0.021249670878932238,0.01898594827261856,-0.007410063605141737,-0.008322091813105725,0.034570990729371795,0.016276658238822843,0.45560140354604517,0.4325029900916155,4,1
2015-02-02,XLE,1,0.03057585279856756,0.030117726401289957,0.02535293201701082,0.01866501345026587,0.022670501442470625,0.01848334493875914,0.025235358531150085,0.018043896349971326,-0.19116905863652012,0.18686585585009752,0,2
2015-02-03,XLE,0,0.02735730913353618,0.026989785855156434,0.02798824511495901,0.020071045948944204,0.04439266247132423,0.03999312827515378,0.02120363285486879,0.015617009829577581,0.32601076533101003,0.47998081572204443,1,2
2015-02-04,XLE,1,-0.01650279371574659,-0.016640481742463464,0.019174408939069097,0.02056834317203432,0.016486781202882383,0.02041577667682959,0.017606072747028596,-0.003546533123749654,-0.12536600613678262,0.24431270903819446,2,2
2015-02-05,XLE,1,0.014364027672785884,0.014261842393008095,0.01874793909953431,0.020905746124244708,0.018194756348312247,0.03160743401891519,0.01419594566682491,0.0025126203702345875,-0.2272185781455891,-0.0348192840594056,3,2
2015-02-06,XLE,1,0.00025074376777101115,0.00025071233680673544,0.01958203236005557,0.0206173545341909,0.0074721370699619705,0.027668024375774092,0.01429816637467925,-0.007584242298110598,-0.1778004291170382,-0.21826701787110525,4,2
2015-02-09,XLE,0,0.0010021285561634397,0.0010016267605563733,0.016492496943364503,0.020320107742023558,0.0033149933326597214,0.02587139141024486,0.013722535227890081,-0.0032435394754525004,-0.22693287825334996,-0.39897887272618016,0,2
2015-02-10,XLE,0,-0.0005007855846279607,-0.0005009110196079192,0.010949895385262058,0.020317405404251976,0.003140196554982877,0.022535022106443092,0.021239341938992868,-0.0022488793492862406,0.08748354269988812,-0.34711608492515755,1,2
2015-02-11,XLE,1,-0.0070122061382658085,-0.007036907196064757,0.007805119799367247,0.014605960632770866,-0.0054681146557589155,0.009355196539266197,0.015474394690157926,0.005834687154166033,0.19230996800371392,-0.19118861613862237,2,2
2015-02-12,XLE,1,0.013115048192909207,0.013029790577790745,0.007298894343593506,0.014723433963985058,0.006212296872644574,0.01556096964309961,0.011321175215344367,-0.0004976476349113436,0.008615621874594304,-0.1747897411745012,3,2
2015-02-13,XLE,1,0.021159762071663035,0.020939003015531643,0.011357802946782342,0.015383271223309559,0.0218213687650326,0.028611410028016593,0.014914324238087898,0.011216611523686906,0.1803627996048791,0.014146656326161633,4,2
2015-02-17,XLE,0,0.0030476337703875256,0.0030429991486204955,0.011188489881663703,0.013290988150158395,0.01886954878844005,0.026047242829520645,0.015431746634213008,0.007838326732248622,-0.29056140362127625,-0.24790109205418154,1,2
2015-02-18,XLE,0,-0.011909617647591464,-0.011981105304545991,0.013714240354073082,0.011884051460811442,0.003133358069959513,0.012161614121970699,0.01053664030154148,-0.0037981521386467143,-0.12404015203901309,-0.2728581065212188,2,2
2015-02-19,XLE,0,-0.0046731759800974215,-0.0046841294051453986,0.013291717703891277,0.010361921831268854,-0.00555405366816375,0.004605336594867948,0.026752036924658436,0.016453121243455198,0.23169636868337684,-0.042369685737437934,3,2
2015-02-20,XLE,0,-0.004818885176009258,-0.004830533439340812,0.012672296689040624,0.00975866258846872,-0.010832341466182172,-0.0011532726595089304,0.015487548187080582,-0.0021062838666047945,0.07413706434316358,0.054620922473529454,4,2
2015-02-23,XLE,1,-0.0040973418550926954,-0.004105758959936701,0.005295341061388099,0.009890058283574225,-0.010437157315529966,-0.0057267901319670855,0.01642630167515674,0.005768013598403213,-0.23252267781513003,-0.16852745767008548,0,2
2015-02-24,XLE,1,0.0027426760496966907,0.0027389217766766727,0.005187471898474456,0.0099145514983106,-0.003148084329716472,-0.003654399414172227,0.010656666833687701,-0.003345683435893703,-0.2158997942020885,-0.33462377980366476,1,2
2015-02-25,XLE,0,0.005470791636276617,0.00545588121220808,0.004835290458569883,0.010013181028191494,0.0033997738866884397,0.0005445236512608975,0.011305798065115733,0.004721144153285526,0.03855949503262979,-0.2907846301044681,2,2
2015-02-26,XLE,0,-0.018548441332993826,-0.018722620872783313,0.009319128554106283,0.011614122070254685,-0.011384642086187391,-0.018099066970395317,0.018410291928975548,-0.012688103629936685,0.20737939684381956,-0.11694839681027835,3,2
2015-02-27,XLE,0,-0.00440946964726785,-0.004419220031793181,0.00931028420953453,0.010728650204249594,-0.01200283687138759,-0.020829755339099476,0.010040103153856488,-0.008283178458603784,-0.30941490818694406,-0.3515264282268624,4,2
2015-03-02,XLE,1,-0.006960134949825836,-0.006984469670113569,0.009422919752704532,0.007206355118184426,-0.014591891642493304,-0.02332440566283578,0.015470469328692619,-0.004945465212147668,0.3454745476044363,-0.0677314842662673,0,3
2015-03-03,XLE,0,0.003695287991392293,0.0036884771881524614,0.009609727758331878,0.007283380490972366,-0.006784695810551078,-0.015389293513530022,0.013499811937165734,0.0030566161923703526,-0.3130850738381956,-0.32541325586959347,1,3
2015-03-04,XLE,0,-0.0013965472827939251,-0.001397523363818376,0.008291137896005737,0.006814761397563338,-0.002587109438420332,-0.01348385417923037,0.013455160891324027,-0.0016501301781199267,0.3443889325246767,-0.07911610054799989,2,3
2015-03-05,XLE,0,-0.005975541002596008,-0.005993465991074309,0.0042988553414469,0.006856248470309926,-0.005545772771723523,-0.01598464146692724,0.006246086835253114,-0.0034416399435240005,-0.32273471944491294,-0.32934521022637464,3,3
2015-03-06,XLE,0,-0.017908089341543088,-0.018070379632234346,0.008023279326353314,0.008257204923911342,-0.017757043647619652,-0.029011200223893696,0.018549561926499335,-0.010949355973134074,0.7053937480546044,0.1896041538719222,4,3
2015-03-09,XLE,0,-0.0071627318323900235,-0.00718850735187937,0.008031684615957756,0.008287594098877488,-0.01917119538001333,-0.031089372538061433,0.016960148682115435,-0.005479428057199854,-0.09048669451354019,0.09719641219270692,0,3
2015-03-10,XLE,1,-0.013905787593890495,-0.014003378836506375,0.006583927601638974,0.00822124040062879,-0.02379185719741006,-0.038132112668918916,0.012298337363096917,-0.005950866983498736,0.0911353068327112,0.17067799373156456,1,3
2015-03-11,XLE,0,0.002927278842345782,0.00292300270456769,0.00800676926363125,0.007832675993264244,-0.01257342427109509,-0.028504195415166578,0.011288159889407219,0.0011951704414774804,-0.3142097464084159,-0.18219540836340076,2,3
2015-03-12,XLE,0,-0.00636711069345397,-0.006387467196822261,0.00797893308690908,0.006695653709538926,-0.01038355329495333,-0.029109858170607072,0.013110918622117848,-0.007945946989097069,0.47459964753658723,0.20672152353530215,3,3
2015-03-13,XLE,1,-0.0037377430727867367,-0.0037447458896924246,0.006086605580761674,0.006713899765133532,-0.00844997322267127,-0.02720380331389116,0.012093544047606111,0.002821809858096539,0.09181085996362692,0.25720840009716905,4,3
2015-03-16,XLE,0,0.01353363120242368,0.013442869588200956,0.0103466201827516,0.009013428763038811,0.006547312232338509,-0.010387776505617063,0.023039599250177116,0.019132284365271802,-0.19338565289193266,0.020370689229591177,0,3
2015-03-17,XLE,1,-0.0038340931291205305,-0.003841462105774074,0.008057095743850535,0.008640304269467488,0.00220790599632803,-0.009764265566031494,0.011040093087137366,0.0022612153266193713,-0.17772664247573533,-0.1689148895567959,1,3
2015-03-18,XLE,0,0.029064002299665104,0.0286496534596119,0.015271070947851533,0.013698630825008825,0.025471192939034548,0.02050461934208614,0.04288003016698855,0.03580016408395799,0.991468323730115,0.5518827279747303,2,3
2015-03-19,XLE,1,-0.015862772066855824,-0.015989932371774707,0.017569359884650717,0.014409048782360183,0.005481106500624167,0.006794467329975351,0.010966109451933569,-0.0037859128107596376,-0.16260174319099796,0.21785120467754138,3,3
2015-03-20,XLE,0,0.014711072573898587,0.014603914408434893,0.017519194847108437,0.014179807966201574,0.012792820297187202,0.020726615109850854,0.01344119556589092,0.0036540052032811078,-0.027120292243415722,0.1638774157150682,4,3
2015-03-23,XLE,0,-0.003510924606101251,-0.0035171023659006373,0.017714285494090733,0.013993849840153711,0.005238080054857486,0.015896538472482735,0.012454580457545904,-0.005708386493952804,-0.46219472282911556,-0.3565696555241956,0,3
2015-03-24,XLE,1,-0.006654376778066462,-0.006676615856259449,0.018071908681641383,0.013288352794561071,-0.004814975960274248,0.007177415609823212,0.011452333359678112,-0.009239967703154979,0.2155245433836892,-0.1999032147533627,1,3
2015-03-25,XLE,0,0.013004152906918698,0.012920324870105748,0.01316424335317003,0.013738664060747436,0.007854325172875765,0.01726194651423807,0.015272133659103796,0.006657122205551283,0.07561109269394972,-0.1524705415744425,2,3
2015-03-26,XLE,0,-0.0011668666758278823,-0.001167547994804341,0.009871823979685833,0.01343839476141631,0.003439166519447534,0.012568127345397473,0.019228303537032587,-0.012562534676286687,-0.03647513916407208,-0.16592616791898074,3,3
2015-03-27,XLE,1,-0.008178680750858147,-0.008212309645785787,0.008448376960503691,0.013775314371192008,-0.0034434961316823776,0.0012940335387048307,0.008470179097904105,-0.004430497098712378,-0.21877325604167486,-0.3146480780045746,4,3
2015-03-30,XLE,0,0.02146576388778998,0.02123861918553116,0.012982603878135823,0.014643221866433138,0.014244008549483267,0.018901061664738483,0.014000542385272756,0.011667118654393963,0.5197914316512497,0.03425157246294819,0,3
2015-03-31,XLE,0,-0.005894248426270843,-0.0059116880713601105,0.012834738631933672,0.014778052649270018,0.004479914528087159,0.009286757935563772,0.012911556351232317,0.0016785653703689475,-0.4829666039872882,-0.4511099268570722,1,3
2015-04-01,XLE,1,-0.00025769861303415187,-0.0002577318230270187,0.011797414346557938,0.011793302948499684,0.0030781271720532466,0.008313938171946367,0.010664291552457747,-0.003469154132194868,0.4136244244286824,-0.15254647884091532,2,4
2015-04-02,XLE,1,0.0020628046417781043,0.002060679981620517,0.011724047417781786,0.010245797926379058,0.003356566199354871,0.007871585203788056,0.014896393411128125,0.0067358069043651405,0.042457478579434715,-0.06035795048091752,3,4
2015-04-06,XLE,1,0.01801346588013142,0.017853145820934557,0.011977437659617288,0.01072313381588696,0.014307030534631782,0.023094734153289442,0.022259249506485425,0.012153058716766457,0.12163634657987976,0.10698434312932292,0,4
2015-04-07,XLE,0,0.0006317813446208298,0.0006315818548050522,0.008966211563555327,0.010526662786456996,0.012015737694279993,0.020402819266489125,0.011132159638776895,0.001517964738204165,-0.09014816673421988,-0.006827573226811379,1,4
2015-04-08,XLE,1,-0.008083795982125275,-0.008116647021378487,0.009538960661135687,0.010685400193226871,0.0014026718071045163,0.009032836680535006,0.01546395955212366,-0.012698040289226373,-0.1482382390168363,-0.1374858583110169,2,4
2015-04-09,XLE,1,0.016044921635186116,0.015917562386731365,0.01104017870668466,0.011034245921000562,0.011716146624614288,0.02171748399123552,0.016510072225389024,0.013335065789237825,0.15187162223864115,0.008111332470178256,3,4
2015-04-10,XLE,0,0.004386294597721552,0.004376702845511282,0.01089497431490946,0.010914394287962552,0.009955769115627788,0.022128557484766942,0.007624912261962891,0.0017499923706054688,-0.3621307233821738,-0.3252469189922732,4,4
2015-04-13,XLE,1,-0.009982421060346858,-0.010032579506446204,0.010491408237652121,0.011150721309848618,-0.0006801414662160887,0.008144944666046428,0.01726921886618796,-0.014287508465651846,0.12313428619851985,-0.23026649475954297,0,4
2015-04-14,XLE,1,0.018023409359328557,0.017862913305323413,0.013070782518459447,0.010584867597242493,0.013247130387179062,0.022767279433355103,0.015026257689342445,0.011394891381917781,0.3802500930555417,0.10049746614711585,1,4
2015-04-15,XLE,0,0.023895260828638687,0.02361423703888299,0.013450690597035414,0.011774070649445488,0.026717017184306302,0.040460946821088584,0.022159337404535125,0.018096682636454905,0.45821823456097266,0.478979855849196,2,4
2015-04-16,XLE,0,-0.002297569927056653,-0.002300213390646011,0.014039712823822112,0.011920406329677787,0.017486280268033116,0.0316456971668182,0.016628265041037975,0.0014565207849377472,0.06350808970905031,0.4852449266783565,3,4
2015-04-17,XLE,1,-0.007271891402228503,-0.007298460487873637,0.01544004613076846,0.012630749689159086,0.005696965319078373,0.018806304817772235,0.011811996934492286,-0.002557222082915685,-0.2049159910703795,0.15620060019587356,4,4
2015-04-20,XLE,0,0.0037846895677609016,0.003777545649533476,0.013296410786034944,0.01181930438174491,0.002414001649598596,0.01873414320660638,0.014024408852181784,0.0026829417158917685,-0.2486788750044333,-0.11417141742051484,0,4
2015-04-21,XLE,1,-0.01058143334765016,-0.010637814797235912,0.013639061487268072,0.012666726802992292,-0.009593675649491207,0.00523924374680762,0.017833327857100876,-0.013102048126364913,-0.07002139979859012,-0.162649480073928,1,4
2015-04-22,XLE,1,0.006637808562623082,0.006615875316990927,0.007238473623479671,0.012105351976792274,-0.0010492572503244535,0.007727842642586413,0.014467880584817992,0.004046123601433533,-0.14304930459206122,-0.272557399346921,2,4
2015-04-23,XLE,0,0.006839038425364041,0.006815758284318463,0.008214832892779717,0.011441736870921879,0.005929786165120854,0.01130933887007779,0.01218472040597638,0.004630160287936902,0.24150254208006317,-0.08837191769700059,3,4
2015-04-24,XLE,0,-0.0057007204723601435,-0.005717031598966749,0.007896675435081744,0.011779229079284186,2.4430513296813672e-05,0.003279849354751896,0.00839419059639035,-0.002676321161509462,-0.084940918271601,-0.18157061688023046,4,4
2015-04-27,XLE,1,-0.0010981233061906348,-0.0010987266853517141,0.007639640307619261,0.011060105199130879,-0.00026879379751731935,-0.0009396217953921981,0.00996112363780506,-0.005223521705173391,-0.01581563488477178,-0.20237310481212922,0,4
2015-04-28,XLE,1,0.005007156990877837,0.00499466286964001,0.005529467993105655,0.00982131117410054,0.0024118073833008236,0.0021921003323612798,0.010260123484919436,0.00525223269512756,-0.017676767676767624,-0.20188813922874682,1,4
2015-04-29,XLE,0,0.007776570426675233,0.007746488757040648,0.005769155236967974,0.006612910921128431,0.007629706806896452,0.009690606816561198,0.015973631562862963,0.011340083903801347,0.42944073920937664,0.17545883850348165,2,4
2015-04-30,XLE,1,-0.0031351466348724655,-0.003140071503233699,0.005644814028281473,0.006654772965905672,0.003909679031670832,0.00631681888819724,0.014054032059403154,-0.006846843181071697,0.04080965346379006,0.26770638590213625,3,4
2015-05-01,XLE,0,0.0022979833211647094,0.0022953469955417916,0.004425061630824932,0.006123673953123219,0.004046625075559529,0.007452173072153734,0.009666542183516803,0.0013291518549080209,-0.3140084943904399,-0.09166470007079741,4,5
2015-05-04,XLE,0,-0.0025340343630374518,-0.0025372504624003867,0.00472648726401481,0.006151301779991606,-0.0003628886432386347,0.004362011537696997,0.01336223202635599,-0.004935548744685852,0.27122047452133935,0.13898789773081477,0,5
2015-05-05,XLE,0,-0.012339639304058458,-0.01241640481261408,0.007444501839016339,0.006518986682409426,-0.01111945281913096,-0.008380879404135344,0.02461579108797293,-0.019692596225831548,0.11376453146000465,0.227346504387552,1,5
2015-05-06,XLE,0,-0.003919719645631647,-0.003927421880337345,0.005293636544981084,0.00624101379570433,-0.011114626746389078,-0.011583456338160603,0.02136693514811093,-0.012747396099866984,0.019426111729689,0.19412750932103795,2,5
2015-05-07,XLE,1,-0.01082146554428054,-0.010880443473557655,0.006066191895866812,0.006374017478440107,-0.01645760571284327,-0.01988503102139516,0.01651064449015981,-0.008871379844937922,0.06150616892229954,0.22455989936936915,3,5
2015-05-08,XLE,0,0.016409996087202394,0.016276807212049604,0.01146266372142443,0.008574843447609306,0.0024031900972592,-0.00353425571363164,0.02084354679139177,0.008386782064863402,-0.16563006564501115,0.0005535193976495822,4,5
2015-05-11,XLE,1,-0.018835465630463233,-0.019015112410515567,0.013552430375367307,0.010410996793833473,-0.010557749328127808,-0.02030920429352301,0.021260971916294426,-0.01979466263047067,0.2500275573192239,0.19457108904111853,0,5
2015-05-12,XLE,0,0.004611926668498745,0.004601324320371081,0.01365903257889068,0.010382110580471803,-0.0034131767680878333,-0.013731252452988896,0.01310865258127377,0.0061173267553536964,-0.45705010912457833,-0.3459220298426601,1,5
2015-05-13,XLE,0,-0.0026058718686728932,-0.002609273062772921,0.013637776683603999,0.00979276847631112,-0.0036938892598706863,-0.013209730346860238,0.01611511309927326,-0.011194533790878007,0.2723646145257068,-0.14873662292646017,2,5
2015-05-14,XLE,1,-0.00037330291345016864,-0.0003733726083283706,0.0127684851068793,0.009830138912136513,-0.003843531113682852,-0.010748391977141614,0.010544578435494278,-0.003225432753527116,-0.23269803026797609,-0.31454452157304336,3,5
2015-05-15,XLE,1,0.003982870975824948,0.003974960342949974,0.009537884579659884,0.00994124757329296,0.002834416541051432,-0.004110889737041101,0.014748159900891298,0.00824891907378142,0.016916374676384738,-0.29504108404209317,4,5
2015-05-18,XLE,0,0.0008678355409614813,0.0008674591894233252,0.0030169995036401563,0.010003381919290287,0.0024087718640311007,-0.0008784430117038111,0.008321924620143629,0.0028567348333923552,-0.26080199578757945,-0.45035412466282887,0,5
2015-05-19,XLE,1,-0.01424350637256011,-0.014345918746792918,0.006996617852476385,0.010231165184760247,-0.00940934891990175,-0.012604618405932855,0.01009972056627994,-0.007605992937197143,0.9253368004647431,0.07589247413222067,1,5
2015-05-20,XLE,1,0.0018850412345359224,0.0018832667739125952,0.007258863252255299,0.010305602750998549,-0.005958514844824903,-0.008800469688363677,0.009014663777934286,-0.0016277060015258788,-0.0931047859883044,0.0049651990259069745,2,5
2015-05-21,XLE,0,0.009405106038931743,0.009361153400364586,0.008814523358301216,0.01034753744641739,0.003040428639366377,0.0004596958753186886,0.00885396013039709,0.003741057653446062,-0.20092998938512963,-0.1473479565529775,3,5
2015-05-22,XLE,0,-0.003603077122819487,-0.0036095838393657154,0.008691233249405567,0.008639104064528115,0.0005985715806464675,-0.001208311645297666,0.009632181880789807,0.003252370514080308,-0.3694348339000525,-0.4225446094207471,4,5
2015-05-26,XLE,0,-0.015835098025921868,-0.015961812663407127,0.010704475779945618,0.008014770191292899,-0.010778232407609667,-0.015442517621444107,0.013702123513131286,-0.007793874579472201,1.072664958259311,0.2533166270081577,1,5
2015-05-27,XLE,0,-0.0017734107781235409,-0.0017749851326112065,0.009208690068358413,0.007714424074822638,-0.01054849786375267,-0.014976921915750618,0.014705832569797404,-0.0011409272442225566,-0.1371855942231257,0.06594123313704392,2,5
2015-05-28,XLE,0,-0.003934482722744326,-0.003942243162123216,0.008961836769720816,0.007733047843154746,-0.011312651637881976,-0.01651640255285247,0.008150782183011615,-0.0005093388670737297,0.0693802197802198,0.1438678912609892,3,5
2015-05-29,XLE,0,-0.001146946003588667,-0.0011476042495193184,0.006029274325148326,0.007714787640603804,-0.007193617310631173,-0.0152256413508991,0.00879432130330986,-0.000892170477198894,0.06690945561565909,0.1830225089765174,4,5
2015-06-01,XLE,1,-0.0025513361130481416,-0.002554596317461133,0.006119148054315191,0.007379827875308039,-0.004659109615873902,-0.014668344169995962,0.00648940272293385,-0.005089628643887922,-0.3460367850455768,-0.21711658111143395,0,6
2015-06-02,XLE,0,0.006906295494955694,0.006882556273601459,0.0042689863702831425,0.007963862657142207,0.0027255402836730003,-0.005343941723196632,0.014025225931925723,0.0038251058343807577,0.1998067678386275,-0.08560047484480893,1,6
2015-06-03,XLE,0,-0.006858925727106335,-0.006882556273601459,0.00516088876328072,0.0070418170979576365,-0.002627720841276937,-0.010415938940114833,0.01261304485557271,-0.003822084730897377,-0.15149759402926444,-0.18551665108141535,2,6
2015-06-04,XLE,1,-0.013556827409287653,-0.013649560256541626,0.007535464295240608,0.007807447336769594,-0.012748728709695678,-0.020596320580241745,0.011056834968483871,-0.008356923837493306,0.8455493443514692,0.45752270224074665,3,6
2015-06-05,XLE,0,0.007001133225528644,0.006976739083884187,0.008911215428073964,0.0073992979142235,-0.004001023121124825,-0.010195053433590728,0.02096901062709689,0.011591552537096664,0.18875461711641095,0.6027163996881821,4,6
2015-06-08,XLE,0,-0.005664850591815096,-0.005680956712575291,0.009082930552886968,0.007430058483036095,-0.007198826380587886,-0.012062973137278554,0.009952134105364527,-0.001809478928248096,-0.48790356615319685,-0.2018388302000973,0,6
2015-06-09,XLE,1,-0.00012958595492895686,-0.00012959435191417512,0.007716185144320892,0.006137088421357293,-0.003458631211916696,-0.010025479531952763,0.012870013375497605,-0.006177551433609438,0.1365776271465804,-0.07649851050846945,1,6
2015-06-10,XLE,0,0.012302103780260865,0.012227047838586635,0.010201128083413571,0.007662842088243814,0.008853104721237681,0.002950549350395848,0.006268362226522263,0.0,-0.11308698371264647,-0.16988955783262227,2,6
2015-06-11,XLE,0,-0.004477198689696094,-0.00448725136017325,0.007684339441555902,0.007689671887024628,0.0025507479018040957,-0.0006935986947368411,0.008811166682644457,-0.006257155906599295,-0.1398920841253296,-0.262570860312092,3,6
2015-06-12,XLE,0,-0.011179412523648957,-0.011242371827627107,0.008827981358432694,0.008362434907469456,-0.0068146973031187885,-0.01003466808354514,0.008012442085666331,-0.005556995611766936,0.24808412047763317,-0.05923728768021319,4,6
2015-06-15,XLE,1,-0.0023395020078056383,-0.0023422429183730387,0.008588852359288843,0.008360647006048359,-0.007960201931964117,-0.010543081875677762,0.012954696250854339,0.004579933034640168,-0.23123423294778434,-0.2740973521250327,0,6
2015-06-16,XLE,0,0.007815525963026815,0.007785142943496748,0.00951343627657454,0.008470073240165826,-0.0005942672747729638,-0.0010589197024091224,0.011051858453360801,0.005981004584183634,0.11666150702742861,-0.18083106911828695,1,6
2015-06-17,XLE,0,-0.0024553922091357094,-0.0024584116281709534,0.006813142514388869,0.008285015625542805,-0.000491938102009648,-0.0022105554821003626,0.017099535252354636,-0.0077140458156036715,0.15481946415897796,-0.0690058709569561,2,6
2015-06-18,XLE,0,-0.0006478910950008521,-0.000648101067133755,0.006754113560909663,0.007074907861506358,0.0006487623340130089,-0.002857014377889433,0.00917074530179272,-0.003745814032370629,0.21691617772741667,0.16709736955044208,3,6
2015-06-19,XLE,1,-0.00927981801106037,-0.009323143767284936,0.006115102376125885,0.007163282335288157,-0.007257031448270279,-0.010503928719181044,0.009437687928465902,-0.004980957515503552,0.36001294130644057,0.6128319846978929,4,6
2015-06-22,XLE,1,0.012251615507326896,0.012177171885715321,0.008543116674946175,0.008200667529085777,0.003392322694964145,0.0014628132443887942,0.008485659775809342,0.003133131443215541,-0.38628016408566335,-0.018167438959187265,0,6
2015-06-23,XLE,0,0.0032533603863440508,0.0032480796597469386,0.00792623732069839,0.008255791926708805,0.0060508709136528616,0.004224142719247315,0.007558996555188819,0.00469168467623299,-0.3270841605687598,-0.3143914510122736,1,6
2015-06-24,XLE,0,-0.00622647554672795,-0.006245940887973589,0.008454376453405747,0.007348089969131457,-5.487315186980535e-05,-0.0006693986830620391,0.0101403899878378,-0.004030129562833303,-0.044874046391390476,-0.3257574480281904,2,6
2015-06-25,XLE,1,-0.010181225928589388,-0.010233409103911129,0.009598059426268337,0.007825545641426169,-0.008187546310734595,-0.008935095985506902,0.011359221676207645,-0.009922895197475716,0.27762823058705854,-0.1408624709316415,3,6
2015-06-26,XLE,0,0.0032969242896419004,0.0032915013508327817,0.008843586203666836,0.007234679979853274,-0.005360013981366429,-0.005196723188281571,0.010031706900744864,0.004223860689032192,0.35536571606203293,0.1500238849536515,4,6
2015-06-29,XLE,1,-0.018927630626016656,-0.019109051114293507,0.009439542266141175,0.00931759767417122,-0.018540450638734884,-0.021949909206945617,0.013578229576313697,-0.006389820811813455,0.18049998725822491,0.2845488476476927,0,6
2015-06-30,XLE,0,0.006967020170552729,0.006942862624694346,0.010420841429989837,0.009220524811229477,-0.006660873099430087,-0.012937820435383718,0.01022164641377954,-0.002256712661796737,0.09162996862677364,0.3267926297266759,1,6
2015-07-01,XLE,1,-0.012773187950597453,-0.01285546650635272,0.011006079259691829,0.009811264899162316,-0.013061902272038406,-0.02237362292573475,0.01912089840251759,-0.014739087057969218,-0.08308834192451187,0.18045466271996524,2,7
2015-07-02,XLE,0,0.004447410718395606,0.004437550212350594,0.011649782188438903,0.010088464781767056,-0.005232336339335952,-0.015312856766637628,0.007930160687966281,0.001747274875696759,-0.3026505920158734,-0.15550858229355657,3,7
2015-07-06,XLE,1,-0.013148661634572512,-0.013235870583489628,0.011608565391937744,0.010436286754735052,-0.011637100572742476,-0.025220830803290184,0.013868174441041846,0.0,0.3926620069689284,0.2155182807773357,0,7
2015-07-07,XLE,0,0.00910979272449608,0.009068548855584169,0.010971803812658937,0.009959021017348524,-0.001506334918525587,-0.012913321222388086,0.027982568823103963,0.013104000224945287,0.531271513276236,0.706108094778193,1,7
2015-07-08,XLE,1,-0.020210407166599387,-0.020417431559527355,0.012600031319481285,0.010929315325149482,-0.015221096615909091,-0.027209054430789137,0.024420066125560313,-0.01343098461627954,-0.20133326243226124,0.2645377873401562,2,7
2015-07-09,XLE,1,0.005087841682517968,0.00507494235069661,0.012910279631380785,0.011449459876217297,-0.007226150003933451,-0.01763392770843908,0.01275098244494148,-0.008545915252041163,-0.27632813398461376,-0.1196433804633874,3,7
2015-07-10,XLE,1,0.005472638690183329,0.00545771821456098,0.0130642208508403,0.011674543087100277,0.0010350494605118055,-0.00914146252894843,0.011695914927632292,-0.0005440081081383945,0.10826363332218136,-0.05605980624520479,4,7
2015-07-13,XLE,1,0.007075643731875525,0.00705072882174651,0.01213267226802741,0.01196107885251185,0.00685631172584622,0.0006623362012601053,0.008814775491040117,0.0036615714711540283,0.08365030489645586,0.004394242297484974,0,7
2015-07-14,XLE,0,0.007161053935524242,0.007135535343044008,0.011847301373499654,0.010816268266871144,0.013184460289028088,0.00796443870698238,0.014498640251732793,0.01002707091015365,-0.11871465582082064,-0.10707834215844558,1,7
2015-07-15,XLE,1,-0.017573943783185997,-0.01773019891898686,0.010672274972751868,0.01178050809459183,-0.005999304378229486,-0.0071583227088154455,0.021035564745944056,-0.012540456570270465,0.004275260387855306,-0.08740471582605946,2,7
2015-07-16,XLE,0,0.0013653838122937856,0.0013644525234313143,0.01048274639477582,0.011251819915423249,-0.005290200250682386,-0.004628671677836427,0.009232862065004097,-0.004344870172362159,-0.3814514923317832,-0.40987995204387817,3,7
2015-07-17,XLE,0,-0.012137000294562994,-0.012211255114799702,0.011396797534016229,0.011557878926434673,-0.01455583551763373,-0.013912050918304941,0.015424581625198453,-0.011193006700974294,0.7932245219891358,0.02441190428260276,4,7
2015-07-20,XLE,1,-0.013252317117473877,-0.013340912673479366,0.01057993607990746,0.01156825322125571,-0.02087556140047031,-0.024230482944997855,0.016397994300820184,-0.015019930308313958,-0.018629398410896725,0.002963925374043219,0,7
2015-07-21,XLE,0,0.00041996323600534957,0.0004198750761275072,0.00858327886945137,0.010881000482201699,-0.012265373625906406,-0.020195982926120015,0.012979766718356302,-0.0019539342172640683,-0.23236514522821572,-0.16946990452697175,1,7
2015-07-22,XLE,0,-0.008111047245529135,-0.008144120751157669,0.006884619565284059,0.009409218319465538,-0.01401214745635515,-0.025753765614364155,0.012215708111068214,-0.004071902703689405,0.43227234202843956,0.20187820881086016,2,7
2015-07-23,XLE,0,-0.000846109009466911,-0.0008464671617329778,0.006312891970438202,0.009061778632647796,-0.008062260626346074,-0.0236007788985646,0.015774579115316902,-0.0018309472312389966,-0.2580460639214165,-0.10350531123410822,3,7
2015-07-24,XLE,0,-0.01918939355174276,-0.01937589978009635,0.008286796446199625,0.009811738255257007,-0.01905129621239432,-0.03705715018144595,0.023282086382570146,-0.01919007418716593,0.11249844921397312,0.00289666587845816,4,7
2015-07-27,XLE,1,-0.014386998190447198,-0.014491494518836134,0.008473327187753224,0.009072685200763942,-0.024990944107798674,-0.04362408368214743,0.016176050217468867,-0.0016030400167397494,0.36980747325574903,0.343321123950622,0,7
2015-07-28,XLE,1,0.02860875871624624,0.028207169504464336,0.018850760287528096,0.014104249319385814,0.005880563789137705,-0.01064223773510331,0.03337707178480682,0.027109759419983653,0.10129268987654605,0.4101639083042754,1,7
2015-07-29,XLE,0,0.013623373832424512,0.013531409972430186,0.019797687758756687,0.014581592275790754,0.018130731691675228,0.005376839235329278,0.020344292026604434,0.01621851436619639,0.2370132955973514,0.6154563828224717,2,7
2015-07-30,XLE,0,-0.007000102357704763,-0.007024718016229059,0.020172562659226723,0.014582137051786856,0.010830775515393354,0.0017229252362938041,0.012205318912550098,-0.0049101919208049995,-0.4610048959974047,-0.1569850894141116,3,7
2015-07-31,XLE,0,-0.02185255749333015,-0.022094861101073615,0.020840920009012477,0.015534302101890333,-0.010891869526747588,-0.015914509757758766,0.01635383291907992,-0.013367497802697477,0.725592372022301,0.383633181694645,4,7
2015-08-03,XLE,0,-0.021043495971413084,-0.021268066418616005,0.02214539660985273,0.01621912686792636,-0.030074522952675098,-0.03173384451015937,0.01879371979892366,-0.010489528366920528,-0.22317273536673798,0.05413868351302331,0,8
2015-08-04,XLE,0,-0.0033862358285797756,-0.003391982100945601,0.014593318621153406,0.016122756515863135,-0.02562253154572558,-0.029728714686516278,0.019788895484677913,-0.007768964670379296,-0.24600923989460377,-0.2156594022848356,1,8
2015-08-05,XLE,1,-0.007534524836366074,-0.007563052755165334,0.008629319441679193,0.01611284750137218,-0.020985208055085747,-0.031835098146800744,0.02726474020916753,-0.015244809394868913,0.4475063663075416,0.1130082515568065,2,8
2015-08-06,XLE,0,0.015927491985543663,0.015801980453643782,0.015452859797912373,0.017446021614387328,0.0024382093251849035,-0.012686774175195925,0.03204551405759953,0.022012597298202624,0.25905877513018427,0.3070436591558128,3,8
2015-08-07,XLE,1,-0.017875431136490372,-0.01803712646956468,0.014613974604271001,0.017320253189528255,-0.008637215944591214,-0.02684409118114317,0.025305299246915804,-0.013829666389941637,-0.26560645926843107,-0.06393129457254743,4,8
2015-08-10,XLE,1,0.03192626414271782,0.03142721503262491,0.01992548548566581,0.020058743108342467,0.019244609458909823,0.003263767219704672,0.030519623457509484,0.02977519807235397,0.1383176147573133,0.05257858584721253,0,8
2015-08-11,XLE,1,0.0018791756223313083,0.0018774121806868216,0.019586228049116996,0.01762482674694447,0.016337650762416445,0.006857678147359936,0.025224945587528084,0.022274702992142927,0.08277447491308543,0.12680255011603103,1,8
2015-08-12,XLE,0,0.018181564566961184,0.018018256416627132,0.018880024918275094,0.018112570364659453,0.024657763089350304,0.02646143714516369,0.030118654433710215,0.02172024403457775,0.11537529863825702,0.25643318079358113,2,8
2015-08-13,XLE,0,-0.015164111610823872,-0.015280262463575056,0.021395484292210817,0.01858695030448517,0.00549851589390471,0.013018138215842523,0.01369470906375355,-0.008701863389865226,-0.15625771834944424,0.020853888818760602,3,8
2015-08-14,XLE,1,-0.0021588528563932785,-0.002161186538543358,0.018355372019413146,0.01723117895122594,-0.0033348637254608793,0.010890139100019125,0.013498024836944148,-0.004307912900447356,-0.38823838171760816,-0.3427404683757699,4,8
2015-08-17,XLE,0,0.0021635235854655654,0.002161186538543358,0.011922539631383807,0.015551804741055348,-0.002096495602555093,0.010763711092187878,0.01536239402881567,0.007101418315500453,-0.2136009636009636,-0.4615417639688678,0,8
2015-08-18,XLE,0,-0.0037417193530068227,-0.003748737095950805,0.012080541700811364,0.015566889028992491,-0.005630430951345189,0.004731134363022083,0.009371417534011633,-0.0018742395079876547,0.16064665708500758,-0.3689837315137968,1,8
2015-08-19,XLE,0,-0.027589212499608662,-0.027976942915574732,0.01206426458155552,0.01807330911611789,-0.02398011421321722,-0.023187077398440503,0.028467670703135432,-0.02222220498482598,0.8243035594844261,0.14005125514090655,2,8
2015-08-20,XLE,0,-0.02257865033015438,-0.022837451055561786,0.013352473038643798,0.01848413122148089,-0.03569959444138948,-0.04183596642380438,0.02695855786487858,-0.019958241734765698,0.2553436060050538,0.41456031363458457,3,8
2015-08-21,XLE,0,-0.03495434329246305,-0.035579866112061875,0.015874945452972414,0.020625407935799388,-0.053199681278118804,-0.07055030796074235,0.03669019668471533,-0.02517653369688324,0.0032995745285475664,0.3560954999535879,4,8
2015-08-24,XLE,0,-0.053700977936415595,-0.05519666890018149,0.01820447314657051,0.021262453265129128,-0.07820466352651767,-0.10861577483913432,0.06422478832226694,0.005017548627978657,0.6916113956617178,1.0378885929023576,0,8
2015-08-25,XLE,1,-0.014477983761929991,-0.014583812468357493,0.01488223476326042,0.020542084751381837,-0.06276691303794746,-0.10818608818344999,0.056751178053078964,-0.055954062603968444,-0.35590949998953514,0.2725246128201688,1,8
2015-08-26,XLE,1,0.03444793604517438,0.033867889286111286,0.03296151037867865,0.023871178641970168,-0.011520758673040588,-0.06436119097324455,0.02947959287782465,0.008893232707083023,0.4345515334012118,0.698683197947841,2,8
2015-08-27,XLE,1,0.049461210998070326,0.04827690008916674,0.04436882689894713,0.03110519930265517,0.0424504546979898,-0.010222472414168737,0.03174859075906024,0.025686033862680393,-0.18853222323455532,0.30888190451910025,3,8
2015-08-28,XLE,1,0.022709374715800257,0.02245535542104271,0.041673356238599156,0.03252474453054097,0.05840107661711502,0.01788055665821653,0.03714682791874951,0.026221325318837127,-0.02413046579863154,0.1843038355855009,4,8
2015-08-31,XLE,0,0.010342330866554228,0.010289214877523989,0.024314684506533648,0.03282151728244326,0.04795704422627134,0.03330278796376951,0.04260534527658046,0.01808429586476293,0.15033658155189844,0.23809826792469102,0,8
2015-09-01,XLE,1,-0.0352251868186062,-0.035860559090654665,0.03225066345180818,0.0342711023956036,-0.0042571813311195195,0.004939138578714308,0.02696835019064619,-0.006664605200688443,-0.2066918093027753,-0.07372913014556393,1,9
2015-09-02,XLE,1,0.009205776453786951,0.009163661563258874,0.030644525443983522,0.033805688309081254,-0.005657461925671625,0.01840612955654275,0.029538433368389422,-0.0049230722280649035,-0.11088163384716121,-0.19039788917201694,2,9
2015-09-03,XLE,0,0.002783061169829404,0.0027791956254619166,0.022004072347701516,0.03315857077131596,-0.004634549110546282,0.022754147096442967,0.027491950525995835,-0.003839655930831823,-0.14234455851995187,-0.2979781964436239,3,9
2015-09-04,XLE,1,-0.016496934763497006,-0.01663452449646341,0.019619203447207897,0.031528514268521796,-0.015130315384303206,0.005422056467786263,0.011418732031152944,-0.002189885640233653,-0.23799040876912536,-0.44963679564728753,4,9
2015-09-08,XLE,0,0.015676338813392032,0.015554734243901969,0.020829394309714908,0.02516943175270057,0.0054002560933816834,0.013674200517489021,0.01845531272884189,0.004807654194397862,-0.06332937749487544,-0.4333214637708802,1,9
2015-09-09,XLE,1,-0.01883030858008028,-0.019009856373786604,0.015437189447405446,0.025631672910895215,-0.011937131149345803,-0.012136772977867305,0.0390863811444022,-0.025597765536910472,0.18237605262484324,-0.30679987169699485,2,9
2015-09-10,XLE,0,0.005820535307143437,0.005803661436491581,0.014913856259336339,0.023809933389364796,-0.003894704577368513,-0.01050775388827696,0.02099003703136483,0.001566392134744381,0.000817201275050472,-0.24616751135571058,3,9
2015-09-11,XLE,0,-0.008914472629317216,-0.00895444426848302,0.014852254574198205,0.018028037775210372,-0.008169940094209127,-0.01793035080394023,0.015165862496734456,0.0011058403739006002,-0.2784056497663956,-0.410639519477078,4,9
2015-09-14,XLE,1,-0.008679403632715466,-0.008717289030825803,0.013642229470267539,0.016003520343110755,-0.013783863765594262,-0.02201334913197539,0.011282362641499323,-0.0017479836297174675,-0.06467180743838197,-0.39831149466900695,0,9
2015-09-15,XLE,1,0.011143281176296593,0.011081652228435157,0.012162345067915005,0.01608746258307945,0.0011981287583497924,-0.0066150430970558505,0.011424963749177905,0.00793398915214389,0.1871039074455385,-0.20366976421711158,1,9
2015-09-16,XLE,0,0.02833690666295774,0.02794284355804111,0.015510461168874034,0.015057744043440817,0.023920389296891997,0.01957320491701342,0.02311421810322024,0.020146820867103402,0.16198723053872,-0.013737568391390953,2,9
2015-09-17,XLE,0,-0.00061177077098995,-0.0006119579790841989,0.015746475085321936,0.0148547356306799,0.019013038905575597,0.01799603665296612,0.024170135607609413,-0.0013768389705301372,0.151364663379161,0.17392094819994686,3,9
2015-09-18,XLE,1,-0.026264899782639572,-0.026615983359833617,0.02055252133252102,0.01713704795989053,-0.008356277530271572,-0.006736351895505366,0.020918556035729275,-0.007549596462879361,0.07134245082657764,0.26259209230871683,4,9
2015-09-21,XLE,0,0.0057052846255283285,0.005689071128379464,0.019892712521432585,0.016457979030153485,-0.006134829743869918,-0.001285001298272359,0.013642761888656183,-0.004861241509576852,-0.2612057315333217,-0.061656169653894644,0,9
2015-09-22,XLE,0,-0.010557991147192802,-0.01061412217255242,0.02021706693561341,0.015819915249674063,-0.015811395334362488,-0.009451169133790072,0.01760567056462221,0.004961609724107879,0.08672568627825905,0.011118484294822206,1,9
2015-09-23,XLE,1,-0.012899828745712827,-0.012983754065971631,0.012270829770402546,0.015230966730100388,-0.019713164591025123,-0.02049146645984745,0.021735664896359825,-0.016658722154464557,-0.17980223337868906,-0.14798146172597004,2,9
2015-09-24,XLE,1,0.0043558861136061555,0.004346426701156592,0.01327250958759266,0.01515756011139126,-0.007430466898690091,-0.014321568670207618,0.0260162353515625,0.012195121951219513,0.35233505187812386,0.14927930002862255,3,9
2015-09-25,XLE,0,0.0019278853537887386,0.0019260293678562412,0.008758010740792002,0.01498195065428255,-0.0031963990645211826,-0.011582418319524335,0.01795356336309876,-0.009056239390865443,-0.16278553299492382,-0.05214422033902366,4,9
2015-09-28,XLE,0,-0.03992310383462605,-0.040741897555838236,0.01762387943283107,0.019419035172684382,-0.03191388818707064,-0.047298775358519674,0.03062215411969991,-0.029812056322038566,0.032715651723571604,-0.04329942749152349,0,9
2015-09-29,XLE,1,-0.0015029476712954404,-0.0015040782300692612,0.01819065897408904,0.018731668070222366,-0.023900475076918615,-0.04376344547473365,0.02110687213580703,-0.006315394132986551,0.15471458101446967,0.07905458423320266,1,9
2015-09-30,XLE,1,0.02358262722209359,0.023308852926263945,0.02317444038868027,0.017825921624679684,0.0016695619052884414,-0.015478796538156758,0.01922439251704839,0.01425257885609532,-0.14581170688303713,-0.07251402463044276,2,9
2015-10-01,XLE,1,0.001960771270909323,0.0019588514680406455,0.023026439347081713,0.017924500735009133,0.006698238898386499,-0.007991645789089286,0.03049369802528791,-0.010648593938151804,0.08168352130753154,0.01715143956766041,3,10
2015-10-02,XLE,1,0.041258932531009984,0.040430493123353006,0.030535251772862506,0.021530787087803156,0.043164302168642976,0.03168579133571603,0.05575719445183674,0.05328273835612723,0.14240348513943424,0.17092091827442246,4,10
2015-10-05,XLE,1,0.030226849608528283,0.029779020330138017,0.0183926173808779,0.023392657378789247,0.05436922236825148,0.05890098293486945,0.021809800909980817,0.017478688735461816,0.19454284538730948,0.3350455772794949,0,10
2015-10-06,XLE,1,0.022195231644258184,0.021952502543918673,0.014367350945117785,0.023445189734436236,0.05263144477962811,0.07470495717346126,0.031510288355505504,0.0186334750452002,0.15371109337589783,0.4552544644867662,1,10
2015-10-07,XLE,1,0.012641333777086095,0.012562099172571894,0.015224909174194024,0.02238957887152133,0.04342891558405326,0.07776557334368461,0.032892886099186835,-0.00014687425043437695,0.45643768386100847,0.862706796816322,2,10
2015-10-08,XLE,0,0.019092596260502637,0.018912619847710754,0.011035614884129892,0.022485547129258265,0.03768523319198458,0.08606859378580212,0.03134192586981105,0.021041794061802812,-0.32325994735408003,0.21442631716831695,3,10
2015-10-09,XLE,0,-0.0064851668120777806,-0.00650628686727428,0.01383949663838271,0.023019810851094127,0.015496199082198459,0.06804242851664433,0.015962044804973742,-0.00862810564023335,-0.04011569277141813,0.11493161493611992,4,10
2015-10-12,XLE,0,-0.012909818208751256,-0.01299387412660602,0.015709533591144097,0.01735996150871195,-0.004272617969700354,0.041077022654919304,0.023606041728863814,-0.014482258592377324,-0.1631474233905571,-0.08807467101000688,0,10
2015-10-13,XLE,1,-0.010433650216207235,-0.010488462338315685,0.014501606579725023,0.018388544135574517,-0.014949958071182823,0.018451162655942044,0.017769835183383396,-0.0028136005455474747,-0.04177281548040579,-0.133279788438046,1,10
2015-10-14,XLE,1,0.008613039931041788,0.00857615932075717,0.013742198836326098,0.017955298318483377,-0.005971295002750843,0.016888166367087898,0.01681793737696906,0.010864648028189356,-0.271674552975842,-0.36623767747011216,2,10
2015-10-15,XLE,1,0.017962364496234562,0.017802947401930336,0.013344438397761779,0.017810687317142044,0.012624852026896116,0.023174581096084834,0.02647538676775699,0.022629770233467822,0.2854046004730937,-0.19231606830713532,3,10
2015-10-16,XLE,0,0.0013019926484814093,0.001301145791041236,0.01294159322901422,0.014798524159569084,0.013082662915139931,0.016414401767578246,0.018449103919989225,-0.002161918455206996,0.02680923919172451,-0.17101070213628877,4,10
2015-10-19,XLE,1,-0.01978918495765225,-0.019987613061796417,0.0149824802866042,0.014985427155285015,-0.006412936466347996,-0.006732874912851128,0.015757248564757742,-0.009921218209697033,-0.026508646511442135,-0.17834112566953975,0,10
2015-10-20,XLE,0,0.002799734844053825,0.002795822886383359,0.013912827342788993,0.013430985056284213,-0.005698460973503572,-0.005131517071317204,0.01491438449534012,0.004873033448112232,-0.29454569696721056,-0.3848195108339113,1,10
2015-10-21,XLE,1,-0.012343869564972132,-0.012420687934769692,0.014627768064309047,0.01340643437216792,-0.015930253467526523,-0.016146293958231306,0.013874574780904059,-0.007970493218115774,0.06583069821538912,-0.2605218071953128,2,10
2015-10-22,XLE,0,0.018003198972729173,0.017843060532754418,0.014641714038694707,0.013226258511183265,0.003902789053711553,0.0029904215307554605,0.015389068629100121,0.012429658406795512,0.2781729765858916,-0.013363320913968413,3,10
2015-10-23,XLE,0,-0.0023386524061626,-0.0023413913247867235,0.014526173523792,0.01311111506971126,0.004414161531801186,0.001643274855348098,0.018208485925895388,0.0023495398780394765,-0.16593296941949875,-0.1296315063260549,4,10
2015-10-26,XLE,0,-0.02446499777079747,-0.024769238241109104,0.01597674441754851,0.014698909952055693,-0.016482922675386424,-0.0207640197248955,0.022897367114094336,-0.02260385993851019,-0.24278037233702254,-0.30244783578549095,0,10
2015-10-27,XLE,1,-0.01201382400661788,-0.012086573241688825,0.01585032455785863,0.014806920426978702,-0.021768132483548475,-0.030318167833538023,0.013704911694431995,0.0018273602851839176,0.7832985527327414,0.24197116799058538,1,10
2015-10-28,XLE,1,0.022191676320301168,0.021949024411728413,0.01977715603074284,0.016443613825892524,-0.00017844025646773787,-0.007819510495169713,0.029886727962853774,0.01509433962264151,-0.06399681626735776,0.1319843373452556,2,10
2015-10-29,XLE,1,0.005056075419380912,0.00504333639167065,0.017603977386727757,0.015265636393979015,0.007362805531024863,-0.0005173717802515743,0.019701487982451027,0.00880591549090485,-0.5063093159213423,-0.40806626239871047,3,10
2015-10-30,XLE,1,0.00650962267918942,0.006488526587714816,0.018040207953478174,0.015484112557024558,0.014615914061357538,0.007777198184283574,0.023693902614563868,0.0011773632766403986,0.4617372047244095,-0.10332752205643736,4,10
2015-11-02,XLE,1,0.023372530045089546,0.023103575173113455,0.014525189919419382,0.015873372656000858,0.029029563072825004,0.028649555593487364,0.03637986710953709,0.029577047009231205,0.07923715736610282,-0.006578305987749888,0,11
2015-11-03,XLE,0,0.02556693569748769,0.02524556768007269,0.009907061510702156,0.017447598940021868,0.038122578733645884,0.04975301374600383,0.02638708398253738,0.018399670579048295,0.3860621697677895,0.31277753224513805,1,11
2015-11-04,XLE,0,-0.008963770649778269,-0.009004186944788106,0.014290981330723315,0.017104628361278858,0.0184223109789321,0.03494154925253201,0.020148241044028233,-0.009934225162248728,-0.16919239281293375,0.07052338968059146,2,11
2015-11-05,XLE,0,-0.008479065952400111,-0.008515217732717684,0.01662578763025745,0.016967436325217335,0.00237169084875255,0.023561284517087833,0.0191734985556054,-0.003550631827825563,-0.08382621847980676,-0.004129242657266774,3,11
2015-11-06,XLE,0,-0.005131177287840849,-0.005144386984927696,0.017603186326886986,0.017081145739697372,-0.007789858873444855,0.016026467536081057,0.01883815315992863,0.0037388860052835256,-0.15229617765731362,-0.1460006714728901,4,11
2015-11-09,XLE,1,-0.00988544590612217,-0.009934631341589117,0.015169554938086218,0.015036532001338466,-0.016171731957188018,0.002305957461204544,0.022831763084729444,-0.00761055117665116,-0.07806005290236318,-0.2167996384944182,0,11
2015-11-10,XLE,0,0.0021703964886565785,0.0021680445806313564,0.00493760859420089,0.01401071345591798,-0.00799224728057657,-0.000548436660114282,0.01903523966575669,0.006393525768052881,-0.0001261133443682949,-0.1739517462376431,1,11
2015-11-11,XLE,0,-0.0212243588747818,-0.021452834191195258,0.008500515307961271,0.014874572267637613,-0.020715414923597963,-0.022522859156655306,0.02483756275383574,-0.021083019270363268,0.13277468585933438,-0.030257017623776417,2,11
2015-11-12,XLE,0,-0.02271715162791932,-0.022979161804569603,0.010610544405570743,0.016514612732070683,-0.03202709333679199,-0.04287902132343879,0.01765410487473136,-0.008826995365290956,0.34390418728296335,0.22427386102559677,3,11
2015-11-13,XLE,1,-0.0040753130134466575,-0.0040836397318808615,0.010774679733432085,0.016254437488380916,-0.025089236264341896,-0.04394811357200745,0.020899665429725683,-0.0007571622487892106,-0.07932579033218545,0.1025370083740127,4,11
2015-11-16,XLE,0,0.03334338738960452,0.032799552507532415,0.022739709031685467,0.018233019022040862,0.010193888037584475,-0.010004388578616519,0.036576167619269934,0.034754908737897355,-0.023425723863303993,0.06367428952994736,0,11
2015-11-17,XLE,1,-0.011000517757725259,-0.011061470875967316,0.022826043545859685,0.015576916303894702,0.00452866253273454,-0.01521800244190552,0.016176448148839614,-0.008382348453297335,-0.12291583876151146,-0.030862543727293135,1,11
2015-11-18,XLE,0,0.016461624071210768,0.016327600369381745,0.022403109864596007,0.016978188842520735,0.01878823655070816,0.004249064565184257,0.020176658120771178,0.009425616719677286,0.37577238014564407,0.3064361850055559,2,11
2015-11-19,XLE,0,-0.013422899655518239,-0.01351380113048295,0.020060962275223655,0.01722392073213684,0.0010361678488259862,-0.005529820177055167,0.02127978559766465,-0.0076312980294126935,-0.0973200009545856,0.1599174243056134,3,11
2015-11-20,XLE,1,-0.010647753763007639,-0.010704846729332473,0.02093985211305632,0.01736799800857713,-0.01231293581197046,-0.011904494812269406,0.016558177517649462,-0.010940240544750506,-0.24843357567746205,-0.13065921645570244,4,11
2015-11-23,XLE,1,0.00717527576317889,0.007149655951847578,0.013331179837259788,0.01757325340574698,-0.0028706408927490212,-0.0022652899883610633,0.020197464812783048,0.00807900875394311,0.15430561418319977,-0.018840055374992115,0,11
2015-11-24,XLE,0,0.02137092030594334,0.021145764399195244,0.015692847011894575,0.019109144121773107,0.014266232856704253,0.019721605966766864,0.023042801017943843,0.016543615909440774,0.15455315621704968,0.09193964533332721,1,11
2015-11-25,XLE,0,-0.008137369993905574,-0.008170659102639366,0.014707861051829316,0.017942652506623153,0.006843810868560896,0.010719905177107414,0.01450770111600023,0.0002931458541495399,-0.41400298789532863,-0.34783719841303884,2,11
2015-11-27,XLE,1,-0.007178262339784358,-0.007204150025016176,0.013582944603104623,0.016271349062609887,-0.000825705277062716,0.0012113296433859944,0.007679874161749702,0.0008860959888494329,-0.24541015800947696,-0.47409858297180385,4,11
2015-11-30,XLE,1,0.0036887952907405097,0.003682008370643697,0.01206543955232057,0.01611309543903302,-0.0004410289150063029,0.0018851293946642311,0.0133725734210069,-0.0004409464709146864,1.1017740318036386,0.10653684695482846,0,11
2015-12-01,XLE,0,0.007939304279977355,0.007907953828282022,0.0121301257156257,0.01240172491951707,0.004012841651971355,0.009274491808668017,0.010428893439729466,0.007050465843555728,-0.21631554134266384,-0.11294190563507234,1,12
2015-12-02,XLE,0,-0.030922034593007797,-0.03141021067173666,0.015091320325282055,0.015651047365261187,-0.020203438674281093,-0.020506837806032574,0.031566605588198196,-0.024519133078549717,0.8430165978111184,0.534255121705751,2,12
2015-12-03,XLE,0,-0.020018148821915327,-0.02022122669503812,0.0162234033215283,0.01528073649628559,-0.030812791812623863,-0.035235956314878414,0.03280410981619399,-0.02471542050750557,-0.04754189263059372,0.4330590786581343,3,12
2015-12-04,XLE,0,-0.006296771708731663,-0.006316679991650087,0.01625695283376259,0.015008824295991856,-0.02803217061114005,-0.03714489371520602,0.024806237035943556,0.0031007278797238374,0.3559200964524014,0.7951810060990443,4,12
2015-12-07,XLE,0,-0.038021741553440624,-0.038763428939224465,0.01857618075026273,0.018406427081795827,-0.04846354477805481,-0.06728601954059266,0.029160066514780047,-0.013629109610945605,-0.0011845563090565614,0.6276765151473798,0,12
2015-12-08,XLE,1,-0.010283081885949286,-0.010336318041447967,0.013417610060653699,0.017723596934445224,-0.03777084292184296,-0.06881139856001506,0.03597829251089119,0.011992764170297062,-0.166568090633041,0.2867675266643852,1,12
2015-12-09,XLE,1,0.013149975543294223,0.013064265189926427,0.0187682284109327,0.016303116360367142,-0.012687150358244192,-0.04733519393782182,0.035552694327166755,0.008564944572535992,0.05194444139606169,0.2938399649779695,2,12
2015-12-10,XLE,0,0.006409091612205264,0.0063886407191460215,0.019744913878273748,0.017079380068465787,0.0009243876242455151,-0.03318639751982311,0.027706652706324327,0.005925732778984415,0.3532369622594924,0.5561328948504924,3,12
2015-12-11,XLE,1,-0.03741458649163121,-0.038132475450078474,0.023925958742637123,0.019405601801427894,-0.02332647324142345,-0.05876857062238361,0.025271303582731813,-0.020573472658050547,-0.25468136883301773,0.071436487355099,4,12
2015-12-14,XLE,1,0.005292528033892463,0.005278571828147616,0.02026828562348879,0.019548209530141046,-0.013504075454640718,-0.043000638900730026,0.026258900854892894,0.010137952948557566,0.3486622534822783,0.3386317460567332,0,12
2015-12-15,XLE,0,0.025172832026368663,0.02486121498728,0.023684015194970397,0.022009694470087784,0.009003292408249486,-0.009159546581770539,0.01687211406761842,0.01086959750611379,-0.25682958130307854,-0.05458319159273928,1,12
2015-12-16,XLE,0,-0.006579913860705777,-0.006601656924721588,0.02310717589096655,0.020656290688365744,0.004022570723396068,-0.008521298700981839,0.023844039785934454,-0.002738813755133432,-0.010976838904311226,-0.07495808528498304,2,12
2015-12-17,XLE,0,-0.02455576146620908,-0.024862282486358467,0.024585170056199958,0.021024045616663368,-0.012850258915506951,-0.025484656094439617,0.02712302780793658,-0.025185624688100455,0.011255182392387209,-0.07893582221422502,3,12
2015-12-18,XLE,1,-0.017514047077128225,-0.017669232620447506,0.019675941216793464,0.02126171867183683,-0.02651848078885466,-0.0341697851136703,0.01953252319100246,-0.018530894525470142,-0.06657311486235507,-0.12444364722233336,4,12
2015-12-21,XLE,1,0.001020531105562661,0.001020010717711628,0.01928002771155354,0.01864911874709134,-0.021036677205729992,-0.028666039124084497,0.018877561645476174,0.0008503271719267861,-0.11511761584718783,-0.20263576773741132,0,12
2015-12-22,XLE,1,0.011724828397976728,0.011656625193749992,0.014437026721772894,0.01918565453844308,-0.002219962630126915,-0.014826791920039106,0.01947168446395786,0.00812732020106929,0.05315427857589006,-0.15451048090757868,1,12
2015-12-23,XLE,0,0.04350033100361128,0.04258076474025385,0.026927346798552187,0.023761420644164456,0.038449347493320296,0.027552155643045362,0.02700031847759795,0.02288441473884931,0.19449222070656158,0.005046774987690794,2,12
2015-12-24,XLE,0,-0.009013466675423576,-0.009054333720689645,0.023675632529715468,0.023850437673785183,0.023165418558389828,0.019430432838197342,0.015110150381610768,-0.010287725431074288,-0.7611658198308535,-0.7316619088067764,3,12
2015-12-28,XLE,1,-0.018190334745368464,-0.01835781298350847,0.023844477753978098,0.02120230336260915,-0.0009582555884939392,4.5859524229197035e-06,0.011239674465715393,-0.0008264336704222624,0.7398999348606434,-0.5026943217411938,0,12
2015-12-29,XLE,0,0.006947638388345334,0.006923614756245033,0.023693800854893893,0.021245208131851018,-0.0006895228109292662,0.005894597576386884,0.018376926696583307,-0.010082984707400816,0.2033153044073952,-0.33868439946066153,1,12
2015-12-30,XLE,1,-0.013471418896098819,-0.01356298171016146,0.025075172673552082,0.01988133674395112,-0.01579975335278383,-0.004859479429945801,0.0149924659250873,0.00033317438231515717,-0.003647484824212399,-0.29801421489499735,2,12
2015-12-31,XLE,0,0.004496317517105108,0.004486239280174331,0.011081551936701203,0.01994422565106529,-0.005473882236747829,0.0013147634213708237,0.017734608507202453,0.009201927937899257,0.27580525140852563,-0.0626578821351742,3,12
2016-01-04,XLE,1,-0.00033145293430436595,-0.0003315078769690061,0.011141246295162424,0.01823102729097456,-0.001622527569199117,0.0002157678807952479,0.024601056283080975,0.002327117520005443,0.13572782568845554,0.10371266333997986,0,1
2016-01-05,XLE,0,0.0038138805639760243,0.0038066261605993468,0.00812708187247696,0.017044184920813263,0.0019198556842747738,0.0011409936455493153,0.016760676230757412,0.004480591856690948,-0.2879355486571873,-0.16502494838265658,1,1
2016-01-06,XLE,0,-0.03849283145163407,-0.03925325839257088,0.018104589776490154,0.021551155708952663,-0.028055889829012415,-0.03635981651243436,0.025549952203326596,-0.015228388061223633,0.7362195090539114,0.4270863822843354,2,1
2016-01-07,XLE,0,-0.02439889069394019,-0.024701475590936717,0.0194215688662323,0.02221678745430361,-0.04129947515928656,-0.05555561680261678,0.03224111025805321,-0.005081494954934168,0.04153237322018688,0.46472357038725454,3,1
2016-01-08,XLE,0,-0.012856609235653904,-0.0129399707041844,0.017410339731716445,0.01448708585799303,-0.03977936040615604,-0.05817316938150785,0.027069494978969533,-0.021131664686368387,-0.3153205445500482,0.0638100101749437,4,1
2016-01-11,XLE,1,-0.02140972708004052,-0.021642239968094223,0.015593198280266786,0.014903433420474906,-0.04245682202323575,-0.0678112811480085,0.03891255640031385,-0.02540867690462389,0.4794066707927873,0.40838006114845204,0,1
2016-01-12,XLE,0,0.002370403278530775,0.002367598304418017,0.015077729036839528,0.015274574653822613,-0.021220506966367902,-0.05683354266156815,0.04344707271984007,-0.012926413121024317,0.2513438355827271,0.5819058636659991,1,1
2016-01-13,XLE,1,-0.024008688081823992,-0.024301594331845422,0.011305748482413051,0.014735762391455976,-0.029024211294933377,-0.06794962058671339,0.053369224161201906,-0.03575923852475344,-0.04595424522603464,0.3925378434657947,2,1
2016-01-14,XLE,0,0.043048506445536594,0.04214768159642546,0.027503739291618732,0.022880098134632845,0.015752449200223673,-0.020887472981784283,0.05718499403201475,0.032466374579493126,0.1212041792310592,0.426629431859441,3,1
2016-01-15,XLE,0,-0.028943982232612853,-0.029371121554257584,0.029848765668461,0.02348512091499809,-0.007523491532885784,-0.03919255109279418,0.028901719302446022,0.013425273012607137,-0.03136236253851021,0.2960398255978425,4,1
2016-01-19,XLE,0,-0.02152702495060277,-0.02176211128122052,0.02986415444039307,0.0234598893278462,-0.022929336143269086,-0.04789182473123743,0.049123424199434274,-0.028853142161914955,-0.02732902749985089,0.2012518740102529,1,1
2016-01-20,XLE,1,-0.026513708562813654,-0.02687153599765324,0.030668438322368895,0.023111572301913682,-0.0374818100182176,-0.058367710045575616,0.050258946445471304,-0.006905823958859519,0.430279073268232,0.5343007304072189,2,1
2016-01-21,XLE,1,0.03109899179987141,0.030625215750448742,0.03472338869548235,0.025678000442290943,-0.006514050023287421,-0.020496569508121287,0.051440725092003474,0.03229553303442316,-0.1488420773611604,0.24378579885398088,3,1
2016-01-22,XLE,0,0.0442112786914981,0.04326184321111892,0.035090480737598594,0.029746508715342564,0.03829813310595198,0.024764161739171175,0.030182507024751337,0.007410081941873199,-0.11559695631166889,0.0679474201282615,4,1
2016-01-25,XLE,1,-0.046645097850666506,-0.04776803946011343,0.03933464338580967,0.03293395149757007,-0.005651007255985774,-0.017781228968287044,0.05449896379483961,-0.02816387905874927,-0.24603534209333933,-0.21624483305638142,0,1
2016-01-26,XLE,0,0.03782479603585509,0.037126980550880706,0.04156808051370529,0.03488983220144881,0.0244075951355327,0.01880602240825513,0.03364140011380631,0.019408559729628915,-0.12929601648351652,-0.3118586051803369,1,1
2016-01-27,XLE,1,-0.004714180224855258,-0.004725327018243686,0.03803695141104431,0.034932880704404125,0.007896008673845545,0.01417177368216982,0.04053309087915433,0.002190960943615543,0.4393470295682491,-0.011940267796419324,2,1
2016-01-28,XLE,1,0.03042422152624158,0.02997058300766442,0.03795493175590098,0.034950714611262146,0.026571817271380027,0.03945757481806922,0.030893422570151055,-0.007196767397349358,0.04596309032867962,0.021817406008586948,3,1
2016-01-29,XLE,0,0.02917263496992817,0.0287552124302346,0.03528821071653033,0.03355638540243985,0.047130813140347616,0.06539537578061516,0.03141543918267721,0.0273561461566319,-0.1748327958524465,-0.141721113722729,4,1
2016-02-01,XLE,0,-0.016663863019370728,-0.016804267153704533,0.02424238439664208,0.03240389429529452,0.014713643354933303,0.042129453016387375,0.022361962644358198,0.0,-0.12105771123429276,-0.22623551030960254,0,2
2016-02-02,XLE,1,-0.033368322537024375,-0.03393774805871841,0.028219333839528567,0.033698543402989556,-0.019771204631926054,0.003427562649987781,0.018803711214028084,-0.009133207738889438,-0.08863612556934963,-0.2732036626719254,1,2
2016-02-03,XLE,0,0.03560465667864521,0.034985465484831835,0.03173106960036921,0.03306938708006281,0.006534608695131006,0.028836214668507942,0.05772310354738295,0.020844435180492674,0.44427137829354124,0.0966545156229639,2,2
2016-02-04,XLE,0,-0.0005238358382168018,-0.0005239730881427818,0.029452032979126703,0.03240673359613451,0.0035042734507584328,0.021164857643167112,0.026123302818411635,-0.002612290420844431,0.01688771071905859,0.13782416893400806,3,2
2016-02-05,XLE,0,-0.023222880356910336,-0.023496780248793758,0.0269580360725118,0.030907666982694215,-0.011939858982750184,-0.002905153723680498,0.02247788420820658,-0.009911528730814436,-0.1839130399583334,-0.04690797419172654,4,2
2016-02-08,XLE,0,-0.00518448444046804,-0.005197970512338834,0.026481450119296177,0.02627072948109003,-0.011510280267287176,-0.012492602583180745,0.03647638032481767,0.014955310367321313,0.1509771502265136,0.0776725391610571,0,2
2016-02-09,XLE,0,-0.024079007804154062,-0.0243736464647335,0.0242556952208406,0.024918113346278293,-0.03180379717897652,-0.0348321362470968,0.037395167150126085,-0.009303143458086414,0.07483042057994571,0.11663289424710777,1,2
2016-02-10,XLE,0,-0.00405114836127729,-0.004059376492571598,0.011307809103148646,0.02490876816275693,-0.024562058554386756,-0.03737353235829588,0.033425693855724,-0.0011080585706417807,-0.1923349362358432,-0.08091057860188955,2,2
2016-02-11,XLE,1,-0.004251962077250537,-0.004261027373995141,0.010504741818736412,0.022295362497616638,-0.016615013871941642,-0.03683845496758409,0.03574791103164483,0.013358401958407384,0.5881393178403351,0.41732802084040954,3,2
2016-02-12,XLE,1,0.026364624136479442,0.02602306776320429,0.018105006362075952,0.021834880792964455,0.011750050389425892,-0.006238092462387601,0.025824173751221088,0.012454218391564293,-0.4627283696175415,-0.22543267855726545,4,2
2016-02-16,XLE,1,0.009949272047204749,0.009900103895978507,0.01874352718910998,0.021868666530940672,0.021143447147801808,0.006199599314433035,0.024194994351587642,-0.00676031417198401,0.3109999224264992,-0.002861299122434602,1,2
2016-02-17,XLE,0,0.032778310279204526,0.032252559438221695,0.017058188578704586,0.021418378627195454,0.04184752800380198,0.034835581984932196,0.028849576426818308,0.020530970750656803,-0.1337329364915001,-0.1464071993322852,2,2
2016-02-18,XLE,0,-0.012486970873530234,-0.012565588241779668,0.01932827991896188,0.018864876057583784,0.018349727430462037,0.02257431410073618,0.027171139975835222,-0.020808303824917797,-0.015290300546448088,-0.14039228734306997,3,2
2016-02-19,XLE,1,-0.0022833962003655506,-0.00228600712474325,0.018970140601551,0.01887362944433978,0.00541539930085988,0.021082904321367835,0.020113938447435874,0.011213974095639036,-0.1284496901045008,-0.22318500085011672,4,2
2016-02-22,XLE,0,0.02552393354464111,0.02520363667301906,0.018801386299232746,0.01868904677693121,0.02031531726036473,0.04279664483710954,0.015201262349168226,0.006391413642870529,-0.016733787526662658,-0.222892867892448,0,2
2016-02-23,XLE,1,-0.034157307238886325,-0.03475430196272633,0.027550736266311555,0.02222214590904648,-0.016052347188610927,0.006061057959193761,0.03136917416565399,-0.024783367179680636,-0.13166830579198086,-0.29563500531515696,1,2
2016-02-24,XLE,1,0.010129842994142324,0.010078880010313984,0.022620265293925197,0.02043734463958458,-0.003226632028575982,0.011676049959377544,0.03440785012454067,0.029337176676435754,0.17827079934747148,-0.13564202166998152,2,2
2016-02-25,XLE,1,0.0008795170180053713,0.0008791304695470181,0.021947621023107128,0.02026008609087084,-0.0021749378948755504,0.007544592238921011,0.022234024650470863,0.003882146246895131,-0.26467377115325275,-0.33810161008566375,3,2
2016-02-26,XLE,0,0.00597645302026506,0.005958664863118024,0.022041695901165063,0.019983684858380216,0.0023117604354594423,0.0075526537154808615,0.016597494501038722,-0.010546345241049757,0.1380501266885077,-0.16715614793724987,4,2
2016-02-29,XLE,1,-0.011357921299896545,-0.011422915086203744,0.01783286126939299,0.019317768266097626,-0.003206597161829361,-0.006165608711625303,0.018969721022540704,-0.015314954184462723,0.08641887771742973,-0.08510232604611967,0,2
2016-03-01,XLE,1,0.026157786681728856,0.02582152311320618,0.013695542795605831,0.020646951955179824,0.01645651300646267,0.015851787317315624,0.03071253095926783,0.01895405124133316,0.028703449896229083,-0.019184458286404138,1,3
2016-03-02,XLE,1,0.024457735323993868,0.0241634338917196,0.015989154582515038,0.019499302000679286,0.031779276067895657,0.037393763149244696,0.03639518650001795,0.0308491985400486,0.13331641500655578,0.12315279195370743,2,3
2016-03-03,XLE,1,0.01513106118876073,0.015017728481824921,0.015389043027303638,0.0189659360727034,0.03486110886935978,0.04681007007520166,0.021607065457923676,0.019243743371851,-0.08954655719350624,0.04195567643662068,3,3
2016-03-04,XLE,1,0.009605829302308688,0.009559986661269448,0.015112701496532766,0.018757292544489067,0.03161181281016012,0.04931583616131441,0.0289855418453183,0.003952533908838286,0.2523405860073127,0.27534484687479654,4,3
2016-03-07,XLE,0,0.02345806775136361,0.023187155813754412,0.007092431384966139,0.018543639224191718,0.035450002586423945,0.06635002299086112,0.029870337858337682,0.02396190837288794,0.09193953835478341,0.3440552633720617,0,3
2016-03-08,XLE,1,-0.041993943024076,-0.04290117850942199,0.027591584690059644,0.020536094915329692,-0.013631269268961743,0.01549499223020745,0.03636069749777933,-0.034098263961387966,-0.10620044663599171,0.16216056100002185,1,3
2016-03-09,XLE,1,0.016228648437396798,0.01609837151146376,0.02644685345358967,0.02075371247360543,-0.0017750915241312448,0.02518215277112046,0.027731928926990803,0.0026411330897334146,-0.14588699291693497,-0.00810957546828106,2,3
2016-03-10,XLE,1,0.0008231399977531861,0.0008228014038191844,0.0257725541970028,0.02075552343361655,-0.002297888360442979,0.019316386306156286,0.01934527103998248,0.005125684120988221,0.12392215992084066,0.07287712679010583,3,3
2016-03-11,XLE,0,0.025826665378536395,0.025498790350066525,0.02795676662933153,0.021595075583948724,0.01878769492325283,0.0367241459514589,0.0170482096843513,0.012502036951713142,-0.1341550329099065,-0.0835192776903011,4,3
2016-03-14,XLE,0,-0.0065747713769949145,-0.0065964803931888305,0.02613095047254326,0.021146465703420693,0.013546609233669127,0.020794736264451608,0.013478369465374965,0.006008426776274888,-0.12175390177375356,-0.1914650662953995,0,3
2016-03-15,XLE,1,-0.0019368571002479351,-0.0019387352334701013,0.013618246321395612,0.020516615749147815,0.0048104850591166315,0.012527663671666689,0.019312607768322127,0.011947682081248932,-0.0021363496446308305,-0.18738644900793477,1,3
2016-03-16,XLE,1,0.017305773898265375,0.017157734509966716,0.013810397520625078,0.01993765202958028,0.015073094094920192,0.02431346437234705,0.020418013539967264,0.011254031420471199,0.2417539917862208,0.008404366771082472,2,3
2016-03-17,XLE,1,0.013672088142466787,0.01357946839407198,0.013545946491568464,0.019866893304165165,0.019181481111203214,0.03263410395690425,0.022709330234571095,0.005519610076696411,0.0441372764215584,0.03829565071192764,3,3
2016-03-18,XLE,0,0.0028752837861436564,0.002871158064240209,0.010163950942107917,0.01983164302140585,0.016964258133836285,0.0306235849755494,0.014892568343120144,-0.00470291946629402,0.08214255276838722,0.12390547008635266,4,3
2016-03-21,XLE,0,-0.0034654331426389184,-0.0034714516646183746,0.009334793340572743,0.018845634149825347,0.007760698824935464,0.024852247728273102,0.017710292570503283,0.0004743639864116192,-0.4520410842029271,-0.3438234089824891,0,3
2016-03-22,XLE,0,-0.005531974665232919,-0.005547332703454977,0.0101702198761031,0.011375441866826552,-0.0026697714979283527,0.013316995079123872,0.0159923239968316,0.0062369965978243845,-0.15081594155163636,-0.40630360448208314,1,3
2016-03-23,XLE,1,-0.021932303335684078,-0.022176391849713095,0.01301403871727399,0.013697668298283236,-0.021708584170451628,-0.010867721749509673,0.020489876244310624,-0.014887150424251485,0.3310061283065704,-0.18735158804824958,2,3
2016-03-24,XLE,0,0.004874856308719089,0.004863012671793676,0.010585495716457637,0.013715412823696411,-0.012329848161181545,-0.008406190329033558,0.023727115822923372,0.01894878154392977,-0.17790799944897162,-0.2919688477244756,3,3
2016-03-28,XLE,1,-0.00533638362959965,-0.005350672983039928,0.009731355814813653,0.011124953419219465,-0.011347500378492192,-0.013052177813799859,0.015357208840428243,-0.0056579742218720655,-0.2546468161897396,-0.43839043686948886,0,3
2016-03-29,XLE,1,0.004714424003241291,0.004703345910639367,0.01093551595396173,0.011024186418656878,-0.001970388264725731,-0.00885916199605652,0.02285431431474878,0.016113113238304177,0.2422848446592707,-0.2763178441002393,1,3
2016-03-30,XLE,0,0.001941591325212988,0.0019397088730173095,0.011288566651456609,0.010996181634373272,0.0032076366763653663,-0.007775464171532298,0.016998036372979024,-0.007055844084344204,0.09590795509121652,-0.18230155045281693,2,3
2016-03-31,XLE,0,-0.0004840875398103295,-0.0004842047480111411,0.004241149339363937,0.009367686923139874,0.0015860911330145555,-0.0073584994325989195,0.0128079944377657,0.003404654400675068,-0.10787053503378896,-0.21802053375287123,3,3
2016-04-01,XLE,0,-0.013410855673432698,-0.013501593358209885,0.007122679613421425,0.00857895467461227,-0.0093450289050927,-0.017126929269062563,0.010358452339302583,0.0039460979886723185,0.05399248205946017,-0.10959390197401575,4,4
2016-04-04,XLE,0,-0.007369579925322056,-0.007396869436949505,0.007377499057682345,0.008331153836214323,-0.01376561839195567,-0.019826319336681553,0.019031990695518503,-0.005578345337685822,0.0678631254728197,0.04280379959328706,0,4
2016-04-05,XLE,1,-0.006764799326248738,-0.006787784299010724,0.006078948151442136,0.008346548308921235,-0.015310090856067049,-0.02159950266529087,0.011480906138514518,0.0016639316365610244,0.015136468579018958,0.06314422745700732,1,4
2016-04-06,XLE,0,0.02159462027590653,0.021364759743379036,0.013584965543281409,0.0118161231413982,0.007337907894370277,0.0018407657073746808,0.020925962626525667,0.013346538006585869,0.13521260156522596,0.17544664430461165,2,4
2016-04-07,XLE,1,-0.005853837645542259,-0.005871038513372895,0.013717236322775113,0.00974837129954118,0.003907683598897371,-0.0033744143840936935,0.015732531584249015,0.0019665508191502802,-0.23556436208751397,-0.07182368308807852,3,4
2016-04-08,XLE,0,0.020117921508460812,0.019918229935957488,0.015091469160591021,0.011697989052874632,0.019717423958240943,0.015798045238301972,0.010435024909746187,0.001284283435248439,0.268498108005256,0.16075388390818568,4,4
2016-04-11,XLE,1,-0.004168456969022016,-0.004177169205256792,0.014527635382678452,0.011634298401208304,0.010510399708353546,0.010576186522559539,0.0151105579621325,-0.012088409964132622,-0.08098944329663482,0.034982625663530165,0,4
2016-04-12,XLE,1,0.029785605006281246,0.029350630095887897,0.016232898884666214,0.014789563060254418,0.0280313271988466,0.037032164847145,0.033841229542729445,0.025821983155617994,0.7018299180201655,0.624048978209963,1,4
2016-04-13,XLE,1,0.004690679704335121,0.004679712747905462,0.01555818028696086,0.014782123271340668,0.023770240488553362,0.03795845717428814,0.015172804651579648,0.0051619244404722845,-0.32310426197232034,0.08052474162419854,2,4
2016-04-14,XLE,0,0.0023341673440628874,0.002331447407170728,0.013964402228420625,0.014717805470201652,0.015578201832231908,0.03616359561600557,0.007903334044290923,-0.0018595245538110558,-0.06776489207556047,-0.012041024478694484,3,4
2016-04-15,XLE,1,-0.01350719467125494,-0.013599246674551146,0.016134011457778562,0.014730563964004894,-0.0018222854800167276,0.018106117649369535,0.010929032697641809,-0.007962562247160925,-0.18435376100484646,-0.19150136102842352,4,4
2016-04-18,XLE,1,0.016524859428864058,0.016389809693631907,0.01622415319929821,0.014603311274519484,0.006827429442334276,0.028372096964367266,0.042905322008449466,0.03792377973669332,0.45457486006806747,0.14429889026385068,0,4
2016-04-19,XLE,1,0.019972027838201623,0.01977520323210591,0.013244559999003265,0.014355343262627652,0.020825394591422075,0.039510055686547085,0.01985827131024635,0.014162533588539089,-0.1616761256514131,-0.047517566499492236,1,4
2016-04-20,XLE,0,0.008955592854600791,0.008915729356971713,0.01327621921699228,0.013678260744669466,0.02296142808402979,0.04065857690747565,0.02533196540564908,0.014344612527342641,0.2160667535493097,0.14030999033172775,2,4
2016-04-21,XLE,1,-0.005867439246266537,-0.005884720298090507,0.014431007043493116,0.013679779333727988,0.011758713182864033,0.026612674689894034,0.013521543411898372,-0.0072114745364363205,-0.08313614658365065,0.0158041176235717,3,4
2016-04-22,XLE,0,0.014528150548708041,0.014423628098569008,0.010148916480899788,0.013231175766964719,0.01557303643088881,0.0340253290183139,0.016606257693174628,0.012077341146705866,-0.18466933194035717,-0.16342426905426,4,4
2016-04-25,XLE,1,-0.011187388002134369,-0.011250437507842825,0.013326048013070762,0.01406830838648611,-0.0009343294569479355,0.015907521453010887,0.01541683605651302,-0.007783216016590308,0.09323479970820525,-0.0902473297529447,0,4
2016-04-26,XLE,1,0.015990236883509867,0.015863739743495753,0.012308719331849571,0.012080566370088084,0.010563260252365314,0.02681757227872783,0.013049274652488908,0.01019949488303006,-0.21170572637124807,-0.2254212926616369,1,4
2016-04-27,XLE,0,0.019005480134353547,0.01882713217936871,0.013934667980224023,0.012832509207305855,0.023137449968249513,0.03940769107906683,0.01669124526374604,0.013737080459350426,0.6165821415164474,0.22932458346907048,2,4
2016-04-28,XLE,0,-0.014862355838867192,-0.01497390730770043,0.01630800021115961,0.014520090594225606,0.0033539868884555624,0.019021037642338978,0.02151641140616822,-0.01039225830860834,-0.2917349652132736,-0.12005109351550203,3,4
2016-04-29,XLE,0,-0.001627129110798986,-0.0016284543230931092,0.015450547527272417,0.013274247385996347,0.00035561942811712655,0.011326848702041259,0.02877799419666115,-0.003837103424343735,0.5497968524994856,0.2915132907354063,4,4
2016-05-02,XLE,0,-0.001036925255077148,-0.0010374632339975598,0.013968473420803864,0.012904713332254437,-0.0040469949901698055,0.005997591012232961,0.01573174875626031,0.000742105280440272,-0.37504666616889415,-0.1678095981944352,0,5
2016-05-03,XLE,0,-0.023580059065353876,-0.02386251775642645,0.016156648018046373,0.014330897827956357,-0.023174430729799855,-0.017665276771058225,0.01819000519445724,-0.010222494580457257,0.07248772069560605,-0.10161406005882456,1,5
2016-05-04,XLE,1,-0.014429001414122289,-0.014534111771891123,0.009643520502385188,0.014617984483630666,-0.026465110314778273,-0.02955169300811089,0.027929514490001937,-0.015027290604784724,0.15145963943780516,0.048935554852709506,2,5
2016-05-05,XLE,0,0.008167922013933904,0.008134745074257932,0.01248334358541725,0.01490901047485415,-0.012021112783019428,-0.020658533530820478,0.022276121659191617,-0.008637668029644921,-0.22861104840530166,-0.16747394005487526,3,5
2016-05-06,XLE,0,-0.0022931289755806494,-0.002295762222182862,0.012421737668957608,0.013888525440235283,-0.007602345114142817,-0.020308391440849505,0.01907689021183894,0.004153794508713942,-0.12587095875139354,-0.258417468611827,4,5
2016-05-09,XLE,1,-0.01455474745529961,-0.014661706905899852,0.012369887923366057,0.01415846245668367,-0.012709446969088045,-0.03170437820962746,0.023728827108166827,-0.008936853889339456,0.2770156629867284,-0.04614532756603562,0,5
2016-05-10,XLE,1,0.01756871035000329,0.017416164654171506,0.014093711941721253,0.014399482201109546,0.0058401615447885025,-0.011866340650834362,0.013147694571682968,0.012374252180690964,-0.35387745930290626,-0.37159203080057457,1,5
2016-05-11,XLE,1,0.003055374543278644,0.0030507163723711983,0.01197159670226558,0.012474935396872328,0.006562088573113245,-0.004367795001775643,0.02251495175509375,0.005513870505490325,0.3732248777943079,-0.09446376084078778,2,5
2016-05-12,XLE,0,0.0027416788178136198,0.002737927271902141,0.011555455884221461,0.012063396376343374,0.008054448651235946,0.0010643098320930466,0.021135289417704643,-0.006189553833592349,-0.12223879337029009,-0.18925838181763832,3,5
2016-05-13,XLE,1,-0.012760156128231226,-0.012842266159486915,0.01320089785260883,0.012470613993835212,-0.003954334006904148,-0.007922749162048492,0.018156887775146822,-0.008391868234281777,-0.008439393453659516,-0.12973901103732266,4,5
2016-05-16,XLE,1,0.01692549322509196,0.01678385305042074,0.012482120239486303,0.014087553092301289,0.0074385065811977125,0.010936578415812637,0.009872441707668099,0.003797084050810102,0.1095870480686072,-0.025193005777391475,0,5
2016-05-17,XLE,0,0.004691033974820291,0.004680065364317532,0.010549967439532109,0.011928101961076482,0.009241469564923221,0.014809620967155102,0.01543122989420765,0.004538624185827586,0.15367468694683017,0.12717787393953195,1,5
2016-05-18,XLE,1,-0.00963835070062391,-0.009685100237547761,0.011947240558686347,0.011324465280919115,-0.0008201323831846796,0.0036939316934014865,0.01912945148571514,-0.009489339647684922,0.29966597841803844,0.44461959352001457,2,5
2016-05-19,XLE,1,0.00015193979076855157,0.00015192824908760727,0.011875828444482156,0.01107231148179411,-0.0004861406433580573,0.0033104564225665545,0.02196621103983962,0.01029183079338556,-0.18113315713786005,0.1625295634642827,3,5
2016-05-20,XLE,0,0.005929450089357635,0.005911940082557354,0.009634933852827866,0.01113962363687766,0.0018776179910935387,0.007891143842516879,0.011065686576105436,0.002880133968325928,-0.41657915502316833,-0.3088273435451777,4,5
2016-05-23,XLE,1,-0.0025694369001101336,-0.0025727435685003464,0.006250500384178034,0.009794521880320822,-0.0003939623825910399,0.0027503416274772263,0.01125129848775115,0.0033450088479868873,0.04464331113031972,-0.247570397672504,0,5
2016-05-24,XLE,1,0.005001048425099075,0.004988584719548772,0.006313447501501666,0.008363563165132567,0.004848625174312282,0.006434641385365092,0.012060838237286702,-0.00015079354672633077,0.10030664395229993,-0.17782680455265254,1,5
2016-05-25,XLE,0,0.01583225561062962,0.015708232779887865,0.007051878566804256,0.009545059880344922,0.01580178835513868,0.019707137665689878,0.012140250955846938,0.009742228926656729,0.2612249953551744,0.03663848582643836,2,5
2016-05-26,XLE,1,-0.004156298077184428,-0.0041649594919830335,0.007975110874729895,0.009782430461126456,0.007569132346681773,0.013535970357919647,0.015377805083006756,-0.007984636070646188,-0.24823401494160147,-0.21058485726618748,3,5
2016-05-27,XLE,0,0.0005961375167873317,0.0005959598974047964,0.008010355879881848,0.008360736186255446,0.0052409699437183654,0.010872094006223687,0.010471158776662794,0.004188463510665118,-0.13605740519558074,-0.30198351967310755,4,5
2016-05-31,XLE,1,-0.003872968871501792,-0.0038804882365650606,0.008252089867312738,0.007076347839697826,-0.0012844529553101003,0.005775633390554313,0.018576311234847365,-0.006241613363515304,0.6639593031419098,0.14695796797829686,1,5
2016-06-01,XLE,0,0.0002987498631834562,0.000298705246329245,0.008189155041851272,0.0069708687025822665,-0.002684024660918438,0.0053352161524744535,0.01570512333073874,0.010117761349962694,0.08370710303061779,0.23507358347918839,2,6
2016-06-02,XLE,0,-0.0013451278192246896,-0.0013460333157464532,0.002244342484299478,0.00602596948259861,-0.0023297688533102656,0.0024160682471461303,0.010695979419253406,0.006327294602565191,-0.23034074641973679,0.008265422537752976,3,6
2016-06-03,XLE,1,-0.0038924439197065563,-0.003900039195403604,0.002174029451086452,0.006263975838297802,-0.004577762342483971,-0.0026381810939157813,0.014970059196332408,-0.0038922473705430005,-0.053875486381323,-0.009551166848880688,4,6
2016-06-06,XLE,1,0.022092260441711087,0.021851762111829043,0.011009580194559818,0.009078112810815843,0.014741594581712425,0.016576852710149526,0.014883166597174343,0.012204192067700967,0.49895128190364946,0.38964783356984967,0,6
2016-06-07,XLE,0,0.02264347043486792,0.022390912475551694,0.01323901121264259,0.010765956524306494,0.02948572022575946,0.03409297365298869,0.022277652025155196,0.019346323169865114,-0.14297237678201036,0.1443193599320074,1,6
2016-06-08,XLE,0,-0.0023004551213369195,-0.0023031052333086777,0.013659369222492602,0.011034222174069044,0.019571494396685152,0.027026176840838634,0.015149423602905996,-0.008289292853164525,0.1607985504184195,0.2650484291997268,2,6
2016-06-09,XLE,0,-0.007638142484369781,-0.007667462490351884,0.014904355018128064,0.01087207933731267,0.005695783967498702,0.01693897245539233,0.010059811608782335,0.003936496382516662,-0.3193158187945746,-0.12723996339395205,3,6
2016-06-10,XLE,0,-0.021637723596694247,-0.021875251767756065,0.01935190629491263,0.013176494461404545,-0.0184449444737369,-0.005476531794782691,0.019222267487349926,-0.011445322990942012,0.17418926146216562,-0.0018516120321717677,4,6
2016-06-13,XLE,0,-0.0029686387259512115,-0.0029730538740451173,0.016008082924034096,0.013221579190883058,-0.01895754767231539,-0.008487485931319871,0.016557288114452753,0.0019390998156722829,-0.20126706325654575,-0.2152605774518106,0,6
2016-06-14,XLE,0,-0.0005957681801518344,-0.0005959457205331198,0.008573476512394122,0.013151546656577646,-0.012561838022449257,-0.009458348533135874,0.01644488689128803,0.003587948362377652,0.054320966320482444,-0.15426216521361247,1,6
2016-06-15,XLE,0,-0.002383299885753698,-0.002386144465482687,0.008562128237576384,0.01318263910805507,-0.00785180619960324,-0.011935777069999931,0.01913873851469782,0.0013457531546258626,0.3791845933210407,0.1653479078856166,2,6
2016-06-16,XLE,1,-0.004778414394596364,-0.0047898675163997595,0.00860796884722267,0.013271684335352224,-0.006084425701200713,-0.016439472407087763,0.02128307414504717,0.0060377588811910375,0.18801509254582727,0.3191954594819999,3,6
2016-06-17,XLE,1,0.010209398797879077,0.010157634906652113,0.005955240160782347,0.013575092834953641,0.004181335379848106,-0.007555588077076236,0.007772744861078308,-0.00014950875937722703,-0.12793029804388378,0.11171399788316605,4,6
2016-06-20,XLE,1,0.008671046640766233,0.00863366902910867,0.006773904243016855,0.011839625235937751,0.01064498641921685,0.0011912205215227623,0.008695598395859325,-0.005600549181484578,-0.37409597439765085,-0.27015383133793536,0,6
2016-06-21,XLE,0,0.011856912522871577,0.011787170080978182,0.007703187906820721,0.009866529533730259,0.01781301458266027,0.014304034157677226,0.01916222402518108,0.014111660020034528,0.028323498149030568,-0.22674900124990183,1,6
2016-06-22,XLE,1,-0.005566112375995802,-0.00558166090289447,0.008524180115235333,0.009962179516518156,0.008065659822216853,0.010228383460825219,0.010791860391759453,-0.009916877762901738,-0.08590930557907028,-0.2526440715751651,2,6
2016-06-23,XLE,0,0.016497372237834984,0.0163627689750383,0.008305049724559537,0.011157281958767702,0.016257794610542886,0.025977759608384998,0.010058344850642364,0.005976729901299433,-0.07015850734046913,-0.2905952648340223,3,6
2016-06-24,XLE,0,-0.03231417923807001,-0.032847809716870735,0.019767260246392034,0.013763273563151521,-0.01626303003181051,-0.00695544436392681,0.018990236099582055,0.0064807884712084355,1.8180426691827853,0.8304635761589403,4,6
2016-06-27,XLE,1,-0.03204570154413999,-0.03257040515908516,0.023287459349292473,0.017095935207894528,-0.03978145150355206,-0.03578064894899491,0.027630174873776787,-0.01867319425605183,-0.19420459153493874,0.3801842055292246,0,6
2016-06-28,XLE,1,0.027846491440231214,0.027465828489757094,0.027471876896224507,0.01971412680945729,-0.007647404660143575,-0.008559505567635739,0.014882243739522617,0.008959817478462456,-0.32822707609061996,-0.08649665717193422,1,6
2016-06-29,XLE,1,0.018964690186234368,0.018787102203740247,0.02948797195371766,0.02058800551027636,0.011746481750441129,0.008485008703468688,0.0186985793348058,0.012715011122253718,0.12398284583241703,0.02983384779687448,2,6
2016-06-30,XLE,1,0.007976285447964804,0.007944643031123189,0.028511026969340172,0.020520922576003277,0.02216896892083753,0.01347031703232382,0.014982971092733865,0.01231262656237904,-0.25816294085995206,-0.19624259994382054,3,6
2016-07-01,XLE,0,0.005275722877172706,0.005261855005217253,0.0228936235496835,0.020392842253171523,0.02198936188773737,0.01623624410054192,0.010856775587013374,0.006455322599348905,0.04504504504504503,-0.13270405102481264,4,7
2016-07-05,XLE,1,-0.020116751929498022,-0.0203218490365491,0.01811132978881622,0.02146269357183311,-0.006209310674632262,-0.0038381889415866066,0.02024224454802094,-0.006796676749386453,0.18859040287724382,0.002358584689552856,1,7
2016-07-06,XLE,0,0.004314239273117693,0.004304959623045335,0.014322404865508996,0.021123210655328007,-0.005069679926466675,0.0015875428409679593,0.017806296265261357,0.01017507536352928,0.05491741816468587,0.025515483203414346,2,7
2016-07-07,XLE,1,-0.01022081907354011,-0.010273410301988584,0.012109857063100908,0.021287691654759716,-0.012677750629715212,-0.007073263862785395,0.029303456876116435,-0.01605071283324533,-0.11320647900613301,-0.11256005317916751,3,7
2016-07-08,XLE,1,0.013319256402492208,0.013231334945463136,0.01343466849423277,0.02101305310053492,0.002042103235083026,0.008099213145510209,0.013349064386342953,0.004301407941314995,-0.17945353175672796,-0.2809993995845572,4,7
2016-07-11,XLE,1,0.0019200579812506113,0.0019182170260418907,0.013091903213197026,0.018051221567738706,0.006229589424041393,0.008443325728903384,0.00896137230918696,-0.0033789240188740934,-0.15711581185867785,-0.3217542402533127,0,7
2016-07-12,XLE,0,0.024764255201469965,0.024462591212087492,0.013085434746438087,0.014908674139418578,0.02416036326818216,0.025974100612949025,0.015974418593829254,0.009584606838002671,0.5921910895963243,0.12803808059501298,1,7
2016-07-13,XLE,1,-0.0086306219888318,-0.008668081495080582,0.014864620914179217,0.013770329433191699,0.01112063754376269,0.013410224881110544,0.020484682273467128,-0.005770362487592053,-0.1918451479918838,-0.07489841077660542,2,7
2016-07-14,XLE,0,0.005078489496239236,0.0050656374627040535,0.012538887387885472,0.012726950211428906,0.009002087240093992,0.016210825459256117,0.008062159026416313,-0.0027354224576821777,-0.1313226315537772,-0.16270179366168347,3,7
2016-07-15,XLE,1,-0.0005775388359371414,-0.0005777056757314547,0.012407909041063944,0.012594902372834293,0.003973575038399346,0.014150997607596638,0.010212875701332016,-0.00417136507675213,-0.16232360119648392,-0.28205245157520653,4,7
2016-07-18,XLE,0,0.0007220738374491553,0.0007218132675621547,0.012481792771703975,0.012525860455993132,0.0005197749286216524,0.013873359914876815,0.010430265586489683,0.0036216138551487084,0.029749712470562573,-0.24113319460072935,0,7
2016-07-19,XLE,0,-0.0056291459745755335,-0.0056450493263837664,0.005396488930812458,0.010474597184229183,-0.003298660122590946,0.005708207975858137,0.008537172074583706,-0.0031833485567958797,-0.25626788354554253,-0.3962371357466923,1,7
2016-07-20,XLE,0,-0.0014516051831960919,-0.0014526597826982623,0.003864912988653362,0.010522586146433855,-0.004370965192483811,0.0023752340633564906,0.015886843436730292,0.0026235286922388344,0.6526266107924885,0.03666780605923581,2,7
2016-07-21,XLE,1,-0.009885182102854273,-0.009934364904507387,0.00435242234488308,0.010479973533779923,-0.010891650487027227,-0.009395505410855431,0.018804678487186675,-0.007142826161350132,-0.19888360017308526,-0.1318020671156046,3,7
2016-07-22,XLE,0,0.0030831976744720713,0.003078454367722916,0.005169578372831405,0.009719860998327992,-0.005212755467384311,-0.007222081639542854,0.008057471938839664,0.0008789562952841603,-0.13679525543108384,-0.22455012242259909,4,7
2016-07-25,XLE,1,-0.01990612411697512,-0.02010692018788074,0.00878825557875811,0.011719959976864787,-0.018383205238482025,-0.025738628373851213,0.019301569258588575,-0.01340803927041543,0.5983405501464221,0.20412761865253715,0,7
2016-07-26,XLE,0,0.005824010552431869,0.005807116565078374,0.010484825221662435,0.00798540922053624,-0.008187978442627752,-0.016960724985629838,0.013219241202443928,0.01171697135154891,-0.02958102680144381,0.20404642134775797,1,7
2016-07-27,XLE,1,-0.009799156459493363,-0.009847484166157994,0.010549014834819518,0.008082684996896185,-0.011794863483061357,-0.023415012218420128,0.022686813818344396,-0.011120996038688179,0.3053114838751321,0.5180951719620783,2,7
2016-07-28,XLE,1,0.00014935238860669386,0.00014934123664911425,0.010611913475235336,0.007657167960932811,-0.007499889223081646,-0.019579376884944488,0.011859980166552396,0.0013510934854523793,-0.3284975182192992,0.019740547441144507,3,7
2016-07-29,XLE,0,0.010195272952724599,0.010143651722637426,0.012181072309696938,0.00882185662610718,0.005431564059060756,-0.00688312529616153,0.026920101035230515,0.024790832751604087,0.5190132093708288,0.4487424969908951,4,7
2016-08-01,XLE,1,-0.032947652014894024,-0.03350265057305846,0.017162287032170768,0.012876807446148343,-0.022443684003638942,-0.03373636425010429,0.028597035582175113,-0.0244048095684189,0.8572822358772982,1.26771102398268,0,8
2016-08-02,XLE,1,0.00905490957261601,0.009014159685234446,0.017737738639379646,0.013736965762881685,-0.008833689504043063,-0.020425707455358766,0.02285888352965866,0.001981061383371246,-0.1647193174217335,0.6649399485821725,1,8
2016-08-03,XLE,0,0.019315538723595482,0.019131361580689177,0.020235750931997674,0.015691237815705746,0.009307067862663887,0.0011353235952493712,0.02357060525251775,0.019160499785655323,-0.06619114769082934,0.4391384048570077,2,8
2016-08-04,XLE,1,-0.0014920232867264849,-0.001493137461858307,0.020269398547331997,0.015474796006147276,0.007133707005167134,0.0014217327188428275,0.012580446010518899,0.00224654086296832,-0.29764573991031396,-0.03306654196694614,3,8
2016-08-05,XLE,1,0.00911512015740934,0.00907382818087532,0.020149970550840647,0.015794152924277584,0.015855228539794375,0.011745903385507628,0.01164884138823535,0.008512540361673869,-0.3194363378637538,-0.3547097357126723,4,8
2016-08-08,XLE,0,0.013327220274521823,0.013239194107997232,0.007607565182489385,0.014853886345215173,0.01936513109739524,0.022976735087178346,0.013382294598747702,0.006323533899643842,0.8958413554100886,0.16487616126539684,0,8
2016-08-09,XLE,0,-0.0052607433497979805,-0.005274629783480478,0.010230105394121402,0.01497267811630954,0.0070419375877874835,0.016501015708928923,0.013552903934007852,-0.008015200083698746,-0.4863040889241763,-0.3975080425020925,1,8
2016-08-10,XLE,1,-0.010870865202641244,-0.010930384803855997,0.010051535822497588,0.015063443454390217,-0.004818311233028005,0.004490770170213931,0.017152883516335527,-0.012901294021836332,0.6207900506811401,-0.033216823510935356,2,8
2016-08-11,XLE,1,0.014703603809065768,0.014596553897130882,0.011558836994522509,0.01565723955230554,0.005652491167475127,0.016802894210415698,0.01685890776906336,0.01035192132223878,-0.03365896389603473,-0.09752070223728626,3,8
2016-08-12,XLE,1,0.005562038308423389,0.005546627291387551,0.01128737224822959,0.01547214200589305,0.007774749721690677,0.020453663768898123,0.00861319660270301,0.0029196634779881385,-0.4153829383179286,-0.45456890940545724,4,8
2016-08-15,XLE,1,0.00800574436135526,0.00797386840412484,0.010339251267906987,0.009412422302504239,0.013404694363534198,0.02241180163547063,0.007236937711715985,0.002315873072663996,0.05041365300254186,-0.35859429354225736,0,8
2016-08-16,XLE,1,0.0015884651276121264,0.0015872048513076997,0.009484286856222924,0.009452093499781968,0.011196580976976733,0.01860688381212805,0.01258502504191863,0.003327113642004691,-0.043033054917129165,-0.3239825550698009,1,8
2016-08-17,XLE,1,0.0030277968802381316,0.0030232223348010123,0.0051622540791415325,0.008093313405735847,0.007676776633260607,0.017879185559572797,0.00956249919168429,0.007968749326403577,0.43705822626625523,0.03417604213286385,2,8
2016-08-18,XLE,0,0.020554896818969715,0.020346495862041625,0.007567721815653497,0.009398136160876041,0.02046693667400179,0.03263731105808909,0.018049021347879418,0.01704630401121907,0.6405788240089676,0.6132447942066552,3,8
2016-08-19,XLE,0,-0.008309788838207766,-0.008344507604336027,0.010531671481111284,0.010321327341505482,0.007036956159586438,0.01978468512718634,0.008760705759454677,-0.0050868022895731065,-0.5425927076215914,-0.2602065932211223,4,8
2016-08-22,XLE,1,-0.01150457497489299,-0.011571264581359042,0.012548539197580366,0.010863111365308722,-0.0055441443045254335,0.006347174651073484,0.009312342370485569,-0.002865394969802683,0.27983740279022595,-0.002921402837611775,0,8
2016-08-23,XLE,0,0.007040554291924961,0.007015885310742931,0.01283824542507392,0.010675935443295159,-0.0006273935296612354,0.010481067401183486,0.009626410684397263,0.007040199346437111,-0.11887498496820337,-0.12960051429330088,1,8
2016-08-24,XLE,0,-0.003994826379042804,-0.004002827012478338,0.013101264321758151,0.009876217516295959,-0.0053004813623606095,0.0028587666844079873,0.00760410949637456,0.0015782010784483496,0.32083621008012075,0.16252416537596237,2,8
2016-08-25,XLE,0,-0.0027212956285890266,-0.002725005084751153,0.007042191457980766,0.009228649000806595,-0.004090862351174729,-0.0017346266722148007,0.007460606818205203,-0.0011476930439402793,-0.27696534286374186,-0.12525029248280584,3,8
2016-08-26,XLE,1,-0.0034475665540233402,-0.003453523105942047,0.0066026600204524,0.009273792243639688,-0.004591024259809284,-0.006145267893544304,0.01763687647283475,-0.005162039308558477,0.225230753711394,0.03828780214323935,4,8
2016-08-29,XLE,0,0.006774032044091216,0.006751191379932742,0.005657758098430925,0.009178448545450971,0.0014334791020000903,-0.0002721113188999258,0.011708661237569837,0.009684853512427432,-0.49269644805181445,-0.46055539302340687,0,8
2016-08-30,XLE,0,-0.0034358093966546654,-0.00344172534435927,0.004572327148088134,0.009273641948446716,-0.0006317822773440618,-0.0040633482364603735,0.013283820551328082,-0.0057134911251760095,-0.035312415472004366,-0.4675231604171488,1,8
2016-08-31,XLE,0,-0.01580209183646386,-0.01592827597058699,0.00801956719719979,0.010509717519026391,-0.012738745487299696,-0.018312436458682635,0.017191598099110264,-0.010257137705168104,0.8551781182969058,-0.0010742030477775,2,8
2016-09-01,XLE,1,-0.002919479071064268,-0.0029237490628806206,0.008013844355177834,0.007112587260331925,-0.011890311155098754,-0.017390946658882522,0.010260987468647014,0.0013192075092387024,0.25963514902363816,0.3335834860785196,3,9
2016-09-02,XLE,1,0.011272181376241086,0.011209123761862116,0.010483361759812968,0.008333624920590334,0.00011585535707236971,-0.004410077673620116,0.00869815083969236,0.0014496733727839446,-0.35240723520412753,-0.1346411306808616,4,9
2016-09-06,XLE,1,0.015054843042241695,0.014942643587977589,0.012452584433180773,0.009118572334892218,0.01437939931727028,0.009821556249734575,0.014149629320050887,0.012416987927028798,0.18988549618320616,0.040459665085413654,1,9
2016-09-07,XLE,1,0.0057044883837906735,0.005688279403342822,0.012339470344511659,0.009026001209421113,0.01748702143971048,0.01495356379970314,0.007666111539058079,0.001135635986479379,0.1752088507563785,0.19717142524033449,2,9
2016-09-08,XLE,0,0.01871805903921775,0.01854503199107871,0.008479343976433322,0.010469965661082666,0.026666950702840753,0.030939485605373296,0.018458576376720295,0.012258631847588415,0.19283845109145714,0.41066019834311884,3,9
2016-09-09,XLE,1,-0.029788432191278025,-0.03024112012447322,0.019596518257391237,0.01472458894538259,-0.007857497965597426,0.0001146533742168998,0.023745995291365268,-0.020654787951709587,0.20918840563611818,0.5832493415187174,4,9
2016-09-12,XLE,0,0.009899760964312332,0.009851079357913406,0.01948183510496765,0.014958979286321122,-0.0017583903116950017,0.00855392763615681,0.02412943492322598,0.017049563947191492,0.009236719058598686,0.516301017450687,0,9
2016-09-13,XLE,0,-0.02855526154980359,-0.02897089448947643,0.022739065794334254,0.017537266045973037,-0.025453879940367186,-0.018177660759264858,0.021114638935794846,-0.017811052057520066,0.11866890578849398,0.5163950607535213,1,9
2016-09-14,XLE,1,-0.011845366318836814,-0.011916081657927347,0.0220556328360834,0.017814002875291873,-0.028831590624443848,-0.026957585303141962,0.02518303285286395,-0.010688189228635852,0.07688239410261843,0.4589365111122501,2,9
2016-09-15,XLE,0,0.012431433935737202,0.012354798135841616,0.020233246916502138,0.017766237485455045,-0.0069675901500976245,-0.01471936971846699,0.017393873361940565,0.008402231058205176,-0.3775113146103921,-0.10778402583935953,3,9
2016-09-16,XLE,0,-0.008073837124459415,-0.008106607052646986,0.016857892913520557,0.017934234385387424,-0.00968841564254419,-0.02203724955773445,0.010296892852039732,0.006566106521190896,0.055651983929503546,-0.06181804844950578,4,9
2016-09-19,XLE,0,-0.0005931618492374113,-0.0005933378393243594,0.01506114849420097,0.01745357157545601,-0.00278794113929981,-0.02083562139706918,0.011617660522460938,-0.008676416733685662,-0.3217644759232856,-0.36711576993538386,0,9
2016-09-20,XLE,1,-0.00726844952206207,-0.007294993401397942,0.009566890816765266,0.01647180223073885,-0.006953610396562837,-0.024013341049965553,0.01366401520757097,-0.006089464591701059,0.1979571943208307,-0.2470376505149514,1,9
2016-09-21,XLE,1,0.02316190108821381,0.02289773553082375,0.01352864328484378,0.01841738644127621,0.012124353853368852,0.0009665226096697843,0.01600002712673611,0.014370388454861112,0.4335981999448095,0.05052946718330098,2,9
2016-09-22,XLE,0,0.0011686506492201154,0.001167968308609879,0.012669973362431527,0.01698394558449567,0.01165913008692443,0.00634144456490171,0.014015333528891,-0.009536136995310474,-0.3427784550538229,-0.2923635161655975,3,9
2016-09-23,XLE,0,-0.013275410862590098,-0.013364316848389457,0.013831290731768753,0.014862471038076032,-0.0023305790147002403,-0.004619876587632965,0.023306894011137887,-0.008501932287838642,0.732905774299897,0.21783196650582104,4,9
2016-09-26,XLE,0,-0.004435214439710844,-0.0044450791822456814,0.014022244016854285,0.01423359610544045,-0.006550368146519547,-0.005188649735413442,0.015028793740726723,-0.007809140816899373,-0.4262151573984191,-0.26746521342222473,0,9
2016-09-27,XLE,1,-0.006682459801771845,-0.006704887406489668,0.01394992431856552,0.011391380387822714,-0.01310166305038274,-0.010258531324331743,0.013949307495391122,0.0032998534085096304,0.4660050452410085,0.1055231160736052,1,9
2016-09-28,XLE,0,0.043205345841973664,0.04229803664220366,0.022521008077967815,0.017514725266382505,0.025573209333921376,0.028522482711526687,0.04711650158235097,0.037158145739581816,1.1196793438501405,1.1626193179428954,2,9
2016-09-29,XLE,1,-0.0017193380463490504,-0.0017208178043874867,0.02264832974588518,0.017325207927085008,0.020480275974384732,0.024246466992356108,0.020364234914440386,-0.0010038676531521828,-0.34371977036414103,0.34488738978802846,3,9
2016-09-30,XLE,0,0.013637323087311692,0.013545171650845678,0.020812625053494037,0.017206080423463537,0.025473429896343713,0.03341286396424614,0.018246705357792492,0.006557363855551148,-0.45505081180374496,-0.2571897039915232,4,9
2016-10-03,XLE,0,-0.00070826999252116,-0.0007085209342090337,0.020279985747510946,0.017210067836392347,0.015251624137044395,0.027941902310924194,0.012300227285401581,-0.0024035881559615144,-0.10599068945597878,-0.3404402212688211,0,10
2016-10-04,XLE,1,-0.01020415436493427,-0.010256573649290335,0.02103176273612514,0.017460289793692796,-0.0035670590246158485,0.013142792868753972,0.017417209134746533,-0.011045120056005069,-0.09898212833240849,-0.3988525614496352,1,10
2016-10-05,XLE,1,0.01532093445959748,0.0152047541015361,0.010897009463320385,0.01668365119968516,0.008447564190077639,0.025036852753227423,0.010772423443814459,0.005102772427769481,0.1264173866090712,-0.29826516254870317,2,10
2016-10-06,XLE,0,0.0015512032962492484,0.0015500014231553116,0.010617573760641088,0.016677815970635373,0.006120031664175407,0.02297440000823081,0.013638936772253463,-0.0014061600063764229,-0.16293666486907543,-0.40592112047748297,3,10
2016-10-07,XLE,1,-0.0057729331525961936,-0.005789660941192043,0.009683535729262158,0.015985251175195173,0.0003117679778903426,0.012736336261497838,0.013093063792179714,-0.005912968832370717,0.05087778950947586,-0.3356826499386274,4,10
2016-10-10,XLE,0,0.015719912430618654,0.015597634408954786,0.011900557106682275,0.0160153921364438,0.012708153143651924,0.022234701502749532,0.019402389671997627,0.015720161460936657,-0.017872347672082012,-0.34119930341728766,0,10
2016-10-11,XLE,0,-0.011433493446365017,-0.011499358357863088,0.012257252528044731,0.016510571788150817,-0.0018585493860465707,0.004804052202387776,0.015111154095619465,-0.007975369876712744,0.18879882092851874,-0.1904728450461758,1,10
2016-10-12,XLE,0,-0.004231043930884915,-0.004240020125320321,0.010344121982329448,0.010246833598766542,-0.00521341810801057,-0.0006087157186243086,0.012039638703854454,0.0,-0.23869984393459842,-0.24725809591797,2,10
2016-10-13,XLE,0,-0.0055243285609178905,-0.005539644095348795,0.010420066123313145,0.01043682859656692,-0.008445515933231285,-0.006902800887578331,0.01824399533188952,0.0007125915016204851,0.2973723788449196,0.08154425551896294,3,10
2016-10-14,XLE,0,-0.005839536024382919,-0.00585665278335501,0.010425739205084475,0.009563133676872585,-0.011975201066627972,-0.011569537941726549,0.014878887010039513,-0.01091110452594886,-0.16029948166634667,-0.06692363926364064,4,10
2016-10-17,XLE,1,-0.004870751390090522,-0.0048826521591607275,0.002892140830906678,0.009633926726108905,-0.010456481332010936,-0.014849387864760089,0.013749628883825695,-0.005156124490476752,-0.34710351377018045,-0.36074482483116777,0,10
2016-10-18,XLE,1,0.004030840247873924,0.0040227381761290815,0.004137370920682066,0.009253746217510826,-0.0031731839503439385,-0.010738097201413388,0.012402034606671821,-0.005844670751120672,-0.0646329966329966,-0.37568262660785257,1,10
2016-10-19,XLE,0,0.014195695809736453,0.014095880443269149,0.00873662563059625,0.009049925616233204,0.010601895358210323,0.0035614110587056658,0.01508249255840916,0.006403024835698793,1.0612950137507018,0.2758382215853088,2,10
2016-10-20,XLE,0,-0.0011311496876634797,-0.0011317899203162618,0.008196271325917739,0.009031412027156792,0.008191062340026534,0.002952772897286682,0.014507243747390316,0.004835784086065563,-0.12722916477483082,0.10058004078342941,3,10
2016-10-21,XLE,0,-0.006511036239620016,-0.006532325496474201,0.00834616262343324,0.00908229671731084,0.0005130436259137561,-0.002983006076262007,0.007550915527311905,0.0,0.13958141582296202,0.22723895584060072,4,10
2016-10-24,XLE,0,-0.0029914882229221673,-0.002995971667496544,0.008044520441811493,0.0070575182750821155,-0.003956585339448537,-0.0035026732358811596,0.01738141014771394,-0.0029918660374454453,-0.25073568142711666,-0.0735576985701818,0,10
2016-10-25,XLE,1,-0.004572524108406251,-0.004583010073863747,0.008289204236869106,0.006386669591173282,-0.008285282684075357,-0.006304657219560972,0.016723816241515487,-0.004288099289439014,0.23983915113794008,0.15349866660155187,1,10
2016-10-26,XLE,0,0.002296642380389402,0.002294009128266161,0.003371695073260377,0.006437677452871839,-0.003425546051459949,-0.002913093565399927,0.017236419838149424,0.011297780546834415,0.35084788048778637,0.46339705531863307,2,10
2016-10-27,XLE,0,-0.003724271347100072,-0.0037312237126654324,0.003291228210956528,0.0063241307098725,-0.004037986269934124,-0.0057035634713167305,0.009697665124648439,-0.007986382858714,-0.20492170272781207,0.15723234577756773,3,10
2016-10-28,XLE,0,-0.002731403635361618,-0.0027351407248219495,0.002691484307832185,0.0061283832155032015,-0.004420587347572225,-0.007809545470600199,0.02160138172900708,-0.0010080600858746337,0.30634999964804344,0.42815147714068047,4,10
2016-10-31,XLE,1,-0.010811433878036514,-0.01087030211380613,0.004690807822274591,0.006835425677429665,-0.011324722240523277,-0.017355945103749826,0.014322885191414239,-0.007233796008851069,-0.3009203379601689,-0.04249430609657279,0,10
2016-11-01,XLE,0,0.00014543261302457644,0.00014542203872736081,0.004988919131974969,0.00661215221117851,-0.008237198091799902,-0.01564836496849964,0.021553674994401837,-0.007232750178870847,0.45098583298648043,0.277335785120322,1,11
2016-11-02,XLE,1,-0.01107350302560417,-0.01113527067300657,0.005046480418074738,0.004355152725542273,-0.013660611655592514,-0.0225389874771883,0.01794647191023846,-0.0016181318758399712,0.22088946496111506,0.4728670247740041,2,11
2016-11-03,XLE,0,0.003978065272142839,0.003970173692378065,0.006686272719607647,0.004996041531485386,-0.005632862444045372,-0.015090247666416423,0.011197909318911039,0.003978143983204766,-0.44532480529086715,-0.1843627676168711,3,11
2016-11-04,XLE,1,-0.005430108244730003,-0.005444904871671152,0.006657180866717993,0.0049373996085984185,-0.0063924741864376244,-0.01699996195101483,0.016224165554703095,-0.0004425723796575595,0.37699735646880717,0.0997996388738176,4,11
2016-11-07,XLE,1,0.021543673956624376,0.021314889091513134,0.012402524116504351,0.009343516693967003,0.013201159692956876,0.005271092586207837,0.01065065243344177,0.010067149579654206,-0.1569206054426031,-0.0961745516904855,0,11
2016-11-08,XLE,1,0.0013000541668830579,0.0012992098281761066,0.012373970664553305,0.009281019984022983,0.012473434545832607,0.007075232301345213,0.013354596851448854,0.0062418392943169925,-0.2426298185749518,-0.3069262851330503,1,11
2016-11-09,XLE,1,0.016301111400506496,0.01616967473621589,0.011098512938265083,0.010691109245164915,0.021280921081863857,0.02255579647555961,0.03191491228608958,0.012794701277824916,1.3190735767751836,0.5303929043482356,2,11
2016-11-10,XLE,0,0.004258549826260172,0.004249507864290347,0.011076704923689817,0.01060098162191998,0.017927194398686508,0.02513969481192313,0.01590902120614006,0.004971569126918768,-0.20616454693042185,0.17057618888239667,3,11
2016-11-11,XLE,1,-0.01823329068960078,-0.018401565744843307,0.015454996149744774,0.012322448944777974,-0.005469455590501049,0.006316765839730509,0.022465545143168574,-0.012370293245149265,-0.14417876596817025,0.006937495260300075,4,11
2016-11-14,XLE,1,0.005614425308723803,0.0055987231678660265,0.012574255638787326,0.011774448015776325,-0.001658181889139465,0.010166569913874657,0.015749116490526974,0.009247209913516992,-0.2880966267830144,-0.28151172858379747,0,11
2016-11-15,XLE,0,0.02820356805469837,0.027813170828439926,0.01719007259360441,0.014380365277509508,0.019214977170355807,0.03388713896978879,0.020720963716197346,0.019301740392035676,0.5294861597200127,0.09638709471417894,1,11
2016-11-16,XLE,0,-0.006962192740184059,-0.0069865418855026284,0.017268750289188003,0.013932811522230118,0.00962601415397768,0.02161524378283075,0.014512989985754773,-0.004744682527345938,-0.13623385876320293,-0.01726244537996613,2,11
2016-11-17,XLE,1,-0.006729803873313678,-0.006752551117167993,0.017695068752432857,0.014427659354473992,0.002575967784583355,0.010830478901488805,0.024054446212236777,-0.015016711047707267,-0.37757012721941585,-0.3794658292036418,3,11
2016-11-18,XLE,1,0.004093511318699283,0.004085155696036846,0.014319264394401263,0.014046285856999722,0.0019438769238058207,0.010125317703185477,0.011253277023125792,0.0005626799491903118,0.1571193654478622,-0.2570304571365397,4,11
2016-11-21,XLE,0,0.023759433452239298,0.023481570748050018,0.0166697383381588,0.014351484827469323,0.017238072022398576,0.028879885973612573,0.010675229471528226,0.009566095489814446,0.4107153306638356,0.034776876734168294,0,11
2016-11-22,XLE,1,-0.0005492646891637198,-0.0005494155902723286,0.012632062451784075,0.01441851648626833,0.013959805744713671,0.02331213011055433,0.0178472746804222,-0.000823689753022954,-0.05109212226080562,-0.04619178375931432,1,11
2016-11-23,XLE,0,0.0041220596772744145,0.004113587263832041,0.011422269814799,0.013859096759395157,0.013170726662726562,0.0237445925962656,0.013254163750211328,0.008974202997931753,-0.2842155221941898,-0.2525848487693929,2,11
2016-11-25,XLE,0,-0.004926181129000007,-0.004938354755372298,0.010981604158406348,0.01412403023817464,0.0029514869010185407,0.01589789820442733,0.007832894339957742,-0.000687033457051078,-0.2329610888152155,-0.37872494385643074,4,11
2016-11-28,XLE,0,-0.013888898602437916,-0.013986251825099494,0.014004143548712041,0.013454804537433897,-0.012558203341752505,-0.001350800614590697,0.0206650405521063,-0.018612298016033736,1.137230146272663,0.31728529906213154,0,11
2016-11-29,XLE,1,-0.012271656843100054,-0.01234757536061526,0.007642839752618568,0.014273022686243387,-0.019301094393531115,-0.014950269714895437,0.016850784411274262,0.0029736487723773146,-0.022799240025332512,0.2370420723791251,1,11
2016-11-30,XLE,1,0.05082587864242427,0.04957640608825553,0.02671213325715544,0.019728528475355004,0.025856546700704586,0.03137209208723868,0.024969324712710985,0.015554637404935756,1.4428457060076139,1.5769971457855525,2,11
2016-12-01,XLE,1,0.0024184536807734247,0.0024155339282470045,0.026733356386205984,0.01938271475837581,0.024018696577210896,0.029174443792967963,0.01991814477594276,-0.015829006554375715,-0.3895324469176097,0.4814774738315992,3,12
2016-12-02,XLE,1,0.0029486301681123095,0.0029442914848671897,0.02627222511189243,0.018986983467278527,0.021123875363151523,0.02655910550231888,0.010996375193510073,0.0034866854940930766,-0.3302705387402127,-0.048977739748227056,4,12
2016-12-05,XLE,0,0.008819883928506078,0.008781215950638632,0.023821579379013108,0.019002664437862252,0.01961146363873567,0.029455767091351115,0.012051331041854366,-0.00026492215461531877,0.2288208606888127,0.10789148562008966,0,12
2016-12-06,XLE,1,-0.0018544324776379462,-0.0018561540662540565,0.02168666352759755,0.018064837248964998,0.005444240939772582,0.02401370292109095,0.014260958446389648,0.004264956684399103,-0.24724097075229312,-0.16638574027462316,1,12
2016-12-07,XLE,1,0.007963008335588828,0.007931470896012538,0.004381788843115925,0.01805000442668571,0.009356134572466868,0.02774035093251781,0.011705204174591964,0.01024204096755498,-0.056309134317799936,-0.21330689449280915,2,12
2016-12-08,XLE,1,0.005398353150732005,0.0053838342709502385,0.004304827532485738,0.018052209754846196,0.010106533445005006,0.02872252685261434,0.011818798527181233,0.0027577029581711816,-0.08796062042815289,-0.2934020627537487,3,12
2016-12-09,XLE,1,0.003142880084127775,0.003137951560322705,0.004286414233929933,0.01775987849932114,0.008558289659904572,0.026589543088748613,0.007816551034694363,-0.0020844666187659444,-0.3852960918343584,-0.5660358290737814,4,12
2016-12-12,XLE,1,0.004699586890200447,0.004688578308780222,0.003642616692951238,0.016446703113964577,0.009390763973911032,0.024207744178378343,0.023116187586829425,-0.017113715390271286,0.797276819539154,-0.20988411450807198,0,12
2016-12-13,XLE,0,0.011304846236909194,0.011241424000839384,0.0031996989302218054,0.014967143438543797,0.014203893384753918,0.026226093879393453,0.02011861671620591,0.0037400169216308485,-0.006298743970936549,-0.20578425868622374,1,12
2016-12-14,XLE,1,-0.020043857146114008,-0.020247460508840742,0.012110001335596117,0.008745494255434385,-0.006952827339055445,0.0032226084064623794,0.022075898588739287,-0.015362799580058263,0.2384986836030596,0.12273228314838303,2,12
2016-12-15,XLE,1,0.0022289668482302627,0.002226486386851967,0.011896772597455123,0.008745847057600542,-0.004946622246432608,0.00304432091773843,0.015799929241004297,0.006451685488519343,0.02016986207521887,0.19351000426089393,3,12
2016-12-16,XLE,0,0.006207177982866741,0.006187992803230458,0.012158052841780663,0.008826375942108394,0.00041078123758753193,0.0065173124523765225,0.006006778185869899,-0.0009140727755354075,-0.11786112839352547,0.05579024258785603,4,12
2016-12-19,XLE,0,-0.004574280406768549,-0.004584774441388273,0.012136925466610514,0.008825386366173388,-0.00313499164358344,0.0005087974701023512,0.007326933878813911,-0.003532600313860293,-0.6018337634131733,-0.5374638542034464,0,12
2016-12-20,XLE,1,-0.0022325514384339273,-0.0022350472968435398,0.010041698074212626,0.008841898462023228,-0.0016212310366484628,-0.003082004475091882,0.011365156262551624,-0.007315547559281539,0.26273688354046,-0.3839669971297379,1,12
2016-12-21,XLE,1,0.001579627612074086,0.001578381312664412,0.004178559630035816,0.008541513804459461,-0.0006773092571572548,-0.002239515853967533,0.009586286446638873,-0.0005252910666554588,-0.09790583493837746,-0.41242161886991946,2,12
2016-12-22,XLE,0,0.004072976344432266,0.004064704230091198,0.004427620253597805,0.008471732799485118,0.002387377275375524,0.0012185075726203198,0.00800946141045219,0.003413793255439249,0.3539190640156984,-0.18296031655595701,3,12
2016-12-23,XLE,1,-0.0009160803735113188,-0.0009165002315718596,0.003353157275268631,0.008435572146634412,0.0018896043802647533,0.00010105256510861693,0.004325056590506714,0.0006552479733109191,-0.41678516735943993,-0.5141669969793474,4,12
2016-12-27,XLE,0,0.002226480503515482,0.0022240055687143823,0.0025194060734878426,0.008325596829395144,0.0031725294470423826,0.002374064454780722,0.004969232997933968,0.0006537913111703433,0.5643550429033619,-0.2029360025037409,1,12
2016-12-28,XLE,0,-0.010846664547071727,-0.010905918474164,0.005905809564753011,0.007916030187919023,-0.006927473068472301,-0.006245378749918484,0.014213116867716312,-0.013039509299325342,-0.19134969876809638,-0.3119778437433057,2,12
2016-12-29,XLE,0,-0.0019815801129623445,-0.0019835460403587746,0.005763617225019677,0.004877031662724174,-0.00741071798147952,-0.007786154888471342,0.007012521776278055,-0.0005292526403579415,-0.1725168958572717,-0.35899742733760065,3,12
2016-12-30,XLE,1,-0.0029127131124180305,-0.002916963316344834,0.004853063700511856,0.004837181237703102,-0.007432514247132649,-0.009742272912826366,0.01073270896372464,-0.001987564905958388,0.3219010362230119,-0.04889847633391953,4,12
2017-01-03,XLE,0,0.011285161459037685,0.011221959079330102,0.008083606930217938,0.005834342647918191,0.004245215716917716,0.0018807889624889995,0.019051332763292298,0.0007883005927290697,1.7812341160923046,1.4661843756541528,1,1
2017-01-04,XLE,0,-0.002100159404888391,-0.0021023678322258377,0.007956602868411556,0.005689737799624192,0.0034855427999922473,-2.60458761501825e-05,0.008002106565512555,-0.002886018772333092,-0.5457314472994871,0.07640653147951415,2,1
2017-01-05,XLE,1,-0.0025001586310605672,-0.0025032892467633516,0.0061193479080738425,0.005701068987481002,0.0006332532592401297,-0.0023030163440553864,0.011569777565928162,-0.0031553756438743763,-0.003960484555898258,0.05032038863325039,3,1
2017-01-06,XLE,0,0.0009234783014848702,0.0009230521577343609,0.005977944748486079,0.005681935755998763,0.0006329504590081303,-0.0010924758313065608,0.00999213989778256,-0.002235053568261718,-0.3348562093849855,-0.2967970841347819,4,1
2017-01-09,XLE,0,-0.014494846929293703,-0.014600923513427233,0.009212557810685276,0.006987171080137105,-0.012490876328211442,-0.013454832696982888,0.010346183653159364,-0.007958595025582101,0.4791039740908172,0.040203999901302634,0,1
2017-01-10,XLE,1,-0.00909206245938532,-0.009133647513788201,0.0062373483728824786,0.007300450123408747,-0.01611710462986571,-0.01952749864896164,0.011374259814511694,-0.008296570570466944,-0.11861252269430433,-0.11071263208183713,1,1
2017-01-11,XLE,0,0.010794881921805777,0.010737033125539419,0.009683843704601208,0.008396039687498896,-0.0025829813037767657,-0.006827947374800969,0.013311892652976434,0.007261004377899685,0.35879016230539906,0.17463987672858283,2,1
2017-01-12,XLE,0,-0.004138447929695421,-0.0041470350049599425,0.009695752100977697,0.00787041845180473,-0.0034732119498795955,-0.009506714475581268,0.014735173017000596,-0.009690738605991258,-0.16998552601508343,-0.04887857654774597,3,1
2017-01-13,XLE,1,-0.002948813143023088,-0.0029531694585811508,0.00943505022013584,0.007883996034806912,-0.002387234615099487,-0.010904098555870934,0.00630874121749161,-0.0016107751219064598,-0.09076140827489998,-0.15877097192195277,4,1
2017-01-17,XLE,0,0.006184416407294835,0.006165371385375096,0.008110738869764069,0.008222796590661389,0.003647757314115596,-0.0041514880824934375,0.0062993377223399425,0.0030826394003158923,-0.01248649903600596,-0.17578181934600057,1,1
2017-01-18,XLE,0,-0.0022719283750695096,-0.0022745131199859436,0.006598241790292384,0.0070824791070716545,-0.00013419308032802668,-0.004426844966111787,0.007120870704262918,0.0032244775330578907,-0.10812634161300216,-0.15121541221287904,2,1
2017-01-19,XLE,1,-0.005490398953532871,-0.005505526590450671,0.004592340214729033,0.007170299096789736,-0.0038898800594929783,-0.007577328615953505,0.008303135561684683,-0.005490773306130306,0.03159812955576946,-0.10538326518360674,3,1
2017-01-20,XLE,0,0.0037704513489904556,0.003763361014222699,0.0049079160076551534,0.007420987151899737,2.6847512313965538e-05,-0.0021284977516636827,0.00936576088104912,-0.0026759025148318434,0.020142430201424366,-0.06924081222225831,4,1
2017-01-23,XLE,1,-0.010598525085536492,-0.010655089473586177,0.006818468802807764,0.007854301214279394,-0.008896528239413115,-0.00986788205204936,0.012937993584316432,-0.0060646491475745004,0.6561390516433969,0.4285674025099273,0,1
2017-01-24,XLE,1,0.010983477070575898,0.010923596750060938,0.008364896368060834,0.007781490722245416,0.002743833763829029,0.0013163650255689774,0.013236030732321913,0.007023185259812103,-0.22028013414874725,0.10458183660997755,1,1
2017-01-25,XLE,1,0.005230175442670237,0.005216545578820231,0.00868398722625179,0.007281492712687538,0.0072297678498858264,0.005419237442337632,0.008313257325824651,0.00496104998797997,-0.20636406571534593,-0.12131367354808953,2,1
2017-01-26,XLE,0,0.0008006981583943418,0.00080037777063513,0.007975362234187123,0.006449131537829123,0.006008379095871819,0.006089325324733608,0.006117822443630354,-0.0023939393447426887,-0.08061379552192816,-0.15691708617635192,3,1
2017-01-27,XLE,0,-0.010398574944319727,-0.010453017872882775,0.009564508058874963,0.007174885449636445,-0.0036241504294058924,-0.003878229514773013,0.00831650022545346,-0.004292416924544626,0.15016701919853892,-0.021304134443929756,4,1
2017-01-30,XLE,1,-0.018321609362193847,-0.018491528711115368,0.011885274960406129,0.009141444154839272,-0.01956314788311575,-0.020143235998804077,0.021247796830326765,-0.013804258377207428,0.33519581143414157,0.26471136968515485,0,1
2017-01-31,XLE,0,0.0004120851888544941,0.0004120003050718246,0.00965301043787452,0.008739860302346449,-0.014758100032507881,-0.017175613954667046,0.012206821354350878,-0.0001371846897282048,0.054266016377649384,0.2817992811074752,1,1
2017-02-01,XLE,1,-0.007407692424541867,-0.007435265631687393,0.00799505816260608,0.008869135541720212,-0.015161882936723381,-0.02140846794711926,0.020193692305241984,-0.012689320419680194,0.3153261847309279,0.548542885551399,2,2
2017-02-02,XLE,1,0.005666060185294253,0.005650068444622569,0.009358985239488735,0.009229672356320714,-0.003505694301560225,-0.013876577998957362,0.013796908853265634,0.004001010936833395,-0.3009178096318449,0.04837718495004384,3,2
2017-02-03,XLE,0,0.008657492342928563,0.008620231160585412,0.010881284076756034,0.009686439104797316,0.007411467960596996,-0.0038002393969090997,0.015740508682013175,0.004653763737296525,-0.08163756492573815,-0.05751136020474268,4,2
2017-02-06,XLE,0,-0.008446941274011022,-0.008482818862570962,0.007635452171220892,0.009483597981801047,-0.0008512497083157378,-0.010912942734315423,0.014713921098133865,-0.008446903728788542,-0.1104864481003669,-0.1291324349065458,0,2
2017-02-07,XLE,1,-0.014152108129792618,-0.014253204160129318,0.009802688595827821,0.009198075814746236,-0.01187123488758568,-0.02117261770378842,0.019735030682359114,-0.009798497011364177,0.34558103728484935,0.14992625033301055,1,2
2017-02-08,XLE,1,0.0023690669226346106,0.002366265107844878,0.009712423593280959,0.008926606694593206,-0.008328427294834628,-0.014781220181050547,0.019930317842171166,0.0023693124591681186,0.14060094082413932,0.24354965026995012,2,2
2017-02-09,XLE,1,0.011262639968185884,0.011199688662940854,0.010943325486148158,0.010098591557108969,0.00295104842154692,-0.0005634754308073697,0.008292999126125864,0.005252313625803657,-0.42646949542988777,-0.29012042873611144,3,2
2017-02-10,XLE,1,0.007562198021800803,0.0075337479424053555,0.010734110014965577,0.010239834062568755,0.010870143585950398,0.008310791847323085,0.008593710323192444,-0.0004092044781872783,0.12349917940744581,-0.20521960836133357,4,2
2017-02-13,XLE,1,0.0019103613708115752,0.001908538951145733,0.009715320298640416,0.008305909061345321,0.01101613802760526,0.009473086928548868,0.006290155910694454,0.003965553485834291,-0.23261960136083193,-0.3643617825795533,0,2
2017-02-14,XLE,0,0.0032692296355130157,0.0032638973228507062,0.0040271410962771995,0.008340788356197951,0.009013691094152065,0.01171610938751666,0.012902412237868428,0.00040752967283335496,0.34900875402321874,-0.11984769313107457,1,2
2017-02-15,XLE,0,-0.003937001564650933,-0.003944771956713389,0.005773449868271603,0.008014706679949647,0.0010644086985802659,0.006336944104718745,0.008578497574467625,-0.0009531548542644408,-0.1712914396056333,-0.20924324190250765,2,2
2017-02-16,XLE,0,-0.01362940804798174,-0.013723141088175517,0.00818733067304743,0.009123798795652484,-0.011608612243214522,-0.006833981630526953,0.017429176698599867,-0.014569712135806542,0.27432617121860514,0.02129516322640712,3,2
2017-02-17,XLE,1,-0.0055277156303099595,-0.005543049985766935,0.006744768727351523,0.00862881533630233,-0.013542326595097687,-0.010381814936576972,0.006527794731987847,-0.00041664971245659725,0.02370026548516968,0.04722635647063589,4,2
2017-02-21,XLE,0,0.00680859439375836,0.00678552058919113,0.007983990006873961,0.008697301627755883,-0.00420538222179645,-0.00320530256589302,0.006882312312435304,-0.0026153122837660036,0.013525118076427756,0.04930418308079787,1,2
2017-02-22,XLE,1,-0.015180597160585063,-0.015297001991384729,0.008811929847276157,0.008882029934349332,-0.013083207897400473,-0.017810299497065918,0.01234053460557608,-0.010538021454338995,-0.02229188731201015,0.05036459741363841,2,2
2017-02-23,XLE,0,0.004204110717544118,0.0041952981348298835,0.010024808810966067,0.008966657203490838,-0.004224191173637926,-0.0133280137416113,0.014828154663551753,-0.00692904621154483,0.5070194290864343,0.5652288965334744,3,2
2017-02-24,XLE,1,-0.009349872702479,-0.00939385714289065,0.009218347597880643,0.00835506864975395,-0.009736607193755242,-0.020205920772070174,0.010964385934545072,-0.0021085398814430258,-0.19508225944646662,0.20837095752193147,4,2
2017-02-27,XLE,0,0.00859283413156886,0.00855612586781751,0.010617061320564664,0.008496591246504263,-0.0001954645934828525,-0.009490025214531905,0.013650453898528404,0.007599225078527151,0.6921758015659827,0.8344542579128189,0,2
2017-02-28,XLE,1,-0.0030727589660475285,-0.0030774895830618654,0.009682182523154302,0.008368428919301,-0.0002522226232953839,-0.009739004401941975,0.007564097494664554,-0.00014010556542908532,-0.40816671169954066,0.03722371147979597,1,2
2017-03-01,XLE,0,0.020033746318594225,0.019835711374968312,0.011251961224686302,0.010985445366544598,0.015651167723756076,0.01129216712552572,0.015963374670516384,0.01068845965131634,0.3551903212920162,0.32499180493656676,2,3
2017-03-02,XLE,0,-0.009476657627602303,-0.00952184686942159,0.012775029429740953,0.011279808850819986,0.004736780032693622,0.0034506717311182378,0.009937905466269228,-0.004554785583992529,-0.43307049311491974,-0.2583597467888973,3,3
2017-03-03,XLE,1,-0.0018025833364510024,-0.0018042099448187798,0.01158591013154297,0.010476787197834455,0.00013896119563661102,0.0021717515386778796,0.009413072055430129,-0.003460686702558477,0.03678634764119848,-0.22996983735341048,4,3
2017-03-06,XLE,0,0.002222414307781806,0.002219948397943927,0.01113881905533278,0.01034751544268231,0.0008322298535734518,0.004147347352021047,0.009183298133945922,0.003895906060893967,-0.2500156718756996,-0.4091651469026798,0,3
2017-03-07,XLE,0,-0.008870100360296673,-0.008909673888408687,0.012011842138867777,0.010438823615000738,-0.00840295038629113,-0.0034419678612785942,0.013948378471895888,-0.012429242927242911,0.36862215959974676,-0.18942199164372986,1,3
2017-03-08,XLE,1,-0.026010570373319664,-0.026354827937833836,0.010806516413730916,0.012416766365348138,-0.025656138323220223,-0.027044412716292543,0.02836277181190511,-0.022044364896301512,1.2305571550716294,0.644873305985475,2,3
2017-03-09,XLE,0,0.006604245796421271,0.006582533309126504,0.01276552956844303,0.012579723541268966,-0.013674544447168424,-0.01849355964365218,0.018181848206982272,0.011688275944068724,0.08622712800494403,0.6748487125641245,3,3
2017-03-10,XLE,1,-0.0014259548966898405,-0.0014269725378954767,0.012794405864931342,0.01232010439892304,-0.009563273588891086,-0.018546657662665944,0.01488099614637712,-0.007794719974395682,-0.3705848250134134,0.03249476200574275,4,3
2017-03-13,XLE,0,0.00014227721752324562,0.0001422670970798734,0.012511376532208072,0.01184524486529134,-0.003416232935696595,-0.01622796109272351,0.008292848310101169,0.001143754630651795,-0.2517549329778652,-0.1757974796498456,0,3
2017-03-14,XLE,1,-0.011281813240190841,-0.011345935629225146,0.01269900918005219,0.012194407087167269,-0.008222704275078652,-0.024379653947036672,0.012521518064962512,-0.0035981575693900974,1.0173716243080406,0.5425134185361415,1,3
2017-03-15,XLE,0,0.022244269779935655,0.022000474749164223,0.01239686575657914,0.012668874535242743,0.01059569432651708,0.00019774743969658282,0.02076764472328802,0.013606372850107748,-0.12051635790303505,0.32404721950083903,2,3
2017-03-16,XLE,0,-0.0070651879936999284,-0.007090264618242248,0.012968145088500091,0.01254932200546172,0.002997307840383767,-0.004265347980753065,0.011985314383345456,-0.009165278379315175,-0.2985347985347986,-0.09952297260591492,3,3
2017-03-17,XLE,0,-0.0007299528158499768,-0.0007302193611247176,0.012945714756624087,0.012560755015732115,0.0016684473488470797,-0.0024884679366447005,0.006985997548238462,-0.004847395791976627,-0.1249331899861772,-0.22521264102409289,4,3
2017-03-20,XLE,0,-0.0014327933233656553,-0.0014338207532333946,0.01298063696087669,0.012463552508090163,-4.663964186146785e-05,-0.001034196492624484,0.010061764428816938,0.0018685820610638887,-0.14218016133221945,-0.3489842380946545,0,3
2017-03-21,XLE,0,-0.007030103533129717,-0.007054931139828913,0.012140485039239307,0.012376977653017263,-0.008194163664446585,-0.005386139711041404,0.016136011745106097,-0.011709263303123704,0.36816518942277,-0.13356390336790158,1,3
2017-03-22,XLE,0,-0.0014448462481267965,-0.001445891044968839,0.0032145810690774683,0.009259034304613455,-0.006100571312707026,-0.006645187263755736,0.01028984180395154,0.0015942117442255435,-0.25707654391883805,-0.3092374392017597,2,3
2017-03-23,XLE,0,-0.00405160105389657,-0.004059831026679284,0.002615150386105456,0.009006085517138067,-0.007211952755804996,-0.009442636449972674,0.009577651975626681,-0.001160961062300408,-0.049856678153885836,-0.27969567563476194,3,3
2017-03-24,XLE,0,-0.003922687339575348,-0.003930401257023153,0.0023136751089425462,0.009047326105563561,-0.007556256496808689,-0.011859896585421081,0.009429878470928996,-0.005367804220860401,-0.11507237042812113,-0.3339749624334454,4,3
2017-03-27,XLE,1,-0.0046673261739466065,-0.004678252150740914,0.001994677860389124,0.009080626014261775,-0.007995270413485134,-0.014536724295595382,0.008393456988462101,0.004859287054409005,0.10043571941584872,-0.25958547920791697,0,3
2017-03-28,XLE,1,0.014214453569248997,0.014114375479412189,0.008026859211454776,0.009722364138613476,0.00610553475569775,-0.0010954882396247978,0.01755921879639987,0.012730506192603706,1.4298904388537417,0.7814745177802291,1,3
2017-03-29,XLE,0,0.013726443035749769,0.01363308872817015,0.00996543028663261,0.007799484489662234,0.016811679024486104,0.012890769448203665,0.018352553454825934,0.013872930002948121,-0.33476108958334827,0.2211777220136364,2,3
2017-03-30,XLE,0,-0.00028488122515646364,-0.0002849218115210661,0.009420934270856949,0.007426035852125301,0.012676702443217724,0.012179872498328637,0.011473053485839099,-0.006515567909555579,-0.14335781041388518,0.048630025496939844,3,3
2017-03-31,XLE,0,-0.003421859157828888,-0.0034277271079004024,0.009320246403428677,0.007521244468775891,0.005321471373936459,0.008570785285066052,0.010871040867186337,-0.00014307160215312393,0.24816651269772438,0.2621424622365134,4,3
2017-04-03,XLE,1,-0.0017166043943921405,-0.0017180794480129435,0.008714856692444862,0.0075284901628928915,-0.0008303726810268142,0.00672323052098367,0.013997938832113114,-0.00328529281410443,-0.3387458965218617,-0.1702258591975011,0,4
2017-04-04,XLE,0,0.007308474159332112,0.0072818966773957605,0.007208012942829147,0.007375016395154612,0.003368726623856677,0.012503225099705029,0.015586963150777369,0.005148013853575195,-0.012129472409828423,-0.16043496380047162,1,4
2017-04-05,XLE,1,-0.0031301237144134575,-0.00313503279835059,0.0044056348828203735,0.007470304070374385,0.0004851794635847284,0.007940157097842127,0.021444648729767115,-0.011427731235622901,0.7522506551564667,0.379082965061436,2,4
2017-04-06,XLE,0,0.007992264752791023,0.007960495763374542,0.005741371444909637,0.007463621027138359,0.007072183047309721,0.013371985096158667,0.009523783702593507,0.003980082236958046,-0.42267646709510553,-0.21016809210763865,3,4
2017-04-07,XLE,1,-0.0038226382556699745,-0.0038299632103466763,0.005827779130837069,0.007453952095278115,0.0019082232339833194,0.006897822433318712,0.008631677177821359,-0.004386551105501131,-0.04147904333051422,-0.25254562155469185,4,4
2017-04-10,XLE,1,0.007532458951402532,0.007504231641225267,0.006082775212413146,0.007119618096895533,0.006274063364762439,0.010649540356175491,0.008621916754085688,0.00197878995969523,-0.13985358059823694,-0.3545086978982117,0,4
2017-04-11,XLE,0,0.00014140735154266615,0.00014139735446594415,0.005697804562044487,0.006168380217475028,0.004676437716977455,0.008362908944273384,0.012535202671104754,-0.0014084292129731514,0.2837656756831686,-0.09564727151284025,1,4
2017-04-12,XLE,0,-0.004231375289178163,-0.004240352891617505,0.005949001244830978,0.0050226794658215085,-0.001075245846999029,0.0034681796296021083,0.014654091836537242,-0.005213509091417281,-0.17549580678832377,-0.21810691160558549,2,4
2017-04-13,XLE,1,-0.01827230955382475,-0.01844131005400307,0.009401721936601659,0.007827251517361035,-0.015650974193809897,-0.013703915123748689,0.020413875720474303,-0.017436962588170936,0.5415240623035553,0.1911283336886389,3,4
2017-04-17,XLE,0,0.0021643039319290125,0.0021619652000506306,0.009761415453384728,0.00784736297105865,-0.010992223149229874,-0.01094998253723789,0.0059171024288869195,0.002453430028851641,-0.5462052560036248,-0.4125100271153731,0,4
2017-04-18,XLE,0,-0.009357859657686651,-0.009401919512424417,0.008205883906649726,0.008325277405897245,-0.014409358630258162,-0.018850190532325173,0.013593672026955208,-0.0049169046967831535,0.8409800054916252,0.06888400634215763,1,4
2017-04-19,XLE,1,-0.014677971706218429,-0.01478675896280901,0.008149333449277327,0.008675291843105759,-0.020174475437184314,-0.029806868915196905,0.021600431882550244,-0.01710641124602341,0.22881568510470984,0.26619470955356883,2,4
2017-04-20,XLE,0,0.004867165616318614,0.00485535925924907,0.010202628230959018,0.009079168927233374,-0.008325766817985136,-0.02237083639289794,0.010294072768267463,0.0019117243149701286,-0.10427356085934658,0.1880983795864335,3,4
2017-04-21,XLE,1,-0.0049903988521762255,-0.00500289247530139,0.008055061836582741,0.008261172137541021,-0.008889093741561549,-0.023269179548561558,0.010023589945213207,-0.0007369608647127438,-0.13053574288283631,0.025568559528108104,4,4
2017-04-24,XLE,1,0.005900610008303664,0.00588326958833596,0.008940759731119042,0.008844444349473719,0.0006750950918135157,-0.014424392983997891,0.007175250508132863,-0.001464320878319929,-0.054221775136191974,-0.03543837569114261,0,4
2017-04-25,XLE,0,0.008505228641628282,0.008469262971449343,0.00963277069519066,0.008978619610255568,0.009304613346166501,-0.0029868643344030943,0.011410163433772146,0.0059976013612375425,0.16780393537417515,0.08889233438234645,1,4
2017-04-26,XLE,0,-0.003344262849195867,-0.0033498673950695945,0.005979216523678608,0.00891072760790405,0.003749001830778864,-0.002909580267099421,0.015339709255966253,0.00131488635935531,0.20182156372266058,0.2658120102710091,2,4
2017-04-27,XLE,1,-0.010942357229675403,-0.011002665164715708,0.008034827155894224,0.009231935332249416,-0.0062447681695736446,-0.009772168930533565,0.0142626259408156,-0.003234836256326558,0.09660255315515331,0.3077511545139331,3,4
2017-04-28,XLE,0,0.0007372259368350065,0.0007369543192812245,0.007721272419519441,0.007818965786035574,-0.005657841452183621,-0.006909705362379004,0.010969723122286903,-0.007752031408509816,-0.29792628858704384,-0.06259178490945627,4,4
2017-05-01,XLE,0,-0.0028004490602434595,-0.0028043776539781184,0.007059330908319773,0.007673403968613297,-0.006870323173049919,-0.0070599082026745474,0.007519937164927329,-0.002506608223389393,-0.34705393040343824,-0.3934691396500699,0,5
2017-05-02,XLE,1,-0.0050256423810864925,-0.0050383133929012835,0.004277268325839855,0.007366272409787969,-0.007607472334344667,-0.009870183141218125,0.014456458824285446,-0.007080739791281647,0.7448669766651803,0.04695419750562002,1,5
2017-05-03,XLE,0,0.002822664496663352,0.0028186882598641994,0.005363899379960317,0.006022696233955088,-0.0017450028607118862,-0.0066370094637528965,0.01265631965116538,0.005062482420358259,0.030373092555185055,0.08699740619522034,2,5
2017-05-04,XLE,1,-0.018370427912361764,-0.0185412596255774,0.008315644309574375,0.00793301587157951,-0.015628675625023347,-0.02219461328281158,0.01909590933324349,-0.011487343832448796,1.0044228452653705,0.9564169924047599,3,5
2017-05-05,XLE,1,0.015846821313036052,0.0157225713657132,0.012433122614194797,0.009796998481897946,0.0015475763793553199,-0.0059954259697964085,0.017345421914704062,0.015233702267667687,-0.44781039638233,0.052247473911068765,4,5
2017-05-08,XLE,0,0.007131042377739094,0.0071057367275981775,0.01295679711053414,0.009895876389042508,0.008269562237915196,0.0016845637094593524,0.00995550918214028,0.007280800023035556,0.01093161472060089,0.03133907475734654,0,5
2017-05-09,XLE,1,-0.008260903467747882,-0.008295213817781644,0.013374584544751881,0.009608483183319838,0.00017840993998885502,-0.004324576809115688,0.01324895512786171,-0.010304680481340329,-0.43427781325367965,-0.40065795285416683,1,5
2017-05-10,XLE,0,0.013237980027003493,0.013151123664902009,0.014701702271780366,0.010755440482948467,0.011552757276811487,0.00948408289543412,0.013013972893649155,0.007394261752307801,0.7033312499416962,0.023615955654072263,2,5
2017-05-11,XLE,0,-0.002054873008585534,-0.002056987156827006,0.010192153340662737,0.010152727096371102,0.004343685704736311,0.007126142819051218,0.00877715181624454,-0.005558766091649608,-0.34451126007711186,-0.29513122466142605,3,5
2017-05-12,XLE,1,-0.0033833718149888226,-0.003389108360306814,0.008676270374907627,0.01021761029321289,-0.00035402456010347194,0.0038524700808313384,0.007507647645293468,-0.0026497910255723423,-0.10528294635173407,-0.3552260014571028,4,5
2017-05-15,XLE,0,0.00782263933581473,0.007792201127758691,0.008796473499783942,0.010453512687385664,0.006011209684324115,0.010761739265197079,0.011780179796729236,-0.006980851396464315,0.2332984703882861,-0.2225312811818415,0,5
2017-05-16,XLE,0,-0.0049791909035736825,-0.004991628377482016,0.007972521241225411,0.010450559071274252,-0.0010878526050501769,0.00479189598468821,0.013119556062649564,-0.009620933635498884,-0.11459918678872405,-0.29185972362096624,1,5
2017-05-17,XLE,0,-0.009861983226650772,-0.009910934688124318,0.006478429161935666,0.010959634176197105,-0.008460775314707347,-0.004778787117448835,0.013029388079415737,-0.0039976942375028,0.33466741922794063,-0.04720565224850015,2,5
2017-05-18,XLE,1,-0.0002970370553726509,-0.0002970811796170203,0.006555278371998021,0.008952686852728865,-0.006617539078533241,-0.006529495728279211,0.012841579732354875,0.004180958252847039,-0.09558653920086113,-0.019592861885882384,3,5
2017-05-19,XLE,0,0.012341834363273518,0.012266294821495105,0.009091220832306337,0.008379750733963107,0.004663193294606405,0.004589054260040193,0.011837866677745357,0.007398638450024983,0.10694296847325546,0.10928886096349699,4,5
2017-05-22,XLE,1,-0.0022031598514231643,-0.0022055903786379893,0.008281228798013724,0.00815888225594672,0.0034863185768463367,0.0021687514232984206,0.011542970300208415,-0.007451813530648227,-0.3382700246407885,-0.2181606448783291,0,5
2017-05-23,XLE,0,0.0023552645010649353,0.0023524952130480337,0.008046406569556483,0.0076020884635618294,0.005404271533394844,0.0032562377165337164,0.006606914464977931,-0.000293705363113698,-0.12113122872175797,-0.30427512324945194,1,5
2017-05-24,XLE,0,-0.0052870367072624935,-0.00530106254442142,0.006730783762909318,0.00655405448068775,-0.001268112685027467,-0.001474249694835894,0.011763020535646075,-0.0041170235333328024,0.4835475634987014,0.07133717871487533,2,5
2017-05-25,XLE,1,-0.01816045370980568,-0.018327378794561255,0.011140924984809687,0.008617643521135228,-0.017231750724059802,-0.017464091139458793,0.029159284959928738,-0.01568972168292976,0.7305629529623832,0.7004893174557241,3,5
2017-05-26,XLE,0,0.0016543007239413487,0.0016529338757433898,0.008325043825773442,0.008685500985126538,-0.011310260113854609,-0.01417821401474062,0.0073683889288651315,0.0016541445165648497,-0.4342240625482229,-0.055058074936140455,4,5
2017-05-30,XLE,0,-0.013361363916432056,-0.013451430110456908,0.00907477534636478,0.008698683268885546,-0.01807852535944765,-0.02365099183651298,0.00860247021502203,-0.008149726805276925,0.10076444606071622,0.030404854337259035,1,5
2017-05-31,XLE,1,-0.0042605070045846904,-0.00426960882600147,0.007849524061611796,0.008690638796600493,-0.01445779867823549,-0.024186506160466803,0.008282223018446052,0.003681066018370928,0.10763915177127292,0.10678292254513999,2,5
2017-06-01,XLE,0,0.006265176984376231,0.006245632354285213,0.01016367982566897,0.008915214846493012,-0.002635462335825456,-0.015989289483943514,0.012677473441037495,0.005804143062972861,0.11748586341887779,0.21692133525239843,3,6
2017-06-02,XLE,1,-0.011541586496135903,-0.011608707561084675,0.0083906794010995,0.009361173554078228,-0.009917787060401695,-0.024196668371753938,0.011594234948095677,-0.007017645956537477,-0.08013923719812943,0.10130765512842865,4,6
2017-06-05,XLE,1,0.001843887246367748,0.001842189373083336,0.008424385034299648,0.007896137539344796,-0.00384950080651536,-0.018173009836013998,0.008938113840584806,0.004931417750564298,-0.24119691703188761,-0.14687655893399154,0,6
2017-06-06,XLE,0,0.011807984395178162,0.011738814122659313,0.009083700043856854,0.00940287638633062,0.007113035217992891,-0.0036543432069287007,0.01641859329273532,0.012429111719298213,0.18186018721370245,-0.021624077783105045,1,6
2017-06-07,XLE,0,-0.01409531013654175,-0.014195592476195618,0.011263031483005018,0.009817333650174632,-0.005898938299383261,-0.013167968710000255,0.021762293792417536,-0.010044073077316501,0.5464533915728027,0.38633682846770023,2,6
2017-06-08,XLE,1,-0.002920731792692144,-0.0029250054533007663,0.01047388131845483,0.009825131768261735,-0.005794120635784661,-0.011747489296422331,0.009576693507036214,0.0018536106045994856,-0.14701356894094264,0.14056294652276136,3,6
2017-06-09,XLE,1,0.02405199834143157,0.02376730495837842,0.01451669931496309,0.01202026016300137,0.013984034707179127,0.012145305662673467,0.025226877953515033,0.02168890918908376,0.18472301002079794,0.35239408554355456,4,6
2017-06-12,XLE,1,0.007075923880860424,0.007051007002385035,0.01449858944362838,0.01222645368103966,0.01594767261791996,0.01887245315335906,0.011938561800541606,-0.0017908184264502367,-0.011205907471467658,0.2654500731689411,0,6
2017-06-13,XLE,0,0.007475045520816126,0.007447245818121395,0.014128455306168691,0.011348198091304001,0.01917668397330763,0.02388406859759562,0.010582899875136748,0.004471651037911577,-0.3104334246479733,-0.1335046090413622,1,6
2017-06-14,XLE,0,-0.01810382425761048,-0.01826970356711044,0.01548323806531731,0.012998406086904333,-0.002652974329174773,0.004234067511093231,0.023061976543329137,-0.015473901646988898,0.9155105991308143,0.5400201706725745,2,6
2017-06-15,XLE,1,-0.007556129893487085,-0.007584822068885444,0.016091790298715433,0.013132432374799954,-0.012600023665550353,-0.0030817148110030557,0.012448757562360482,-0.0030363529572965883,-0.3639771203624811,-0.026823508961466347,3,6
2017-06-16,XLE,0,0.01654413876260663,0.016408775438287115,0.01377124634510861,0.013436234368856778,0.0027211880789506093,0.01085416673946793,0.01737539062708948,0.010516726642087327,0.2784219244089745,0.1953345975595191,4,6
2017-06-19,XLE,0,-0.006335399598744407,-0.006355553409504555,0.013618386623024684,0.013733868571356524,-0.0019630157653804936,0.002744056891608171,0.008767979103186895,-0.004081697146375842,-0.3632102676576906,-0.2502021743486542,0,6
2017-06-20,XLE,0,-0.012750490510397006,-0.012832475660674358,0.01324950128165709,0.013938519429549991,-0.00901588541732723,-0.00930420035591184,0.01397425712112917,-0.0012285292948469135,0.024556077150729605,-0.236275601460183,1,6
2017-06-21,XLE,0,-0.01614333789848632,-0.01627506113660715,0.012810181154308342,0.014170946856913601,-0.01985382806876923,-0.024383087129770442,0.02436770389099143,-0.01310911023181406,0.6998580624276305,0.27183813926104783,2,6
2017-06-22,XLE,1,-0.0006256317892410213,-0.0006258275784740697,0.012872828049768912,0.014152549859776794,-0.01663816416709285,-0.024299423662913155,0.01265231827185267,-0.0010933440143273412,-0.43485378403618313,-0.2671005981795773,3,6
2017-06-23,XLE,0,0.006723981280041702,0.006701476144329366,0.009208710246199365,0.01162980529917801,-0.0041456368763816975,-0.01535634003954267,0.01047526858248448,0.006566575593452033,-0.05677311490707382,-0.27916948121794627,4,6
2017-06-26,XLE,0,-0.002174378894810425,-0.0021767462889634714,0.009338293070597305,0.011153152175794642,-0.0012437227161834485,-0.01419141438918603,0.011148922043845981,-0.005264849142844991,-0.06541170004465668,-0.29371805002756923,0,6
2017-06-27,XLE,1,-0.001556697344777147,-0.001557910257010242,0.008297679444625228,0.010532557908736152,-1.7304377375459978e-08,-0.011494923918996203,0.00977206252340178,-0.005118688146522241,0.04587823632327215,-0.25520375824366814,1,6
2017-06-28,XLE,1,0.005456675938063871,0.005441842219314985,0.004191868488551897,0.009676624640200913,0.00389160561308155,-0.0042170430971022466,0.010899983415393081,0.004204245374249,0.18502196450535924,-0.050708566364366825,2,6
2017-06-29,XLE,1,0.002171014202420496,0.0021686609564248727,0.004009125871572969,0.009526101791333225,0.003945623932688713,-0.0011436695346102033,0.013141596631270822,-0.0007730836660773978,0.12826291970889514,0.07247844319682284,3,6
2017-06-30,XLE,1,0.004487180863235851,0.004477143482347401,0.003453875878327015,0.0076569030805404914,0.0067614670476223715,0.00548289346333064,0.011059926844535085,-0.0027649817111337713,0.03263520901673811,0.13945755805994287,4,6
2017-07-03,XLE,0,0.019254298244286705,0.019071279774105054,0.007905979040677833,0.009994127459933796,0.02004003349452943,0.02438264630916409,0.021488894751948658,0.01565612615774449,-0.06314653416958538,0.050896781090390864,0,7
2017-07-05,XLE,0,-0.020250820937293468,-0.02045867980761429,0.01423660442962208,0.011294554927325994,-0.002738117673259377,0.003964429621448051,0.02004859915316497,-0.01534013613325021,0.14048949072967165,0.16575205509886692,2,7
2017-07-06,XLE,0,-0.011106047335308733,-0.01116817993907615,0.015191180730510019,0.010598636056008087,-0.012659476308843343,-0.007370063511374481,0.017862580676086044,-0.01278105635742126,-0.01451291678181077,0.19270133855693272,3,7
2017-07-07,XLE,1,-0.001559507917082259,-0.0015607252153095885,0.01508226729206819,0.010611197749379258,-0.012313107869693085,-0.00901017623401379,0.012676017828664817,0.0017214492601696305,-0.2246659188922625,-0.07847344491998764,4,7
2017-07-10,XLE,1,0.003280463409021994,0.0032750944275603544,0.014965008837062015,0.010428257822573068,-0.0069277445181858965,-0.0055129388512589195,0.009230350190651318,0.004693414586228274,-0.11741193637094915,-0.184789902172254,0,7
2017-07-11,XLE,1,0.005450051606507467,0.005435253816714614,0.010716172678903454,0.010545907281007632,0.0034499644845942257,-0.0006036446054453748,0.013524059098690182,0.003730729938416924,-0.15925051929517164,-0.30782076793632307,1,7
2017-07-12,XLE,1,0.002787562934815524,0.0027836848864550845,0.006590675635564592,0.010538377968545436,0.006497430930064496,0.0012369400849681078,0.013801587770505094,-0.007054118861077978,0.24528143330139995,-0.1409955422615632,2,7
2017-07-13,XLE,1,0.004015791647479006,0.0040077498783910315,0.002633301180535976,0.010480318706245497,0.007719666701603511,0.004450003237687961,0.009567825431926141,0.0032407264596102463,-0.3213393977838662,-0.3930934263656273,3,7
2017-07-14,XLE,0,0.005999039484428925,0.005981116890241722,0.001379930468344902,0.010603002274044662,0.009415175301592305,0.009274982093335549,0.00814755963770171,0.005380452847060027,0.021448174369580686,-0.34551721501567323,4,7
2017-07-17,XLE,0,-0.001223438495189355,-0.001224187507040675,0.002876108985174286,0.010562134610794457,0.004768433075477141,0.007418335427956224,0.008425175132474247,0.000612759134119803,0.1890873691895838,-0.18310119128429048,0,7
2017-07-18,XLE,1,-0.004745633113573011,-0.004756929383201047,0.004317538090292608,0.008367456426876719,-0.0013516847655414832,0.0044344492283248105,0.014166036307084923,-0.009748657650771765,0.22447175171307165,0.023865412300103195,1,7
2017-07-19,XLE,0,0.014612948589880936,0.014507208329888055,0.0074169009952426744,0.006936363127232392,0.0094887333839897,0.017336024608356038,0.017400634600184026,0.015706753999381564,0.6582892062473256,0.6546583569163194,2,7
2017-07-20,XLE,0,-0.003032208549986759,-0.0030368150085178236,0.00799651733032745,0.005618154540799319,0.004122655552974308,0.011676645847716216,0.014925340516213125,-0.008593391815004498,-0.30816806234805083,0.1723083460691568,3,7
2017-07-21,XLE,0,-0.009884312546340923,-0.009933486666836355,0.009230370083966986,0.006790585128777395,-0.004921113823143752,-1.532463883680002e-05,0.012664049732383333,-0.006560883417288878,-0.23961933179092387,-0.09001637574381305,4,7
2017-07-24,XLE,1,-0.0018431612538098996,-0.0018448619656257215,0.009240717180303469,0.006853272467596468,-0.0057523206019060025,-0.0030374623075453133,0.00781612469318726,-0.003984707068666188,-0.200358686655017,-0.252955698885312,0,7
2017-07-25,XLE,1,0.012617182146429817,0.0125382487549901,0.010629208599751876,0.007671466333438566,0.00433400063122491,0.007624718549873455,0.01003491054282153,0.0006081939724648096,0.48362949757509544,0.08064051091196078,1,7
2017-07-26,XLE,1,0.0010636921738600424,0.001063126854188301,0.008221665397226003,0.007669432569606987,0.005647899402511092,0.006954335988015536,0.014203723739371676,-0.004533137660538058,0.37030744284302264,0.4175455292121413,2,7
2017-07-27,XLE,0,0.0101702356640061,0.010118866812567795,0.009157767015961544,0.008105294936523668,0.013431315144445843,0.014806621583244972,0.014871067287437721,0.009863452364620218,-0.25436793422404935,0.01779478975351645,3,7
2017-07-28,XLE,1,-0.0012021305462406318,-0.0012028536847616955,0.006745820317294854,0.008067191592365628,0.008037706399387723,0.011935611681163305,0.013719222185952023,0.002110649567069542,-0.06644579189296851,-0.07653126002665644,4,7
2017-07-31,XLE,0,0.0022567076313786405,0.002254165091173377,0.006046437325441119,0.008004120017063094,0.005342225955285107,0.01221595430437028,0.01037753742780962,0.001955254729874789,-0.08435489332881818,-0.16127399251446572,0,7
2017-08-01,XLE,0,-0.00015002512358541775,-0.0001500363784798786,0.0045182117827577625,0.007699843237926871,0.0027701285080106164,0.009609719852166299,0.010050977079771003,-0.0007501207472365479,-0.06293132142460889,-0.2027390329182368,1,8
2017-08-02,XLE,0,-0.0037531903867871197,-0.0037602512786114595,0.005323516907011901,0.006589546751572672,-0.00243522209941327,0.005211008293268149,0.014335249681072412,0.0013581405137218013,0.1933742215065477,0.013177981833363939,2,8
2017-08-03,XLE,1,-0.014014527414142663,-0.014113658173786625,0.00632812173984885,0.008025395490753255,-0.013092408328063465,-0.00838087345021965,0.01841511276533019,-0.012377353884139151,0.013843966001918284,0.03996889822786387,3,8
2017-08-04,XLE,0,0.0032096085035882016,0.003204468705105601,0.006980376682523346,0.007360038012109576,-0.007439630415111642,-0.0059965942880749745,0.007791050158316349,0.0027497755529067515,-0.3886272002505252,-0.3479251690029608,4,8
2017-08-07,XLE,0,-0.007617560437823134,-0.007646722240256754,0.006692484737448418,0.007806517000063207,-0.010571908892156867,-0.013792487910498141,0.008261947834832481,-0.0033659917173911673,0.22049941308291543,-0.20966400026535026,0,8
2017-08-08,XLE,1,-0.002302699173383105,-0.0023053544621287614,0.006408715649214061,0.006498058315763368,-0.007968116150390725,-0.014840400062318349,0.011701224673521806,0.0006158724773954949,-0.08815017530361191,-0.25327320816644494,1,8
2017-08-09,XLE,0,0.0009232396900844542,0.0009228137664547553,0.006936627983424357,0.006492689744415731,-0.0030651857031461782,-0.012688673122389083,0.009986196995689842,-0.0006144306096623843,0.0008437928488556068,-0.19017431048167166,2,8
2017-08-10,XLE,0,-0.010607377893414704,-0.010664037153278016,0.00577153036989027,0.005710075772185559,-0.01039439112360352,-0.019903669325751938,0.015653722924198293,-0.012277516985822629,0.4621810900660095,0.1892214943636632,3,8
2017-08-11,XLE,0,-0.006525767391167503,-0.006547153301613928,0.004547719788921209,0.005738180548838523,-0.011685478196316601,-0.02253357625952368,0.009974992805823835,-0.0034290059670042975,0.047752275243904796,0.23422000759477268,4,8
2017-08-14,XLE,0,-0.002971429285607119,-0.002975852746447405,0.004409465641743008,0.005343758520387154,-0.010369730089150653,-0.021143360737787886,0.010458916554476689,-0.004839175310773382,-0.2866755467171954,-0.1050058846606512,0,8
2017-08-15,XLE,0,-0.003764703383471346,-0.00377180771532748,0.0042910583341658,0.005144296467603112,-0.009544261293870315,-0.020164495653442915,0.011119797986532834,-0.005324982939908689,0.11562502739617941,-0.001967736647977447,1,8
2017-08-16,XLE,0,-0.009604740199113171,-0.009651163209374758,0.0034004979567786257,0.005348035483907228,-0.012434756480159348,-0.024367515196045963,0.014796137962705434,-0.009916531804235953,0.3031448418935061,0.28580921240861357,2,8
2017-08-17,XLE,1,-0.014149760647435006,-0.014250822981874744,0.004582902929971466,0.005372557168771192,-0.0191707454717982,-0.033043014122968395,0.014365485862117298,-0.0102155337391546,-0.10772282959362733,0.15204047312069058,3,8
2017-08-18,XLE,0,0.004999486305109047,0.004987030371713441,0.007254382991170897,0.005708396796186114,-0.009189423443231814,-0.023151497029734958,0.015036383639765269,0.007599049835058284,0.2592299738458732,0.35311268858590084,4,8
2017-08-21,XLE,1,-0.005134547221271379,-0.005147774305005015,0.007159722665108099,0.005643356356732287,-0.008761024389133287,-0.023360314254807224,0.007391918493594858,-0.003695959246797429,-0.44317248707916723,-0.24069308930594469,0,8
2017-08-22,XLE,1,0.006612602478018648,0.006590835128777783,0.009053356370179984,0.006705881484998946,0.0013155789005703244,-0.012890488206200312,0.006755640683854915,0.003860409933013006,0.4623139794895521,0.07309855279732869,1,8
2017-08-23,XLE,1,0.004326149256773215,0.004316818374590525,0.008828604180821348,0.007061632480161692,0.0063578844785061595,-0.00488990383881327,0.012524065423651908,0.006422632204865663,-0.24030108490752577,-0.1909943904452268,2,8
2017-08-24,XLE,1,0.0006384421127076934,0.0006382383952456827,0.004691045846456133,0.006723578674837142,0.004709681642845354,-0.0016552523289228294,0.006884411006702654,0.004162698367619804,-0.09851639770952625,-0.24487425835540222,3,8
2017-08-25,XLE,0,0.004464119812859657,0.0044541851852799574,0.004619256360474119,0.006898753667067594,0.007000998933792912,0.004304151169296722,0.006842780142133288,0.0025461465153341543,-0.20887349020740098,-0.36684359183509985,4,8
2017-08-28,XLE,0,-0.0044442800143934535,-0.0044541851852799574,0.004348316913709947,0.006950175059188817,0.00022339302912133263,0.0014851221680860505,0.013644306314567823,-0.004918254237624597,0.21116274543198466,-0.22447892243387113,0,8
2017-08-29,XLE,1,-0.0012755386443260575,-0.0012763528361721121,0.0037973342082266285,0.00690871134655248,-0.0017847375139741217,0.0015990746243077503,0.008651088294904831,0.0035245310342315616,-0.12343310566492571,-0.2983501326985031,1,8
2017-08-30,XLE,1,0.00047858352035468066,0.00047846903578729894,0.003238047013568253,0.006278229937030456,-0.0012751589093364935,0.002447114085315283,0.010256400224333537,0.004326869174104613,-0.007184517193569495,-0.2560243446721987,2,8
2017-08-31,XLE,1,0.004787353586924503,0.004775930652318738,0.003912747875617359,0.004147091807323063,0.00270712005464957,0.005701801368686921,0.006355283358858592,0.00047668564742244586,0.1926619269655141,-0.07732844275234474,3,8
2017-09-01,XLE,1,0.009687016086538103,0.00964039776603709,0.005507144137933512,0.004795191664504985,0.01055372604397209,0.013404713331946594,0.013952767914591426,0.008086287279185155,0.12210534464906075,0.10474998189793494,4,9
2017-09-05,XLE,1,0.005504911948379654,0.005489815299074774,0.004339493104944318,0.004172794271955619,0.01222334102499012,0.015858416176355528,0.011904735584534533,0.0014097768228818258,0.5622267258850415,0.6073469387755102,1,9
2017-09-06,XLE,1,0.016267810007145833,0.016136906948601926,0.005961894249440262,0.005858199514994511,0.02115559471856243,0.0282015921276928,0.014474712921023833,0.01120624468020428,-0.05866473822509766,0.48822267004013775,2,9
2017-09-07,XLE,0,0.0018469622284564835,0.0018452586909769586,0.005587544510553326,0.005897236173748841,0.015317863058034176,0.026186734085238417,0.009076866736778846,0.0013845590444711538,-0.4932999454612629,-0.22643529767777493,3,9
2017-09-08,XLE,1,-0.010600518119474378,-0.01065710385904639,0.010018134693497192,0.0074359808924297265,9.33163564440509e-05,0.012626542300965493,0.013702839591473214,-0.008467982266443607,0.1880027313866417,-0.07996680075433271,4,9
2017-09-11,XLE,1,0.009472087931860163,0.009427508989652722,0.00999095966844175,0.007732826274860558,0.0051021718794825865,0.01899763333657356,0.009280718638203263,0.0055684547850699895,0.3201652264557171,0.15920742311571368,0,9
2017-09-12,XLE,1,0.006152609295352773,0.006133759273150741,0.010011452609130873,0.007286265794307982,0.006679248160485152,0.02096232745743354,0.007975526024544653,0.0032209620198893176,-0.30561356642634174,-0.19128276440568126,1,9
2017-09-13,XLE,1,0.012536506446251705,0.012458575097948899,0.009016511800472053,0.007433842131662407,0.01536153785263683,0.0280012101326923,0.012051765817753501,0.010373764660832402,0.6890336567584514,0.2867026771459753,2,9
2017-09-14,XLE,1,0.004831587397083004,0.0048199527395547115,0.008946668212258434,0.007224254635860615,0.01572035182220799,0.026784335922107383,0.009795080167276428,0.002863207348684251,-0.08241837755532211,0.12666546146203683,3,9
2017-09-15,XLE,1,0.0023595647847129975,0.0023567853829864482,0.003990395176313135,0.007311616909917409,0.010997374020779382,0.02330694816521417,0.006684819417377146,0.00030380800910241715,-0.1039058107162939,-0.011288235872682018,4,9
2017-09-18,XLE,1,0.004252875418311763,0.0042438575026571,0.003886388476475393,0.007192071322896746,0.009237697767451536,0.022310045759994512,0.007916033690587356,0.0065459017992780585,-0.03708266695234963,-0.05501610832000359,0,9
2017-09-19,XLE,1,0.004083516333858173,0.0040752014094342925,0.003978682157753513,0.007200787304806141,0.0077286489034098516,0.021288067580129022,0.00543315120351795,0.0019619264899915726,-0.16523224857948904,-0.1633406477871454,1,9
2017-09-20,XLE,1,0.00677796173224543,0.006755094619746327,0.0015896136606247105,0.0061113481380847615,0.0100490172586023,0.023934687186743853,0.0075097624849686725,0.003904993987468909,0.7396494768808963,0.4414674510657699,2,9
2017-09-21,XLE,1,0.00029910905655516906,0.0002990643323590447,0.002407474421121619,0.006195777807589284,0.006775937863100268,0.020152678781057975,0.007041216789559925,0.00164794921875,-0.5143812452801279,-0.30128497866242543,3,9
2017-09-22,XLE,1,0.005085381569921887,0.005072494688407758,0.0023776495841075886,0.003470007459899474,0.007768188063053794,0.019681914029534342,0.009880179679085752,0.005987932308542752,0.6506349939712197,0.11484810014826174,4,9
2017-09-25,XLE,0,0.014434372145158525,0.014331188339265832,0.005212026459858017,0.004334703416015425,0.01606736701609046,0.028152248610354702,0.013775741012407399,0.009776270357435597,0.012691239017196931,0.11808152291479956,0,9
2017-09-26,XLE,1,-0.0004398298467537254,-0.0004399266002717006,0.005991623586383358,0.004799091879447799,0.01034977124480374,0.022180563808111176,0.006764692418715533,0.002058814553653493,-0.2779530531623724,-0.20053234646708407,1,9
2017-09-27,XLE,1,0.0042559440937190995,0.004246913177968992,0.005934765240793828,0.004098373520491768,0.009887954205712202,0.02183901992453885,0.009237496797779644,0.0033724833904046378,0.019373150214271773,-0.1536134724778252,2,9
2017-09-28,XLE,0,0.0008767174252410914,0.0008763333329966372,0.005831755537056874,0.004260516579689508,0.0059336682662896045,0.018468941560121577,0.008748883903490942,-0.0013123937719756705,0.08075506951695344,-0.06509008884096334,3,9
2017-09-29,XLE,0,-0.00014603156425074815,-0.00014604222789804666,0.006232788065723137,0.004450140962248191,0.0020192310636155675,0.014338157195624701,0.006739913325606685,0.0033700125558035715,0.21081534589276174,0.12117124434117499,4,9
2017-10-02,XLE,0,-0.0002921057851662523,-0.0002921484563707111,0.001972391322613595,0.0046434382467741685,0.0008771020158611087,0.010539301773581977,0.014612627205373617,0.010479691283729244,-0.1309326334208224,-0.02435038148145241,0,10
2017-10-03,XLE,0,-0.0010224289500289085,-0.00102295198705038,0.0020818770903734255,0.004847589686904873,-0.0008765573693042539,0.0065346169002162835,0.005558064466093609,0.00029247685041823297,-0.4169351201597835,-0.4161569323199129,1,10
2017-10-04,XLE,1,-0.0007311453753913177,-0.0007314127925268643,0.0007261847205983818,0.004775460855892569,-0.0013444210113875421,0.0035831511419908146,0.007164759001938194,-0.0007311456675547361,0.40854719743639323,-0.1203376628081807,2,10
2017-10-05,XLE,0,0.004536273840323846,0.0045260159601507866,0.002300270175986684,0.004772880635761476,0.0027168506261781022,0.005492577971142998,0.005995082113883356,0.0038017566683853908,-0.003510629952145572,-0.13305577831999593,3,10
2017-10-06,XLE,1,-0.008448733372173667,-0.008484626229071868,0.004650920625431881,0.005812933536783124,-0.00456259575328255,-0.0042713766597113345,0.007941189934225643,0.0010294072768267464,0.17728158397134375,0.04456148377621827,4,10
2017-10-09,XLE,1,0.002056975890581736,0.0020548632123307264,0.004877624944564429,0.0036041653452710313,-0.0017851914240016864,-0.0022816073368827627,0.005135707502342274,0.0008803750146794473,-0.5181847817909775,-0.45343102625931986,0,10
2017-10-10,XLE,1,0.0008793843747265662,0.00087899794281876,0.004922270292962035,0.0036077933846990103,-0.000556350329011801,-0.0015940715616550305,0.010627505182523455,-0.006114511332243959,0.3469058482677261,-0.24265968997012077,1,10
2017-10-11,XLE,0,0.002343713457201302,0.0023409712446209596,0.005051788339192357,0.003414206878684482,0.0015221169431083315,0.0007459058485754788,0.008212311754570475,0.0035195461970507283,0.3250125584450714,0.009702448432737931,2,10
2017-10-12,XLE,0,-0.0036535895987519496,-0.0036602802588188155,0.0046346158160924635,0.003582157477322716,-0.000762283584489043,-0.0024581548136339837,0.006920830009774073,0.003975800743728304,-0.010294546515018932,0.015442432729220412,3,10
2017-10-13,XLE,1,-0.0005864608837017338,-0.0005866329191501762,0.002448151502596408,0.003580742662694013,-0.0015531798773635863,-0.002546998382987664,0.009915431423448294,-0.006415900111670837,-0.12644999066898466,-0.0625273403612775,4,10
2017-10-16,XLE,1,0.0022013226745962733,0.00219890331371575,0.0024760976363577287,0.00368158832885913,0.00041022198992402004,-0.0001024708597839874,0.00790052564129611,-0.0008777989748817109,-0.1379403397910881,-0.14924710660349094,0,10
2017-10-17,XLE,0,0.0005859171504325467,0.0005857455679980639,0.0024604890245038947,0.003678859142596939,0.0008203960107542319,0.0005712628601919345,0.007470370020624064,0.0008789393721813733,0.09263196337502766,-0.08202502183410898,1,10
2017-10-18,XLE,0,-0.0070250449340910626,-0.007049836739513982,0.0036694080922186467,0.0042899600128691266,-0.0045190218315478425,-0.005744397503410714,0.011570019473504726,-0.006297602707429475,-0.08007544376932352,-0.13183123979045797,2,10
2017-10-19,XLE,1,-0.0030950244932289595,-0.0030998239871280475,0.0036027925756400908,0.003915204867226043,-0.006025072939744969,-0.007352486953003279,0.008459479341924498,0.003858743645426309,-0.014844996950546974,-0.11921907393807774,3,10
2017-10-20,XLE,0,0.0019220238915627075,0.001920179167000935,0.003935681818834963,0.0031639193003181873,-0.0030304812301891193,-0.005006540796683834,0.007228173139872268,-0.00029509178626306094,0.2935101884903648,0.16834816542140585,4,10
2017-10-23,XLE,1,-0.005164355031081702,-0.005177736403178201,0.0037746113997240813,0.003350050509958749,-0.005633911774212796,-0.00899559834406738,0.010026545388316722,-0.0058979877274967455,-0.11862283863872425,-0.004487987559694151,0,10
2017-10-24,XLE,0,0.0019281327180553642,0.001926276256119852,0.004088531863559612,0.003436267020212666,-0.0014190701896750202,-0.006032882689634866,0.006503026724755005,-0.0016257848713828035,0.13458805587327993,0.10339697774262158,1,10
2017-10-25,XLE,1,-0.006957775827561186,-0.006982094015776319,0.004069106889239668,0.003665506806064524,-0.006104361652815804,-0.010984048391363133,0.011270866133714105,-0.005190545343868679,0.3770289810798151,0.4661073730910257,2,10
2017-10-26,XLE,1,0.0020870067640934575,0.002084831990795788,0.00444966042657369,0.003821273153847307,-0.0027890056660777596,-0.007515220745542783,0.009238604394922287,0.001639109064984797,-0.3076678473973393,0.024125841615025845,3,10
2017-10-27,XLE,1,0.0017852421126138829,0.0017836504619528348,0.00442573968436446,0.003949543354014794,0.0002673846478189468,-0.004567621693149393,0.020337977486042155,0.007028466756457802,0.7290807716135097,0.6399421339914173,4,10
2017-10-30,XLE,1,0.005197494036615957,0.005184033684407563,0.004566740901746729,0.004329370006142012,0.004660425136769231,0.0014943775282365568,0.015103850237056585,0.012262594005443373,-0.2825055596738325,0.1313994819727895,0,10
2017-10-31,XLE,1,0.0032499350830261786,0.0032446654582098944,0.0046845318451160314,0.004507461201594591,0.006849586729181123,0.005373936281318992,0.010927428821986355,0.0028057064084659688,-0.16924957812446184,-0.07159200466465121,1,10
2017-11-01,XLE,0,0.011338530193278906,0.011274730867254945,0.003928702487262782,0.005277266216728964,0.01345757571143169,0.015525541222589423,0.01039225830860834,0.005269329800345936,0.7935848274432584,0.5243731645917489,2,11
2017-11-02,XLE,1,-0.0029120730045553156,-0.0029163213387914944,0.0052003108836593875,0.005260901432394262,0.006762627215680661,0.011312153397647684,0.011648268028582457,-0.002912011464087247,-0.34542334294447685,-0.033973752206503116,3,11
2017-11-03,XLE,1,0.0029205779407341925,0.0029163213387914944,0.00511820454257206,0.00528455210757443,0.005740359751969404,0.012904545670268552,0.008327242077968514,0.003360166065566206,-0.019102601449467294,-0.0627511941342137,4,11
2017-11-06,XLE,0,0.022859621556517995,0.0226022552237497,0.00997618832516747,0.008118456458229496,0.021075569881531475,0.03175292453292977,0.02130734362698928,0.018263547981527996,0.7188779596648638,0.48058113197016517,0,11
2017-11-07,XLE,0,-0.0012811229407865277,-0.0012819442803473358,0.010641400646192796,0.008277898041376101,0.013140800263661045,0.02649629606092674,0.009663212713300765,-0.002984213106100187,-0.29789005235602095,0.011384419296571746,1,11
2017-11-08,XLE,1,-0.004845719849643659,-0.004857498415900885,0.011276528757220305,0.007994189560895424,0.004922707076894239,0.017443400683147203,0.010572908792051737,-0.002428892329389717,0.06236251239718715,0.06862270041269936,2,11
2017-11-09,XLE,0,0.0030072251697208507,0.0030027125128966325,0.010753573349013624,0.0079744833006632,0.003467450053530552,0.016341360137766436,0.010064767029784146,0.006901447972358228,-0.0882807125910744,-0.051518101181430964,3,11
2017-11-10,XLE,0,-0.005283176773325571,-0.005297182101931419,0.011649463123641006,0.008501457863224031,-0.004629572016996986,0.007579333558652701,0.012015504552754462,-0.003576026132230027,-0.18898444056078656,-0.19764064824286331,4,11
2017-11-13,XLE,0,-0.005742287965492032,-0.005758838289259494,0.0037092734119137357,0.008940578208127836,-0.0075373863215024706,-0.0004762642869898803,0.007917130302192987,-0.003022874345510639,-0.28900153784815175,-0.4110185718902877,0,11
2017-11-14,XLE,0,-0.016170855132939255,-0.016303030271066277,0.006824637288894792,0.01066233663914459,-0.017900878553833266,-0.01696571925149637,0.013623223788496376,-0.012463776961616848,1.2066944377686988,0.23300558025722906,1,11
2017-11-15,XLE,0,-0.011300015883927705,-0.011364346144517423,0.007197582090348369,0.010481001668571008,-0.0220922858394339,-0.02623373883885749,0.008588802629039919,-0.0023692586347846168,0.07051192845949528,0.3161492753148831,2,11
2017-11-16,XLE,1,-0.0040080740357894,-0.004016127892032539,0.0051188970915721594,0.010498769254516194,-0.017655958941874106,-0.028198260874007564,0.007295977323568557,-0.0008934661214459587,-0.29271863042655044,-0.07725092448190296,3,11
2017-11-17,XLE,0,0.004918053528973676,0.004905999409431594,0.007964195074745615,0.010620752218793255,-0.006336652280774624,-0.021647718401643035,0.007585930548341569,0.002974816871276585,-0.26702892760108676,-0.31383858105732476,4,11
2017-11-20,XLE,1,-0.0023728287349876753,-0.0023756483542891615,0.00817980906412135,0.00618728376385756,-0.002846124808104422,-0.019730766485360873,0.006533072774683414,-0.0011878520099065453,-0.15122541537656453,-0.36375010930654295,0,11
2017-11-21,XLE,1,0.0022300367417036338,0.0022275539003020484,0.006252150675741327,0.006471240633272004,0.0015153077621359312,-0.013606307604927204,0.007700344763227786,-0.0016289147392267705,0.08722849472724237,-0.27911262821888594,1,11
2017-11-22,XLE,1,0.004004695827375615,0.003996698377499719,0.003947743109585544,0.006925429930613525,0.004571048382713716,-0.0065602144218894765,0.004570887053799381,-0.0019167982011638032,0.09960540617173108,-0.17249969549411304,2,11
2017-11-24,XLE,0,0.0028069055638277884,0.00280297356052861,0.0028220497694718214,0.006906155609882596,0.005063866112778648,-0.0006183002320835351,0.0033842809099097148,-0.001177189996062936,-0.46379801235562723,-0.522325517735126,4,11
2017-11-27,XLE,1,-0.010165111446736597,-0.01021712900183358,0.005818168799335356,0.0072426329178999944,-0.004445177178839743,-0.0071666585082599266,0.009172882834437051,-0.005917945230900099,1.1231089827078367,0.013557399175632145,0,11
2017-11-28,XLE,1,0.007739340808084805,0.00770954574072702,0.006770567142258936,0.00800955500188217,0.001953290113307693,0.0028140053168901336,0.009366595798524552,0.006690409365892524,0.14321712376602047,0.1096403399649335,1,11
2017-11-29,XLE,1,0.005464358427095695,0.00544948298581005,0.00702846288364514,0.006629072792680577,0.005464390961805732,0.00838335506213439,0.009899500087532872,0.005910188003476064,0.12267507615596074,0.2801051999420159,2,11
2017-11-30,XLE,1,0.014982589918831168,0.014871459557311173,0.009201643995212764,0.006886378399575734,0.016296147685418427,0.02087563610129539,0.01450770111600023,0.012602588471183998,0.6400550028310281,1.012119484367092,3,11
2017-12-01,XLE,0,0.008393632095587744,0.008358601452097325,0.009333658512819198,0.006685900466212167,0.019428937356700704,0.025535469669734745,0.017531272954513063,0.0012933463431747667,-0.05000538029735113,0.7727738983907377,4,12
2017-12-04,XLE,0,-0.00043061277975087187,-0.00043070552005852747,0.0055569460225880695,0.006799512992706452,0.011707630369840016,0.021755414024612563,0.018784684187891792,-0.008823041793167289,-0.3592737501356881,0.09550119791065659,0,12
2017-12-05,XLE,0,-0.004307117813186712,-0.004316420165609625,0.007538857514734174,0.007002216025478811,0.0025734004217896622,0.014259723026539772,0.00904529603747988,-0.004307294259661206,-0.212589957203574,-0.1571459434228557,1,12
2017-12-06,XLE,1,-0.01297795881087982,-0.013062908299397602,0.010905123115587122,0.008660506303574147,-0.011495447015964944,-0.00040905595819917817,0.01330438392833599,-0.010122987161102909,0.12829051993489116,-0.07524147903705869,2,12
2017-12-07,XLE,1,0.0029219379646523436,0.002917677401301333,0.008030606792493884,0.00863314731101878,-0.007316862914984457,0.001108232619979832,0.006580827234819674,0.003948585599679025,-0.2836533678240971,-0.3341445877283772,3,12
2017-12-08,XLE,1,0.009176870237010748,0.009135018613096957,0.00827053359898913,0.008973284743849529,0.002953136818179214,0.008236886938027155,0.03797094372735507,0.004057953323143116,0.23804398148148143,-0.2103652707474094,4,12
2017-12-11,XLE,0,0.007217290758694261,0.007191370755823545,0.009096642555349772,0.007964643846261887,0.009811650545739958,0.011700266648064783,0.01109345342805023,0.005330573370787455,0.05796180130320572,-0.1690188626043435,0,12
2017-12-12,XLE,0,-0.002722992179855277,-0.0027267062668800968,0.008917261309557632,0.00807865693176021,0.006362952707886782,0.00620281646807519,0.009052985868242465,0.0,0.0390131398729312,-0.13434248916105973,1,12
2017-12-13,XLE,0,-0.0014369964766549614,-0.001438029946271957,0.005205287314085948,0.008117768606417558,0.001903129593343822,0.002712656721533868,0.006610132327628737,-0.001436966221920121,-0.21620656222891255,-0.29887771745745795,2,12
2017-12-14,XLE,0,-0.003597542783927876,-0.00360402950314187,0.005995996968710571,0.006866835614122606,-0.0033968036794490564,-0.0010964247884929224,0.007511255918621265,0.0001443666958155148,0.27851562500000004,-0.025615750511058022,3,12
2017-12-15,XLE,1,-0.0009015056790269149,-0.0009019122796583012,0.004327477072115814,0.006238396431964894,-0.004001618179813926,-0.0012730258301895114,0.009239200529288583,-0.007939879443004609,-0.1382863156465356,-0.07604556163533405,4,12
2017-12-18,XLE,1,0.007712627352811419,0.007683037090858491,0.004542580606082549,0.006785788151742894,0.003879268696208138,0.006340988658067426,0.010596541355881523,0.005225731071869584,-0.04852561703468794,-0.08840250812687833,0,12
2017-12-19,XLE,1,0.0014440854725110697,0.0014430437838228727,0.004339223682142491,0.006611448044113181,0.004687165625587575,0.007122868489770839,0.00804941154305355,-0.00316230015334458,-0.29982299419296743,-0.33716740535757506,1,12
2017-12-20,XLE,1,0.014131143900987464,0.014032230041857385,0.007148608166380171,0.00590771725420798,0.015062131770631648,0.01790626035235654,0.015521617896510851,0.010778959187455249,0.8116702640371367,0.19856381646896804,2,12
2017-12-21,XLE,1,0.021185753235078986,0.020964455284231853,0.009099483911107759,0.008144930855923311,0.02755595202301553,0.0340475262086144,0.024729929628703524,0.02075041318657773,0.37117793463625604,0.5219330780942755,3,12
2017-12-22,XLE,1,0.002088881087193961,0.0020867024085688968,0.00837922552044472,0.008070485276983128,0.02021452747246033,0.03153176018779691,0.009179466593916837,0.0009735701437923311,-0.365545643363427,-0.0340888499090336,4,12
2017-12-26,XLE,0,0.008753394481568533,0.008715305633850257,0.008342392526528027,0.008141998336914931,0.01946241114559011,0.03568989332826389,0.008860575382861337,0.005122457427547426,-0.19038908899894946,-0.1984848372286525,1,12
2017-12-27,XLE,1,-0.0033060616226143758,-0.003311538719418916,0.00965871270928562,0.008202651528141746,0.007574653355776562,0.02753071679827057,0.00592205345766763,-0.003443051892281062,0.25769600630278866,0.016586144281006465,2,12
2017-12-28,XLE,0,0.001520454855123754,0.0015193001339599554,0.009488710233457556,0.008011598600986412,0.0031283081748234576,0.02409095042289544,0.0034554250901528715,0.0016586420057072301,-0.26609121811465364,-0.24508706779983835,3,12
2017-12-29,XLE,1,-0.002897767919085026,-0.0029019745771194927,0.004874366945125766,0.007931757694534575,-0.0009954180948573699,0.01612925402572185,0.007707095105553603,-0.005505112933093594,-0.07661796455289449,-0.2724093355211298,4,12
2018-01-02,XLE,1,0.01646863239373686,0.0163344951681621,0.008442591522393154,0.00839099455531677,0.011318251321742467,0.02603888776075247,0.015698145779842913,0.011429278026283483,1.0242781795443423,0.4069156298449703,1,1
2018-01-03,XLE,1,0.01497601486333977,0.014864981538029287,0.00966828083891277,0.008792190386869323,0.020981242760208962,0.033751284007874194,0.016576103885818646,0.012907671159405732,0.29602320802610893,0.6712041231971404,2,1
2018-01-04,XLE,0,0.006036137415074583,0.006017992916144355,0.008395661654201908,0.008561329248768379,0.019769904701658625,0.031906575251093416,0.011006707313076762,0.006711409395973154,-0.2586996621691642,0.16291054396720028,3,1
2018-01-05,XLE,1,-0.0003999608817508715,-0.00040004088743783583,0.008757747925125918,0.00861837792137256,0.012478713516362205,0.024950495715319265,0.009078775585082364,0.0009345753457699592,-0.007157435625017472,0.1365729497814374,4,1
2018-01-08,XLE,0,0.0060023217609384005,0.005984379588341859,0.007015842396139446,0.006898196020309803,0.009935889024131228,0.02605261365534317,0.009607702124990939,0.006405066878858983,-0.3115372701416462,-0.1709155773799128,0,1
2018-01-09,XLE,0,-0.0025192920269963004,-0.002522470783087094,0.006839859416686322,0.007253420894691416,0.0026120484174128045,0.018948606195710704,0.0063516703649257435,-0.004499091428657387,-0.05569985274869105,-0.2075125187190786,1,1
2018-01-10,XLE,1,-0.001196214381810834,-0.0011969304173127249,0.004118427831210799,0.0072819143594157615,-0.00015964629620957016,0.014240436986617366,0.005566576354316175,-0.004108649054106718,0.17190968650170557,-0.08841575384698319,2,1
2018-01-11,XLE,1,0.020494760955041436,0.020287569452567045,0.00953694764045729,0.008593220540665965,0.015790367699972663,0.029026651082578292,0.02413792649857647,0.016976110787710684,0.671548697098503,0.436237699542519,3,1
2018-01-12,XLE,0,0.009650737315933577,0.009604466411267332,0.009308686690966515,0.008522556322062046,0.018979219381150436,0.03210149393665107,0.011994860951046342,0.009387239235341665,0.09561900550042846,0.43822703424453757,4,1
2018-01-16,XLE,1,-0.012658302577216674,-0.012739101464613434,0.012681191362546553,0.010143716075863696,0.003386610224162867,0.013389791078690427,0.017396887895188635,-0.014948402777374952,-0.14754884152740777,0.1466491110786845,1,1
2018-01-17,XLE,0,0.008765066381483111,0.008726876184644183,0.012511003095253529,0.009506300950926647,0.00721022615285416,0.01733595679589639,0.016697087374775824,0.005870035569338314,-0.17090956442476724,-0.043586023249065464,2,1
2018-01-18,XLE,0,-0.008169983527655855,-0.00820354074265639,0.013707532979180549,0.009601809686218323,-0.0045035222792023655,0.006461579505216308,0.008721762574870014,-0.004425883093482131,-0.17796307665947997,-0.16965512268113725,3,1
2018-01-19,XLE,1,-0.001307854025192401,-0.0013087100126871754,0.009948450581727379,0.009590686142617143,-0.005028433324117509,0.003323214427132015,0.0069454386797017905,0.000917306998607493,0.1257620759731124,-0.05608016987017983,4,1
2018-01-22,XLE,0,0.021602686581560615,0.021372655511082694,0.013771731040216761,0.011371583916313939,0.014852784533179397,0.02089412076059305,0.02092048122244283,0.020266675658072657,0.3127434870821666,0.21425824189546638,0,1
2018-01-23,XLE,0,-0.0015379987356277658,-0.001539182669764827,0.011612791153736809,0.011478443684612226,0.009432152336009025,0.016014081344942754,0.009465406629258757,-0.0034535257356417734,-0.40147619691244485,-0.27533540524695044,1,1
2018-01-24,XLE,0,-0.002694945294454243,-0.002698583196959703,0.011535888759475017,0.01148848936557545,0.005174950335238959,0.010022564628095365,0.012307680570162259,-0.0038461929712540065,0.2685151547879705,-0.10423929291500611,2,1
2018-01-25,XLE,1,-0.007850871879479637,-0.00788185222914839,0.011469162462189847,0.011960568422896493,-0.004288053496704802,-0.0004406878427203331,0.014598533014596774,-0.012805737570700623,-0.09298203518657555,-0.1925472686180475,3,1
2018-01-26,XLE,0,0.0054480677139170375,0.005433280675886554,0.011432628962162397,0.01029362326809204,-0.0017772736020582602,0.0039245397916800595,0.006989398143882714,0.003235826987930725,-0.3356345576187876,-0.4225574416386424,4,1
2018-01-29,XLE,0,-0.015094965323980136,-0.015210053954362035,0.007654394121223476,0.010968517578730939,-0.012547037172444764,-0.009844589241017276,0.01619171048462667,-0.011139904719531784,0.6244974503230447,-0.009242329524534743,0,1
2018-01-30,XLE,1,-0.020173103331925124,-0.020379358972489214,0.01009347045077506,0.012034953913657083,-0.024619549725992007,-0.02775096944934996,0.01545582358662185,-0.011888955518713181,0.7989594534758682,0.7041436250970909,1,1
2018-01-31,XLE,1,0.000668650796248782,0.000668427348905265,0.01063888991134319,0.01148234923790043,-0.01665838248834073,-0.024234514465686363,0.010666605631510416,-0.002000020345052083,-0.30883270774180505,0.16288511284022533,2,1
2018-02-01,XLE,0,0.01028744839265383,0.010234892730560663,0.01322500329335441,0.01201422637916979,-0.0026902643954612726,-0.013089931124122378,0.015210132569260553,0.008939370588667615,0.14538991307002092,0.27089630802491604,3,2
2018-02-02,XLE,0,-0.04178806781939148,-0.04268630190702982,0.020084137962065058,0.017617844063866527,-0.031464686644147144,-0.04946812709361226,0.03165843994665694,-0.02384486316065358,0.7214128672633191,0.9406720941775581,4,2
2018-02-05,XLE,1,-0.04195401483198247,-0.042859500944073314,0.023933952846479437,0.018357691421124703,-0.05460969076029143,-0.078943788241154,0.05763047796466659,-0.02895509521162366,0.12134015365065443,0.9585482420858373,0,2
2018-02-06,XLE,0,0.007922745374982387,0.007891525218994833,0.02661758170907461,0.01915291554726525,-0.03441705485604818,-0.06176246756274539,0.03766670919506929,0.025501946037830747,-0.05615573119801198,0.6395508312619442,1,2
2018-02-07,XLE,0,-0.016721450150399608,-0.016862831885708918,0.0255022940144016,0.01902915387044646,-0.03444016453301002,-0.06630833211351839,0.032483241202337754,-0.019803381411886856,-0.2502346473585412,0.16147504030325988,2,2
2018-02-08,XLE,0,-0.030232791904516,-0.03069922794145441,0.02090520337133186,0.019797404627500848,-0.039640896839998385,-0.08161171874096562,0.035719456749909076,-0.031218258169528085,0.1287367347187618,0.21864964749640392,3,2
2018-02-09,XLE,1,-0.0007493817539365732,-0.0007496626807994566,0.020499883376803356,0.01920334501161786,-0.02409405294611089,-0.06839945665272718,0.04636357256360871,-0.012442659468297555,0.26657208392897647,0.37790130566099833,4,2
2018-02-12,XLE,0,0.016349328678333608,0.016217117500486378,0.01880460789412365,0.021574669685397205,-0.0032948645672313814,-0.041679013536653375,0.019250748930212672,0.0034059434487078272,-0.2904750938901066,-0.06732012196603143,0,2
2018-02-13,XLE,1,-0.0041321756592618275,-0.004140736689026259,0.01751219344182495,0.021465708432078418,-8.881801937654643e-05,-0.035655541938312774,0.01127420954678162,0.0010384170155974197,-0.507751363350416,-0.5221999106239638,1,2
2018-02-14,XLE,0,0.014522826428159163,0.014418380206219883,0.01875014632198486,0.022647820155172912,0.015455912320185616,-0.012634087706378305,0.02993115847252716,0.024543540813207598,0.6082132682132682,-0.2434581989105774,2,2
2018-02-15,XLE,0,-0.0024831710578437916,-0.0024862592404781836,0.009893126420462861,0.021805756589938184,0.008238429828834493,-0.004562404368606332,0.02128278596133543,-0.004518914948820218,-0.16639756237061487,-0.3655984681360511,3,2
2018-02-16,XLE,0,-0.0024894322231679977,-0.002492536011748925,0.010159817784260903,0.018753193628009698,0.0014407028487422036,-0.0007187821105083536,0.015441221349379596,0.0017647462732651655,-0.16262280350225267,-0.4310391062374428,4,2
2018-02-20,XLE,0,-0.005431566298377155,-0.0054463708870091665,0.008213596202938617,0.01390102386269514,-0.003969416666024128,-0.0037057233013686464,0.019337820883594734,-0.007471463818776738,0.2912748076658134,-0.2100438492402349,1,2
2018-02-21,XLE,1,-0.01682660974352379,-0.016969785522438663,0.011220675038942139,0.014072068305860214,-0.01821775996735331,-0.015606051941069343,0.02324203736336269,-0.013915653574227173,-0.2955228238835137,-0.38851159841237426,2,2
2018-02-22,XLE,1,0.010959333580244923,0.01089971527309297,0.009901453459247042,0.014192710805380974,-0.004170251213472809,-0.0026658419410896528,0.021016600671850728,0.0037263379586563897,0.22198574776412072,-0.2173958322166255,3,2
2018-02-23,XLE,1,0.021681057222021627,0.021449365993155833,0.014971222497344885,0.012075813866184407,0.015888043080318326,0.015828064433844435,0.019210809184857743,0.01669875740193347,0.023124139775477337,-0.14664693528906103,4,2
2018-02-26,XLE,0,0.005959325971065521,0.005941639419881906,0.014873771529408615,0.01202196081571033,0.01866301601842535,0.018063650777555562,0.007809123696479633,0.0008676436336924206,-0.22495664592471687,-0.24393115496973272,0,2
2018-02-27,XLE,0,-0.013004358974459729,-0.013089655945905054,0.016298456676345913,0.012202569090122432,0.0037613778549936416,0.004012138493553197,0.023071355577868616,-0.014996408628839905,0.10770458359382706,-0.09803601104136761,1,2
2018-02-28,XLE,0,-0.022982840253512715,-0.023251063381734216,0.018177238855827407,0.014332301995670912,-0.01968248643104853,-0.017994861205044343,0.03218289126840382,-0.02810543696866715,0.30865829477858564,0.13962288066812345,2,2
2018-03-01,XLE,1,-0.0014987213623192108,-0.0014998455685684142,0.01721747187556151,0.013258329471493203,-0.019134625913054704,-0.016833749617828575,0.0229488348780178,-0.00044995920385143106,0.3037680172511634,0.4555123213315071,3,3
2018-03-02,XLE,1,0.004651842194175693,0.004641055814365025,0.012372077457164812,0.013456519953867424,-0.009175745292054893,-0.010303609294828986,0.02326988377796825,0.011634884247744354,-0.3654450489662677,-0.06520165403824241,4,3
2018-03-05,XLE,1,0.010605248749246066,0.010549407558251733,0.013554125087182413,0.01401800783383081,0.005947293764774875,0.000872945799487157,0.020258195016210175,0.015306186701727079,-0.11985815116366805,-0.17215114249787578,0,3
2018-03-06,XLE,0,0.000591240600022358,0.0005910658861605356,0.012747657449741602,0.013915829221200424,0.008370966786658718,0.0015387617482900406,0.01424796114298368,-0.005581740196710171,0.22182909246775506,0.025584835011143614,1,3
2018-03-07,XLE,0,-0.007533461466930902,-0.007561981313495725,0.006785420639444789,0.012942534674494317,-0.0005652717534120333,-0.006858445365701127,0.016723946933956353,0.0032850711765421586,-0.21146326995324627,-0.19032047003931618,2,3
2018-03-08,XLE,1,-0.00029785020661232675,-0.0002978945727951654,0.006679216592918008,0.012454897223071748,-0.0024358231564202137,-0.006904688348043031,0.01262249064962927,-0.0025244754706002046,-0.35181110769579216,-0.44875801499778833,3,3
2018-03-09,XLE,0,0.019056427838384904,0.018877128407493782,0.01039548442946871,0.01196081880848298,0.012064980831756111,0.012544115185190385,0.013000514862948172,0.01122757393152413,0.4217738010557448,-0.19241630775948348,4,3
2018-03-12,XLE,0,-0.0002924469591120138,-0.00029248973006312795,0.00992300596603251,0.011750395545017413,0.00947054789300994,0.01341731721859385,0.012264622477518127,-0.0008760046790056634,-0.16739078916186112,-0.31462508850772364,0,3
2018-03-13,XLE,0,-0.007160486562906021,-0.00718624588666561,0.010822446801003081,0.011224486760498528,0.0015331253018115998,0.0067123525482377655,0.018793608648069945,-0.010198090828476227,0.13123550495467007,-0.20905099977003228,1,3
2018-03-14,XLE,0,-0.005887720223889725,-0.005905121183545692,0.010528398730751912,0.008351659553104619,-0.005389918408840622,-0.00039978175156885065,0.01451609835878516,-0.009677361616536768,0.057525463847393876,-0.12299628895171,2,3
2018-03-15,XLE,1,-0.005181904405053728,-0.005195377034424187,0.010908321529116029,0.008563575351297243,-0.010602209798316609,-0.006388432810970013,0.02065203580131882,-0.008850840330696377,0.09343331982164571,0.044214930628313054,3,3
2018-03-16,XLE,0,0.008918581050685548,0.008879045400759011,0.006594870894651504,0.008874416843068795,0.0001681528301624713,0.001230557038860658,0.014831428670704588,0.0083894765332397,0.15586896079300483,0.2093805282871226,4,3
2018-03-19,XLE,1,-0.015451069219544422,-0.015571680989764136,0.008781077853550773,0.009626148286117568,-0.010355631400110421,-0.012900878417007378,0.01937411447571334,-0.01236962518523454,0.012717359474572199,0.20751761811850056,0,3
2018-03-20,XLE,1,0.008450348728827883,0.008414844407719446,0.010421749459743807,0.01010860857613614,-0.00011227723699058778,-0.003978851081255397,0.011106076756315204,0.003001719734071563,-0.22484681583476762,-0.02829308539880715,1,3
2018-03-21,XLE,0,0.0261859270832272,0.02584894581176389,0.015788899469708143,0.01278534301670655,0.021432553892633877,0.019269762869018603,0.029748622640723626,0.02008029758609056,0.46011670559813833,0.37058000121721135,2,3
2018-03-22,XLE,0,-0.020414161747161264,-0.020625410671711197,0.019237331736669982,0.014762513066731571,-0.0008031627012367037,-0.0022567853890461675,0.01666171127252609,-0.009436735366091133,0.12434609114576989,0.41728672993049964,3,3
2018-03-23,XLE,1,-0.0061030722686783445,-0.006121772137492432,0.018967607101336794,0.01338973877682576,-0.005303494974019829,-0.006581344295769731,0.02488152234451125,-0.011107820457467648,0.03952109414730742,0.3899434308945442,4,3
2018-03-26,XLE,0,0.017972244258038117,0.017812652784177097,0.01869456594762547,0.014776062710947838,0.007470466291169986,0.011236844649485711,0.019395877122243027,0.006366602003952962,-0.1697329593063499,0.10244981168584366,0,3
2018-03-27,XLE,0,-0.009415949613938879,-0.009460559920612788,0.01960752313779114,0.014916308941136013,-0.0034928825780706774,0.001908416738466201,0.02343976595441476,-0.013624381425006776,-0.12724252491694354,-0.058596105943858334,1,3
2018-03-28,XLE,1,-0.019456407839278045,-0.019648175220579045,0.015525683505929198,0.016074227309174263,-0.015420399091300663,-0.01605871602868536,0.02508527153203151,-0.02003868262546741,0.30924147639534305,0.1777342601679699,2,3
2018-03-29,XLE,0,0.021054351817276995,0.020835771670920877,0.01780073248920467,0.017477248311193364,0.004620076968055997,0.003617966059276112,0.02081130001850108,0.016588842467436717,-0.23373032635349755,-0.10654079352784007,3,3
2018-04-02,XLE,1,-0.020026961328446502,-0.020230219255608972,0.020094055442970035,0.018423445951152896,-0.01341153432263309,-0.014647658548858078,0.034847301336081354,-0.016232374423179725,0.3597482835890351,0.17978505203499884,0,4
2018-04-03,XLE,0,0.02134429071587718,0.021119691660397955,0.020968451370234842,0.019040525774774202,0.009153664277842033,0.004585855302500663,0.027899239062501437,0.017493646581488057,-0.2568722325476094,-0.12102659719225217,1,4
2018-04-04,XLE,1,-0.001333735525274049,-0.0013346257421305019,0.02049252339715862,0.01892090982586823,0.007656982317250094,0.002425087744306609,0.023329249930871532,0.014148024946879022,-0.11502518722147037,-0.22805187356929912,2,4
2018-04-05,XLE,0,0.017957712966050643,0.01779837793946948,0.018166381611675317,0.017851709607366865,0.01792761158407208,0.02041117652923874,0.02176156217464954,0.015395902874141313,0.08306913888622036,-0.14860891542729404,3,4
2018-04-06,XLE,1,-0.01807855641879852,-0.018243970180705116,0.019414856852002983,0.017565639621323816,-0.0002969592590822412,0.0017102892709608408,0.029782844340211875,-0.011883878293254388,0.3958709086070784,0.18544712196095747,4,4
2018-04-09,XLE,1,0.0047516364684450085,0.004740383077815213,0.015873012431619826,0.01745475567254567,-0.0003248219728488877,0.0051245785022666634,0.016698644657811443,0.0,-0.42703572884838403,-0.28299731218423463,0,4
2018-04-10,XLE,1,0.03310160152428043,0.03256554108431553,0.019393388722686464,0.01957082071935742,0.02537396757044874,0.035412230843139714,0.025312742476627625,0.017020742430900092,1.0187249302205217,0.3930649699857902,1,4
2018-04-11,XLE,0,0.010442152353877576,0.010388009665621034,0.01879154651602141,0.019175661054389236,0.026266962353380663,0.04112024031781458,0.01561610200040967,0.012034330962245866,-0.029818424883940264,0.2916539172815833,2,4
2018-04-12,XLE,1,-0.00014156808334941928,-0.00014157810505643909,0.018528913479809502,0.0173247079923623,0.020075173166826277,0.033947783364302264,0.011427838873811769,-0.003527088172791154,-0.3246346309028876,-0.10632428122098303,3,4
2018-04-13,XLE,1,0.011043109033567422,0.010982579122913005,0.012732316973350359,0.016694139858487122,0.019385330026773673,0.03928023846954076,0.011125098751824216,0.005633030754055124,-0.06855976969730848,-0.16426653893849363,4,4
2018-04-16,XLE,1,0.010222887871819575,0.01017098756789192,0.012194645685647617,0.013995484891649654,0.016829700907073253,0.040695909588293944,0.017884571534928225,0.007964226592911943,0.0520539518694112,-0.09249329932197292,0,4
2018-04-17,XLE,1,0.0038813359386649093,0.0038738229882455677,0.004981718679010549,0.013349051483574795,0.013604289711639517,0.03732773929609312,0.011475208212953874,0.0012442463101388353,0.14838530265325178,0.028911195214134766,1,4
2018-04-18,XLE,1,0.01574149470567421,0.015618882437571813,0.00627035342948807,0.013229910011581933,0.0212128012026076,0.04441161298457574,0.01629024492392016,0.006981444018210283,0.07489459991431402,0.07292732554356007,2,4
2018-04-19,XLE,0,0.0012236832992165159,0.0012229352090296075,0.005833562475471407,0.013012361090387998,0.013960210273031404,0.03823072741211919,0.013583264910247876,0.00040748136617351264,0.0484533402651417,0.0935878850540639,3,4
2018-04-20,XLE,1,-0.004752235016848405,-0.004763562788078879,0.007951876279991717,0.010590796942392849,0.0039171427862767505,0.024701984697726775,0.009931914660395409,-0.002721046914859694,-0.24572045641118878,-0.1484835800212344,4,4
2018-04-23,XLE,0,0.006139086035283681,0.006120318617304665,0.007512729805997256,0.010544473780627608,0.00564525184537823,0.022303584072517646,0.014917257038970054,0.009306149008016868,0.08430725179687948,-0.09924363552516213,0,4
2018-04-24,XLE,1,-0.010711821148050471,-0.010769605726725917,0.010156681648327125,0.008091351224355062,-0.006590033833942632,0.0070950084323084806,0.025693057529248078,-0.013387395600062479,0.5350699917815231,0.3748380059222862,1,4
2018-04-25,XLE,1,0.007949336797488993,0.007917907272442903,0.007741123398544743,0.00791793904284175,0.001361470728555858,0.011053540784780935,0.01883683051489127,0.011137048277291606,-0.4223455842018651,-0.1653964767764483,2,4
2018-04-26,XLE,0,0.014550445688533253,0.014445603728165057,0.01018832072082239,0.008400187567130511,0.013282568407187778,0.020182509017181438,0.014767597533455221,0.010838681455350727,-0.07189686476795332,-0.21497579108687903,3,4
2018-04-27,XLE,0,-0.01058885335455495,-0.010645314186248811,0.011496661602225596,0.009531482327594877,0.0011390655749632383,0.006064621590678554,0.008937084302590161,-0.00040621232114699813,-0.1373179775556811,-0.31040597146958715,4,4
2018-04-30,XLE,0,-0.00013532329569676538,-0.0001353324527202382,0.01119783838235029,0.009262504384161605,0.0008407025389176592,0.003644193342744906,0.013025768306976207,0.0014925456568039399,0.22998681126830056,-0.1458783981003121,0,4
2018-05-01,XLE,1,-0.0060965210398744585,-0.006115180702274348,0.010219671239566982,0.009607774917421173,-0.006338882625468778,-0.003747967646696271,0.014433517474886578,-0.001089349515184406,0.06462138978030119,-0.07666462163447807,1,5
2018-05-02,XLE,0,0.004089204081441755,0.004080866009422035,0.009709338790169181,0.008280991958622539,-0.002599875445343569,0.00019006892124018293,0.0164068493062091,0.007109711194973487,-0.026534501373098873,-0.07723068237000752,2,5
2018-05-03,XLE,1,-0.0023079131363282768,-0.002310580472628221,0.005615180285716274,0.008306173948442365,-0.001874312190120464,-0.0019014324452167886,0.015139124590448126,0.002318578418615473,0.14104520383782293,0.07372396519166435,3,5
2018-05-04,XLE,1,0.0048985127435434705,0.0048865540672462515,0.004560406446545046,0.008277343059956197,0.0029332864182034513,0.002239131856260679,0.015281794686739396,0.0076408452940148345,-0.11377335351215945,-0.04773753990978902,4,5
2018-05-07,XLE,1,0.0013545121532259063,0.0013535956291743645,0.004590608412484726,0.008068715094624895,0.00390996752228423,0.003324316837471031,0.023780688375777456,-0.006449057570408405,0.3230061462588789,0.23280971997591138,0,5
2018-05-08,XLE,1,0.007842840436443232,0.0078122452281630395,0.003839645528907575,0.0073570699053212615,0.008579591380515783,0.009043853624037812,0.026088134868878683,0.007434379526987873,0.6009002041872291,0.895761793950766,1,5
2018-05-09,XLE,1,0.020394718576515425,0.02018953143570279,0.008681394266212276,0.009254110233241993,0.02253491971695487,0.02613592783098917,0.0193531155517476,0.008085903905230464,-0.13450290365293793,0.5229712490933931,2,5
2018-05-10,XLE,1,0.007494989108673078,0.0074670412369264305,0.007192044486811358,0.008551853898211946,0.021600046863603506,0.031030590460040086,0.010478101738652611,0.0035364018055934307,-0.4422520167523962,-0.15916946638820784,3,5
2018-05-11,XLE,1,0.0014358503551019641,0.0014348205076673004,0.007757625190749591,0.007217897614071795,0.015269544349223674,0.02848359148925983,0.008985576678990869,-0.0007813199359087152,-0.13530500140387758,-0.2793568469709552,4,5
2018-05-14,XLE,1,0.006906886206315965,0.006883142933144626,0.0069797950005134135,0.007123682729938096,0.013405159358560459,0.03082034243056464,0.008314919832381303,0.0037677135368076402,-0.14856752728816802,-0.3761769541174712,0,5
2018-05-15,XLE,1,0.0002588757603338987,0.0002588422577858296,0.007994214788725926,0.006298992566071332,0.0064070510418854365,0.025722541999253057,0.009210002830466909,0.0024646834924398823,0.025072606905723438,-0.3473248768922237,1,5
2018-05-16,XLE,1,0.0034937085421851144,0.003487619720088375,0.003219416566740269,0.006313845040827477,0.005992951531748059,0.02401899962023335,0.010625887187777624,0.004924256729675824,0.14447613687313376,-0.24628299380928265,2,5
2018-05-17,XLE,0,0.01508739183830099,0.014974709120631147,0.005955862193213872,0.006417888721840128,0.01563724082772855,0.032339396164034584,0.013753208905562416,0.011825168802798987,0.3562581268962759,0.016222664264234243,3,5
2018-05-18,XLE,1,-0.00774920016669256,-0.007779381238856242,0.008409435474775458,0.007928331734354149,0.004191095577071868,0.01864880821594128,0.007762797100247601,-0.005981181086170213,-0.13389219054408685,-0.12262089978564672,4,5
2018-05-21,XLE,0,0.010241999620131281,0.010189905737101768,0.0088576747096895,0.007891105611966216,0.010190252057933114,0.022468065122566383,0.009675392828816208,0.004583075701656594,-0.18304512265215322,-0.2531822023701027,0,5
2018-05-22,XLE,0,-0.013306379474699592,-0.013395702605306425,0.011935000120663113,0.01004386190939116,-0.0047297078073542664,0.00452837384232696,0.022560186880516624,-0.01318125342730478,0.44039398598118673,0.16808033167243552,1,5
2018-05-23,XLE,0,-0.00012864858203454066,-0.00012865685797303072,0.011897666383140682,0.008376764751737013,-0.005620379726022806,0.002072073509283179,0.014726869462751093,0.005683952863925354,0.0013507483387000807,0.2422675283695397,2,5
2018-05-24,XLE,0,-0.01644179415549385,-0.016578460550893404,0.010751518487932927,0.010011230576657693,-0.01656828657998033,-0.014340316389373942,0.011046114461743467,-0.004938236107709803,0.15350058413325463,0.3786581064935439,3,5
2018-05-25,XLE,0,-0.02598933997902997,-0.02633303081944227,0.014242896360423411,0.012906021270987588,-0.03336193842377899,-0.03729249143329949,0.019675662495552394,-0.008508367179769305,0.6942750642136697,1.0362239366347765,4,5
2018-05-29,XLE,1,-0.003083834217940562,-0.003088599033137296,0.010456389086755008,0.01245306853769628,-0.024815677151665216,-0.03664261620630216,0.015540458060599662,0.00472970910974451,-0.40445560571278905,0.14715518571716868,1,5
2018-05-30,XLE,0,0.030262161420187672,0.029813295506053716,0.021352901153077433,0.01648955888680492,0.008027343692233346,-0.006614068429276143,0.026403565986634164,0.02146953802127542,0.19116285086017326,0.2717936819659543,2,5
2018-05-31,XLE,1,-0.007572083543868846,-0.007600897314138155,0.02135549202809544,0.0165434928470532,0.0052361707829597925,-0.012176012520229484,0.014071537111274878,-0.0002630756472920115,-0.4240906603191702,-0.2726310188004367,3,5
2018-06-01,XLE,0,0.004735915735694318,0.004724736568600729,0.020493760917202782,0.01566523415372543,0.0105046534895612,-0.004470653488825249,0.01206080471510192,0.0013109396397661492,0.06364123179497239,-0.2170245322134512,4,6
2018-06-04,XLE,0,-0.008640831858051534,-0.008678380301983868,0.016050166917174067,0.015698384180474128,-0.0012396804053176336,-0.009988866019404852,0.02192067221496735,-0.012004151569311915,-0.029306860485729502,-0.2382646108439842,0,6
2018-06-05,XLE,1,-0.002376981707001624,-0.0023798112126978133,0.01598461841596685,0.015008374959892172,-0.006731903538200967,-0.007971088538590632,0.01247514877825901,0.0025215984771586454,0.0013660403821991185,-0.24642740323959422,1,6
2018-06-06,XLE,1,0.004765576505519009,0.004754257093906755,0.006447291351946541,0.014884802325280198,-0.00015791283134847234,-0.0006712686606367146,0.011474480621066124,0.001055154726677594,-0.0166838100657285,-0.24613523503464463,2,6
2018-06-07,XLE,0,0.015151434263314112,0.015037797683622678,0.008913982468307486,0.01589897857563349,0.012244131920853274,0.015539648418893881,0.01585844083979732,0.00982961952820946,0.1260979880111579,-0.1442451672845687,3,6
2018-06-08,XLE,1,-0.001946859875943674,-0.001948757470933149,0.009037615302342948,0.014959523456357163,0.008894959193291196,0.013121869739243008,0.012056006125669995,-0.0031111986734308557,-0.25972237777441054,-0.33690239719762394,4,6
2018-06-11,XLE,0,0.00520147239691382,0.0051879914662849025,0.007111414705631371,0.01171568034509685,0.0099556709890265,0.014755241302300881,0.012096778595220811,0.00546313492904256,-0.046170549810440886,-0.2744541211273994,0,6
2018-06-12,XLE,0,-0.007632464705363495,-0.007661741026229851,0.008559843539955075,0.012088522146420774,-0.0008075738031435575,0.0038999779705441995,0.012677921322686265,-0.007632651280622938,0.465524641251003,0.09001930601067865,1,6
2018-06-13,XLE,0,-0.003780400669225803,-0.0037875644441611733,0.008988556171052493,0.00756680303098834,-0.005931540788159273,0.000340452496303989,0.009938565765639212,-0.0006538910809416192,-0.20405291840684525,-0.06407466381594262,2,6
2018-06-14,XLE,0,-0.0014395376851411568,-0.0014405748149592945,0.00466476894585019,0.007140287820659702,-0.005447834589047407,-0.0014786672331935646,0.0095250960692491,-0.004305869437405815,-0.17685028915142254,-0.21208919513829072,3,6
2018-06-15,XLE,1,-0.021478206206440364,-0.021712219738381666,0.00991571416285898,0.009719320900340852,-0.021121610489848508,-0.020735253679375343,0.019904458437517022,-0.01579090275700966,0.5634285936391639,0.2133840726277796,4,6
2018-06-18,XLE,0,0.009977216701231084,0.00992777287718516,0.011367265112052305,0.010126874255679938,-0.006447457569694892,-0.010570455972067405,0.019329551774638545,0.012570968680398408,-0.18055365644461574,-0.001897125242061426,0,6
2018-06-19,XLE,1,-0.002269362707961964,-0.002271941613899209,0.011294309107343633,0.010124544678030143,-0.004860506554349997,-0.012433407023970222,0.0164841718158979,0.009863473942283596,-0.04374867267376592,-0.037545908486094404,1,6
2018-06-20,XLE,0,0.004415282868396542,0.004405564103887816,0.01187718911841959,0.010105485833264177,0.001766841488901827,-0.007652436366567317,0.01170364709196185,-0.001595993385896569,-0.07548621466417083,-0.09763801472466727,2,6
2018-06-21,XLE,1,-0.01851609859316028,-0.018689667430864976,0.013901334751784232,0.0099633792847976,-0.011192541902515618,-0.02233967244683155,0.016769519514985863,-0.011537437614552226,0.2877426882523013,0.16353325028546095,3,6
2018-06-22,XLE,0,0.019951154359187928,0.019754738266369642,0.014390266961747219,0.012489219761759129,0.0058894175705148655,-0.0011987363744206947,0.010993401735823676,-0.004635741379087334,0.8678663273328093,0.9229075675438403,4,6
2018-06-25,XLE,1,-0.02009325102274706,-0.020297865949802762,0.01669391272422425,0.013489724752164867,-0.01095959239878641,-0.0171644605511736,0.025357020127326275,-0.017216080478759013,-0.3444106390643559,0.19769379288055,0,6
2018-06-26,XLE,1,0.012629053366823184,0.012549971991588027,0.01818722084047386,0.014389578473391368,0.0019886287390138424,-0.002588558889840331,0.01747258409229428,0.010022996687212193,-0.2642339896519643,-0.1060579519501853,1,6
2018-06-27,XLE,0,0.013410118161634621,0.01332099838089107,0.0191902429631908,0.01516709658071834,0.014062869328674177,0.011243048227322694,0.017954494351468002,0.005053826853032641,0.5220725250672897,0.29164174964844247,2,6
2018-06-28,XLE,1,-0.001323110425821894,-0.0013239865092766756,0.015985041683763714,0.015166204582907896,0.007879344962781643,0.010348514109157714,0.014138473711806276,-0.0027748293290941538,-0.3059915759404195,-0.12550824392770177,3,6
2018-06-29,XLE,0,0.006228038196055552,0.006208724117234166,0.013784537478848592,0.01328786413021899,0.012020965588327437,0.014237640717627675,0.014006310178638522,0.0034355461836948105,-0.07822672098786176,-0.17923820909514188,4,6
2018-07-02,XLE,1,-0.014749213549588691,-0.014859064683123702,0.011672058242525027,0.014010593213312505,-0.006031605240169546,-0.0006014007040228142,0.013526012379428054,-0.00782394826459358,0.16165827504765384,-0.05894468871522318,0,7
2018-07-03,XLE,0,0.0062820030886066025,0.006262353556548472,0.0107002014060922,0.014119388923620461,-0.0016972534374103398,0.004938554017307695,0.017857123033980172,-0.004100496889558356,-0.39148568963037533,-0.4154899373869294,1,7
2018-07-05,XLE,1,-0.0010625245103385028,-0.0010630893896736993,0.008578944196588249,0.014070728946360491,-0.0018050416295880556,0.0036832356470366534,0.013201320132013201,-0.007128724957456683,0.0710448851550245,-0.3672629417719431,3,7
2018-07-06,XLE,1,0.006116353274913999,0.006097724308524288,0.009120657876279751,0.012481891679600508,0.003767368289785411,0.007147453496575418,0.017071303699442163,0.009202384384101434,-0.06612167109684541,-0.3869236543704152,4,7
2018-07-09,XLE,1,0.014933115999899771,0.014822714755941213,0.011090521816365303,0.011794995791587113,0.01643773951979499,0.019947395553653324,0.010771146115888433,0.008800812065046579,0.18784571925716675,-0.18010096015195176,0,7
2018-07-10,XLE,0,0.00742217287150404,0.00739476408471873,0.005680461666737797,0.008848290338869844,0.017116481347267953,0.022452710457682157,0.01061213576353635,0.0012942423690994007,-0.00502748842592593,-0.1370280499607084,1,7
2018-07-11,XLE,1,-0.021196966747039525,-0.021424848467706425,0.013767884503994065,0.011630981785362841,-0.005593732034602672,-0.0007520034773672579,0.024657525792877222,-0.012002585135431456,0.7596786506234323,0.4520568080067553,2,7
2018-07-12,XLE,1,0.0017164373501075136,0.0017149659549837715,0.013707533656187126,0.010875652611143694,-0.005584382598408655,0.0005802596951283157,0.01356510964252775,-0.0009218977287353865,-0.35092032144111385,0.002780625780430368,3,7
2018-07-13,XLE,0,0.005272916473601841,0.005259063325855351,0.013646161397252998,0.010956786803660521,-0.0018847846637876087,0.004809230323678859,0.013038296586205174,0.004346132355173886,-0.09109643539147039,-0.06726752522266821,4,7
2018-07-16,XLE,0,-0.01153938609545524,-0.011606481470233465,0.01225915408499278,0.011461122259406086,-0.009721497211328645,-0.006052222566025889,0.01509732959074377,-0.0017216908904061907,-0.002845112097416669,-0.0562249827867487,0,7
2018-07-17,XLE,1,-0.003979548881943851,-0.003987488357282576,0.010633930544892815,0.01045398681902197,-0.007691843833445344,-0.010347038594304303,0.011180571923319352,-0.0006654522053906605,-0.1437501097396099,-0.15298940064351685,1,7
2018-07-18,XLE,1,0.0006654435656681112,0.0006652222562726351,0.0064772279799427115,0.010251561907049222,-0.0054541124260022444,-0.009479571329536474,0.016862881239980802,0.005487098849260239,0.5739962268793832,0.26671111411828186,2,7
2018-07-19,XLE,0,0.00026635756141901723,0.0002663220945415823,0.006323778959665595,0.010247249756600785,-0.0033157029544208516,-0.009137361235554309,0.008274426051739982,0.002936089948046196,0.05734293065824181,0.27354082763912646,3,7
2018-07-20,XLE,0,-0.003459869590244913,-0.0034658687806436994,0.0049076428455569225,0.010054445338284843,-0.0031415430465800975,-0.011549031991707204,0.008915477782320333,-0.0034597755282936827,-0.33086903485750196,-0.15807914421921632,4,7
2018-07-23,XLE,1,-0.00440644012549829,-0.004416177096903784,0.002445130510841021,0.008370278354700448,-0.005362813811452316,-0.012986461088902668,0.009587233493103626,-0.00719042511982772,-0.298070194821935,-0.3928626036875167,0,7
2018-07-24,XLE,1,0.012607527564706622,0.012528714423637233,0.006789961268023282,0.009201745878580829,0.006049801497056029,0.0019376256817058568,0.015355875754458393,0.008145287959981996,0.3337836774312022,-0.1847884907543622,1,7
2018-07-25,XLE,1,0.008344203030664188,0.008309582621714107,0.007489656809821933,0.006969849950780197,0.011748120877199009,0.009762003888214021,0.01441794126839494,0.007010566005213621,0.08524364458868083,-0.052007181698695115,2,7
2018-07-26,XLE,0,0.01090247275492029,0.0108434692673951,0.008120082998962901,0.007707188367172033,0.017881756700167006,0.01928376045816771,0.012583550569564447,0.008782254042533999,0.10440133027647636,0.05039887473885263,3,7
2018-07-27,XLE,1,-0.004287779594559393,-0.004296998483297898,0.008336129014178949,0.007775357078671093,0.008873709468804725,0.014416170396309269,0.013534806832448768,0.006964504466805065,0.03721056172768589,0.07816847229969581,4,7
2018-07-30,XLE,0,0.00822115735441109,0.008187547721360211,0.006656982751931554,0.006825447766434087,0.009987410174320699,0.020216821192136525,0.007508987800376551,0.00025898851649659065,-0.09856102018052515,-0.028133384961526176,0,7
2018-07-31,XLE,0,-0.0018121272285712697,-0.001813771117374685,0.0068269368783182155,0.00662885591176834,0.0039051614817315894,0.015632172236389907,0.008656306921664553,-0.0036175552167561215,-0.0091706888986397,-0.049508401249643286,1,7
2018-08-01,XLE,0,-0.013874172514924843,-0.013971318439259583,0.010005850907813654,0.008465737305631443,-0.009817019384764092,0.00032908023134159414,0.01098762590996376,-0.005232098266206302,-0.010451264337274724,-0.025145955435493028,2,8
2018-08-02,XLE,0,-0.005522946888879221,-0.005538254749064553,0.007946080219850287,0.008734182940260125,-0.01186347021420664,-0.005823379828971409,0.010332478492110615,0.0018545422388417953,-0.13271872902215265,-0.10334354942589996,3,8
2018-08-03,XLE,1,-0.005157114604312785,-0.005170458416650536,0.007978298454337337,0.008839237173059959,-0.013375684222391548,-0.011405270348252339,0.010199982313629875,-0.0033116970072135125,-0.20912928160830568,-0.2692355738560023,4,8
2018-08-06,XLE,1,0.003721843315974027,0.003714934394448921,0.006406491253841119,0.008710563305521151,-0.0051638447702998524,-0.008975928445415393,0.011529222472075516,0.0007950909001017421,0.07004815157960675,-0.22232064277260177,0,8
2018-08-07,XLE,0,0.007415445586880676,0.00738808634100252,0.008402819528027699,0.008095653845188103,0.004966888144867454,-0.0023863477618888407,0.008651247269483832,-0.0027526423116075102,0.43879952683503864,0.10189310096849802,1,8
2018-08-08,XLE,0,-0.007229451571907686,-0.0072557106928266,0.006500617092050989,0.007979188497472525,-0.000925909047363338,-0.008818724477262618,0.009662418240260782,-0.00026478188819175784,-0.20337675766847763,-0.10858194268588206,2,8
2018-08-09,XLE,1,-0.009267458343330759,-0.009310668407583211,0.007270955757881703,0.007215696949556024,-0.008085563185702083,-0.015251916591056625,0.013493905567893844,-0.010054167795414733,0.6206856194407797,0.4041551747024381,3,8
2018-08-10,XLE,0,0.0061468370596213795,0.006128022318105053,0.007820667636351517,0.007710800552600001,-0.0021207698830248978,-0.007448525492905755,0.010447344508941291,0.008438216213719502,0.11457081897259158,0.5048697730157492,4,8
2018-08-13,XLE,1,-0.01275065050848212,-0.012832637725174845,0.009277616798849845,0.007552132273918616,-0.01172695929881129,-0.016304542668741928,0.014903562526161006,-0.010911506030267224,-0.42177091125417454,-0.11749688062969932,0,8
2018-08-14,XLE,0,0.0024215024216829306,0.0024185753090817386,0.008044424880376455,0.007792836138545559,-0.005180547566787874,-0.010504677039975818,0.010814488270850223,-0.005206934335157359,0.06324742793113991,-0.054433551533774605,1,8
2018-08-15,XLE,1,-0.03489444482656667,-0.03551780002568794,0.01614234975799946,0.01240141993973009,-0.030522804198764852,-0.03975316987321509,0.03008131610978636,-0.02560974676820722,1.5292827101236837,1.1016799651635902,2,8
2018-08-16,XLE,1,0.007231442195141602,0.00720542069039487,0.0178417880534591,0.013039579144706126,-0.017151783691565448,-0.028658576856715023,0.008580059491537718,0.002352590145580373,-0.052540870592869826,0.7747569343681997,3,8
2018-08-17,XLE,1,0.002484874996073083,0.002481792799060134,0.017265428435518072,0.013202526940959788,-0.007490696321462709,-0.022798332155272605,0.0061967028451799236,-0.00013773252343948054,-0.5389372853641863,-0.20359066824023697,4,8
2018-08-20,XLE,1,0.006748510058169677,0.006725840796178328,0.01786228394928245,0.013418692881373722,0.002578497743538355,-0.012989097915398817,0.010464025402323735,0.006471172221901836,-0.27634465476427894,-0.42425302319420677,0,8
2018-08-21,XLE,1,0.005061407882596791,0.005048642015108129,0.01810738158454746,0.013231717981024542,0.01053574928847345,-0.004485138122157228,0.009089651027908515,-0.0032559743148889535,0.13940112872497212,-0.333466979660758,1,8
2018-08-22,XLE,0,0.01197766446280224,0.011906499932782033,0.003485354576618469,0.013987311639346871,0.01582129363019158,0.009052178345309247,0.009468477948696992,0.005681024850691212,-0.017215088704504056,-0.34469612240790903,2,8
2018-08-23,XLE,1,-0.004707162536483289,-0.004718276115385223,0.006122586833330537,0.013778127562559304,0.006720741033968469,0.0054349894612235605,0.00554048692857897,0.0,-0.30779848909623986,-0.5166984066266163,3,8
2018-08-24,XLE,1,0.0072973363989699,0.007270839665344919,0.006141579118618875,0.013849315149321964,0.008769734498980553,0.01380504250834047,0.007923770810362411,0.001074426968014434,0.1985499853143502,-0.3778631191338405,4,8
2018-08-27,XLE,0,0.007378379948626446,0.007351292860906522,0.006185646893138947,0.013392904678505332,0.010768585287748156,0.02023070009229344,0.00681912194126723,0.00401117019241804,-0.09910618704293661,-0.4264875410126807,0,8
2018-08-28,XLE,1,-0.004261631941106847,-0.004270738576468869,0.007565150731534026,0.013486053322141757,0.002950927813916371,0.015524099624350196,0.010899902409065135,-0.00611467092038606,0.20166358859826206,-0.2990650303305631,1,8
2018-08-29,XLE,0,0.006152561534945811,0.006133711804796604,0.006279630547396536,0.00530381309966997,0.006744806185980501,0.017185437357219113,0.010132010593069712,0.0029329584647067026,-0.07542741407041165,-0.23245822255981774,2,8
2018-08-30,XLE,0,-0.0027919297899458018,-0.002795834495390892,0.00577826618394184,0.005672223061776216,0.0012008698080629987,0.010805785633697162,0.009574484706411349,-0.0023936211766028372,0.1919746404824494,0.08387105845629628,3,8
2018-08-31,XLE,0,-0.007731188856810123,-0.00776122943044566,0.006665353639280849,0.0067076579230118975,-0.006274295821283582,0.0005240571637767921,0.00909212858472642,-0.004679749563265879,-0.03682082549566501,0.07706628304783547,4,8
2018-09-04,XLE,0,-0.002149097834523106,-0.0021514104592395,0.0051223301691442095,0.0066733480710596945,-0.006260885002737027,-0.0032070933884932318,0.011500307501945608,-0.006686279863091237,0.6942062494388075,0.6871241757013524,1,9
2018-09-05,XLE,0,-0.0013463047708893727,-0.0013472118533885968,0.004986899340191781,0.006613838378108145,-0.006029679158043533,-0.005496643232918763,0.013930196717441246,0.003245846035232654,-0.36414105613228487,0.07170691946091412,2,9
2018-09-06,XLE,0,-0.01846884269905802,-0.018641521193879296,0.007141598183753744,0.007876893245176686,-0.018018606029078788,-0.021844448932415217,0.020838983541672237,-0.014749715084964508,0.500963732405372,0.5225533713802579,3,9
2018-09-07,XLE,0,-0.00013716438395949826,-0.0001371737918538507,0.007571700877223953,0.007838904731972943,-0.012238447592939905,-0.02039936678136789,0.01585334313985025,0.003584258794444194,-0.2965348733896046,0.031118527147951713,4,9
2018-09-10,XLE,1,-0.00041213932004458,-0.0004122242727961911,0.007847706731539048,0.007220737223080607,-0.008150738857740869,-0.018465334382835374,0.009840115330339133,-0.005466742324570321,-0.12064848437006626,-0.1038464903327404,0,9
2018-09-11,XLE,1,0.0094817853115845,0.009437115330691803,0.010115793709672671,0.0075591829564604415,0.0034969511364595363,-0.0069753802776743035,0.018982081311508716,0.01045395004310031,0.6025674113805446,0.3379726177293363,1,9
2018-09-12,XLE,1,0.005172993804782422,0.005159659836917019,0.010655317291304325,0.007851727494307263,0.009625920439294111,-0.0005820400073351939,0.010126924449418534,-0.0029705809877871993,-0.11148610799910375,0.1428133991975611,2,9
2018-09-13,XLE,1,0.0004061892219662244,0.0004061067494567361,0.004327242137864536,0.007452074024131484,0.007116681242651524,0.0016677743199138284,0.010580558415371056,0.002034746654843796,-0.1301874005075102,-0.0344622463663522,3,9
2018-09-14,XLE,1,0.0052794782431562215,0.005265590655928243,0.004044884749937615,0.007763030349947929,0.008419242350973244,0.007994847125621707,0.009339502802625346,0.005143542189221177,-0.13980647616286446,-0.17122041662884002,4,9
2018-09-17,XLE,1,0.0016160014349040352,0.0016146971095905016,0.00356708342142394,0.007416201512437704,0.005651540941235433,0.009706004816730784,0.009133651216245436,-0.0009402242806387581,0.5513413311144582,0.22356531859517892,0,9
2018-09-18,XLE,1,0.00658784589365502,0.0065662408720212895,0.0026520309411455184,0.007653042599782382,0.008431689454795777,0.015544446062586204,0.006941618177085052,-0.0005339862978484518,-0.3058884234396323,-0.11489216549486303,1,9
2018-09-19,XLE,1,0.0030722078510385664,0.0030674982639204984,0.002546934845302226,0.007641746461209265,0.008108033190072694,0.017394804640187722,0.007878274430413584,0.002804100496516803,0.06729593583410765,-0.06594897580960646,2,9
2018-09-20,XLE,1,0.0002661065946987229,0.00026607119461852236,0.002588427316947924,0.0033703531072245534,0.005003610028058159,0.014490784237854548,0.009016180345861848,-0.003977664142755261,0.14671676671401723,0.08874388623546992,3,9
2018-09-21,XLE,1,0.006608246424018693,0.00658650768104474,0.002885390147074778,0.0033176693337397356,0.007986522274207264,0.01732535830534765,0.011331801758615565,0.0011997911655458546,0.09572104472363407,0.1569626534166857,4,9
2018-09-24,XLE,1,0.014646837019722136,0.01454060812432001,0.005400318278316854,0.004422917240714647,0.016398745833650752,0.02676403685241402,0.010955673279446205,0.005807745506930252,-0.06751227197467558,0.044710623860048315,0,9
2018-09-25,XLE,0,0.006430508997620654,0.00640992148628694,0.005398215342666181,0.004203219571501827,0.016612158860139337,0.028196594337480452,0.005607724353996343,0.0001304399607545857,0.01901521373538273,0.07559800395641991,1,9
2018-09-26,XLE,0,-0.009649356356295602,-0.009696213063687509,0.009024078107324229,0.006252672116615052,0.003177820876043347,0.014718598084954682,0.010495972696737679,-0.0035424333263799276,-0.022951272682612323,0.05057164646728096,2,9
2018-09-27,XLE,0,0.0,0.0,0.009049849682713957,0.006276468091920949,-0.0003686335305692623,0.011226899722186268,0.007868832447489755,-0.003934466252561475,-0.16156529390506413,-0.11650047394934326,3,9
2018-09-28,XLE,1,-0.0027648938480761,-0.002768723227251524,0.009241565761814226,0.006531368460937929,-0.004809051315530444,0.005769949522301809,0.013096942872495946,0.00198440975189882,0.38989514715941564,0.17599536359838042,4,9
2018-10-01,XLE,1,0.013863009515016733,0.013767796944669453,0.008970404409070766,0.007399884212162746,0.0074253447070924405,0.015777015802142857,0.014338384838439385,0.010128970092912621,-0.14295730494636993,0.024251506655064592,0,10
2018-10-02,XLE,1,0.0010422900313429295,0.0010417472242303383,0.008555452238776537,0.00738435556168204,0.007999253801629358,0.01346903991519488,0.010262417265225908,-0.0014289504488785494,-0.25519563267938894,-0.2324634466836737,1,10
2018-10-03,XLE,0,0.008065333052757362,0.008032982085271367,0.006788027343618403,0.007530733292313443,0.012041627257778131,0.017747903603494875,0.009585464935518767,0.00375648869159634,0.3988424654640699,0.053731993998132,2,10
2018-10-04,XLE,0,-0.004129777765916942,-0.004138328848950046,0.007604791197704313,0.007883278939969856,0.004660574439526721,0.010144472326969689,0.012817165861599578,-0.0009062622573822346,0.14706903841507613,0.18346712158567313,3,10
2018-10-05,XLE,0,-0.000129497929276301,-0.00012950631485697528,0.007165330718939711,0.007867590081834864,0.0008300798850264801,0.007297505722751119,0.009339749058325433,0.0009081246276352537,-0.21125277271321097,-0.05381546906534351,4,10
2018-10-08,XLE,1,-0.0007775026540152163,-0.0007778050659648095,0.00448603262573859,0.006698432527566942,-0.0007517020121756701,0.005333138445422492,0.01214258192509785,0.006658860955946545,-0.03376393617731488,-0.07697360606560655,0,10
2018-10-09,XLE,0,0.00894941298014329,0.008909604316953423,0.005790587026832623,0.0069594604393624655,0.005792504961695366,0.012877483181630067,0.01706087175862912,0.005428436784744288,0.4523949354844281,0.3012919520733448,1,10
2018-10-10,XLE,0,-0.0313663428963491,-0.0318688014196753,0.015255118684908335,0.012212589743670448,-0.02033421684080705,-0.018125726004071807,0.03914275055737076,-0.03298254305976718,0.570183210736946,0.8477196788132184,2,10
2018-10-11,XLE,1,-0.03384220603268295,-0.034428110317163085,0.019724744709542996,0.01606941227212171,-0.04260914868967036,-0.047444560080725284,0.03243095791840024,-0.024390238914961497,0.3479150019124948,1.1207549418301528,3,10
2018-10-12,XLE,0,0.0027472569709861006,0.0027434901579121984,0.020173738549073478,0.016214525545909134,-0.02935859505172167,-0.0413908760211289,0.025163201286619825,-0.007072859994688895,-0.33752152865383045,0.3353653494807258,4,10
2018-10-15,XLE,1,-0.008356085931958024,-0.008391193730662216,0.01950049323150836,0.015042043159468724,-0.025260508770352796,-0.043876726034781766,0.012604441647777843,-0.00822028348652574,-0.5084439543661733,-0.33939465788777734,0,10
2018-10-16,XLE,0,0.008288302429791283,0.008254143070149489,0.019321185719325663,0.015572363021529754,-0.004310784072284468,-0.030986170421690717,0.011434107630908394,0.005510422180171855,0.2571697266703479,-0.19297783099672727,1,10
2018-10-17,XLE,0,-0.006302133660641807,-0.006322075935050631,0.0162045989438625,0.01487448606192076,-0.002914377628048581,-0.03071036653463821,0.01592307559384391,-0.004392583411486193,0.08462641804668136,-0.13691687059323376,2,10
2018-10-18,XLE,0,-0.004963470780335211,-0.004975829713859348,0.006994214608950132,0.014862107153697872,-0.006141880700057167,-0.029033442306163892,0.01572498251906765,0.004313909768449046,0.04951215499677297,-0.10102743902273781,3,10
2018-10-19,XLE,0,-0.008867963933795742,-0.008907518344317467,0.007069210014805395,0.014696988377732484,-0.010951026349384496,-0.0302989192910601,0.01531818007964064,-0.0038991615209067305,-0.18198918410533738,-0.27089367528569175,4,10
2018-10-22,XLE,0,-0.011044277850583484,-0.011105718685795019,0.0075643820396925,0.014536880984869912,-0.01739078083751322,-0.0326682656006847,0.018466698836496043,-0.010352622529532682,-0.09386723270023067,-0.34186472642246246,0,10
2018-10-23,XLE,0,-0.02615212589149063,-0.026500174284932676,0.008537539699710175,0.014092922867156946,-0.032063170015552145,-0.04635999317122508,0.025968402264605804,-0.011621199340872825,1.1536215380861359,0.3476775737253339,1,10
2018-10-24,XLE,1,-0.039483447677364336,-0.0402840638948021,0.014402001990905597,0.015497021289506644,-0.053362115105219377,-0.07222293937707902,0.04464022368387987,-0.04406245301893439,0.061277981093524,0.4180274923800489,2,10
2018-10-25,XLE,0,0.012241439373344987,0.012167118866311277,0.01948448788637922,0.015395267079882164,-0.02732996739295246,-0.053138958517379264,0.0170199960064712,0.0,-0.09846549134881599,0.34819579234635345,3,10
2018-10-26,XLE,0,-0.007464726956982304,-0.007492727462365512,0.0195985656946553,0.014920595420380892,-0.020220282091671704,-0.05146440580695111,0.02890269139725188,0.000752717921542996,0.009734223334504355,0.3469762161405032,4,10
2018-10-29,XLE,1,-0.018652651015842348,-0.018828805650592084,0.01957010853360857,0.015207603452364327,-0.022651185156105202,-0.05956311885791199,0.04016716086276751,-0.025832511951616628,-0.0437882868971341,0.20625026198924434,0,10
2018-10-30,XLE,1,0.023145451452923016,0.022881658146093553,0.02482727617125132,0.01773465174509431,0.006422988093270021,-0.029062719431342865,0.03082825506611713,0.023773054053794724,0.07921569268759354,0.23006423990851887,1,10
2018-10-31,XLE,1,0.0061425513629926876,0.0061237627949433104,0.01642736202130983,0.01835174576085004,0.00959094241455749,-0.015407917456551345,0.018100907909248242,-0.003560799085106573,-0.3450945926492761,-0.1999552028966325,2,10
2018-11-01,XLE,0,0.00848694829042862,0.008451136623306432,0.01598385816753465,0.01903915038181383,0.015868638436738802,-0.0005460659706615356,0.021396766361196154,0.006389305879304118,0.24225176135772042,-0.028132205299706503,3,11
2018-11-02,XLE,1,-0.0025098716766627227,-0.00251302668479525,0.015366338549587515,0.01904501427421912,0.010046692541521907,0.0028202625399722514,0.030665975475642256,-0.013434663452695249,-0.012260311606552499,-0.07214582871319908,4,11
2018-11-05,XLE,1,0.016726115314967815,0.016587774321964233,0.009885806424600987,0.020144393924508112,0.016455256794146722,0.022705516300140838,0.010821846936130763,0.004533565376427178,-0.3762357100766057,-0.4236003415288644,0,11
2018-11-06,XLE,1,0.004658384249777603,0.004647567557067411,0.006946525196985668,0.018452914749419794,0.014405359577585486,0.027286131749645337,0.014086570027670128,0.0021783549890988076,-0.012054475649203367,-0.3952312834026678,1,11
2018-11-07,XLE,0,0.016374443523322846,0.016241828034533334,0.008144718247007406,0.01258307186767261,0.022061591118389012,0.037973173768543145,0.01802578124070543,0.0034334457586625007,0.2746919010717481,-0.18603645785247747,2,11
2018-11-08,XLE,0,-0.021670899949984834,-0.021909162433171314,0.015879545730869332,0.015021997381426505,-0.002674266956648075,0.013020787353309693,0.028645087492721096,-0.017187008786697884,-0.09110058873305371,-0.2214407733310988,3,11
2018-11-09,XLE,0,-0.0017489968200693484,-0.001750528100738169,0.015820486107445453,0.014705121522793147,-0.007131465193414566,0.008242398954445118,0.023630278026137805,0.011667418789088535,0.5132354786099611,0.1944902237330257,4,11
2018-11-12,XLE,0,-0.020729689360441617,-0.020947565635655252,0.016472347712344258,0.015056892453484282,-0.023154145809126336,-0.015324947843982417,0.03363780852200146,-0.02740320945624553,-0.21276911396381848,-0.02711540494078013,0,11
2018-11-13,XLE,0,-0.022957735053135364,-0.02322536794989505,0.017196089234391025,0.015222155248244834,-0.03583617653780147,-0.03621902208175609,0.030796794399620596,-0.020182366369254485,0.8142459648811635,0.7067518898064387,1,11
2018-11-14,XLE,1,-0.001678468534082156,-0.0016798787406044902,0.011022531440998897,0.01497199718833903,-0.02392823223864382,-0.03538268204823236,0.029747533055361715,-0.01697712281950154,-0.3113109840858612,0.14407622674757348,2,11
2018-11-15,XLE,1,0.014672273792297519,0.01456567739256931,0.015551726738670876,0.015591507646874964,-0.00297346931107878,-0.0192921464175988,0.022458068550946717,0.02122746051486265,-0.09916112518354547,0.03677956461670884,3,11
2018-11-16,XLE,0,0.01189925985868312,0.011829020316096006,0.01764806853111939,0.016182125498979936,0.012906245886076695,-0.007065069105117061,0.014071892192548549,0.00568858137811072,-0.02714854137530287,0.016191787135455993,4,11
2018-11-19,XLE,0,-0.0002974304594653976,-0.0002974747006772027,0.014885351697776033,0.015029330754566701,0.012360738192864096,-0.005110572478309705,0.01302984559416441,0.005841051949243556,-0.211166510591987,-0.20797684888244217,0,11
2018-11-20,XLE,1,-0.03275787607815894,-0.033306428187998005,0.018838310255093887,0.017586533926342476,-0.019086829805106453,-0.03189280964936014,0.029873316134581232,-0.019915505720204268,0.6892157240210988,0.2534730207888418,1,11
2018-11-21,XLE,0,0.015702201327524312,0.015580197261870321,0.0203690829162546,0.017493010534120383,-0.005336537387659823,-0.010557151256799013,0.020772882006935094,0.007789859885770008,-0.34164121499445377,-0.17738158920864233,2,11
2018-11-23,XLE,1,-0.031373207921495894,-0.03187588877352043,0.023314964220844447,0.01868956147674048,-0.029283979334235766,-0.0347816478002374,0.01756296444564394,-0.006683191093458073,-0.16785625674373517,-0.3131056608842018,4,11
2018-11-26,XLE,0,0.015021229085314669,0.014909527630017738,0.02399184755789911,0.019917845877889053,-0.007739768997849339,-0.014882192905177116,0.014445485319221678,0.007611144983980997,0.15676961266970846,-0.18110263276090155,0,11
2018-11-27,XLE,1,-0.002774743068010399,-0.002778599803509252,0.023850676634830887,0.01916232230572337,-0.002959107559459828,-0.014037136675810857,0.013015245667327905,0.0023241636775808935,0.33457413967763006,0.07068627064375921,1,11
2018-11-28,XLE,1,0.017158800719591305,0.017013251110488348,0.020741698195110944,0.018821812626122345,0.011529678182268688,0.002483523491249251,0.02522044441726734,0.0181031386053164,-0.050129579640949884,0.07700886889165592,2,11
2018-11-29,XLE,0,0.006534740127116301,0.00651348127663498,0.019688643942798796,0.01889248146666578,0.017357800120421985,0.007806143748216421,0.015186029205346114,0.005770765248564753,-0.31841953452303273,-0.23423466498364254,3,11
2018-11-30,XLE,1,-0.001811870467557486,-0.001813513890266183,0.009230390779614907,0.018313974203617862,0.008696873263895233,0.00640893018948252,0.014927697397650192,0.007006840423169326,0.25771808355649295,-0.025609659089687598,4,11
2018-12-03,XLE,0,0.02223547973334128,0.021991875939030514,0.01118801791285868,0.019340040698973267,0.022668576664639284,0.02816084505174743,0.017746183074546583,-0.0005915544794822663,0.2132715538639749,0.16813696827366886,0,12
2018-12-04,XLE,0,-0.028706490607488755,-0.029126580988322992,0.02007107135872821,0.0214812452310714,-0.009536421829953845,0.0009607142600254193,0.03416661983633533,-0.0291377193154692,-0.16817607317893746,-0.0421146427988055,1,12
2018-12-06,XLE,0,-0.018433969619396806,-0.01860599256097828,0.020142074008624382,0.019603619040126672,-0.023758300145242717,-0.016696257846102402,0.022741419842273552,0.003582606976119043,0.9324180298748928,0.7674612287910001,3,12
2018-12-07,XLE,0,-0.005587385202330153,-0.005603053027735783,0.019261875629519958,0.018769353516233756,-0.022816641380126956,-0.019331737276669925,0.04066399664985241,-0.024215715482859543,-0.22373508390348484,0.30598224061722434,4,12
2018-12-10,XLE,1,-0.015608035060971082,-0.015731122892871152,0.019416942600303213,0.016641758834134764,-0.029064963046674497,-0.03339524831291241,0.036309358882011866,-0.00864506831648029,-0.14803411827718005,0.06714884943821664,0,12
2018-12-11,XLE,1,0.00031715073068050437,0.0003171004490183371,0.011330208909779886,0.015670805621128964,-0.015142073218744057,-0.030443712744937845,0.027014418054359078,-0.014834490152374638,-0.2626374942265255,-0.21512644213961074,1,12
2018-12-12,XLE,1,0.003962662589591215,0.003954831922236668,0.00975353313611162,0.01580990341196047,-0.004087997888331252,-0.024578009324765504,0.019494756100332484,-0.012164731138220659,0.11749489606533037,-0.1107765625007211,2,12
2018-12-13,XLE,0,0.0031574828658338383,0.0031525084850740903,0.008104711803512283,0.014490168144614193,0.0018605265452986686,-0.018080683012827947,0.016300028512131,0.0055388874256189855,-0.20596447886066616,-0.27433565355563194,3,12
2018-12-14,XLE,0,-0.022820117376133542,-0.02308452656458959,0.012227580082787681,0.015210766532192383,-0.014850900980795778,-0.03430994005347654,0.025653189117040467,-0.016785452853182063,0.4964115301653702,0.04390696325560217,4,12
2018-12-17,XLE,0,-0.018199649430625242,-0.01836730029023581,0.012769118091059668,0.015548997840364934,-0.026260436522974273,-0.04422958887477846,0.031164222439289766,-0.01566286478157917,-0.09440629695635461,-0.06573469808958754,0,12
2018-12-18,XLE,0,-0.023621999053822562,-0.023905471497390085,0.013909608781315171,0.01201120926483866,-0.03829381875278404,-0.05486311846840164,0.030895663356750622,-0.02185699342166881,0.28384212074878334,0.17497852398647784,1,12
2018-12-19,XLE,0,-0.011760637325248346,-0.011830340663169459,0.01101479066487999,0.010590529290958602,-0.03551630229550051,-0.055752616368813235,0.043957833410141596,-0.016881198484373576,0.7112709922230154,0.7947872288446414,2,12
2018-12-20,XLE,0,-0.02771154556062716,-0.028102754720856993,0.006088581909930445,0.01167830960719694,-0.04230009295801773,-0.07112332266385946,0.03700519074603006,-0.015662648387459795,-0.15465796100454676,0.49861812062069166,3,12
2018-12-21,XLE,0,-0.009706941836166272,-0.009754361310981619,0.007639780777713956,0.011506707576938452,-0.03394636214986557,-0.0688957659134023,0.0347626836837039,-0.00988172889867189,-0.028846053957469753,0.4011391606811583,4,12
2018-12-24,XLE,1,-0.040456513635622304,-0.04129764266000491,0.012547279744103707,0.014593574093931494,-0.051622891954498096,-0.09356069316207416,0.03480613667485674,-0.029035177424697568,-0.582659645876177,-0.3976969847605477,0,12
2018-12-26,XLE,1,0.06222157535852069,0.060362540754800964,0.039869834565391074,0.028329353054109052,0.01373788588173075,-0.02846659620663483,0.07064017861428527,0.0520603014087994,0.8644871490910488,0.07385170903958982,2,12
2018-12-27,XLE,0,0.005245585898511873,0.005231875737122138,0.03992574344478586,0.02839485923969138,0.021899042735342267,-0.014559809097218657,0.04068527046298471,0.025874388637593556,-0.16220572567618652,-0.11698556629481527,3,12
2018-12-28,XLE,1,-0.007653587715683141,-0.007683026723693587,0.03764952614590621,0.028111794449607368,0.012673847601331723,-0.01210924108477629,0.022683940408549784,-0.012121225332284902,-0.2026434428751338,-0.3063212083902108,4,12
2018-12-31,XLE,1,0.005258274277902375,0.005244497826183636,0.03708373641157596,0.028029721239949446,0.013537125891108781,0.0002990602346879534,0.018936763839162665,-0.003648417202216527,-0.03766964717503374,-0.32232225958276073,0,12
2019-01-02,XLE,0,0.019704028919817596,0.019512417463710463,0.027093017389705175,0.0288436215820269,0.016831416126513732,0.023427460731140437,0.048192726296748714,0.03614459541396867,0.330785022346727,-0.11154781543539605,2,1
2019-01-03,XLE,1,-0.009918166525657468,-0.009967679194563761,0.011920858052290623,0.028061923777232396,0.004266776493716762,0.015175075852603914,0.027621464445656534,-0.012787723452471995,-0.2759253754127733,-0.336340355650962,3,1
2019-01-04,XLE,1,0.03402444504088287,0.033458417045552746,0.018624366774392543,0.029874345589274365,0.029933092947713513,0.04678823897568418,0.02529707682800094,0.01646854636463246,0.18460838543949487,-0.1369264045990709,4,1
2019-01-07,XLE,1,0.014865364492747002,0.014755957875562054,0.016396647962625892,0.027968277532863628,0.03206957651088671,0.054787812520854295,0.0278514640861302,0.007294406978366391,-0.1543123433950776,-0.2043452626977713,0,1
2019-01-08,XLE,1,0.007735223105397315,0.007705459653250646,0.016147855781917506,0.027322180450364112,0.026522106166681603,0.053582347946037334,0.013796436709956453,-0.006167847173359507,0.0352002303853971,-0.1023674606223588,1,1
2019-01-09,XLE,1,0.01584213693999703,0.015717960056467195,0.01585357508414762,0.02105778591372461,0.02993782717431759,0.055095755265105684,0.016116035653433673,0.002417429939133907,0.0034506187039582414,-0.11269595805685106,2,1
2019-01-10,XLE,0,0.0028938601571453226,0.002889681004488498,0.011852914907187564,0.013012109905717837,0.01781754290859583,0.048914657708453824,0.017495513111392066,0.01052975102379789,0.02190139042907102,-0.048572556046688864,3,1
2019-01-11,XLE,0,-0.0059314293550349895,-0.005949090152609138,0.009008847272092077,0.013807072598829986,0.004763769471950008,0.03482805101692232,0.015307778632249731,-0.0008057210868727517,-0.2640758363071015,-0.26220552214785176,4,1
2019-01-14,XLE,1,-0.0024189677316840408,-0.002421898160823943,0.00858111034375399,0.013249009612011892,-0.0012270678439406657,0.024104379020773337,0.0126994269382973,0.007163830259257814,-0.0648097604548451,-0.2867207658085349,0,1
2019-01-15,XLE,0,0.0035565417149521217,0.003550232176133594,0.008278787868817661,0.013301893378553187,-0.00041856478954427345,0.019761256782103276,0.014469416401002444,-0.001929243254226203,-0.2555015653782302,-0.44216871028351634,1,1
2019-01-16,XLE,1,-0.0012886272394363463,-0.0012894582334883609,0.003926950858850762,0.012906375189208699,-0.001063293530014553,0.012592201771618461,0.011610988961369438,-0.00016123724889267045,0.27694171791634425,-0.23393902225230268,2,1
2019-01-17,XLE,1,0.00919308162714838,0.009151082457213633,0.0058719756634568855,0.011651891758102568,0.007503239071565249,0.014165916736307516,0.023565753156285417,0.01690233928425292,-0.188683608295923,-0.3471816942940954,3,1
2019-01-18,XLE,0,0.020297501461666423,0.020094252868981588,0.00928036458401485,0.008646239807096228,0.021930470302429006,0.028135153868551477,0.015005540077909963,0.008371485828469258,0.4282148052050163,-0.02497250736212253,4,1
2019-01-22,XLE,0,-0.021773030163846907,-0.022013560375583108,0.01553169175586431,0.011860738291546342,-0.0022048105626535364,0.003019583497220202,0.015837820868967987,-0.010928074649650805,0.36687815686976144,0.3167831648617401,1,1
2019-01-23,XLE,1,-0.01024819377941577,-0.010301068071485897,0.016388523667902694,0.012382940389628979,-0.011577605050643314,-0.008183502613410165,0.023137080027201405,-0.013722623596316756,0.17643179346731652,0.5025353358821723,2,1
2019-01-24,XLE,1,0.005338999470679173,0.005324797539978832,0.016602102076020694,0.01139102631098276,-0.006745151855636733,-0.0027921930449567034,0.02059014999157031,0.007457832071931039,-0.4415710574853323,-0.12897442298527106,3,1
2019-01-25,XLE,0,0.012713055507874715,0.012632923055244216,0.017125974578826128,0.012074545285861188,0.004725799335678849,0.00899480685080678,0.011967448889629063,0.004148749702043344,-0.215768016430126,-0.27359557979048865,4,1
2019-01-28,XLE,1,-0.010011102843274333,-0.01006155090959604,0.013733430988759869,0.012397263581759991,-0.0004172228819444568,-0.0015705871204917399,0.011433219269172786,0.003220624281058547,0.17479674796747968,-0.13381225922518336,0,1
2019-01-29,XLE,1,0.003049576640276941,0.003044936113468566,0.010056494961081876,0.01237302552518603,0.0025024570517853117,0.0004641026280054472,0.007500817456872948,-0.0027130253648146715,-0.011503526750066495,-0.13563329747594532,1,1
2019-01-30,XLE,1,0.014082408827396309,0.013984172899615288,0.00963363475521114,0.01303677407932253,0.011556990753500473,0.01246203687604086,0.016380387433217774,0.0077925867596398,0.019555540596258858,-0.13320084358483497,2,1
2019-01-31,XLE,1,0.006470130185038725,0.006449288742326864,0.009655825950621064,0.013041233368567539,0.012799110327076146,0.016123040616022877,0.012289311154758785,0.004884158699096301,0.472719019518838,0.22989230636684765,3,1
2019-02-01,XLE,1,0.017403527863187884,0.017253820928713193,0.01072904227552676,0.013721384754685786,0.024050856324682846,0.030000087503691653,0.015666115832360182,0.0065146294554503485,-0.17214557110994044,-0.013101504424956167,4,2
2019-02-04,XLE,1,0.0023116069244537574,0.002308939271419508,0.006753262400382381,0.012426451934671666,0.01761750461317857,0.030418321565520046,0.016912279123394956,0.00915444523230886,-0.3157577644797054,-0.30415692559334495,0,2
2019-02-05,XLE,0,0.001537517147684131,0.0015363363783413853,0.00709281842067891,0.009270983484778268,0.010800096988047736,0.027623157807366905,0.0072319008486248955,0.0023080709464452643,-0.2231126148853867,-0.4106822703370414,1,2
2019-02-06,XLE,0,-0.0073688824248052676,-0.007396166758230294,0.008998569801306394,0.008803074089950923,-0.000649248137457481,0.015485065128757025,0.006324288917619252,-0.0026222144708297765,-0.1335718924701058,-0.4169177661912059,2,2
2019-02-07,XLE,0,-0.02211551457110672,-0.022363728981607878,0.014495122931733776,0.012168477011188313,-0.02108614889944982,-0.008669913231161064,0.028633736478632058,-0.016028673510009337,1.145874364325818,0.23480920214111056,3,2
2019-02-08,XLE,1,-0.004586585943912036,-0.004597136602585206,0.009867478381345218,0.011665060214605484,-0.01965678469067411,-0.013232206227874355,0.021249605509134132,-0.0019029930854530279,-0.2716214272504983,-0.10362993463336101,4,2
2019-02-11,XLE,1,0.004766366415141832,0.004755043256699842,0.010432078289783885,0.011170584988491342,-0.009429643378543129,-0.009987905714418654,0.014048548478444889,0.009578580693880285,0.1751861882193635,0.049200972181994373,0,2
2019-02-12,XLE,1,0.012650321988080693,0.012570975139614582,0.013150180354841704,0.01171273006587277,0.006570059330455624,0.00010928083217831563,0.017319464635272303,-0.0007800815294121569,-0.14563829276489515,-0.09442805201061522,1,2
2019-02-13,XLE,1,0.012492125581717417,0.012414742765072706,0.014550586327232605,0.011547861193439984,0.018567916444832244,0.010283474775738766,0.017418274712770514,0.008398028934744357,0.2233148829760332,0.09898958283376191,2,2
2019-02-14,XLE,1,0.003547165195515012,0.0035408888428469787,0.007171695669973008,0.011468879033906506,0.01630583771290728,0.011833384593074703,0.0165608990050495,0.00711962668514442,-0.21808034176255775,-0.0817193531071948,3,2
2019-02-15,XLE,1,0.01613689590308809,0.01600808014175792,0.0054747884720758285,0.011286180976219074,0.022548337558280895,0.026198461475206436,0.008669196879455799,0.005627418198966254,-0.002878627658324473,-0.04496104838777748,4,2
2019-02-19,XLE,1,0.003024486746867172,0.0030199221881419547,0.005921773507540929,0.0112910596967316,0.015962472972131492,0.027261446577328208,0.013375851059006101,0.008055916885871147,-0.1435809815589466,-0.17131292400661313,1,2
2019-02-20,XLE,0,0.0042217683177243615,0.004212881656696421,0.006024534360535424,0.011310511658056088,0.0123117242929629,0.029270678801396777,0.010872866315774436,0.005738406016506774,0.13920610897083097,-0.07427629065769736,2,2
2019-02-21,XLE,1,-0.015465376537439623,-0.015586212945876365,0.0113230024887641,0.012322245562086893,-0.005550917822647383,0.011929486769731934,0.018526822395645993,-0.012351253236373332,0.19428928007085555,0.055784566954915515,3,2
2019-02-22,XLE,1,0.002897895975318976,0.0028937051691717564,0.011308737600433497,0.009127959187746471,-0.0047521477327842065,0.010914832743986747,0.01256436363501973,-0.0045412569399081795,-0.1616200773632449,-0.07663391792239616,4,2
2019-02-25,XLE,0,0.001672767304915057,0.0016713697879500167,0.008286772914693801,0.008679731265150039,-0.002332334496432109,0.008065283828008862,0.009153294373569125,0.0048817647586003815,0.5987053064342651,0.40735070945362994,0,2
2019-02-26,XLE,1,-0.00318827760461049,-0.0031933709906195595,0.008045394999388264,0.009020058751114808,-0.0035209366324204794,0.0011435153189025549,0.009421102713611462,-0.0022791962019270452,-0.33661753980030684,-0.05002395041363983,1,2
2019-02-27,XLE,0,0.0038073371439140136,0.0038001075802975848,0.007967385727614587,0.008472747603926556,0.002372299101616404,0.0020979800569462803,0.015004513692033573,-0.0010609228745494257,-0.024330139232467962,-0.06992713194403666,2,2
2019-02-28,XLE,1,-0.01001344494135481,-0.010063916694563968,0.005733068600747071,0.008633564307839608,-0.006698119676147529,-0.008554516190902528,0.017748874861028583,-0.010163807456853758,0.09281134641538769,0.0333139825401958,3,2
2019-03-01,XLE,1,0.018390745996408553,0.01822368141341979,0.010525939869432458,0.010299589918870531,0.009448849720422592,0.007566183084816824,0.013109765706638375,0.012957294114212736,0.8070208188881185,0.708486753027141,4,3
2019-03-04,XLE,0,0.0018059031561983296,0.0018042744736277427,0.010524650277939146,0.009059297322017405,0.009125683608612878,0.008697522201147612,0.01919326334440429,-0.0017994113388654545,-0.026953103862179528,0.5383646204135852,0,3
2019-03-05,XLE,0,-0.0033049070870169173,-0.0033103803548653055,0.010539586983680108,0.009101052627869494,0.0036909889482805713,0.005318182764085133,0.012151292281561954,-0.0046505426186241455,-0.20083417593528818,0.16519489326571524,1,3
2019-03-06,XLE,0,-0.012660216439722372,-0.012741039865843629,0.012311247673040633,0.009787767781414948,-0.007815234877552202,-0.0057673473509545214,0.011700298915538507,-0.004558508334484911,0.4354262217301914,0.5288157564944602,2,3
2019-03-07,XLE,0,-0.005952959577039563,-0.005970749076150028,0.011699672820474809,0.008692040407033348,-0.013333158386899968,-0.011010560349416276,0.011289059181053496,-0.0065598823059742056,0.03330468698353939,0.4653975746083254,3,3
2019-03-08,XLE,1,-0.018734615742646343,-0.018912331784366465,0.008047882097714064,0.0102601599211415,-0.02427835244058596,-0.026789760564206344,0.013890987657099499,-0.0026533193344005198,-0.33372998609582794,-0.0570832385175295,4,3
2019-03-11,XLE,1,0.015649303810172155,0.015528116155050231,0.01301435556395503,0.01177931981146827,-0.003929014035562006,-0.010097272046244332,0.01149612337407203,0.00823362990030348,-0.15423614889735304,-0.18934125578752703,0,3
2019-03-12,XLE,1,0.00647161641192362,0.006450765413857251,0.014027790635150594,0.012011998683134089,0.005696777822542964,-0.0031740712804357862,0.010152340261831047,0.004768459443273676,-0.1664383406120148,-0.32617769462231905,1,3
2019-03-13,XLE,1,0.010103887637862519,0.010053184610927968,0.01381966582448672,0.012418355194744025,0.014390106772368405,0.006790184483880912,0.00836761027945079,0.003803438113983125,0.19919005547938373,-0.20610742087704004,2,3
2019-03-14,XLE,0,0.0010609609583653867,0.0010603985370574165,0.013215855327391062,0.011891380694610536,0.01257082087904604,0.006629541581464338,0.006208298410523574,0.00015145572519392628,-0.06711693975830635,-0.26412862996189357,3,3
2019-03-15,XLE,1,-0.00039676914950781406,-0.00039684788321370235,0.006591981458461425,0.010260457737293557,0.005620796438525755,0.006884171112482074,0.006872280469951105,0.0004581364960131522,0.008684782961592141,-0.22097721054000774,4,3
2019-03-18,XLE,0,0.013891232663951092,0.013795633798218354,0.006008178407034918,0.01123977491967299,0.013290288069555123,0.020293853895033465,0.014788859198986811,0.012654396667121088,-0.18986272269340332,-0.3279706621704066,0,3
2019-03-19,XLE,1,-0.002710285976622706,-0.0027139654514498623,0.007199507876657155,0.011218298701703763,0.006159162048999578,0.016893841226680806,0.0167789530664794,-0.007640481441654963,0.2441522065177446,-0.1451690723999347,1,3
2019-03-20,XLE,1,0.008755822734038743,0.008717712812414291,0.006953049150199082,0.010405011210794145,0.010812818542042857,0.02293982008848605,0.02175876103613587,0.009670586078833619,0.09076321251796271,-0.00636561911154776,2,3
2019-03-21,XLE,0,0.007033857107012986,0.007009234925956509,0.006807624752994861,0.00999146796646852,0.012549495323588511,0.025930990148478106,0.013809638712338741,0.010057012028263344,0.3084996596622971,0.355043354353626,3,3
2019-03-22,XLE,1,-0.027046928022510075,-0.027419428198209417,0.01626335392548321,0.012204164634770767,-0.014718243196903957,-0.004953495627462057,0.023545286257330048,-0.018146356912639886,0.11729006203189418,0.46561762368725934,4,3
2019-03-25,XLE,1,0.00045822901607595057,0.0004581240612213655,0.014393846357288525,0.011413438127804432,-0.011529552984180125,-0.0061666795887580506,0.011351401074645646,0.0047552929434598575,-0.38190620181428603,-0.08831923558318899,0,3
2019-03-26,XLE,0,0.014351213010815211,0.014249209114848949,0.016288949977641912,0.01203003446926916,0.002051296947457315,0.005611534522088402,0.012224532636271218,0.002716575601758975,-0.06721041931590843,-0.15274312884351815,1,3
2019-03-27,XLE,1,-0.007073927092143162,-0.00709906593812315,0.01586719507586761,0.01205796545231101,-0.002479633943678561,-0.002262391305581146,0.018376280040956715,-0.006326226431789948,-0.16792428255112235,-0.275706391479539,2,3
2019-03-28,XLE,0,0.0037895002688348445,0.003782338200761348,0.015442784767073114,0.012094529577979305,0.004550993126180236,0.00048354400472083725,0.011265115933343554,0.00806818023442182,-0.04522780873666854,-0.2914819389537022,3,3
2019-03-29,XLE,1,-0.0015099985481543676,-0.0015111397449101283,0.00794965454279529,0.012114996323293985,0.0010599019173882507,-0.0019470257839473426,0.016751347696130552,-0.011067871029228819,0.09710138591352258,-0.2080270345119246,4,3
2019-04-01,XLE,0,0.013157686212361241,0.013071875750960693,0.009254369363719428,0.012030151368624228,0.00967614365552194,0.010315800758980753,0.009915806143680211,0.0064603413603981225,0.23652068223479716,-0.03848999306661094,0,4
2019-04-02,XLE,0,-0.006866780592911792,-0.0068904654187083025,0.00846330821776431,0.012239519350091953,0.002470981336061495,0.0029395388847168746,0.01265631965116538,-0.009380655873429306,-0.10146071851559413,-0.12675326261687436,1,4
2019-04-03,XLE,1,-0.009619434991480325,-0.009666000620235149,0.009072365014561113,0.012242506692198413,-0.0069328104316448425,-0.005313690862029596,0.01783565333093047,-0.012440075177893419,0.0750869767942326,-0.04872150480645643,2,4
2019-04-04,XLE,1,0.008347102174195431,0.008312457770254689,0.00977628640374462,0.01234880764673294,0.0006928184455043951,0.004277693993430809,0.013347448041023068,0.007735509386770493,-0.12389697909890074,-0.11479523904228028,3,4
2019-04-05,XLE,1,0.017609784659423644,0.01745652898538541,0.012146820879404103,0.009768877428592082,0.013764712405580859,0.018667695450267585,0.016511649026794153,0.014860369603036732,0.6440124520434489,0.4892428052528639,4,4
2019-04-08,XLE,0,0.004437173531541827,0.004427358300944206,0.011185567882142318,0.009722807071942799,0.015461367241093038,0.01948584824119859,0.009156738369004219,0.0029538410920254177,-0.3860688393208719,-0.07174514119812214,0,4
2019-04-09,XLE,1,-0.01222190547573243,-0.012297207144719824,0.012517446214077008,0.010100798838840729,0.0014033161492064128,0.006059176311974168,0.0124057945539576,-0.0093043459154682,0.3716056253006479,0.24034465817360506,1,4
2019-04-10,XLE,1,0.003726794232923547,0.003719866941022776,0.010802989326875673,0.009710878809165773,0.000832397747091651,0.0077530431396561905,0.007288380772020243,0.0014874084356382925,-0.3552699440925876,-0.19889809610556952,2,4
2019-04-11,XLE,1,0.0007427469919718543,0.0007424712919332777,0.01063886252524236,0.00969924687100981,-0.001215395429185584,0.006753603762954752,0.014716781822101836,0.001635210581847121,0.1641068304961817,-0.08128701636716873,3,4
2019-04-12,XLE,0,0.002671515834273386,0.0026679536786735625,0.006902142495932614,0.009631534220673995,0.0016012918084595817,0.007275939004858678,0.014776915271079036,-0.011558170199908001,0.41346136226200736,0.24221341836570365,4,4
2019-04-15,XLE,1,-0.005920970285337224,-0.005938568730863736,0.006741708330035661,0.00909407238990288,-0.0021100453316282852,0.0010581692252640273,0.008743276652934586,-0.004742141062613605,-0.46192988824642833,-0.3087185722494733,0,4
2019-04-16,XLE,0,0.006551704661763802,0.006530335530153586,0.004676543592027898,0.008908716478746094,0.0028781113523048685,0.0060123026479783626,0.00801176964254929,0.0029673137049618117,-0.020540436348741697,-0.30543642806617066,1,4
2019-04-17,XLE,0,-0.0013312945520004282,-0.0013321815118829683,0.00463602474676875,0.008093869996038137,0.0010083339739843655,0.0022567087418716714,0.010880833258639831,-0.007351859789659361,0.34493616393200655,-0.057358818478684404,2,4
2019-04-18,XLE,1,-0.004740129490174105,-0.0047513995323758,0.005191994510147603,0.008094483912956283,-0.0031749070860045414,-0.0036035604855840786,0.011373771154666654,-0.007533154059457891,-0.1074662081831983,-0.1532239872005331,3,4
2019-04-22,XLE,0,0.02113414425699367,0.02091391572070922,0.011176079879999776,0.008924793866437653,0.014730722867647428,0.0159478070331045,0.015336985001786681,0.011797715389482799,0.4513755827655106,0.2630104422368911,0,4
2019-04-23,XLE,0,-0.0016032527206614189,-0.001604539305636088,0.010443886696217526,0.00890868591330681,0.009104047518739833,0.013433582265866884,0.011068955233035431,-0.0023303765449356425,-0.27903873714233274,-0.08624163836206744,1,4
2019-04-24,XLE,0,-0.017518240805711516,-0.017673501116624024,0.013937877154515903,0.009880025553237982,-0.007696604381260075,-0.00464396732247474,0.019399093909214654,-0.018377983542941387,0.07901333698909152,0.018047332904646884,2,4
2019-04-25,XLE,0,-0.0031203046736451023,-0.0031251829747738213,0.01397745549368955,0.009858881244392704,-0.009566210333151304,-0.007397471240535691,0.010402688939192174,-0.002972277826059104,0.09454492653665003,0.08732281611822268,3,4
2019-04-26,XLE,0,-0.012967762396019267,-0.01305257786930758,0.014953151235451314,0.010619673919553173,-0.019602086319891465,-0.018584966978351103,0.014714765456254414,-0.005705664596458288,0.3961147178071289,0.44106272213858966,4,4
2019-04-29,XLE,0,-0.0009059200092411679,-0.0009063306027679019,0.007538458831589442,0.010516384406030426,-0.013332460923577871,-0.017435354181802865,0.007397310983875187,-0.0012076419722215855,-0.22946954580007606,0.1341861693014017,0,4
2019-04-30,XLE,0,-0.0007560402244759512,-0.0007563261670182619,0.007704058419821149,0.01043120741620565,-0.006999698293072898,-0.016644780320576147,0.012275443972493064,-0.010329377393465447,0.10424293807083118,0.18974166487434507,1,4
2019-05-01,XLE,0,-0.019966733470237363,-0.02016876245511945,0.008565207054134244,0.011468772954892867,-0.019432903970120652,-0.03223414241704614,0.02404361157300632,-0.020263063564869066,0.5464298178264815,0.6479182069312277,2,5
2019-05-02,XLE,1,-0.017440761252535797,-0.017594643165775636,0.009094384943809573,0.012136514138544004,-0.02642680034951128,-0.04361278574492666,0.017707294557093956,-0.011183557575682164,0.26527259350866816,0.8498135867234156,3,5
2019-05-03,XLE,1,0.009267871179643894,0.009225187980459904,0.012374464064196976,0.013045338057089476,-0.011447242114604017,-0.030466806670784385,0.010115180583108455,-0.00015565104105138894,-0.2999500588592017,0.21581686388699595,4,5
2019-05-06,XLE,0,0.000933778463485524,0.0009333427635862535,0.012587833092213141,0.009819344432097426,-0.004858922437743329,-0.023223445525652586,0.012860663452213766,0.008626086128280207,0.03669902417895998,0.21395667999283963,0,5
2019-05-07,XLE,0,-0.008707623940988007,-0.008745756824255047,0.012323587548267756,0.009689254834351242,-0.006266256750017685,-0.02469242538321126,0.013532661222284243,0.00314714028860001,-0.2595368818414624,-0.12640344045515517,1,5
2019-05-08,XLE,0,0.0,0.0,0.010196918299713358,0.009169714999732544,-0.003033837194858724,-0.019366482963705134,0.0109855137293179,0.00047079062652510064,-0.3478907364997179,-0.4263429002218434,2,5
2019-05-09,XLE,1,0.0,0.0,0.006366743095163992,0.009306702595929108,-0.0033144028598165454,-0.014302208674013328,0.017021305249305944,0.004728120306592236,0.4668098577928885,-0.1699381608394227,3,5
2019-05-10,XLE,0,0.004705757044766834,0.004694719582948981,0.004923316284647137,0.009315063033069202,0.0020023807265896476,-0.006329747978515932,0.02133334290747549,0.004705930223651961,-0.09261251257850722,-0.2301219851841907,4,5
2019-05-13,XLE,1,-0.01717411837979621,-0.017323304106970028,0.008706789530350256,0.010228781547140449,-0.010997746251741547,-0.018507312719731273,0.017803643165038695,-0.008192854069050407,0.0760841300191204,-0.17685520285220513,0,5
2019-05-14,XLE,1,0.012232089092302001,0.012157881619282662,0.010801705075300589,0.011554108491822897,0.001194196303434536,-0.002785609191813365,0.01627433368770016,0.00679412701778436,-0.34313209853729265,-0.442723935495386,1,5
2019-05-15,XLE,1,0.005178786282399539,0.0051654224876873656,0.011052744380943735,0.010264270713335199,0.005431327892837956,0.003540938021652895,0.015782888337502448,0.010890189942541123,0.09200389526076602,-0.34371403117460775,2,5
2019-05-16,XLE,0,0.005464581448349604,0.005449704794994403,0.011199759433964313,0.008639858521056016,0.008866811561031973,0.007856323079039607,0.006696781051345077,0.002959078712277955,-0.07092535893701135,-0.3060741179300265,3,5
2019-05-17,XLE,1,-0.010093143257273174,-0.010144424377943384,0.012239993610666534,0.008796471324199277,-0.00037626633544274313,-0.0015348316268205542,0.010161036633973691,-0.003439131100593511,0.12576121153948705,-0.1626029224052924,4,5
2019-05-20,XLE,1,0.0004705099563604431,0.000470399301259139,0.00826545424486018,0.008787857523783029,-0.002502377761991248,-0.00023515474686097715,0.00674404511442028,0.0003136834738108402,-0.22448534914785379,-0.28125968544739854,0,5
2019-05-21,XLE,0,0.011602206586275976,0.011535417094682643,0.008085757043818767,0.009096770700427501,0.0065521045955263535,0.010145113086335034,0.011397278575446191,0.0073379167668235585,1.2453304992609424,0.5681535281214833,1,5
2019-05-22,XLE,0,-0.015498742469515103,-0.015620103574686794,0.011110822538461584,0.010537481297112163,-0.007406809803989667,-0.005152634006042045,0.015125486473557598,-0.009511879335403926,-0.475694349990479,-0.1764965255109191,2,5
2019-05-23,XLE,1,-0.033533021257200035,-0.034108146729314726,0.01701908433059652,0.014871644627253582,-0.031581382825356163,-0.03494579919840879,0.023855233519206688,-0.01713095918200577,1.4866244681954965,0.8931809114502067,3,5
2019-05-24,XLE,0,0.0037466272886750307,0.003739626162280185,0.017978677364035692,0.014814647101822885,-0.02137661832749116,-0.02761561870345186,0.01664509957204251,-0.004201715121889994,-0.5762990535645729,-0.17890550385785187,4,5
2019-05-28,XLE,0,-0.010386268977277235,-0.010440582674005938,0.017555474022827464,0.014277531037741788,-0.022850386052541416,-0.03471425646875215,0.014271830526969558,-0.011028224243570462,0.27352413969704736,0.055406688176483865,1,5
2019-05-29,XLE,0,-0.006395421717988126,-0.006415960041787461,0.01375708494696968,0.013234649638399177,-0.0167152995669948,-0.036111936726950566,0.014133726262801818,0.007482553500273385,0.3109677818508034,0.3016932701514967,2,5
2019-05-30,XLE,0,-0.012708704169608454,-0.0127901505381125,0.013656869660413446,0.012919465306011478,-0.017411494361526114,-0.041914495928008,0.0160356650535713,-0.011076243429516802,-0.10486915689374454,0.12142660238905201,3,5
2019-05-31,XLE,1,-0.0175524598326523,-0.017708330895950475,0.0080234120631314,0.012549936769106766,-0.026277423206255035,-0.050166506279992196,0.013050855216333422,-0.0038982973260394595,0.4431688623228043,0.48132088758168967,4,5
2019-06-03,XLE,1,0.012761631999032907,0.01268088859287042,0.01168540559207038,0.014295455409901438,-0.006940714010407079,-0.031423417226337236,0.012337325753365663,0.005915198574436563,-0.17689796104756028,0.16063822320555254,0,6
2019-06-04,XLE,0,0.017305283105498726,0.017157252066145823,0.015525372376161183,0.016115551239745993,0.01169606932989864,-0.009455414115154492,0.012816252235293162,0.007822859382186685,-0.1820446387457212,-0.08911064815158054,1,6
2019-06-05,XLE,1,-0.01106535578241219,-0.011127032235006773,0.016039158655992848,0.015070889422479897,0.0028807396056356183,-0.012923627114000746,0.019284625090761755,-0.013021215175088762,0.07722099380061587,-0.003386073923842159,2,6
2019-06-06,XLE,1,0.01853714235716164,0.01836742372441913,0.017004401588616103,0.01676935648567258,0.0174836208179161,0.009584445362408323,0.020333353678385416,0.016500027974446614,1.0396740944093592,0.7787557895950648,3,6
2019-06-07,XLE,1,0.00459089752897146,0.004580391501369796,0.012191139551259679,0.013257087345994406,0.013699093951244246,0.014420832065846101,0.01029750024473172,0.001471071463533103,-0.5130533835073887,-0.09305681726711357,4,6
2019-06-10,XLE,1,0.0029378407588720457,0.0029335337382083715,0.012109033523306644,0.013233345307208289,0.010225564629924744,0.017687469529877653,0.010389600738664125,-0.0024350278392402313,-0.3763320886770085,-0.43334039896227416,0,6
2019-06-11,XLE,0,0.00195273816043251,0.0019508340456928508,0.010513153127210132,0.012743980177193859,0.008815012811964618,0.018679377032152278,0.010324235720592849,-0.006775318152450904,-0.03203968366911303,-0.4405131772524947,1,6
2019-06-12,XLE,1,-0.01413029178589198,-0.014231074881676076,0.011599936443931105,0.013459793586243914,-0.008105167020217241,0.004102407983127554,0.013078356640591773,-0.007683462809787477,0.45091676642933654,-0.17299794753371844,2,6
2019-06-13,XLE,0,0.011696853370879001,0.011628973985549962,0.009487715629695002,0.013052906857261898,0.0021213536226158958,0.013182366201042628,0.016449483655265194,0.00016283910887183003,-0.11761299895053012,-0.25700049181856466,3,6
2019-06-14,XLE,1,-0.0065135099555729825,-0.006534815427538199,0.009849626956112016,0.011527120238971655,-0.003560429659852038,0.0028766518726570656,0.011533448158445021,-0.00893442234386372,-0.3506705491530985,-0.4726077545573797,4,6
2019-06-17,XLE,1,0.008359269358929389,0.008324524162175884,0.010632793963935893,0.011227312902730258,0.004539395136172297,0.007946255314467798,0.016425755296573596,0.01051247336432169,0.11102408953677845,-0.3756654920879202,0,6
2019-06-18,XLE,0,0.013816789088826997,0.013722207472180337,0.01229518717760245,0.01079186420488561,0.015765096403028256,0.018834772158302426,0.015019385217653374,0.007267454396746763,0.958124886301619,0.20138623903833852,1,6
2019-06-19,XLE,1,-0.001122455699877456,-0.0011230861250703938,0.008712170706340432,0.009758703324349974,0.009364569162759073,0.01368392577752231,0.011078976240095139,0.0003211377353192953,-0.4874202333048815,-0.35232215950819423,2,6
2019-06-20,XLE,1,0.022151067867563157,0.021909296775197262,0.01146612747661039,0.010402065930621523,0.02418952551629716,0.03162277851926065,0.008688771622267829,0.006003176503875112,1.9400636632418409,0.9986477516175385,3,6
2019-06-21,XLE,0,0.007225925989917892,0.007199944073901676,0.008606331260024474,0.010441473409933576,0.021307005297114268,0.034268185649397154,0.009335445339644163,0.005696212120343315,-0.36979656315018883,0.25393284268629257,4,6
2019-06-24,XLE,0,-0.00896773074197299,-0.009008182863393,0.012209606422434455,0.011300229403909734,0.005599307524740471,0.021509382957774603,0.013062666337668545,-0.008655952614664552,-0.3643672468712361,-0.20635914222115015,0,6
2019-06-25,XLE,1,-0.007937880367929306,-0.00796955306100644,0.012862875176769553,0.011864298691659336,-0.004557455903342333,0.010979348852811377,0.009372520181687454,-0.007307372182646127,0.1433834138083605,-0.10865416699471742,1,6
2019-06-26,XLE,0,0.01536254446753893,0.01524573538530527,0.01385077818350883,0.010909928880859773,0.005247270673679694,0.021060858896078782,0.015367573465105581,0.0052281659797048675,0.20521901525157094,0.0701720575646616,2,6
2019-06-27,XLE,1,-0.007407537118080398,-0.007435109166189946,0.011021894367556226,0.011349961347309754,-0.0018068915326913126,0.010042577996774549,0.012450762900365099,-0.007407426557158503,-0.25952061870061705,-0.19807847850571847,3,6
2019-06-28,XLE,1,0.011591040166510469,0.011524378683217762,0.01190868747309807,0.011014803380220333,0.009283294672267406,0.016449077595221517,0.010137801026771706,0.009187359520739161,0.6372976896320943,0.22541788276495067,4,6
2019-07-01,XLE,0,0.0009416504332815379,0.0009412073586378966,0.01069612846809153,0.011036164770571432,0.007743268387440105,0.01287107824947853,0.017054239908854168,-0.011317822360253148,-0.14296817428150332,0.006950973853353082,0,7
2019-07-02,XLE,1,-0.015994870126047833,-0.016124168656936,0.013018420279860677,0.012222165234808272,-0.009189649274710221,-0.004822034231156791,0.01950295420035476,-0.013054448052080517,-0.18748110678946417,-0.15244130175665538,1,7
2019-07-03,XLE,1,0.003983996498458264,0.003976081399927001,0.010634096034681163,0.012203176318490702,-0.003826591262730439,-0.0028553858873172633,0.009388926657467442,0.0025461465153341543,-0.42231757527655145,-0.5039835080000256,2,7
2019-07-05,XLE,1,0.001428764977432495,0.001427745263923974,0.010102319430473716,0.009975006581455136,-0.0027502430221159058,-0.0014085689361180709,0.008284219435581603,0.005097971841493586,0.05379760422480784,-0.39782870928829916,4,7
2019-07-08,XLE,1,0.0014263973455990175,0.0014253810072588635,0.008111359681585772,0.009673709985650775,0.00034833608482176537,0.0006176501919246125,0.011430344289893729,0.0030163299197678165,0.17180030421555847,-0.24677038901993376,0,7
2019-07-09,XLE,1,0.0007914420713874826,0.0007911290462612186,0.008099664465095115,0.009212231104717965,0.0028549013061500705,0.0010290943550474996,0.009670269382447217,0.002377896430367505,-0.13213648269627498,-0.329269111947324,1,7
2019-07-10,XLE,1,0.012810548901647456,0.012729187935728081,0.005027838242659942,0.009454385186426455,0.011562674215644275,0.011371009748414096,0.01650169784900358,0.006443498986794121,0.5714800817296777,0.05517346508729304,2,7
2019-07-11,XLE,1,0.002029580112676843,0.0020275232974706903,0.005113214631489454,0.008308576487970846,0.009883001478659725,0.012272658490190658,0.007317412135167255,-0.0009342236470832088,0.07766371500926295,0.1541517444744278,3,7
2019-07-12,XLE,0,0.004207901466106723,0.00419907300625999,0.004953517406471086,0.00777234988873842,0.009841510147742705,0.014196356252791142,0.00700832555759278,0.003582048905358316,-0.36273095029689384,-0.24717880691059557,4,7
2019-07-15,XLE,0,-0.009000602903103783,-0.009041353030844412,0.007811478852673932,0.007771420913544481,-0.0013760337119977928,0.004830742251569431,0.01347784780877417,-0.010689425387834432,0.18035241418566095,-0.04148516592559093,0,7
2019-07-16,XLE,0,-0.010648459690854373,-0.010705560254875568,0.009750180662820357,0.008489923011538386,-0.011855307388356162,-0.004945399920632365,0.01427898719517513,-0.008630146571647802,0.10988688423193449,0.1118766035520482,1,7
2019-07-17,XLE,1,-0.011396075545204276,-0.01146150840767346,0.007466805702872584,0.007665759561188614,-0.018264201870227703,-0.015835606736211982,0.014414757590887894,-0.010613051992818243,0.29069339101359204,0.41182341539618705,2,7
2019-07-18,XLE,1,0.00016026269782631886,0.0001602498571320332,0.007065249730633586,0.0075146295610784885,-0.012831428467162342,-0.014855196476036614,0.01077866771697671,0.004987152092213556,-0.0666095852817844,0.24367655146321776,3,7
2019-07-19,XLE,1,0.004642053108265598,0.004631312007415733,0.007212979284428164,0.0076881236199474795,-0.0029550169029552986,-0.009766757315217367,0.011674389196982113,0.003678227198566313,-0.2186836018660081,-0.05233988449640492,4,7
2019-07-22,XLE,1,0.004620686745482994,0.004610044143975589,0.007973780492194467,0.007841772451128244,0.004236622021652314,-0.004987090601240585,0.01126982673766121,0.000793638683500744,-0.21295896761763322,-0.24854223075581716,0,7
2019-07-23,XLE,1,0.0026965835068430977,0.002692954248473267,0.006707505015670586,0.007890937328413538,0.0068163119127027105,-0.0022882187456724212,0.008406007703570974,0.0026963042934130856,-0.07322359781208965,-0.30210028563884683,1,7
2019-07-24,XLE,0,0.00427063904041769,0.004261545741782058,0.0019174926242991617,0.006728433917136469,0.007809758062871763,0.0028431277275275946,0.01314542032115957,0.005543273554033973,0.36304479418886193,-0.0314372077018128,2,7
2019-07-25,XLE,0,-0.01134035085194307,-0.01140514293974082,0.006932373704362852,0.007390287679702953,-0.0045672002523813315,-0.0063321442207258105,0.019300165558939947,-0.01506353509129445,0.016421571101264743,0.010253616754897221,3,7
2019-07-26,XLE,0,-0.005097784880459089,-0.00511082291474052,0.007013321168537151,0.007075931754809286,-0.008667055354064535,-0.008273486574959965,0.009558682009645951,-0.005097971841493586,-0.04136876390212896,-0.046578762580947175,4,7
2019-07-29,XLE,1,-0.004003466816867696,-0.004011502143423495,0.006320934500166243,0.006784085036376523,-0.009964147988393068,-0.0096330665699087,0.01137819017805955,-0.0032051403533461067,-0.14179908429841104,-0.1715124854625436,0,7
2019-07-30,XLE,0,0.011254097395946738,0.011191241195405599,0.008813011208192485,0.007407357792630206,0.002198766084861248,0.0019593169978098235,0.019693258934319533,0.015334959664887932,0.3037332979275549,0.07781808021793246,1,7
2019-07-31,XLE,0,-0.003179613100986578,-0.003184678811572361,0.008318567177894318,0.006448081808677825,0.0015334569261267195,-0.0016082271653733438,0.020031769331751173,-0.003179662290742027,0.4144593706313129,0.500376125183889,2,7
2019-08-01,XLE,0,-0.022647585491627265,-0.022907981121766507,0.012037420160911836,0.009737779599178152,-0.016467160324716068,-0.022366887270078406,0.022738266176060864,-0.011772287727716855,0.6487891085220578,1.2045710134907472,3,8
2019-08-02,XLE,0,-0.014360196736889708,-0.014464302214034053,0.012796041171989066,0.010168506595154985,-0.024169486921339467,-0.03276423029539888,0.034292225779492765,-0.01836498091721369,-0.13855785186302605,0.7222402560038603,4,8
2019-08-05,XLE,0,-0.029801403346324862,-0.03025448962261823,0.01623317314263537,0.012555344860763587,-0.042108025760019485,-0.05485397249210078,0.021255032852214712,-0.011470990539447626,0.2708307411554891,0.892303606828704,0,8
2019-08-06,XLE,0,-0.0011949372651290924,-0.0011956517719133863,0.012302082977795321,0.012270884475383947,-0.029385751304879082,-0.04878797249541833,0.020255295773769947,-0.003744701628989362,-0.3836326780747654,0.09336384910388862,1,8
2019-08-07,XLE,1,-0.007517321018214895,-0.007545718480599373,0.011450898591448468,0.011547647369953602,-0.02172458004654254,-0.04758016194252723,0.0210581117951955,0.0109641677367426,0.4591675246359759,0.4559117983553178,2,8
2019-08-08,XLE,0,0.028748668393490995,0.028343178615586773,0.021577522206236936,0.016472118261444443,0.011578380942919297,-0.015339988715710295,0.02701781538000106,0.021887804194875456,-0.06186547967519007,0.26763732447120026,3,8
2019-08-09,XLE,0,-0.011044108755974835,-0.011105547702817464,0.02125979867753674,0.01659176120293303,0.004828772266144643,-0.02080976738878315,0.018224379327211406,-0.011870972794977789,-0.3728156508135707,-0.22579166531824446,4,8
2019-08-12,XLE,1,-0.011844236656675555,-0.011914938454751223,0.01691933433942213,0.016704648363055418,-0.0063969463043342945,-0.026277011552152896,0.015434190324669821,-0.009497923461488443,0.502000931940904,0.08442258789072166,0,8
2019-08-13,XLE,0,0.009246492681315832,0.009204005571544105,0.017458750463581856,0.016482714983504218,0.001393236996295899,-0.01074177800979581,0.028551769261072005,0.013759876942877697,-0.3454263424426297,-0.3024048449888488,1,8
2019-08-14,XLE,0,-0.03919250701533583,-0.03998120955332585,0.025466990114914885,0.01938878920016204,-0.033056806627619784,-0.03973006596659967,0.022191379551397425,-0.01820387017172619,0.6483383980596058,0.10489899273046666,2,8
2019-08-15,XLE,1,-0.006180420758556515,-0.006199598617924629,0.017503265769440567,0.01888427759150001,-0.027475417142838632,-0.03750446377698591,0.01650985753497833,-0.0008876806343408613,-0.39585280151545266,-0.2966535182092106,3,8
2019-08-16,XLE,1,0.013148509363893002,0.013062818039457635,0.020799041297850852,0.01988286034931923,-0.007553928060303083,-0.01917948934119551,0.014139257885662644,0.007776574981789507,0.49772184855717083,0.05497850287737549,4,8
2019-08-19,XLE,0,0.02209740709394481,0.02185679750782521,0.024087193018076256,0.019624858432000795,0.014800522246934733,0.003046235555342891,0.01349018675390901,0.00795570887064244,-0.35130588383732175,-0.26608996869081947,0,8
2019-08-20,XLE,1,-0.008407638954280205,-0.008443182515841752,0.023650637656967354,0.019790260264622193,0.010314660782014595,-0.004118690153854243,0.008620689655172414,-0.0036206738702182113,-0.31410644306131863,-0.4759002056480556,1,8
2019-08-21,XLE,0,0.006402610708403644,0.006382201066798654,0.012889960593716289,0.01977784291841582,0.011372804366024392,0.0021366407511478336,0.009248174707518096,-0.003939022857347437,0.26426013254492564,-0.287326351885796,2,8
2019-08-22,XLE,0,-0.004470436540208178,-0.00448045882210879,0.012522954328127679,0.01707297894216607,0.0012105066286980382,0.0008643255511724401,0.012337238059853881,-0.007882095264938436,-0.22299666040839383,-0.3965356496963355,3,8
2019-08-23,XLE,1,-0.0335061280707607,-0.03408032083058332,0.02048568901708135,0.01954409202820753,-0.02877574735682642,-0.027391598294963404,0.036881675303578824,-0.021849327390380296,1.6097122879045451,0.4810704477633676,4,8
2019-08-26,XLE,0,0.004288894882412464,0.004279723785984402,0.015952492903906122,0.019606938602882595,-0.01751680990852411,-0.019470931634450905,0.013994701591678189,-0.004428697902943696,-0.5573213049338561,-0.29695150238691514,0,8
2019-08-27,XLE,1,-0.006227800417717977,-0.006247274060815489,0.01593891944935745,0.019078906136137,-0.01696764967144937,-0.020295718349168546,0.02088496115355365,-0.011504451785467367,0.09495340249692275,-0.21738135336475817,1,8
2019-08-28,XLE,1,0.01432410083930491,0.01422248017372496,0.017846720754546113,0.015690930482349603,0.0024419775387678477,-0.006297205648291726,0.019059488893074593,0.009084469928307609,0.32651526036868317,0.09582077984646054,2,8
2019-08-29,XLE,0,0.014651366059519999,0.014545071775636131,0.019945626520858312,0.01613414426058034,0.018643242518108893,0.006144031394344829,0.012086222448100172,0.006831308260747286,-0.21426113773065547,-0.1270476688023796,3,8
2019-08-30,XLE,0,0.0,0.0,0.00909433037044602,0.01567470910524032,0.013184796244251729,0.005334534703016258,0.018370907439776873,-0.0038128460622903694,0.056002011077142644,-0.020049319987688774,4,8
2019-09-03,XLE,1,-0.004871256739979346,-0.004883159982659535,0.010227949788298376,0.013837697612876466,0.004707375289819904,0.002330615298087091,0.016622433941483557,0.011494280011465003,0.07237584758452797,0.050217905475274494,1,9
2019-09-04,XLE,1,0.013986122526409961,0.013889219203948588,0.00934088417924774,0.014444940652449353,0.011122433478137017,0.015975443913149423,0.007241347740436423,0.0,-0.19863513978001834,-0.16882860306847658,2,9
2019-09-05,XLE,1,0.012413592711701504,0.012337175825194002,0.009031952114134956,0.014839491013572837,0.016338869983355986,0.027579363761583098,0.01623655426750932,0.003589179716189384,0.29913590506572296,0.060111768017196976,3,9
2019-09-06,XLE,1,0.0052795352601353596,0.005265647373466464,0.008024615820350859,0.014755900923392365,0.016251884845771114,0.030965794268153157,0.014163789043850662,0.007337889357892693,-0.15848952780548198,-0.1262612267751445,4,9
2019-09-09,XLE,1,0.01998969533514261,0.019792524632542996,0.009524897910485587,0.009023255862761159,0.026913607774196047,0.04382649248644821,0.01613172763483827,0.011762742105239879,1.0235812428990623,0.7636955316854099,0,9
2019-09-10,XLE,1,0.01179196168487695,0.011722978274933737,0.005262207789032234,0.009049258990578138,0.026003666971702533,0.047563270550898595,0.022119513240109807,0.005612352717301094,0.03881310815887162,0.6561987026293232,1,9
2019-09-11,XLE,0,0.0009849464356008752,0.0009844616941308004,0.0072859844372470325,0.008004519198581122,0.016807816700730394,0.03942586955417249,0.01779301636390594,-0.004570662536215807,-0.11532778598646864,0.3689201222593921,2,9
2019-09-12,XLE,1,-0.006231487102379751,-0.006250983856180614,0.010048369420762579,0.009019047877291806,0.004175795185579201,0.02604045310410541,0.022089384674939764,0.006477319308729454,-0.16229342475386777,0.1239960582441022,3,9
2019-09-13,XLE,1,0.007920836189170721,0.007889631038484168,0.010046603204220904,0.00860983873500778,0.005299787439048131,0.027902181967082162,0.010819669629706711,0.0013115054271260246,-0.26222618641622286,-0.17911955119411094,4,9
2019-09-16,XLE,0,0.0335625492798135,0.033011620107845197,0.015055588837260705,0.011877753747475461,0.029148124848030976,0.05239474455262716,0.019641734946391633,-0.008013801483727835,1.181672071457018,0.6235548769677357,0,9
2019-09-17,XLE,0,-0.01393953943225501,-0.014037607225212856,0.018192462074406935,0.013350281906125713,0.010420719336709405,0.029061697207044324,0.02152915680030648,-0.014563846693248571,-0.13781301136326596,0.31304802380067076,1,9
2019-09-18,XLE,0,-0.004819345640570183,-0.004830996133679211,0.018649053233928695,0.013819731533990494,0.0023946710189948206,0.01745851835815171,0.01100324131991243,0.002427209186581228,-0.5612665406427222,-0.4251022896331147,2,9
2019-09-19,XLE,1,-0.0025826308188078295,-0.002585971562959699,0.018250015150776636,0.013943363646970183,-0.004029640228435438,0.009739548570040668,0.013799753121997962,-0.008504473393649459,0.20802274979533797,-0.3037167721385384,3,9
2019-09-20,XLE,1,0.0008167241580536722,0.0008163908203626669,0.018147465126542514,0.014011633315602037,-0.005653876420519177,0.005944222038112734,0.008813463546480502,0.00016318461659055224,0.43739344437707306,-0.037028116249962384,4,9
2019-09-23,XLE,0,0.0003260032828689141,0.00032595015534520044,0.005987109892268632,0.012976754565566554,-0.0012527168841233172,0.0035775194133083055,0.01084277737791104,0.007064240392988402,-0.536955151587337,-0.518610851996467,0,9
2019-09-24,XLE,1,-0.01582375743255915,-0.01595028966761536,0.006773641106186587,0.013761269193683683,-0.012694657020719924,-0.012241580557141751,0.019636670532759203,-0.01276384833098413,1.2025315099031122,0.0893170545795523,1,9
2019-09-25,XLE,0,0.0016576457524555277,0.001656273374137207,0.007277926318054289,0.013768145014103774,-0.007945636429644964,-0.010608535741769676,0.009825148377749941,0.0063280778175382945,-0.5073501861268582,-0.42484992367652485,2,9
2019-09-26,XLE,0,-0.013072946566775379,-0.013159149642426815,0.008494272200236904,0.014277643636624076,-0.015776586737061504,-0.02288562907137104,0.01595743163077738,-0.008643624652303596,0.3833685624543173,-0.18083604964757616,3,9
2019-09-27,XLE,0,-0.00016752707606759731,-0.00016754111029593233,0.00832922234363214,0.01396731843583137,-0.010553029690441806,-0.02161239419807104,0.015005890558775633,0.005395374935336349,0.11610438756202912,-0.09404664689576114,4,9
2019-09-30,XLE,0,-0.007211255978535003,-0.0072373827653327005,0.007687527422668509,0.006671374666412702,-0.010794350439074396,-0.02328664135076175,0.007582152898212305,-0.0025273414496724115,0.26720233373423063,0.22520855278254914,0,9
2019-10-01,XLE,0,-0.023141867552231132,-0.023413844803563233,0.010118068355337158,0.008382813282170058,-0.025545096962187763,-0.03978112815038548,0.0303030166805019,-0.026430970614373033,-0.1733456513398356,0.08013672967524732,1,10
2019-10-02,XLE,1,-0.024554931523923296,-0.024861431651528765,0.010399260950529359,0.010113373616647473,-0.0364184636554461,-0.05555197986600424,0.02400419251739423,-0.01878590710598654,0.1549707780905909,0.19015494675475209,2,10
2019-10-03,XLE,1,0.010813689429453266,0.010755639603484024,0.015129720949467799,0.011724822807376186,-0.01720169363013002,-0.038562183009919426,0.025668493414853166,0.01639932279261959,0.081682291418812,0.23723878827758726,3,10
2019-10-04,XLE,0,0.00631368590265291,0.006293838085927206,0.01629275502663273,0.012250933995557893,-0.0032656911215941387,-0.026087542426723176,0.013622053827471883,0.002095751835481682,-0.5044312243670901,-0.3473424123461527,4,10
2019-10-07,XLE,0,-0.008888106231196513,-0.008927841067569275,0.016301137251210088,0.01202609603632494,-0.004062872403541085,-0.02743099797549109,0.01479029852212511,-0.010440269289610058,0.14840351552096598,-0.2614780335006718,0,10
2019-10-08,XLE,1,-0.017056558342079975,-0.01720369695218915,0.015057612377079954,0.012127845550365312,-0.014387516690674729,-0.03672186509085451,0.016166278781514287,-0.0069283955108421025,0.7195080052222909,0.2741887542302275,1,10
2019-10-09,XLE,1,0.009123427378105342,0.009082060330347197,0.012348494914559615,0.012957725970890675,-0.005395352776248141,-0.021152654360084844,0.007446843480134694,0.00017727519969330918,-0.5545826007033248,-0.42805921516811407,2,10
2019-10-10,XLE,1,0.012586253458141572,0.012507704970848188,0.01275317359746814,0.014067111543224898,0.006768006920459202,-0.004479390504118941,0.013427599942038166,0.00918728748732085,0.12771254583992198,-0.33825010101595065,3,10
2019-10-11,XLE,0,0.01348057792846058,0.013390523360200746,0.013930228793748538,0.015126017344076759,0.018508766047745873,0.01200982724434052,0.014208970851376193,0.003119048830902023,1.2438915242101496,0.4201090701970249,4,10
2019-10-14,XLE,1,-0.0005181296957725845,-0.0005182639713465775,0.012772134306501886,0.01505970283047396,0.014447135381651544,0.013860485515688303,0.014268308289661566,0.006786138530791317,-0.461059479965786,-0.19594394895024947,0,10
2019-10-15,XLE,0,0.004147897699298575,0.004139318886147603,0.005904475052230547,0.01319743293622141,0.010856766195945111,0.01758445861879787,0.017492242931595424,0.006234790183398139,-0.08844958307978223,-0.24049852347705736,1,10
2019-10-16,XLE,1,-0.013941238982940196,-0.014039330803246486,0.011206305581800096,0.01123553041158045,-0.0062788123290064,0.0018539179853329646,0.017962018793082523,-0.010535416136024062,0.07851150202976998,-0.13986934687828256,2,10
2019-10-17,XLE,0,0.0006979548360717125,0.0006977113788697586,0.009887541996793791,0.010759737280946768,-0.006309197775356656,0.0020099613961594986,0.009734009568504882,-0.0034763940984848364,-0.05413498615676726,-0.12910778235588583,3,10
2019-10-18,XLE,1,-0.005233074307537278,-0.0052468147985278435,0.006993204132282724,0.010697185762888854,-0.008553477390330744,-0.0026234821474026004,0.010842933343402675,-0.002623321529876391,-0.09111168100741951,-0.209308158101441,4,10
2019-10-21,XLE,1,0.017885672787633533,0.017727606111978655,0.011798325590333988,0.011686056985585997,0.008512953343515539,0.01312451720368868,0.018025880124238697,0.01592579378950722,0.019089688454727582,-0.18690540419899626,0,10
2019-10-22,XLE,1,0.01291984213572328,0.012837092950793938,0.01302543995487272,0.00993465465240511,0.019064152908405463,0.021046133618687124,0.024386089555309017,0.009788763512024026,0.8805518426580103,0.5329018741701961,1,10
2019-10-23,XLE,0,0.008333183129134447,0.00829865385184192,0.009282405809928134,0.009902316802335618,0.02048186907462357,0.024431474478256554,0.016354328313378092,0.01005110979419936,-0.3998852611324625,-0.10041043336374988,2,10
2019-10-24,XLE,1,-0.004216458950245694,-0.004225373280046796,0.010309411288815625,0.009904364312009622,0.010232407786359365,0.016739006975647897,0.015763853930427164,-0.009894350863987652,0.025075293560285594,-0.09209433922678756,3,10
2019-10-25,XLE,0,0.00813016631731478,0.008097294563500501,0.008207279708987944,0.009429779950949188,0.009840576250687239,0.02213605647503436,0.012021657093860863,0.007788673785583145,-0.019955763898058865,-0.03274336787763121,4,10
2019-10-28,XLE,1,-0.005712504079927849,-0.005728882836954607,0.008324387266557721,0.00977101810809618,0.00023657341109628582,0.013998541230753059,0.01640990492640164,-0.009042212064458929,-0.00997052631578943,-0.03922579738309451,0,10
2019-10-29,XLE,0,0.004055466760325421,0.004047265520762178,0.006707655830036588,0.0097691205597773,0.0021926174705135804,0.015813305002821965,0.01967435321276319,0.007801884186151536,0.1456033206879539,0.07963732061021589,1,10
2019-10-30,XLE,0,-0.020363406080007307,-0.02057359861981567,0.01097787744924371,0.011078232562148066,-0.01462564983950565,-0.006434765998546088,0.02703157443299772,-0.022666256845046886,0.1513394315583143,0.2086216209264642,2,10
2019-10-31,XLE,1,-0.004294688210196629,-0.004303936873188974,0.010978993343184359,0.011237250835043714,-0.015256920017094888,-0.011764515165766709,0.011557736234845841,-0.00017253986579004308,-0.030586778618274635,0.13860253739822004,3,10
2019-11-01,XLE,1,0.022773806106331618,0.022518354120965256,0.01579818197462802,0.012844651077969066,0.007991546369908953,0.0068786693874280935,0.020429160973544795,0.01768238247719957,-0.11457252334956491,-0.014484963049016919,4,11
2019-11-04,XLE,1,0.032557643827612726,0.03203887366764002,0.021136388407826605,0.015229724863988554,0.03367331544541541,0.03410989746997539,0.024015988137029324,0.020847231805974163,0.6175836394918144,0.47352571802057986,0,11
2019-11-05,XLE,0,0.0013070177016425433,0.0013061642975347176,0.021265691321862446,0.015035678057477393,0.028528297257792934,0.031123850233579553,0.012056071449813022,-0.0014662781202628972,-0.18462903270754571,0.2193438015943412,1,11
2019-11-06,XLE,1,-0.020394927701684495,-0.02060577598948221,0.02127560991448865,0.01681010829715513,0.0014009949255573417,0.008821243336202045,0.02385625622498436,-0.018954245636456986,0.015539643750249299,0.18869149855446632,2,11
2019-11-07,XLE,0,0.014989928792889629,0.014878690072986256,0.02059145507889063,0.01719197864170514,0.006407674316345036,0.020684908618329834,0.0105523392175902,0.004781485466349717,-0.2572484700946269,-0.12367037029438643,3,11
2019-11-08,XLE,0,-0.004102295068237782,-0.004110732563954667,0.02000332511148462,0.017245598421685823,-0.002367088396699968,0.01450970240455196,0.012712571597213815,0.0019811611769748726,-0.21537264852700178,-0.3055823829743435,4,11
2019-11-11,XLE,0,-0.0056022078895974214,-0.0056179591115093075,0.012771757716593368,0.0172400941352207,-0.005143213527265766,0.00685699059091438,0.012308744038821588,0.003825674423196761,0.3937226895609156,-0.049479200854914085,0,11
2019-11-12,XLE,0,-0.005136759891619547,-0.005149998397522282,0.012582415093945866,0.017368391882948968,-0.006157717945907026,0.0006499563294513067,0.01866844690077426,-0.008095124296237812,-0.13392493353130075,-0.1717365978142279,1,11
2019-11-13,XLE,0,-0.004330541935999133,-0.004339945892033015,0.00886783233886969,0.01583141412587962,-0.009609089755612255,-0.006283556012100955,0.0077013712153914254,0.0008370875178927696,-0.15673141326188877,-0.27803965607282677,2,11
2019-11-14,XLE,1,-0.002676394105874169,-0.002679982051847052,0.0011233632715755444,0.01575920501170362,-0.007920665205885968,-0.011670303095431378,0.012550201155707763,-0.002342694002352269,-0.23249744695336438,-0.41843777517770797,3,11
2019-11-15,XLE,0,0.00771564894043264,0.007686035547967318,0.005547471276662943,0.014305712417682874,0.0017675276277309138,-0.00536379051644531,0.0085184924892133,0.0035076482865624595,0.1312093435836783,-0.32207919929474615,4,11
2019-11-18,XLE,0,-0.012150617614220871,-0.012225039833447138,0.007150197619653963,0.009762417747388353,-0.007093422511119218,-0.01441434527953378,0.011222813652935525,-0.005862684829907635,0.3890631466596963,0.006919855208049608,0,11
2019-11-19,XLE,1,-0.014826990130799023,-0.014938008696483873,0.008872909541074215,0.010283805954635197,-0.016649631640746287,-0.024459187443124586,0.013691642337439636,-0.011663262820971215,0.2058161689182303,0.23538318800531766,1,11
2019-11-20,XLE,1,0.010090502682594149,0.010039933455164629,0.011268489274419417,0.009593666427907805,-0.004315831654983282,-0.013001683596102098,0.02395212160145231,0.01043628062257164,0.11482466464227437,0.3848323500714024,2,11
2019-11-21,XLE,0,0.0164239976542373,0.01629058262812233,0.01403615380825768,0.009875826516162246,0.010640115901451308,0.004736728194344009,0.017043573486964916,0.012993595672848308,-0.08768153980752402,0.23938240458426563,3,11
2019-11-22,XLE,1,-0.0033317735062513565,-0.003337336222844378,0.01366806111474534,0.009855902448446422,0.008121521577058477,0.0028326516854790817,0.010985349988304473,-0.004161118381836962,-0.2652972502988805,-0.09730589955996416,4,11
2019-11-25,XLE,0,0.0010027444119635742,0.001002241999618736,0.01210367255197306,0.009762572599172271,0.007299354457677598,0.00461282778333838,0.007697505222388367,0.0021753860737374108,0.07344239470936298,-0.014407577940178995,0,11
2019-11-26,XLE,1,-0.009183775678981432,-0.009226206530251524,0.010283527071875673,0.010045695453651058,-0.004863638974774043,-0.0034431198154821763,0.014507299130780821,-0.010505270223301954,0.08641374837872884,0.06344738823764651,1,11
2019-11-27,XLE,0,0.002528299334827011,0.0025251085630828563,0.00950682300195012,0.010036789517273074,-0.003784412727903641,-0.00043673727226622994,0.010267642011753583,0.001346605474838633,-0.2785927473511416,-0.22725805007800715,2,11
2019-11-29,XLE,0,-0.010086135943428554,-0.010137345642206697,0.005740916956966688,0.01048373322404462,-0.010052609750875074,-0.009303294551502472,0.009152557890293962,-0.0018644171246027543,-0.19011615278797722,-0.3727319190388223,4,11
2019-12-02,XLE,0,0.0,0.0,0.005998484714328604,0.010030269390813954,-0.006914101508724513,-0.007315987186487516,0.01100019502793044,-0.00338468035916385,0.9654031825496157,0.17443121417544094,0,12
2019-12-03,XLE,1,-0.014942984132531034,-0.015055755355859457,0.007330999526695282,0.010378520524792255,-0.015511467639622967,-0.019935890135640455,0.011478533423042224,-0.006167562394024839,0.10110789824230815,0.25309381916492946,1,12
2019-12-04,XLE,0,0.014997961922540215,0.01488660453364643,0.011673640116952558,0.010639260141708119,0.000816310868136938,-0.005925521540096179,0.01247435981760115,0.006151753375521416,0.028385116992711845,0.2694433942540868,2,12
2019-12-05,XLE,1,-0.004755759544002092,-0.0047671041508614564,0.011498352455098285,0.01021854795540032,-0.0009205380399498475,-0.009884153525514972,0.01352949809926406,-0.00896334490817276,-0.37495194100938223,-0.16867202293318562,3,12
2019-12-06,XLE,0,0.01911253473657437,0.018932184587068246,0.014094308644857103,0.010742117150992454,0.015300890622120589,0.00956827774870872,0.018011918449872932,0.014783394547828397,0.5358965884469906,0.2663194864963061,4,12
2019-12-09,XLE,1,-0.001171980264141781,-0.0011726675700698408,0.014163801492930082,0.010699722361219549,0.011497029387792068,0.008692006930386853,0.01130614246742428,0.006581221994466179,-0.4975193668706962,-0.348481666140934,0,12
2019-12-10,XLE,0,0.0020116266031862118,0.0020096059917471543,0.010439409892589013,0.010717587554480669,0.007517941873543599,0.010926246831006958,0.008020106418902339,-0.0013366419113947463,0.04506144201372786,-0.29985479225409917,1,12
2019-12-11,XLE,1,-0.0016731765728079662,-0.001674577896055407,0.009480905827344663,0.010267832723577026,0.0031605219444545973,0.008671770632439069,0.008880740470575632,-0.00016759611560526933,0.4156014160339665,-0.0011854507604233122,2,12
2019-12-12,XLE,0,0.01843484018991237,0.01826697838868352,0.010532933324032571,0.01172770711244367,0.014253309227133526,0.02504855072791412,0.021586361307887124,0.016900973303182586,0.8084945562149211,0.6376943190994677,3,12
2019-12-13,XLE,1,-0.0075693002382704044,-0.007598092776247345,0.009813626932774898,0.011458841584437976,0.004597584125856979,0.014858795330490393,0.018038676326312633,-0.010987178976301146,-0.4943932630231028,-0.1927858630515058,4,12
2019-12-16,XLE,1,0.013430287437240729,0.013340900565149028,0.010758565148431827,0.011918349349145279,0.013128139369655845,0.02464363941271097,0.010701374842229237,0.006256128464228924,-0.020718462823726025,-0.18489852861737466,0,12
2019-12-17,XLE,1,0.0006546395484106071,0.0006544253654117149,0.01086705897438693,0.010072413460725805,0.00914108401352065,0.019928340569667746,0.012707702276369902,-0.003584249215945484,1.0785208200504672,0.6206496966471899,1,12
2019-12-18,XLE,0,0.003760642289606597,0.0037535887527462286,0.010334598254558755,0.009485855596993073,0.007219076050645201,0.01949656667673727,0.012604361693246012,0.004910774861863187,-0.4409147073817733,-0.06453695276745464,2,12
2019-12-19,XLE,1,-0.0003259220224228754,-0.00032597514654808535,0.0076246680933557825,0.009116172884655256,0.0049123076720629655,0.014497499101055134,0.005048882175684574,-0.0004886415838523247,-0.013391856700178506,-0.08940679567818777,3,12
2019-12-20,XLE,1,0.009592390873790269,0.009546676003222565,0.005917162951533021,0.007848942610505635,0.009103388587619055,0.02045252821658128,0.009514465875417343,0.00656170491939512,0.36439682315898314,0.23632451123102283,4,12
2019-12-23,XLE,0,0.010267432876062799,0.010215080829604872,0.004934538235315104,0.007891151880106868,0.014590119479537256,0.02595396684001794,0.013215818999743945,0.01142112502011912,-0.22661569019162098,-0.07703037286816505,0,12
2019-12-24,XLE,0,-0.0004839524713959875,-0.0004840696141892309,0.005192600234883796,0.0080294323349042,0.009502640101888282,0.02078189084684645,0.005955299214889513,-0.0027362301741504745,-0.6260892801472662,-0.6457975461632521,1,12
2019-12-26,XLE,0,-0.0003228460184023785,-0.0003228981443976764,0.005651060212834168,0.007922693481443869,0.005431345808662558,0.01568905800065279,0.009320231731060346,-0.004660146515516463,1.016159129709771,-0.27423625159981446,3,12
2019-12-27,XLE,0,-0.0041976133266757865,-0.004206448037296084,0.006543238590033302,0.006718168610446955,-0.0017156058232135063,0.00894851187057788,0.0094901105028921,-0.007881580797830733,0.05534550323940057,-0.16371475653373446,4,12
2019-12-30,XLE,1,-0.0031560493161824077,-0.0031610401434565283,0.005754375647096239,0.0061012563407009885,-0.005269827339795086,0.0028801076738771414,0.010312690334329796,-0.006985997611562923,0.3649086142391984,0.11315623677939124,0,12
2019-12-31,XLE,1,0.005695327963233243,0.005679170900415809,0.0038451407247593844,0.00501454231890704,0.0008958128132241505,0.006447730404603114,0.014646446288485895,0.010774400222357029,-0.26706996137940464,-0.18155928436051882,1,12
2020-01-02,XLE,0,0.008993946439249445,0.008953741788805925,0.0057266240266556,0.00541588619795334,0.008488562180857917,0.012496054508970955,0.0072799244987829135,0.002316399859807979,0.1139950011191524,-0.0030181472782421226,3,1
2020-01-03,XLE,1,-0.0029710954761065222,-0.002975517942155559,0.006039992672546303,0.005718317181123886,0.004627417119758004,0.0071840940760807825,0.019793928971498852,-0.01194175575791194,1.4699573869582325,1.1634323476873347,4,1
2020-01-06,XLE,0,0.007781351572655915,0.007751232997757818,0.005900073000345577,0.005875757782156683,0.009151537091739659,0.011886630234991813,0.012869143234485618,0.004289693432024122,-0.23878330604788,0.5375783488462051,0,1
2020-01-07,XLE,0,-0.0026285899592285444,-0.0026320507678438965,0.005759523244603761,0.005646407568182136,0.00313942699383718,0.0073316756519195,0.012685345108492943,0.00016471699188688686,-0.4896050868060967,-0.18185893071014292,1,1
2020-01-08,XLE,1,-0.01647170012890742,-0.016608866914140652,0.010282079006887405,0.007324437436570702,-0.012306864398547668,-0.00847109247395006,0.017971972385240512,-0.015498803260625771,0.6594460196292258,0.3059358724204173,2,1
2020-01-09,XLE,0,0.0073689301235457805,0.007341912205542478,0.009903585542002876,0.0077668540002483535,-0.0036112051995794703,-0.0011465489559939757,0.020609911795353254,0.007875355534513358,-0.1921309682778345,-0.014840097754367787,3,1
2020-01-10,XLE,1,-0.005652471649636781,-0.0056685073235227534,0.010081987216486243,0.007972310480000593,-0.0073028521576301575,-0.0062455743749750825,0.007152303694577514,-0.005156313441471838,-0.40448239060832447,-0.409515427370888,4,1
2020-01-13,XLE,1,0.00033441764719355227,0.0003343617420754619,0.008752903647718096,0.007868398674809558,-0.0035308005283010147,-0.0058157935796914195,0.010214343568032174,0.0018419391845797318,-0.04072689920447592,-0.42638429671062095,0,1
2020-01-14,XLE,0,0.00016711158092341805,0.00016709761933864087,0.008903293911607608,0.007793426034208277,-0.0004676815566890813,-0.005880946953834121,0.010050225568733336,0.0023450483728527233,0.9751666002164379,0.11327629656976845,1,1
2020-01-15,XLE,1,-0.00735316913719275,-0.007380336946968935,0.005813484476727849,0.007874527082364278,-0.00678879350100714,-0.01214053688112493,0.008895581789334982,-0.00302115306552341,-0.3753503662264259,-0.30507603497846403,2,1
2020-01-16,XLE,0,0.0016835466916858,0.0016821311155239549,0.004048972036459311,0.0071447051425628265,-0.0029493675734207914,-0.008696936683780798,0.008033465142030596,-0.0041841004184100415,-0.2406378106880378,-0.4593971040327812,3,1
2020-01-17,XLE,0,-0.0063864590107149954,-0.0064069396859580685,0.004216886011134836,0.007288464508609564,-0.007020720232522426,-0.012922846692356216,0.011230274399244324,-0.009051306015897811,0.4480029181105234,-0.11484080424016607,4,1
2020-01-21,XLE,0,-0.017929575900786254,-0.01809225823041727,0.0077678627746186925,0.00791705002666108,-0.018991542969579722,-0.026051324980632895,0.014288146615184584,-0.012417069754518817,0.45725537614093414,0.34076131967020595,1,1
2020-01-22,XLE,0,-0.009645246050656198,-0.009692062718416938,0.007036850270131779,0.008024571978965785,-0.020709815924898956,-0.03022331376748799,0.011216592188461183,-0.007765327989904712,-0.15424728890323025,0.10646827526731273,2,1
2020-01-23,XLE,0,-0.0038259477691191535,-0.003833285428933131,0.007281214810854531,0.007017086816403501,-0.017360750240023037,-0.029958056268110322,0.017574691971584327,0.00667833467886887,-0.09536235241216262,0.04625160152611851,3,1
2020-01-24,XLE,0,-0.011522443804874882,-0.011589341540581444,0.00539451454023711,0.0060564106313889055,-0.018989538386065985,-0.03536866295262164,0.01929144975956101,-0.007015109131316102,0.5356680222925139,0.545515181833341,4,1
2020-01-27,XLE,1,-0.02772877228849313,-0.02812047259089656,0.009116595357712157,0.009145906308481961,-0.03254724342530535,-0.05444867078727511,0.012977671713118812,-0.007750546299994589,0.06335762557256785,0.500879449944035,0,1
2020-01-28,XLE,0,0.004541267135121263,0.004530986693927819,0.011891791022451428,0.009665149536656776,-0.01863363154766684,-0.042706109988558505,0.010115562724344301,-0.0010838398235096152,-0.34047734347976477,-0.04657673436813481,1,1
2020-01-29,XLE,1,-0.010488239266190025,-0.010543628478254075,0.011897925116486425,0.00926843398643647,-0.019249453493085822,-0.0442756551250596,0.02085955466068059,-0.016004304619316404,-0.03878993853189838,-0.061063586926450864,2,1
2020-01-30,XLE,0,0.008041186148640467,0.008009028088904468,0.014324890121619789,0.01071336243920045,-0.0037925002446348444,-0.029402804337171906,0.022345389936723227,0.018651861367917293,0.7773582434850932,0.5269730550711593,3,1
2020-01-31,XLE,0,-0.031182408786279314,-0.03167892917304993,0.01796441500578567,0.01252960902822815,-0.023641793283115997,-0.049533342635561195,0.02249679570350988,-0.014567599524172258,0.36839196905507454,0.8051123386195389,4,1
2020-02-03,XLE,1,-0.013098875845300784,-0.013185422728221763,0.015678491042678745,0.01245763803589481,-0.028228382847886757,-0.051217272194021835,0.016863435336162608,-0.011804333258878714,-0.363180329339974,0.09411545227622087,0,2
2020-02-04,XLE,1,0.003602713061403806,0.0035962388358941055,0.015488726901916888,0.013029100955474139,-0.016134480667478024,-0.03892955546118204,0.02037376332505841,-0.010654199903256426,-0.06902091201172422,0.005855028539267559,1,2
2020-02-05,XLE,0,0.03759693443788681,0.03690739954183808,0.025642608272379228,0.019685978510034174,0.02009738036110509,0.0018972472464897638,0.02471662882571201,0.02062807595848254,0.7347299165480983,0.5862616875034026,2,2
2020-02-06,XLE,0,-0.010196705176803378,-0.010249047693172919,0.02568629064414496,0.019768018659309553,0.012705447501952127,-0.003007888215312504,0.016491479564684837,-0.014860451074468449,-0.552073759525333,-0.2963624268519568,3,2
2020-02-07,XLE,0,-0.006990511590013737,-0.007015059685550273,0.02077924734944619,0.019654605533009878,0.0036068579473134132,-0.005160431234867424,0.009453166159796288,0.0005560478011611528,-0.11085931716946096,-0.3546190177019888,4,2
2020-02-10,XLE,1,-0.005001821518665461,-0.005014372497245567,0.0195709391397736,0.01791914730852985,-0.0050018762328587485,-0.00768581642690902,0.008379902356538082,0.0001861884802821711,0.06917981786713212,-0.28628395374685567,0,2
2020-02-11,XLE,1,0.01117121866977544,0.011109281455722098,0.01984246710974924,0.01831930287122477,0.0009953483240425776,0.005238186449542326,0.008265995119233467,-0.0023878996454307472,-0.05436935644714014,-0.3235862446348262,1,2
2020-02-12,XLE,0,0.013441330611387414,0.013351797332411763,0.01097894668582405,0.018597985751890454,0.014001519632093284,0.018146881159660788,0.013788068509804956,-0.0014513428502834413,0.2423471967409676,-0.17360661007087363,2,2
2020-02-13,XLE,0,-0.0030887631096484514,-0.00309354318397137,0.009627067362610675,0.01844478995612424,0.008973513338268457,0.015546894544605117,0.011477520042276493,-0.00036437343753083933,-0.3037767881021872,-0.3880218913679958,3,2
2020-02-14,XLE,0,-0.005285036459331205,-0.005299051666917798,0.00925610704556551,0.015165095190466835,0.0014312400426534921,0.008052738832305062,0.01561926578649654,-0.008717753909631584,0.04552021311242682,-0.28360859852785003,4,2
2020-02-18,XLE,1,-0.008244725496686756,-0.008278901221892454,0.009976624892475756,0.014690720150013369,-0.008353682921921401,-0.002818407507755194,0.017375206159361275,0.0005545766144243509,0.30309105431309913,-0.039126498981390534,1,2
2020-02-19,XLE,0,0.013301042960283116,0.013213360742584612,0.010518272400459945,0.01507207793725676,0.0028521058526402854,0.00688378475652085,0.01614977135269553,0.006606657819145551,-0.23655353760718856,-0.233164169014917,2,2
2020-02-20,XLE,0,-0.001093705268888634,-0.0010943038009481043,0.008361665304770347,0.009228519672897536,0.0026718890190722266,0.0060226249255699305,0.01363884300977732,-0.003637038676755855,0.04780255953241164,-0.07503258449821293,3,2
2020-02-21,XLE,0,-0.01186343313689009,-0.011934365216593523,0.00974664971476756,0.009441739753408623,-0.006568994439925979,-0.005510546410781192,0.011608643132508187,-0.002395449917425547,0.05803475649002365,-0.010181194145186145,4,2
2020-02-24,XLE,0,-0.04617670889633907,-0.0472768541420332,0.02199001521808061,0.017331868497473594,-0.04210727258131197,-0.04733796816854041,0.01765838791913896,-0.00882915735018966,1.3926000492461,1.0798380826773015,0,2
2020-02-25,XLE,0,-0.0441518299412994,-0.04515619647386826,0.026367975989297743,0.021445524164440843,-0.06790546296026767,-0.0820331139987438,0.05368866058004617,-0.04673615731935662,0.2966265607264471,1.2902356247112965,1,2
2020-02-26,XLE,0,-0.030186229549207577,-0.0306512151429863,0.019823396798334905,0.021282174475463003,-0.07156703458173963,-0.09895147837529072,0.03895842288066774,-0.033710172643923966,0.1398547527505234,1.1992064925466237,2,2
2020-02-27,XLE,0,-0.05347830782482976,-0.0549613902909214,0.016469843853343755,0.02274724232254598,-0.08766918433469062,-0.1312267891398442,0.04803769702894564,-0.028307949058290094,0.25498327813993105,1.30279460274823,3,2
2020-02-28,XLE,1,-0.0008827653736291907,-0.0008831552404391374,0.020840331538500605,0.022928951848223827,-0.05470869865794259,-0.11571669781125371,0.05287145939725177,0.03167728705135471,0.12201792792601673,1.1294094801675016,4,2
2020-03-02,XLE,0,0.04042430284065568,0.03962861345127289,0.038068807333821245,0.029529881245274347,0.0025117386177799794,-0.06632821029720548,0.04818495248608146,0.017718230692586826,-0.46706023346394054,0.05595698560327178,0,3
2020-03-03,XLE,1,-0.03057325937956057,-0.031050371238666052,0.03614159430583811,0.029868812102934142,-0.012585880024344576,-0.07941679737274543,0.0599535616766984,-0.036098778193589004,0.3261932117447677,0.28121753803158533,1,3
2020-03-04,XLE,0,0.023652934275301574,0.023377537795321146,0.038412285617247736,0.03116638602540823,0.015733607327133692,-0.04197756502298178,0.02315612875617639,0.002144131434970698,-0.49615497795054253,-0.3743085885662111,2,3
2020-03-05,XLE,0,-0.0365854510460244,-0.03727148322475449,0.03340823706196205,0.031372217102513825,-0.020235115904042256,-0.05818633124942674,0.029295193532021358,-0.008149839959170978,0.2002409687761646,-0.27911452706647477,3,3
2020-03-06,XLE,0,-0.056184706839208176,-0.057824796005923496,0.041596364739110964,0.033324777725891444,-0.06400041542254908,-0.08892131472319464,0.04666663860452586,-0.022988505747126436,1.0933328342515303,0.3509476358295591,4,3
2020-03-09,XLE,1,-0.20141161609136182,-0.224909630027752,0.08429642086430084,0.06561675539939975,-0.2065272294127678,-0.24372733921397072,0.07698890180879958,-0.03222130247928131,0.08191991208991278,0.36140419346749186,0,3
2020-03-10,XLE,0,0.04743624689342529,0.046345508807731584,0.09736202215623048,0.07098079550094974,-0.12765034204525172,-0.1827024564907711,0.0943550383758356,-0.030542650335697537,-0.2723354002364894,-0.02056107652918837,1,3
2020-03-11,XLE,0,-0.05288312474846524,-0.05433277709492712,0.0896565839888378,0.07135714946631763,-0.11715351865692314,-0.19980043310587348,0.055732891913628166,-0.022641584229897902,-0.10228551488609594,-0.11112451367436271,2,3
2020-03-12,XLE,1,-0.12474000392602158,-0.1332342983911241,0.09254065132391395,0.07706507327683747,-0.15862495063359694,-0.2722198579147561,0.08400130793112728,-0.05514591828316856,-0.1069109627322764,-0.16796699390199743,3,3
2020-03-13,XLE,0,0.0922973035925101,0.08828309630486109,0.12066411025257588,0.08717899905210193,-0.023480056138482475,-0.17851211905383746,0.10700882608298136,0.007196481502656562,-0.12183388232021863,-0.21072172584602566,4,3
2020-03-16,XLE,1,-0.1360670685694807,-0.14626013885022981,0.10196537082661887,0.08921129118745902,-0.12376317707078854,-0.25354295788212977,0.12343472875728904,-0.005008990811288501,0.1799263308542336,-0.07638674789818156,0,3
2020-03-17,XLE,0,0.0068317932416586125,0.006808562288238562,0.09516973402722285,0.09077067880036083,-0.07370663904388342,-0.21104546125963597,0.07941593832960411,-0.002849000139722797,0.12949375646226047,0.05081820435315043,1,3
2020-03-18,XLE,1,-0.14357141992645106,-0.15498435048161685,0.10561379561432323,0.09236008444156882,-0.15235077421463716,-0.27801536827909623,0.14208911800510676,-0.07910911293642318,0.1472638611377619,0.13311476264940714,2,3
2020-03-19,XLE,1,0.06797343820514468,0.06576286963429112,0.11155714405124895,0.10089112893369838,-0.06933644334316547,-0.18105653071730032,0.11220713320168735,0.05260997495517182,0.0017396875083914853,0.08140661439483243,3,3
2020-03-20,XLE,0,0.009761685485884408,0.00971434804694482,0.09523493104713344,0.10258530560300541,-0.014932277448579168,-0.12658750458828905,0.07920791719637475,-0.015232277800604788,0.11738676725417174,0.216308401913756,4,3
2020-03-23,XLE,1,-0.06815837655356816,-0.07059241066104072,0.08183304578685224,0.087301077113903,-0.055354355932513144,-0.1581316615440822,0.08515723710560556,-0.062077179388763434,-0.17302063841308357,0.04574112532199859,0,3
2020-03-24,XLE,1,0.1603735062122722,0.1487419414052531,0.11784999856102284,0.10413069080841028,0.09646833599437343,0.0034834631594542476,0.08228347181010016,0.07677168473328845,-0.07768513184777515,-0.027234573383732585,1,3
2020-03-25,XLE,1,0.04716644639416567,0.04608789384178502,0.08348300126089575,0.10529396682598781,0.10235714956216224,0.0676308972218842,0.11663685652575945,0.024686891158296285,0.17801851672953495,0.12393318849103929,2,3
2020-03-26,XLE,0,0.06110307722381969,0.05930900592507493,0.08303323342466769,0.09875722071172173,0.12352478446537019,0.12629564973305762,0.08399586171940127,0.0504666114438807,-0.10521236809834666,-0.011458444387228983,3,3
2020-03-27,XLE,1,-0.06778530772713565,-0.07019213430858517,0.09669088656992961,0.09684962912762209,0.024370871517937598,0.06237334208377732,0.03605766506867274,-0.02712915153707602,-0.22144332357874674,-0.23428475122282932,4,3
2020-03-30,XLE,1,0.010236626168981688,0.010184586748738678,0.0828634311548113,0.08543599140045903,-0.0016045775158338715,0.06756894448134143,0.06368517488578088,0.02397137953507099,0.15327799739380876,-0.1204092677378027,0,3
2020-03-31,XLE,0,0.01537353839161959,0.015256562911514226,0.05005134470692597,0.08546134248808583,0.0017924415356740386,0.07725922732969659,0.051665549076203375,-0.012236594473758819,-0.18460194552713916,-0.2657778066569171,1,3
2020-04-01,XLE,1,-0.04955254569019407,-0.05082240073873168,0.05229113119050424,0.07067348342837491,-0.04110542238235626,0.008310788170086347,0.04445234575725842,-0.01778093830290337,-0.306373105564386,-0.4579230283234166,2,4
2020-04-02,XLE,0,0.09160027169423635,0.0876447587474316,0.06281330164359017,0.07286656494617628,0.048476787394392096,0.08055216431664314,0.12064805144384186,0.03929677285950086,2.0691918661993998,0.5882135120020415,3,4
2020-04-03,XLE,1,-0.010613521912597457,-0.010670247062390281,0.05159707744932325,0.07349823228478816,0.02663824890176314,0.05198196374946096,0.07491961077577142,-0.04083602707993453,-0.1270893131368106,0.3700711453220684,4,4
2020-04-06,XLE,1,0.052966688355012836,0.05161159766095036,0.054794022836412264,0.06725915472354638,0.06064695756954319,0.07789969357391979,0.05016395693919698,0.02983606057088883,-0.4043844766841651,-0.16562737762741886,0,4
2020-04-07,XLE,1,0.02133091217932437,0.021106592625823595,0.05473423607313814,0.049621912007413935,0.06161896170658521,0.08330804229273125,0.056128596040908925,-0.02669894653706263,0.3547751619512529,0.11328924944642993,1,4
2020-04-08,XLE,0,0.06670828820101904,0.06457754056475906,0.03986722938426047,0.051290654365498206,0.08504036081042021,0.13420182169213768,0.056166063701488515,0.04456663534717764,-0.18644521884312604,-0.07318687141904867,2,4
2020-04-09,XLE,0,-0.00905918398196559,-0.009100467910790222,0.03521661899786141,0.049685848872191796,0.05017026203994135,0.1109654276223857,0.10804727219098645,-0.04586384429166097,1.1793546478053156,0.8392098097526799,3,4
2020-04-13,XLE,0,-0.0032439020492128767,-0.0032491749056400288,0.03350441401722765,0.041703596643291846,0.021641815603625325,0.08786602896045181,0.05585645171407534,-0.03676263636129412,-0.6294351324243712,-0.314747324870569,0,4
2020-04-14,XLE,0,-0.004733836919704637,-0.004745077012234589,0.031669148141308605,0.04230059523031509,0.0032804923811060593,0.06550092133641394,0.02826031394384658,-0.009714507482960197,0.07331840155069913,-0.255760444198578,1,4
2020-04-15,XLE,0,-0.04696758060723982,-0.04810635765600724,0.04113844971384769,0.046921106200413794,-0.043727103415118096,0.005898752736580581,0.0408669236331839,-0.007430274595615507,0.010637565693299988,-0.2514628492267702,2,4
2020-04-16,XLE,1,-0.04273250331656797,-0.04367241072080885,0.021612864614569526,0.04598594659535092,-0.0648994076998547,-0.04627239258231497,0.04471551697916051,-0.0403376806330155,-0.12006374198117709,-0.35252571474844074,3,4
2020-04-17,XLE,0,0.10622340240604133,0.10095187402817629,0.06191477693805699,0.04895202160637065,0.03417808340734396,0.04272235630346777,0.08554108582989725,0.0836259446413518,0.4194824613270016,-0.02777082790890173,4,4
2020-04-20,XLE,0,-0.0312223579431673,-0.03172016498557406,0.0637125364373889,0.05046643568142387,0.00747408819564277,0.0007606444226251341,0.0726133875454137,0.029420926580989007,0.22989789197747612,0.21490597754422036,0,4
2020-04-21,XLE,1,-0.017634320454119834,-0.017791657515187076,0.06401591080982216,0.04884409724119833,-0.0021617023021565096,-0.01957198970011509,0.04727620885980743,0.011584246494888647,0.0715630818334958,0.24189276501718848,1,4
2020-04-22,XLE,1,0.035592478366024416,0.034973705800140475,0.06155802792570039,0.049612827784861466,0.02449475046241245,0.011089915609396428,0.029019939107175596,-0.009179785877667846,-0.3897714410532378,-0.21866561292625897,2,4
2020-04-23,XLE,1,0.03227729404659718,0.031767326748710634,0.054178012911493434,0.045935537710394526,0.03320363738455567,0.04271690677100648,0.03509278133807589,0.0017401790628656143,0.1281842686147856,-0.11794606070846969,3,4
2020-04-24,XLE,1,0.0023164187853164098,0.00231374002328133,0.029617685988875823,0.04577594055290708,0.03146242668005739,0.04289691162763343,0.041725837065106366,-0.017314806082249553,-0.22050976357815188,-0.2143407952093337,4,4
2020-04-27,XLE,1,0.021663800751765327,0.02143247557919592,0.02231989227672304,0.04607586089393236,0.038461655942837014,0.060474495456113164,0.05937127661794897,0.02939459556438201,-0.2818906184473444,-0.4210054585302121,0,4
2020-04-28,XLE,1,0.02290065265875052,0.022642368528084766,0.012982989744211164,0.046223791224751516,0.038640429859961856,0.076561464171095,0.030083615185257206,0.0077994085625605015,0.26970972174510477,-0.2522873397370249,1,4
2020-04-29,XLE,0,0.0740738982232958,0.07145880025899354,0.02660770069020404,0.04600779243509463,0.08202914916689608,0.1333740431724182,0.04415310604868909,0.03987160077747554,0.20184991037911315,-0.09868816170174777,2,4
2020-04-30,XLE,0,-0.02213064470748849,-0.022379201415885674,0.035435124593502475,0.04324784115951898,0.03808111978429474,0.0851561813129631,0.04196527961885827,-0.02763566480174703,0.1824157580021104,0.040092217000046615,3,4
2020-05-01,XLE,1,-0.05657911768561663,-0.058242773212249244,0.04963065106037156,0.03858069171157218,-0.027190015682497237,0.018234296022413332,0.0561526083837245,-0.036808240237778005,-0.3035261696188253,-0.24458740873185192,4,5
2020-05-04,XLE,1,0.034588824809389074,0.03400407706884989,0.05084296951742834,0.03708604756422103,-0.0028496749932985788,0.04103519006519596,0.05967600329848289,0.053992657005585025,-0.098261116179581,-0.2616293888861376,0,5
2020-05-05,XLE,0,0.0008088129627688012,0.000808486049826751,0.050462084846739266,0.03584741299266357,-0.007061774172727575,0.027998588299265048,0.04998695830015275,-0.0385910814533196,0.3022523512516009,0.037180938906379746,1,5
2020-05-06,XLE,1,-0.026131527325287895,-0.026479022779748007,0.03393514231066961,0.03711349252498273,-0.01878291597759496,-0.0062675618714435055,0.04021447803434884,-0.030831038463910356,-0.3111034809859544,-0.2558409558890785,2,5
2020-05-07,XLE,1,0.0260028625248514,0.025670536729921256,0.0376378089973346,0.03671547535875653,0.011729480276530202,0.012475131079960233,0.025827256706047234,-0.0021522200779729495,0.023636647786070553,-0.19426298836878375,3,5
2020-05-08,XLE,0,0.045564956735127504,0.04455736778452879,0.02883308431232091,0.0385076006789081,0.04118574618368753,0.04672206191285522,0.027924067022102133,0.021601678466837356,0.02427923597156134,-0.15328735550633876,4,5
2020-05-11,XLE,0,-0.01753527399965238,-0.0176908381729457,0.029910115332141895,0.03940781425187016,0.01741051857963516,0.020845331525915167,0.018432058430228326,-0.010903478158135044,-0.06273994787113613,-0.2063496936700916,0,5
2020-05-12,XLE,0,-0.01758496495529782,-0.017741417304189877,0.03174351705080269,0.03980242074787,-0.0021327104153572307,-0.0004539062449877562,0.02988559576045168,-0.027286882784602146,0.20626071856853656,-0.0377121382784118,1,5
2020-05-13,XLE,1,-0.045418024097631626,-0.046481755897657795,0.03679583573262094,0.033973536325382844,-0.045315979839193665,-0.0378088813438735,0.04733723257361555,-0.03899948227643237,0.22921840759678602,0.1870955398319496,2,5
2020-05-14,XLE,0,0.01119505896796169,0.011132858093100051,0.034525089999239804,0.03405054278465047,-0.02965023305017289,-0.022112646710940487,0.061823421025003766,0.029344804523383443,-0.10183955892328123,0.10829048440895317,3,5
2020-05-15,XLE,1,-0.0038749512743209147,-0.003882478349000351,0.0209026235045764,0.028763924497833642,-0.018704274457918002,-0.026270903526815492,0.03375764364435959,-0.004150462471358104,-0.12168460053833885,-0.0193736926405913,4,5
2020-05-18,XLE,0,0.08168904458997805,0.07852374964680298,0.04756629163313494,0.03746020017969789,0.05667418527724499,0.04805468023357218,0.032325875608384076,0.023127492398426038,0.3437912243375627,0.27113044330612524,0,5
2020-05-19,XLE,1,-0.027998922833901485,-0.02839836632673709,0.04901927635619843,0.03893719315248521,0.024807556208951365,0.01673950235564914,0.03309382031757893,-0.02924575174540996,-0.26249801748984136,-0.03780145965714432,1,5
2020-05-20,XLE,0,0.03990484311364506,0.039129211961064225,0.04228773583554568,0.039124057940972866,0.04520813366109655,0.04829884496843362,0.02589332023969575,0.018902111921956545,0.01076369191295612,-0.039728170852763256,2,5
2020-05-21,XLE,0,-0.01600987508455809,-0.01613941763528004,0.045371055292859376,0.03937350565649534,0.014515729471955785,0.02705583748103213,0.030909581529559214,-0.019001772911185114,0.03155836628687547,-0.022800816206253294,3,5
2020-05-22,XLE,1,-0.006198363890874914,-0.006217653498985953,0.045620606851981965,0.03676304745543454,-0.004758783265235711,0.0215026473553952,0.021609003758186925,0.0018224341343998994,-0.3155446660668755,-0.3179356954841124,4,5
2020-05-26,XLE,1,0.027806550421135556,0.027426968800609686,0.029081766708686143,0.03717889679559803,0.019645275880361135,0.04588125793222253,0.012843070594091802,-0.004029208035783417,0.9454110923496557,0.263416352479676,1,5
2020-05-27,XLE,0,0.012895014188859077,0.012812581385200694,0.023154636326752725,0.036422431430621856,0.021105168920092288,0.052051001296048005,0.035385047242643165,-0.0017443232733884997,-0.04891265159183111,0.17177549349059307,2,5
2020-05-28,XLE,0,-0.02795816352525493,-0.02835643380727859,0.02234929377433637,0.033943329569574084,-0.005364141962916791,0.014088783981033304,0.03510955808688752,-0.030378516567194192,-0.23683619372809772,-0.08367658150111246,3,5
2020-05-29,XLE,1,-0.0046223856679513675,-0.004633101928460892,0.02109615718186544,0.034204720846495035,-0.010163965789767304,0.0025347938869320075,0.028497370922399765,0.00414507393101011,0.3153901627763225,0.18626121425350406,4,5
2020-06-01,XLE,1,0.01754388921722616,0.017391771770177034,0.021900693922304728,0.034079268949550205,0.002287203783776226,0.011100615091738764,0.038242881474401164,0.019121391451707166,-0.3331505837729579,-0.19998604002485953,0,6
2020-06-02,XLE,1,0.027890709392943247,0.02750884756116445,0.02192249764449546,0.024294896484559177,0.02508367714639781,0.035028838437419774,0.01906200543242757,0.01680466520170296,0.055335570469798645,-0.12210093927020405,1,6
2020-06-03,XLE,1,0.029353632118379824,0.02893106362223774,0.024464479959215808,0.02252111364923348,0.046336798567655046,0.05493351016378978,0.019912571363462462,0.013355979431389641,0.08512591815320047,-0.048466652818188516,2,6
2020-06-04,XLE,1,0.0002395687576828287,0.00023954006567006303,0.015631337285380978,0.020036755839010913,0.03209533709659862,0.04884915734960704,0.024096385542168676,0.005783172975103539,0.004534649040874195,-0.04469816485990441,3,6
2020-06-05,XLE,1,0.07426916279412166,0.07164058181418964,0.027410603714394115,0.02780382651992903,0.07638375977853107,0.10968117182585035,0.03331049563037456,0.02304353820075803,0.8303463665965352,0.6236757843241587,4,6
2020-06-08,XLE,0,0.04504921096164005,0.04406397613730961,0.0270791211328194,0.028158139788874156,0.0861805224878458,0.13611024709303265,0.03120294221755808,0.008392497942838154,-0.05303137457243201,0.4086780568743835,0,6
2020-06-09,XLE,0,-0.03755871938230371,-0.03828222183165497,0.042830476267873285,0.03332163680720392,0.023743585445723747,0.07892158787552561,0.022266360728398604,-0.0057319694164892476,-0.0806821122253848,0.27145384700656483,1,6
2020-06-10,XLE,0,-0.049224029574266415,-0.05047681682163585,0.05283042960790809,0.03882604720183266,-0.03170450909739375,0.01893870285275634,0.04162937774501532,-0.04028646429646584,-0.07347910159155135,0.16155075783308392,2,6
2020-06-11,XLE,1,-0.09421616063404281,-0.09895458930207246,0.06981187159791999,0.04968435288556061,-0.11129398899272336,-0.07684245851477056,0.058410676026716846,-0.026322367839720362,0.1892809069241883,0.30300752327311353,3,6
2020-06-12,XLE,1,0.025231764078115893,0.024918698326787947,0.05684348804899539,0.050211627665832655,-0.06744714898778792,-0.05592811881897253,0.05178787949770925,-0.018002455141087826,-0.11078829212372432,0.13690705520959257,4,6
2020-06-15,XLE,1,0.003013629413810559,0.0030090975353407323,0.04660832532504734,0.04998128727970372,-0.0333041115773165,-0.054204238851454534,0.06951725565147115,0.047743959753942015,-0.23285105389151628,-0.14819539273375204,0,6
2020-06-16,XLE,0,0.02879294773321761,0.028386219630539777,0.05310694829895463,0.050033192232155604,0.014217237489291934,-0.028237627464971826,0.04732321581531176,-0.017925430144952112,-0.024522488842343648,-0.18365417932046557,1,6
2020-06-17,XLE,1,-0.03407185810677138,-0.03466583481057972,0.05122750933374472,0.050269678734408865,-0.0046648180664768946,-0.05679684624898018,0.030784224581935093,-0.030295667462039894,-0.27070492074440033,-0.398617138536551,2,6
2020-06-18,XLE,0,0.012345949940897327,0.01227036021632344,0.025192648376973516,0.05052417616513548,0.000896713766800783,-0.041599101506046954,0.039959268471377346,0.022652058256804754,-0.20964994864772335,-0.5134837821341763,3,6
2020-06-19,XLE,1,-0.015181593709358343,-0.01529801390207064,0.024375739461307423,0.04270952340824539,-0.013069230162720546,-0.044133585858212365,0.046101854533983584,-0.04489501802198142,0.46013568756125167,-0.2433170017764461,4,6
2020-06-22,XLE,1,0.004632679741119805,0.004621981907362738,0.024453351780635294,0.038455474849590235,-0.007572873340587649,-0.022931896377760053,0.0246914319134935,0.009516433171813745,-0.27881752209173405,-0.4076074507644246,0,6
2020-06-23,XLE,0,0.0010191310588543168,0.0010186120973600943,0.01851291094836009,0.037942080407495096,-9.036473050949567e-05,-0.009012024319072887,0.01932732065297582,-0.0138052016805733,-0.2387058956612952,-0.5054933860600423,1,6
2020-06-24,XLE,1,-0.05548497030748123,-0.05708367931115266,0.02706097272602938,0.03867347744388253,-0.04547706917618355,-0.05149184855978173,0.04731122031848974,-0.04058944370313608,1.1858325791243973,0.11106152156001103,2,6
2020-06-25,XLE,0,0.019132497469395382,0.01895177274502391,0.028620706001941054,0.02682145726056709,-0.01786126374444419,-0.03203760555006252,0.03781282516637674,0.02883572964338494,-0.2578809133887464,-0.10096763929701102,3,6
2020-06-26,XLE,1,-0.03463785000611097,-0.035251963077180815,0.03087511603602744,0.02698282282955484,-0.03910938957808885,-0.0588067871652973,0.032223678004190986,-0.027696429737897276,0.40986876072148304,0.31148702924916116,4,6
2020-06-29,XLE,1,0.013421068007480219,0.013331803272704779,0.0323496346084564,0.027607335980830608,-0.014542101492063808,-0.040151475903487555,0.02404374603287102,0.010929003894951987,-0.425511870553526,-0.2053400001634027,0,6
2020-06-30,XLE,0,0.022972758345072952,0.022712857431224975,0.03575228741293207,0.026843024763817516,0.01588908593666627,-0.011124021571608744,0.04768392271444289,0.03133508684672661,0.07662650106925484,-0.10381671876437504,1,6
2020-07-01,XLE,1,-0.02430638829632814,-0.024606664287769142,0.026749625647088413,0.02589277006181794,-0.007844863562291415,-0.02943571573102699,0.04289466456363076,-0.028157886705900494,0.17332429309472186,0.04611774582387729,2,7
2020-07-02,XLE,1,0.011102252825532455,0.011041075206426498,0.025473033809476783,0.025799766913370454,0.005764273677040244,-0.0126106626609932,0.025205645995068728,-0.009286242687020626,-0.15440272815320633,-0.124021125478055,3,7
2020-07-06,XLE,0,0.0029457281024827253,0.002941397947012536,0.01798609540182256,0.025698762784630763,0.0036446980529856177,-0.005444214453974805,0.03394739251387747,-0.014473664133172286,0.08484445984445976,-0.03163545277363833,0,7
2020-07-07,XLE,0,-0.03177566337769833,-0.032291465847081646,0.02338542028087353,0.026903217614050068,-0.024377108388525914,-0.029339339734354986,0.02244451126640627,-0.01947001702584617,-0.0723664948407875,-0.1073216961438469,1,7
2020-07-08,XLE,0,-0.000827392945373262,-0.000827735423838849,0.018477649959430423,0.02684405454845089,-0.016611516782466862,-0.022132290886120676,0.02454493741992002,-0.0008273243432297694,-0.012433706822757462,-0.1398830708459725,2,7
2020-07-09,XLE,1,-0.04940650557243342,-0.05066875847432373,0.02578547163323474,0.025686833131196518,-0.0523882773207367,-0.06369788757186412,0.049071157694531055,-0.04518993850585276,0.47904449685001627,0.2818650070695714,3,7
2020-07-10,XLE,0,0.03193965952846489,0.031440195900803936,0.03176500338376532,0.027404057630102695,-0.012338741287761579,-0.02776630905961819,0.039135516556665466,0.03796726557633622,-0.17403318534815804,0.053424946395502104,4,7
2020-07-13,XLE,1,-0.005346292053402979,-0.005360634615286575,0.03116854954823619,0.025484154117734466,-0.006017432009938095,-0.02988567828713462,0.02592686139312493,-0.014496807171673612,0.47549548121135254,0.5328011490305467,0,7
2020-07-14,XLE,1,0.03507804164342887,0.03447682642874028,0.03425900515656236,0.0278393148953264,0.026943692906937544,0.005275133079368777,0.04699520071761071,0.042153218926460984,-0.08066613295794622,0.3283737648791907,1,7
2020-07-15,XLE,0,0.02159031172121595,0.0213605422546701,0.03520334830663184,0.027711493810991764,0.04238690343411822,0.028307173175014855,0.021055359573339538,-0.003731326970692206,-0.24308394528521882,-0.013522200844252041,2,7
2020-07-16,XLE,0,-0.004547525698418653,-0.004557897148308676,0.019537338239263596,0.026536705943542172,0.021859904314963652,0.02284303261711984,0.027740337992647385,0.002154538487910759,-0.27332110800115816,-0.2670962717803952,3,7
2020-07-17,XLE,0,-0.013974919320156043,-0.014073487908037752,0.020772631024205238,0.026668441166494732,0.0012553267159816084,0.01035414121047884,0.032413684431253496,-0.01714447288918392,-0.05875321418704971,-0.30183198712813186,4,7
2020-07-20,XLE,1,-0.016625683117034606,-0.016765440998826264,0.02289311166086003,0.027027174466282652,-0.01929866274699199,-0.002681167951288921,0.025437644153241058,-0.013129089830587172,0.13318357048919394,-0.20108477220181697,0,7
2020-07-21,XLE,0,0.06042120668283313,0.05866619399061923,0.0322878460369734,0.031605620173778014,0.030600151823398036,0.05176349209512754,0.05177105372434499,0.042506744582116555,0.8016188080591737,0.35694410524155695,1,7
2020-07-22,XLE,0,-0.01228409797933161,-0.012360171146360344,0.03263537289517136,0.03207787946557684,0.01569657496843857,0.03440751036495682,0.01611616433938209,-0.0015851403173707311,-0.4575175144179463,-0.2610283470124142,2,7
2020-07-23,XLE,0,-0.0018525249549764533,-0.0018542430014747424,0.032509873054359706,0.02614421225835418,0.011043216554699198,0.023303823686041003,0.017790710877853413,0.0015932388086597072,0.07248097769306439,-0.1780606294482544,3,7
2020-07-24,XLE,1,-0.0055675728667886615,-0.005583129569522782,0.0316084874714295,0.02523220637841384,0.00101388678479708,0.012196936630010535,0.024125127729652453,-0.005567414962188787,-0.051953297630192075,-0.20436291126620143,4,7
2020-07-27,XLE,0,0.0010662788841180326,0.0010657108125680104,0.029529727760506514,0.02500101489261606,-0.005719671719150554,0.007296275086542625,0.019487441539712057,0.0024025668656568683,-0.086192896454242,-0.21335777270350176,0,7
2020-07-28,XLE,1,-0.01704368989047278,-0.0171906052860491,0.007455160668467177,0.023743315652166534,-0.01562832261430236,-0.010720975950258005,0.023573458619171626,-0.011251057140136009,-0.02490812352586258,-0.1743694063990563,1,7
2020-07-29,XLE,0,0.020861421941111846,0.02064680219507986,0.013783745954407187,0.02367450489478322,0.00549710528999503,0.00910538738688449,0.025668759957406497,0.018103269765693472,-0.03160843566651106,-0.1668501709614738,2,7
2020-07-30,XLE,0,-0.03927812557771182,-0.04007032457169046,0.022255364319342483,0.026912236774464415,-0.026096305500367567,-0.027900949141904996,0.02792081312925961,-0.018704218978724145,0.9072727272727272,0.48813613710158443,3,7
2020-07-31,XLE,1,-0.004695891515608008,-0.0047069518531857035,0.022282504745180634,0.026628335132658096,-0.022888562699718507,-0.03074799560601993,0.021598889896392186,0.010659109036562668,-0.24546730950212736,0.08804551379573256,4,7
2020-08-03,XLE,1,0.003607968958392327,0.003601475851655156,0.02256308043462749,0.026115073826650455,-0.011913855884852498,-0.02746025687799425,0.017767889547888483,0.0038867126004786695,-0.14816683552581122,-0.07732800514164673,0,8
2020-08-04,XLE,1,0.024336496281794906,0.02404508228718072,0.02549820860864093,0.018218081471089845,0.011414090308661473,-0.0005125027510755054,0.030799128250669213,0.027746947130879888,0.06959542064311908,0.04926776569989921,1,8
2020-08-05,XLE,0,0.010528955255761474,0.010473911835731098,0.023848022053704086,0.018365904598287793,0.023460528628405974,0.010993187809604121,0.02144562783886646,-0.009001857253565459,0.3626866795734558,0.3594440717159155,2,8
2020-08-06,XLE,1,-0.008014980613683886,-0.008047273236376551,0.012939193577572665,0.018507846395671494,0.010120165782623092,0.004490869112011131,0.015314338423695808,-0.0024180588295582657,-0.3760887163631753,-0.1448230931230955,3,8
2020-08-07,XLE,1,0.0013466339844199204,0.0013457280860604826,0.012040371491870983,0.018464781765126323,0.005190833407841433,0.00674231638514744,0.024456563710265857,0.0103261161954738,-0.04242158962414089,-0.17531667326355882,4,8
2020-08-10,XLE,0,0.03093060774999956,0.030461896998591254,0.016020787295896184,0.021024914175315396,0.02426376193458668,0.03569400845254167,0.026161227073882725,0.023224846979311632,0.4316086762513196,0.13932613368106006,0,8
2020-08-11,XLE,1,-0.003391659413352177,-0.0033974241284644435,0.01539424933187479,0.020053125047556665,0.014500404299973457,0.02859598119664919,0.03863864510705555,-0.0225179382518848,0.0077922769033111905,0.10634666622156486,1,8
2020-08-12,XLE,0,0.009947585274999948,0.009898433739209178,0.015356281367191455,0.019293290535775384,0.0183717910977923,0.03631662471783326,0.02217639601398552,-0.005157219044291411,-0.03697794675085142,0.029697148609148405,2,8
2020-08-13,XLE,1,-0.01944008089068916,-0.019631524443610715,0.018518045981528272,0.015075440048241254,-0.005102063894593001,0.011740711906078838,0.02221056869490207,-0.011497220314762859,-0.38271314823735836,-0.3173820490665489,3,8
2020-08-14,XLE,0,0.0095162806751532,0.009471286104951737,0.018599030825796548,0.014777526926427507,-0.0009417572214874825,0.015502393472675458,0.02291501834063408,0.017585927761239177,-0.15743290400355303,-0.3947157675090852,4,8
2020-08-17,XLE,0,-0.005760642865100252,-0.005777299367118793,0.012200954780263796,0.01523157168598464,-0.0048225189243136235,0.004816334462867333,0.01204196047074961,-0.006020930304783321,0.0735031664871948,-0.3292919027892457,0,8
2020-08-18,XLE,0,-0.012641590010743164,-0.012722174776443218,0.013161232190787707,0.014485965457297217,-0.013732495651257781,-0.00906617410362387,0.02167590946694272,-0.00898757959638226,0.00652366054518172,-0.29774692499995103,1,8
2020-08-19,XLE,0,-0.011469806740198374,-0.011536092316137836,0.010911986989329315,0.014599016055972478,-0.017184750383873237,-0.019473041973388394,0.018419713247997894,-0.010677995754341637,0.031020015611061602,-0.21459606159256406,2,8
2020-08-20,XLE,0,-0.02158652108877368,-0.02182291822080451,0.011502801731138145,0.015906436921404882,-0.030325700111222265,-0.03842582426256358,0.013694878745176643,-0.006847439372588322,0.29159315663888496,0.014869548867787685,3,8
2020-08-21,XLE,1,-0.006342906711330087,-0.006363108414423557,0.0063749451379838335,0.015898847514893406,-0.025214931987349143,-0.04160221472414927,0.013842746810233907,-0.002491698650313176,-0.09210423023179137,-0.0735418048519455,4,8
2020-08-24,XLE,0,0.027476800609757213,0.02710608865136699,0.018920048495132426,0.015096547129909673,0.006744153021041477,-0.011825101190349407,0.034482758620689655,0.02124139193830819,0.43113247789345044,0.336455515631098,0,8
2020-08-25,XLE,0,-0.01404619649717509,-0.014145777908323165,0.019073299920631965,0.01546967031817131,-0.0020231673681984086,-0.021263896922620096,0.025523931536332888,-0.019344470636466125,-0.18965239457042737,0.12160198112423903,1,8
2020-08-26,XLE,1,-0.02109575376061723,-0.021321448957909883,0.020310813647147444,0.015377355302230191,-0.01591916836117513,-0.03453282854363193,0.021124840648743416,-0.01975311949609577,-0.10524144444168304,0.04754733143468348,2,8
2020-08-27,XLE,1,0.0019586630894232737,0.001956747409913806,0.018790504819761817,0.015022015488654696,-0.011486878791113653,-0.027306272267585308,0.019026308708471006,0.0016787228812554387,0.2365675621625225,0.24816011654137227,3,8
2020-08-28,XLE,0,0.017877097805168773,0.017719181768446557,0.020561512991051283,0.0161357854445462,0.003911888863943558,-0.005187189672695491,0.02198110589075679,0.013912076213281282,-0.34522477841120947,-0.18862919634482045,4,8
2020-08-31,XLE,0,-0.021679257282069875,-0.021917704924425685,0.017045226556073163,0.017027628228601564,-0.01038195091447669,-0.020550547058130197,0.024390226053994324,-0.023020008603715277,0.2892878951087814,0.020327825414614198,0,8
2020-09-01,XLE,0,-0.006732067119245899,-0.006754829700095222,0.016640998498335436,0.01687939372436495,-0.011059519332893175,-0.021552842488281265,0.016906126958149366,-0.0022542075872379517,-0.028257456828885363,-0.029124923105715572,1,9
2020-09-02,XLE,0,-0.004800993794786712,-0.004812555585729683,0.014370116521823302,0.016751390129257727,-0.013106259340425974,-0.021328619085869027,0.01666667025866017,-0.004519769506087244,0.3061088141069521,0.2098151965717625,2,9
2020-09-03,XLE,0,-0.007378042931762252,-0.007405395311581575,0.014223292012602667,0.01575123360487912,-0.015867696446314472,-0.02508369330340332,0.032129687999614735,-0.005402292766587372,0.6537513312257339,0.8136575532316996,3,9
2020-09-04,XLE,0,-0.0031446734157498657,-0.0031496282915663976,0.007418461843708132,0.0157189966231681,-0.010218643167325125,-0.02499727897304249,0.03225815504876908,-0.013299411960209276,-0.1293357638880086,0.4646410795549054,4,9
2020-09-08,XLE,1,-0.036420936559703576,-0.03710073591592877,0.013921872768505185,0.01484595199374107,-0.03503734396769431,-0.05143698766845184,0.03361583577778011,-0.017831061873030903,0.4332372382865961,0.901376348804831,1,9
2020-09-09,XLE,0,0.006845338074015883,0.006822015122505576,0.016259825644756483,0.015593475188773102,-0.019533874808002172,-0.03769015325086322,0.01353734816567282,-0.004414294090710538,-0.4925191187107365,-0.052866718565558135,2,9
2020-09-10,XLE,1,-0.03665396862877568,-0.037342605276430074,0.020018732318393462,0.01773461097083492,-0.040737046632780105,-0.06460779244585946,0.042440389874873884,-0.03949307811775891,0.4814593876112998,0.30883205998868135,3,9
2020-09-11,XLE,1,0.0009207133230317854,0.000920289726507928,0.02115665554835443,0.01766616858635042,-0.026326658453017737,-0.05512253001212475,0.01469697976656996,-0.001224767780594871,-0.3136477016914707,-0.1115401514600276,4,9
2020-09-14,XLE,0,0.0076637956817176,0.007634577983621771,0.022977421645240467,0.016163507601727203,-0.007008724461942228,-0.03793251966647693,0.0210944251305872,0.004891465970357084,-0.2343989321699551,-0.3311862997103465,0,9
2020-09-15,XLE,1,-0.0073012911799108515,-0.007328076062143918,0.01830657372006393,0.015654267344042072,-0.008447710202613257,-0.03643976413346661,0.025989743317795175,-0.013901453078013383,0.31712284383003664,-0.13927814761838186,1,9
2020-09-16,XLE,1,0.04014699002813438,0.039362039731723364,0.027674998023943968,0.022030069823700846,0.03067110547748908,0.006613889362496739,0.05285546097351265,0.03098421975994753,0.4012315309405554,0.13862243758312953,2,9
2020-09-17,XLE,0,0.0014732736877556274,0.0014721894848306327,0.018430273520645295,0.022094365074891865,0.023486943407668104,0.011848149648552297,0.02844313531552913,0.017664674420171753,-0.3770094827802408,-0.28727161669446055,3,9
2020-09-18,XLE,0,-0.011179761647318598,-0.01124272489848277,0.02037900873790859,0.022203148511164623,0.006046501450971631,0.0046331587801560215,0.021195207383870155,-0.010597603691935078,0.18114032929725754,-0.12166571647721636,4,9
2020-09-21,XLE,0,-0.03314590182728483,-0.0337076758093926,0.02679025616851504,0.024059325581256355,-0.0251169050959118,-0.02172429182057467,0.0282083042392688,-0.008989430355460983,0.16333919049927292,0.034258926322905836,0,9
2020-09-22,XLE,0,-0.010322332318703609,-0.010375977069557951,0.026973113492858858,0.02179382119885216,-0.032454566540475516,-0.027608581920602004,0.02875898977419055,-0.010940931040134634,-0.2724937824711259,-0.17273088351188204,1,9
2020-09-23,XLE,0,-0.04519597296363198,-0.04624916685106539,0.018971532626162222,0.02487128480051661,-0.05785636680695094,-0.06270632260677256,0.05384128060923694,-0.048803562129689254,0.1850622183840671,-0.02507313442340775,2,9
2020-09-24,XLE,0,-0.0003310141854553361,-0.00033106898274359864,0.018479505701933307,0.023026103911332127,-0.03874319630415746,-0.05757063825876507,0.040199304622519555,0.0033222717675209456,0.3307280457322368,0.30582020305463775,3,9
2020-09-25,XLE,1,-0.000662091944400145,-0.0006623112240657925,0.020253015190587215,0.022980724654150426,-0.021400690856078763,-0.05254138638009809,0.02375373365576396,0.009702272380366037,-0.21806388641406427,0.012957120682322909,4,9
2020-09-28,XLE,0,0.023525676681796392,0.023253212938674217,0.024927997196709104,0.024515970134256042,0.008686219923031313,-0.025823469958221046,0.017572372802561173,0.005206633576163914,-0.04290524849047839,-0.05459214231872245,0,9
2020-09-29,XLE,0,-0.027517046085677066,-0.02790273175182012,0.026693883731116478,0.02560052420108747,-0.008711604322398592,-0.04642935141935012,0.036688347276176037,-0.024675270790874698,-0.0976304215953897,-0.14132343752029364,1,9
2020-09-30,XLE,0,-0.002996299043772299,-0.0030007969346832475,0.01807921790440491,0.019900146435896503,-0.009982981294650584,-0.038788348338682166,0.025471401568757993,-0.009262281956229282,0.03250297257666723,-0.07569349786511881,2,9
2020-10-01,XLE,1,-0.030717596623237142,-0.031199271597845968,0.02218795499680181,0.020322970512277348,-0.03291353303989586,-0.05493908727194019,0.03038486134470908,-0.019918978253586052,0.15425339274451155,0.04330580506484338,3,10
2020-10-02,XLE,1,0.009644890071066614,0.009598675040466631,0.02344536635639404,0.021651013811604843,-0.01789324609712084,-0.03401241915771891,0.04814154700895326,0.0375221049891109,0.011986518691918358,0.04695909830478051,4,10
2020-10-05,XLE,0,0.030024020403029983,0.029582122749260087,0.025550038368961612,0.023827827148650484,0.016361409657040582,0.0008619336793502796,0.02401079106527454,0.020967225080557584,0.09987737413430309,0.1479568555373152,0,10
2020-10-06,XLE,1,-0.014905660744555127,-0.015017866502413657,0.023201132330148967,0.023975481786651792,0.003238393428705688,-0.00780685037051887,0.037218394413429876,-0.02905646144412636,-0.014588783803472727,0.09628023865332547,1,10
2020-10-07,XLE,1,0.01412262312824697,0.014023827964288138,0.024219411155506625,0.020220537335510047,0.01596726018946959,0.006373369217165914,0.022400537603209498,0.008358408601651351,-0.3236284858380797,-0.24401151352897132,2,10
2020-10-08,XLE,0,0.03746675994583404,0.03678193400304419,0.020334122218137327,0.023426469121947787,0.03822424228576882,0.04029525241674281,0.034199244110394655,0.028937884660664423,0.4524117283657274,0.1167862327671163,3,10
2020-10-09,XLE,1,-0.015979520472429787,-0.016108569618442647,0.024836976849290853,0.02423726881434651,0.011697493674857729,0.021599963793524246,0.02882482914820238,-0.024706961889035203,-0.16507487787560815,-0.060562619096004244,4,10
2020-10-12,XLE,0,0.0025981533944756663,0.002594784028769226,0.022242306707201946,0.023073264930851607,0.009813496350845607,0.024322233948118832,0.01987613855939806,0.005865112481051589,-0.34616093017058613,-0.36303295968285654,0,10
2020-10-13,XLE,1,-0.015548979704790189,-0.015671132983425373,0.022385187318742925,0.021749773464582185,-0.01009770195093862,0.0072253213253152815,0.024295431798200914,-0.01554912330857199,0.521390983301967,-0.036745065195917914,1,10
2020-10-14,XLE,1,0.00427761847531527,0.004268495472635081,0.021754783868974156,0.021709087436545732,-0.008189318352665453,0.009626480508850843,0.027248849266353292,0.001969841598636227,0.07328295999810908,0.023477162604539803,2,10
2020-10-15,XLE,0,0.012123430302654059,0.012050530130167658,0.012626808443498172,0.018504206830480062,0.006451335463976804,0.015617481888225093,0.03900000254313151,0.029666646321614584,-0.25290339157245634,-0.21163702899496595,3,10
2020-10-16,XLE,0,-0.022661289218170122,-0.022922002494622618,0.014607513177607253,0.020575524445094518,-0.01249516853175947,-0.010261352162855064,0.02367828256216252,-0.02075898122712365,-0.08069215236392047,-0.24606826504035695,4,10
2020-10-19,XLE,1,-0.021199018365746336,-0.02142694451848204,0.015811681162396684,0.01948967635517481,-0.025009926617240774,-0.02920596962782862,0.030693080151575677,-0.02475247587078021,0.3460171552253961,0.04160721656050437,0,10
2020-10-20,XLE,0,0.011844416286690862,0.011774820199102365,0.0174623418147214,0.019352315255454063,-0.010261453551731803,-0.018223562879577493,0.021534300283811172,0.006056537999141179,-0.08717938537282621,-0.016155129642016042,1,10
2020-10-21,XLE,1,-0.019063580980859807,-0.019247633933968,0.018097690783025554,0.01963896971628198,-0.021419997423698822,-0.03430789974588355,0.019508911289489592,-0.013454410517632485,0.07252188966651163,0.03912172603708419,2,10
2020-10-22,XLE,0,0.041254907654602935,0.040426627721520614,0.028059337649295354,0.020514987587426165,0.02133656006455764,0.008020801251359178,0.047311076560703644,0.03948270210673739,0.3312001167996885,0.3702224719457592,3,10
2020-10-23,XLE,0,-0.0049117900892314825,-0.004923892576353062,0.02581976407107943,0.01998275614428356,0.014962227801568195,0.004395680242312183,0.02833872671869814,-0.010097764351369148,-0.23874153825531164,0.04540723175452133,4,10
2020-10-26,XLE,0,-0.035867143421786984,-0.036526175840431385,0.029610645289893038,0.02270270094801707,-0.01980473974353747,-0.02657815443655176,0.030130552167516162,-0.01908274476591814,0.21663858618440268,0.20285669067025403,0,10
2020-10-27,XLE,0,-0.012969202135390434,-0.013054036525232515,0.02891798294333684,0.022583541465464853,-0.02613148918268937,-0.0344873645892424,0.014690819899243512,-0.011957648650357,-0.28960231571329886,-0.13249488859342928,1,10
2020-10-28,XLE,1,-0.0418396172520048,-0.042740100881502485,0.03294270490592274,0.025110063234272163,-0.05658457483467538,-0.06612300783490344,0.029776681313337702,-0.017724211847819943,0.8775513038968736,0.5461524353299287,2,10
2020-10-29,XLE,1,0.03067473891876804,0.03021367409505782,0.028842378394875984,0.027447547165068954,-0.014356813530727264,-0.029858489930397747,0.06106033100553117,0.04424128217901084,-0.08130883299506031,0.3344531361104872,3,10
2020-10-30,XLE,1,0.005602535475634163,0.005586899646762067,0.02994031690005373,0.027163608352266264,0.002723436869807472,-0.01952739227323874,0.02503522810974491,0.012693889113370755,0.01738425484737771,0.2703334567923994,4,10
2020-11-02,XLE,0,0.03412226025595322,0.03355300918922666,0.031649630139253065,0.028990109318391046,0.034050437794288735,0.013409608568338616,0.05221574805543485,0.020267953975173936,0.10536758866165163,0.3297218614347619,0,11
2020-11-03,XLE,1,-0.005723712135095815,-0.005740155349568621,0.03088556562012395,0.028783736929251742,0.023783187679378814,0.008882855318106841,0.031788048351665564,-0.02218543242939747,-0.16746433183507548,0.06678987015306848,1,11
2020-11-04,XLE,0,0.0013546256514573862,0.0013537089738728803,0.018022545122060727,0.028065138511138656,0.012116764860608198,0.009421825324621436,0.05106527712092397,0.0,0.2504824026951473,0.26089456652873455,2,11
2020-11-05,XLE,0,0.0,0.0,0.015654932966214487,0.024297280497959546,0.005166967542912904,0.012775397489549256,0.02195202989300296,-0.0013509258596016225,-0.27096760880182147,-0.07802584478341623,3,11
2020-11-06,XLE,1,-0.021643656758529306,-0.021881316167384313,0.02033604903169304,0.025012524506668566,-0.017990508985912812,-0.004165078811789846,0.04058169683205966,-0.021643537242256372,0.04489272168022196,-0.05910473460926302,4,11
2020-11-09,XLE,1,0.14275837132273472,0.13344496379705184,0.06737411969123726,0.05075772082178074,0.0971723828627662,0.12345804152515605,0.04598770395972622,0.020370364701524677,1.990581882539912,1.354102294544087,0,11
2020-11-10,XLE,0,0.032365546918313504,0.031852816471213075,0.06538921096752075,0.05017860710621663,0.09912412673293547,0.13964218770012282,0.03414493810744353,0.013361067662172769,-0.26187061365765973,0.5478736763901992,1,11
2020-11-11,XLE,0,-0.010255047905619485,-0.010307993191393194,0.06689245610425598,0.04689652255056332,0.05913332619457301,0.10554734911300856,0.032173930734827896,-0.02086960060009058,-0.3653707963527826,-0.029945034560780903,2,11
2020-11-12,XLE,1,-0.03226768797342827,-0.03279976711164423,0.07172862797553442,0.04958926345864999,0.0052892868084932765,0.055605675836894575,0.03977100781685407,-0.015064779171085445,-0.17097706397378742,-0.19802978476907562,3,11
2020-11-13,XLE,1,0.036402629477798376,0.03575570682899665,0.06742874879152047,0.049921562504474756,0.011101798121728068,0.07610211213697404,0.03491189311250242,0.02853680876125055,0.021974974601397523,-0.18300967082081498,4,11
2020-11-16,XLE,1,0.0658206131770942,0.06374503126125575,0.039230636068518086,0.05204076114101774,0.05838563162139265,0.12404670781905791,0.036806320733095824,0.02236695703151748,0.21555713912564944,-0.019174839578741665,0,11
2020-11-17,XLE,0,0.010246403768380485,0.010194265225869081,0.038504379549123814,0.05137437912965947,0.05470104646325091,0.11151731713718438,0.03731767266643062,0.02356902825402031,-0.1861484957033508,-0.20844761371206277,1,11
2020-11-18,XLE,1,-0.029057220632613512,-0.029487742017973773,0.04220444958430175,0.05361503354170921,0.014434471821323847,0.060320077560039875,0.041043818935953526,-0.03723845372354467,0.05101499355295158,-0.16363127497874408,2,11
2020-11-19,XLE,0,0.016374962163189455,0.01624233831864874,0.034940843721564245,0.053203917694534024,0.011861148823555823,0.05733065943564997,0.035825942198818954,0.023599712091755785,-0.19668196740503707,-0.3296892769659221,3,11
2020-11-20,XLE,1,-0.005277418979149795,-0.005291393743498851,0.035008434470608266,0.05198152379932842,-0.0042818499453909364,0.030919121842588826,0.014202125416326246,-0.002784697146922997,-0.40025868193659253,-0.5866555957138002,4,11
2020-11-23,XLE,1,0.07065019720744958,0.06826612486420558,0.036893564800791555,0.0360332598559703,0.053007253537335375,0.08722753273369954,0.05664002252108388,0.05416555618801707,0.9319553287568596,-0.0841622413442229,0,11
2020-11-24,XLE,0,0.05138266944934666,0.050106125958767844,0.04063771631938121,0.037494451764398494,0.0843018320096438,0.12340458274815069,0.028766070121699717,0.017158725380981208,0.40101618613133905,0.3473591473428679,1,11
2020-11-25,XLE,0,-0.023319244025803654,-0.023595439831039844,0.038922064232654076,0.038771045285512014,0.03698055788894172,0.08037661323534517,0.022471853391418332,-0.016978784472648334,-0.3327310814349306,-0.07563691461996547,2,11
2020-11-27,XLE,0,-0.011683889044690754,-0.011752682047845742,0.04184224077619441,0.036391496381027906,0.009391048989876971,0.049834290886360266,0.022222291511456077,-0.006130310833018771,-0.474288180916129,-0.487732331853875,4,11
2020-11-30,XLE,1,-0.055256143079682074,-0.05684143910729311,0.05282816158934975,0.04234116357709602,-0.05106117453740222,-0.015823078388264578,0.04755712157295594,-0.04469857695333965,1.215020740693347,0.12817897440200698,0,11
2020-12-01,XLE,1,0.004624755657634649,0.004614094333231122,0.03924433391536454,0.037341631909429594,-0.03968179342494316,-0.013437376391756461,0.029645388638704334,-0.02249863688685151,-0.17032226383847326,-0.02844933774181091,1,12
2020-12-02,XLE,1,0.03249389565727934,0.03197713363923427,0.032580662099965386,0.038475551334893845,0.0028931464408115115,0.01414965019610026,0.05487640267325186,0.03585981107248743,0.09498720544972405,0.06765238285308706,2,12
2020-12-03,XLE,1,0.010490423815562977,0.010435781137330125,0.03279599077364521,0.03656012577200458,0.01791182967713878,0.016381281069206333,0.02845953457704419,0.006005210099685113,-0.033228409879761944,0.045522195179119596,3,12
2020-12-04,XLE,0,0.05450307256339082,0.05306963469573889,0.04114614151084139,0.039295020242498625,0.06372404637588347,0.058845006856485416,0.03645170333576464,0.03568701356653389,0.4210322930741044,0.40933971397988933,4,12
2020-12-07,XLE,1,-0.023381763742081674,-0.02365945431786276,0.02943164850467415,0.04061833248877459,0.023207863633323722,0.023762231637568965,0.023412264151481194,-0.011706132075740597,-0.3316014210166981,-0.0946731465101529,0,12
2020-12-08,XLE,1,0.014868917491207334,0.01475945882491514,0.028813993081379795,0.034960184106037906,0.02083754710763852,0.03383647294965453,0.03801984985919493,0.02755809821127778,-0.16531627453356645,-0.22565787747816624,1,12
2020-12-09,XLE,1,0.002234958732399761,0.0022324649271419084,0.028124348834663745,0.03102166959946181,0.011680975569053675,0.03601407589709549,0.036135722951705446,-0.007866265792124507,0.49844264760278345,0.19261526609391866,2,12
2020-12-10,XLE,0,0.030723877687254708,0.03026134926869961,0.02932889914964577,0.03110723669351285,0.02695795392685918,0.061766585277581054,0.044048567204044015,0.02944812252418736,-0.10482421636187045,0.0584963384377426,3,12
2020-12-11,XLE,0,-0.011538610596354415,-0.01160569691818747,0.0213105767679851,0.03109811263990882,0.01265834360248319,0.04362854808928285,0.01911909296616718,-0.004840289555096618,-0.27643020241120353,-0.2530949786538519,4,12
2020-12-14,XLE,1,-0.03501968431257274,-0.03564757610256919,0.02514573486027148,0.027068101667361816,-0.022804631906968575,-0.0003275648820509902,0.05341316268829528,-0.04958083101375374,0.4226406089164805,0.0671235577660354,0,12
2020-12-15,XLE,0,0.01965725310895916,0.01946654446290541,0.025920733733742474,0.02727644751377304,-0.004527246373405958,0.01033805157701062,0.028320827691756412,0.014035025994436087,-0.26554120704417883,-0.2053464309677573,1,12
2020-12-16,XLE,0,-0.004943122722228188,-0.004955380364053852,0.02604834705651268,0.02632281428800857,-0.008960325109026446,2.4803983296628473e-05,0.01799801571794415,-0.007396524694285788,-0.18821648560296433,-0.3296222115564613,2,12
2020-12-17,XLE,0,-0.004719469762481943,-0.004730641623935217,0.019527246415595157,0.026458162002243234,-0.006151246499560448,-0.008487540975316232,0.01969471339479986,-0.013540109589437327,-0.026567958882021014,-0.3220387064698442,3,12
2020-12-18,XLE,0,-0.016720518431497244,-0.016861884322618703,0.019940733596525612,0.020291728854544205,-0.014359231645931891,-0.022089807697827757,0.02800697386536609,-0.014753691618512355,0.5775460816074749,0.1195444700407926,4,12
2020-12-21,XLE,0,-0.019290171369106712,-0.019478654577497867,0.015406452788703758,0.019869342278683463,-0.028316229305443863,-0.03847181556533974,0.038492345163925426,0.019246223566957113,0.09595791108607554,0.2069371013140695,0,12
2020-12-22,XLE,1,-0.016784751625027794,-0.016927211925663155,0.0070696710015093174,0.019312922033867714,-0.03261504783136293,-0.04921980064856657,0.019185270877096667,-0.014717413135932856,-0.37392026826748903,-0.2355340239439997,1,12
2020-12-23,XLE,0,0.02213925925705973,0.021897744002729258,0.017288342752865945,0.021152766359286968,-0.003956916406099076,-0.024440937326464796,0.027770409915992923,0.013488450225063096,0.07464262799437282,-0.13532283142901214,2,12
2020-12-24,XLE,0,-0.005219163659253567,-0.005232831069613031,0.017272758300873527,0.017380364085443238,-0.0017806542041317597,-0.022236714655200385,0.016419006279785237,-0.006515507087811112,-0.5753340329823963,-0.5975012495158346,3,12
2020-12-28,XLE,0,-0.0062960015024549065,-0.0063159049051289,0.016441683041196278,0.017315371970447652,-0.002843057751841238,-0.02162382051843159,0.025352881946081953,-0.009931972558506402,0.6515129022398813,-0.3131451872986173,0,12
2020-12-29,XLE,1,-0.006599642908111325,-0.006621516844598219,0.014575186318262207,0.014207786634289801,-0.006809461990398558,-0.02423411306812817,0.020204682378160914,-0.012595107177876798,0.0038070462080233014,-0.25372805767556317,1,12
2020-12-30,XLE,0,0.015678842634406998,0.015557199416943224,0.013863292719056215,0.013514325361562851,0.0048903123617722866,-0.0045315026022791915,0.026818962833848055,0.014869925001592834,0.48640192158783835,0.11415484368713491,2,12
2020-12-31,XLE,1,-0.00837240189252364,-0.00840764731300414,0.010037350866649105,0.0135765155794861,-0.0013174204811646772,-0.008141900234912569,0.012614968511452964,-0.0039421212664714975,-0.3566267280452756,-0.26679870151374285,3,12
2021-01-04,XLE,1,0.0015829533262212703,0.001581701776194322,0.009980153732654049,0.013716861141176116,0.0011076087252759326,-0.0024440083917021127,0.02999482319515022,-0.00991134759005954,0.8649951252829815,0.3108907287780911,0,1
2021-01-05,XLE,1,0.04478410362297858,0.04381026466832916,0.0219340524301828,0.01980939553529129,0.03621261498240713,0.04009867653574739,0.061506402815936626,0.03362004043360493,0.4098757191631126,0.7716019372436955,1,1
2021-01-06,XLE,1,0.030509197691989787,0.030053046773843572,0.021433098246451537,0.02007499680500536,0.05004875195704961,0.06418429461739739,0.03288827587091645,0.010633044504897273,-0.09647294429652653,0.5827630115923628,2,1
2021-01-07,XLE,0,0.014681028299574184,0.014574305271478405,0.021451209993473875,0.0182950277776783,0.047963414584831776,0.06873205775771263,0.02643706438733491,0.005821044897682749,-0.40348330914368646,-0.05805280536510771,3,1
2021-01-08,XLE,1,-0.0012059322201668499,-0.0012066599415407886,0.019514394503807098,0.01810331116627765,0.02840398547730838,0.05898294154654882,0.021666663033621653,-0.013809567406063988,0.21934345436595848,0.13032374847234074,4,1
2021-01-11,XLE,1,0.015693023721450094,0.015571161495750996,0.017444535238790054,0.017613708954036373,0.023650843226439733,0.06484773335963445,0.04812440130577124,0.03825269544792331,-0.2526711717455056,-0.19026740461244895,0,1
2021-01-12,XLE,0,0.03494172868873946,0.0343451243485573,0.014356537060502089,0.01818089892665569,0.03978603840631578,0.08649004571104757,0.03546270716994628,0.022545773677550767,0.8755907392557964,0.3977453546333516,1,1
2021-01-13,XLE,1,-0.007809026976958289,-0.00783967709747202,0.01666738329387127,0.018337749026651615,0.020311646479489243,0.06322752003461574,0.019226371686685607,-0.01121533255141787,-0.3773036549202249,-0.1522583317672941,2,1
2021-01-14,XLE,0,0.029629642354700003,0.029199167051143338,0.01865643229859614,0.018994481628639835,0.035815700523395666,0.07812001740934682,0.03611685416922618,0.023234375274233464,0.5213277238498002,0.23817659397332136,3,1
2021-01-15,XLE,1,-0.03889404775622296,-0.03967062401446775,0.030387359691502382,0.024808877546484934,-0.010600068316203082,0.02414813808579508,0.03135726653576146,-0.02151519011800416,0.146221670631558,0.30448157454096525,4,1
2021-01-19,XLE,1,0.020117045456641502,0.019917371160538266,0.030776152468632568,0.0246031623858039,0.0021600720211600866,0.030798574239807808,0.018026317796281062,0.007857641529719154,-0.4175796098306753,-0.22747657403693267,1,1
2021-01-20,XLE,0,0.003668725587430588,0.0036620122283506085,0.02674316513861898,0.022256053045892857,0.004774662461279444,0.02462638045207055,0.017053206180225974,-0.004774876913561197,-0.0879872850120641,-0.24875737275381482,2,1
2021-01-21,XLE,0,-0.03381267267083332,-0.03439754293918673,0.031135524927501424,0.024855822709820577,-0.025126521129766433,-0.013298921839371425,0.042499391821737516,-0.028486053263095463,0.1822038576182441,-0.07589103132890906,3,1
2021-01-22,XLE,0,-0.005202251910866762,-0.005215830737463012,0.025076872266263088,0.024674498221726317,-0.019301433440607085,-0.019804160715124586,0.028288156471943715,0.017166321905105534,-0.15880803094983986,-0.22143206394910941,4,1
2021-01-25,XLE,0,-0.010221321392637317,-0.010273917808343747,0.01977021370399079,0.024956074989986043,-0.024276041315587804,-0.03032008389661045,0.0213890741791296,0.0007209511861773929,0.6220408130900037,0.22674493219133485,0,1
2021-01-26,XLE,0,-0.021373666394540414,-0.021605391021090714,0.014567981450254862,0.025251068660665267,-0.03215854855332878,-0.04811967793399441,0.04546536357353517,-0.02999282008748288,-0.32782389346786733,-0.18531614999534884,1,1
2021-01-27,XLE,1,-0.013496907655828339,-0.013588818862269925,0.011169650459862512,0.02156294107601478,-0.028750998341355416,-0.05358323715003799,0.045159712839349095,0.0029939851896860032,0.8157804784034792,0.45362109831452657,2,1
2021-01-28,XLE,0,0.011691833035459842,0.011624011681023116,0.01234109185761465,0.022420688222295808,-0.009642818611740211,-0.036780681942065185,0.024673082411016747,0.0034542164782879435,-0.4267567329413461,-0.16972319658933321,3,1
2021-01-29,XLE,1,-0.03319426074974652,-0.03375769383379934,0.016545941145204607,0.020072157754266656,-0.029519231506748844,-0.05723263132482381,0.036159621399368,-0.019451341869757287,0.10167655926299868,-0.057633350655901805,4,1
2021-02-01,XLE,1,0.0071211646680857665,0.007095928909471638,0.01899421183294326,0.018448776581906547,-0.012665759994748838,-0.043293341470209135,0.02663320084448581,-0.005025144893802372,-0.03246602926953024,-0.03870941113716708,0,2
2021-02-02,XLE,1,0.01085839599804772,0.010799866922962753,0.019566589038503546,0.017092963786071173,0.0016513485006885986,-0.024467642717705074,0.02367454789721747,-0.012823686006100317,0.047648857613886264,-0.005917936332347384,1,2
2021-02-03,XLE,1,0.04271825738458901,0.041831012379680566,0.02704055956143719,0.02343822926369773,0.036452230310253464,0.022262612344098542,0.04373753101692866,0.03727634039346174,0.1635658308435921,0.11563483962194265,2,2
2021-02-04,XLE,1,0.011020433245386707,0.010960150759305787,0.027018302083825274,0.02140615558699863,0.03997237830700362,0.033756277445529115,0.021403037515121577,0.0035672182782515533,-0.35030704867608786,-0.2623011877598397,3,2
2021-02-05,XLE,1,0.008530713381923238,0.008494532466916116,0.014997574947285134,0.02147628358328962,0.03235811896429608,0.04132504765647971,0.013065827468881647,-0.006999515464031303,-0.002718931960486559,-0.2617735239958374,4,2
2021-02-08,XLE,0,0.04182328338091135,0.04097233526419375,0.017631038083168706,0.024455842877951686,0.05135856846411291,0.07775685926294051,0.03265400271993744,0.026864285299068553,0.2940427085840436,-0.015361871665284688,0,2
2021-02-09,XLE,1,-0.010599651029963741,-0.010656227479842073,0.023089080745802022,0.02329791685046512,0.021610672620911542,0.05830713011400279,0.01909525166031245,-0.002727955035309145,0.03897178369746124,0.00742586110076382,1,2
2021-02-10,XLE,0,0.019147235973911325,0.018966234454351305,0.019003694804458144,0.02227041299944871,0.02696612406633081,0.0669624630611938,0.022944077942531525,0.01567466196123793,-0.09796169064859228,-0.02872305105688744,2,2
2021-02-11,XLE,1,-0.015432813750248853,-0.01555313919922341,0.02324432368170927,0.023766442275741248,0.0027334205486535534,0.04216471933556787,0.033430596559771264,-0.012340122073736892,-0.150868248618501,-0.1646871872790021,3,2
2021-02-12,XLE,1,0.014766027200265874,0.014658070847437532,0.023400130505350957,0.018806832195373224,0.007851581632109417,0.04432590799830183,0.024708259871391202,0.02196291705743096,-0.044966413204224676,-0.18064218591295322,4,2
2021-02-16,XLE,1,0.025072821756491948,0.024763655682841,0.018348260963611935,0.019039161789736688,0.026405452245081618,0.05523931838826712,0.018599528663693205,0.0019693687327216962,0.6158672427469578,0.28926972567497233,1,2
2021-02-17,XLE,0,0.014850525355301514,0.014741335989297166,0.015730605115296586,0.018989341522381603,0.029646507164846625,0.055249095316799224,0.02550800579312845,0.004539621850184315,-0.0996038823188421,0.15109686055691784,2,2
2021-02-18,XLE,1,-0.022595359136933113,-0.022854545985606656,0.020978697061740124,0.01968828194151121,0.0032247958390840825,0.022857763315050184,0.02334129717678603,-0.01837048369157163,-0.11026268625551738,0.04693516530465436,3,2
2021-02-19,XLE,1,0.016732763810320295,0.016594313421840923,0.018580532981325427,0.0198466621469578,0.010370642940690677,0.030734574944856652,0.020448555728592506,0.015391397756927789,-0.11336338538661872,-0.08127395849164931,4,2
2021-02-22,XLE,1,0.034646848781254125,0.034060159585327376,0.02177141123567766,0.0214018565967429,0.03134158649930452,0.05416421909324409,0.044310632370769855,0.0277478394118359,0.39041838681572383,0.22082598606690373,0,2
2021-02-23,XLE,1,0.016534268006521913,0.0163990652804773,0.020980926174799863,0.018801594846732612,0.03596110058461588,0.06168575911910401,0.04550156840474326,0.00455018050974456,0.30043387102317953,0.5004221952689725,1,2
2021-02-24,XLE,0,0.03541295521621235,0.03480033768883484,0.023531281945981364,0.01901620712068021,0.055448437258523775,0.08407000366143835,0.04295361658897865,0.028635744392652436,-0.20963537960451684,0.1629104950440552,2,2
2021-02-25,XLE,0,-0.019288323034379107,-0.019476769888538747,0.022177657734114398,0.021555579686173394,0.01841904701081809,0.0526989307839667,0.036016567242540036,-0.029324968277801247,-0.023936060749490617,0.10622389606179294,3,2
2021-02-26,XLE,1,-0.023722326382044523,-0.024008231374225364,0.028647638540085663,0.022770455706672084,-0.013764074400416604,0.018745999925279477,0.04254006784454003,-0.01048085333194522,0.1900305450942048,0.24275234978404647,4,2
2021-03-01,XLE,0,0.02596024828852972,0.0256290016398375,0.026891562072749176,0.023340281598100355,0.005168181407295469,0.034836647757636285,0.02063942726741384,-0.0004046265440570534,-0.2316186240986482,-0.07314072094872726,0,3
2021-03-02,XLE,1,-0.005465481367975866,-0.005480471756008409,0.026736700677324195,0.023198816201932437,-0.002598563763476336,0.02202995409299735,0.017749113263728064,-0.009076255472374607,0.07315871085261039,-0.002501374992733285,1,3
2021-03-03,XLE,1,0.014654932323288516,0.014548586537081132,0.021453451273149605,0.023191830495814227,0.013829532257544797,0.029767177643942766,0.030309152336372887,0.0072741318133947895,0.10885451776731547,0.086277430759917,2,3
2021-03-04,XLE,1,0.023871693312090603,0.023591219266766217,0.021224836366854623,0.021100084494384403,0.030819576157479434,0.04224954869959774,0.04234587049155674,0.014711763214532434,0.3027500048441163,0.3340451627224621,3,3
2021-03-05,XLE,1,0.03742164255738345,0.03673844502464574,0.016035572082805295,0.022584953022907053,0.04905501195098494,0.06650827776754675,0.036006845669882694,0.00876355629192833,0.04482504104159202,0.30032858819067787,4,3
2021-03-08,XLE,0,0.0018885146528728747,0.001886733651022432,0.017109361716199426,0.02161269980742919,0.036051847517753144,0.057299429164696214,0.027492073819776783,-0.007854908809688917,-0.10485979013450686,0.13130109183317784,0,3
2021-03-09,XLE,1,-0.017530456417183315,-0.017685934617093224,0.021026869138135666,0.02322040599023112,0.006138886399710719,0.031466594192000485,0.03336489709067684,-0.011943148210715343,0.18168770499950293,0.30669623348406905,1,3
2021-03-10,XLE,1,0.02532574358101769,0.025010360718714875,0.021880144744578348,0.02205425036388182,0.01751688585963951,0.05103720772877396,0.031992301619485124,0.02375474800088308,-0.340425066616424,-0.1387680356404265,2,3
2021-03-11,XLE,1,0.00037443077018961546,0.00037436068848206716,0.021805552613218093,0.02032715869358487,0.008603078012379806,0.0429387276235893,0.019234337889290572,-0.0016806751422996078,-0.3522111389680246,-0.4262943653576097,3,3
2021-03-12,XLE,0,0.002057644053086838,0.0020555300030404844,0.015225733823203323,0.01721419677517564,0.008319532603567215,0.03414990255529382,0.016430191291109043,0.00018667515453405176,0.17696575021556216,-0.3006608225810564,4,3
2021-03-15,XLE,0,-0.011387054300702859,-0.011452383212923856,0.016450534307217886,0.01761969243680283,-0.002824386711449134,0.015395725534096183,0.023947591413027366,-0.009167477483116308,0.011136237430335871,-0.28540086518925367,0,3
2021-03-16,XLE,1,-0.02851198861026849,-0.028926350549861812,0.019741352657792095,0.020688874320100498,-0.028805422300968386,-0.017923603798751908,0.01920122820356185,-0.012096794277368327,0.2784727207762776,-0.08943853795547507,1,3
2021-03-17,XLE,0,0.007774474430995992,0.007744408933079594,0.014414282971914515,0.02043821751855973,-0.015344316071503328,-0.01405242005865115,0.024171498678575463,0.010721232850686128,-0.16477285960122656,-0.22297582772823688,2,3
2021-03-18,XLE,1,-0.04493736834327311,-0.04597835776524528,0.021803171436256905,0.024275453484163028,-0.04530562628789192,-0.055628741332222176,0.04495033247770492,-0.03638838206060462,0.3509562803436599,0.07610706479998885,3,3
2021-03-19,XLE,0,0.0002022226507913949,0.00020220220654731946,0.021453238612867926,0.019888364118485206,-0.03000255559137932,-0.0492367916534705,0.030100966944839016,0.0006060359453914141,-0.06935895201313658,0.041619286460512495,4,3
2021-03-22,XLE,0,-0.009589821051813385,-0.009636099491345806,0.021551527638055075,0.01968224215586874,-0.02438257387461218,-0.05107749860877375,0.013292464327120968,-0.007361975442087515,-0.2661061181439798,-0.19304959776987107,0,3
2021-03-23,XLE,1,-0.014627502279903615,-0.014735539024194111,0.020231346387245917,0.01954076652554309,-0.02660223753084212,-0.05806577160013171,0.0344828249998055,0.005677048990063741,0.7325903515340368,0.4284863964882304,1,3
2021-03-24,XLE,1,0.025088944358067744,0.024779383809121036,0.025347533549385307,0.019496888226112164,0.007147908501732969,-0.027058870266920332,0.02327012400043897,0.009678694248644882,-0.20897474907021774,0.12496358339904634,2,3
2021-03-25,XLE,1,0.0036714870027843016,0.003664763546076255,0.015365551551411604,0.01966924864597495,0.009974667004012838,-0.016286103736476876,0.039825725065481286,0.020742584919941996,-0.011767617124908702,0.06776753089397092,3,3
2021-03-26,XLE,0,0.024791628719296854,0.02448930287000639,0.018650622879033636,0.022010287654400888,0.02901572221879367,0.01332302590093759,0.019361302400122314,0.006586863095917025,-0.10315581218343328,-0.0580409059022593,4,3
2021-03-29,XLE,0,-0.01189762743671341,-0.011968970647288302,0.01915062772447475,0.022027972955604942,0.011448175365536661,0.006472420898517406,0.020799942016601562,-0.00339996337890625,-0.3464116790096836,-0.3736087539150943,0,3
2021-03-30,XLE,0,-0.008629500767925347,-0.008666950513735117,0.017716181850354677,0.02049417543137901,-0.003630572829781631,0.0008392240999677281,0.018248206233735135,0.00162209715226505,0.12912858296923835,-0.2696045438875847,1,3
2021-03-31,XLE,1,-0.006882623403595245,-0.006906417897933004,0.014927115287439103,0.020174289471542067,-0.010607949803528527,-0.0015063805443478184,0.013184615333427373,-0.004868110902304363,-0.09916804327223827,-0.32688469877231685,2,3
2021-04-01,XLE,0,0.025478974408484234,0.025159795549254405,0.01885915965828068,0.016329555751974284,0.01011916352980946,0.021211694815606474,0.02658282073337557,0.0209010271815765,0.352247730646563,-0.06063939307457045,3,4
2021-04-05,XLE,0,-0.023851924467947927,-0.024140987343204134,0.018361203825716127,0.018389947013932803,-0.008719780575580538,-0.00334846959570978,0.0278829227525689,-0.02190795646640962,-0.17938917213512995,-0.196921675028649,0,4
2021-04-06,XLE,1,-0.0026472159934237682,-0.0026507260656631892,0.017974117882772866,0.018101572655569782,-0.007939701018716216,-0.006873612154112085,0.022492336980240717,-0.007497445660080239,-0.00214343796957972,-0.1909689815084874,1,4
2021-04-07,XLE,0,0.0034709611307075505,0.003464951247820647,0.017892666415835725,0.017244462337453036,-0.003487148350950653,-0.0060867062873950495,0.01183677206234056,0.00306125563018176,-0.06326209494196156,-0.17537268778856152,2,4
2021-04-08,XLE,0,-0.013021460239009852,-0.013106982681702295,0.018603483516439406,0.015948337721330197,-0.014264797564035647,-0.01799630335253255,0.017622963602393786,-0.0059426418045331894,0.2781797845599996,0.08609253926884386,3,4
2021-04-09,XLE,0,-0.006596580541095021,-0.0066184341375361555,0.010455894368195584,0.01594815267455937,-0.01225713041005394,-0.022455708369514937,0.019587565943137885,-0.006391780892598261,-0.30412786631245825,-0.19441577015903122,4,4
2021-04-12,XLE,1,-0.007885545728107957,-0.007916801062498369,0.006163352772486933,0.012912368658147497,-0.01479566517344788,-0.024982216558943282,0.027154899778855858,-0.016457503127251267,-0.1166735025938963,-0.2428345305563272,0,4
2021-04-13,XLE,1,0.0010459778092581917,0.0010454311556280516,0.006758690340671388,0.012819954532818551,-0.009191725774543524,-0.02002528382419122,0.015503831361127636,0.002723676290845054,0.14361596277190136,-0.12995764440633262,1,4
2021-04-14,XLE,0,0.02778908553681192,0.027409976271516534,0.01618817401266365,0.016097410164272977,0.018173367760721426,0.007640608146114891,0.033347155158627566,0.018848381740273153,0.48950818062973234,0.26314216256609635,2,4
2021-04-15,XLE,0,-0.008131762278677401,-0.008165005396968628,0.015308567906551098,0.01615880905301376,0.008724628477198904,-1.8813659541372374e-07,0.013401012130195114,-0.00934008293345495,-0.2558358969443354,-0.06283184872583292,3,4
2021-04-16,XLE,0,-0.007993172897939993,-0.008025289561611526,0.015498953412782538,0.013430979302493443,-0.00020645107268846274,-0.004094670955499091,0.02177008467153013,-0.015259409495747486,0.15100369921628132,0.09489679952948671,4,4
2021-04-19,XLE,0,-0.001033132301623385,-0.0010336663506600452,0.014808280041383905,0.011431987272681483,-0.0034625985587479757,-0.0035653213617836688,0.020206176128584084,-0.0030928149665753867,-0.2860899823392611,-0.19910753448358387,0,4
2021-04-20,XLE,1,-0.02647373609417636,-0.0268304756885831,0.019710259814948877,0.013911627915333773,-0.02667496640135414,-0.026111163813744898,0.03445412695926825,-0.02303861775260968,0.7775633269487947,0.3716629338776589,1,4
2021-04-21,XLE,0,0.012746918527757778,0.012666360417937117,0.014174370735406323,0.014740980111130227,-0.008032379128615652,-0.01066756375684319,0.03421562536735033,0.025823045335053054,-0.21471876980736904,0.06287348651821145,2,4
2021-04-22,XLE,1,-0.011747316864457846,-0.011816861771798415,0.014389616018518946,0.014649528586298633,-0.012782899755664823,-0.01944051202213093,0.020250467121212916,-0.01649271169856916,-0.12156656314154868,-0.04184855087220207,3,4
2021-04-23,XLE,1,0.009127550726151235,0.009086146391090733,0.016010236781277064,0.015038779655322522,-0.0001682438765937544,-0.00914984655490203,0.018663860861854564,0.008271460806515163,-0.3228944445776105,-0.3379568687038347,4,4
2021-04-26,XLE,1,0.006731370202866849,0.00670881568907733,0.016669396728590812,0.015033117508802176,0.008640853276909999,-0.002584027374799236,0.018158796437253225,0.010557432296373622,0.058823876475759596,-0.2944595937674951,0,4
2021-04-27,XLE,1,0.01211849738726034,0.012045656290409656,0.010099892995465874,0.01550229235215655,0.015002920186349522,0.008284423663274643,0.016444648219646515,0.008326346868414705,0.17767289464445923,-0.16490733112453249,1,4
2021-04-28,XLE,1,0.03447576033837918,0.03389478664656487,0.01649122589771236,0.016856249307085267,0.03936785250170938,0.041052165627017745,0.03155739630335505,0.026844290855975086,0.5584544628662276,0.3037561413536549,2,4
2021-04-29,XLE,0,0.011175120546625728,0.011113140217966944,0.011232960289676361,0.016673812468969845,0.03568780497725932,0.04859050731873871,0.024395074440253423,-0.003147819326097692,0.002556395543006351,0.26610321625307654,3,4
2021-04-30,XLE,1,-0.02526133145848708,-0.025585876176472233,0.02142323033163052,0.018802194141955775,0.0019474716526519664,0.020011972882874263,0.02722723903060716,-0.011211238533283673,-0.11391772558235314,0.11901839833834793,4,4
2021-05-03,XLE,1,0.02753597519408424,0.027163679129674545,0.023106423512925224,0.020364302341202532,0.017605106978126228,0.042929690397321085,0.0216173308816242,0.015812668735073546,-0.21837351971154673,-0.13348498924718144,0,5
2021-05-04,XLE,1,0.0005910852301311831,0.0005909106080639326,0.023661166827490664,0.017274303889708978,0.008740557100311186,0.03565016862998771,0.020255630485831157,-0.0013765918765925517,0.17878443375601227,0.05885800066456515,1,5
2021-05-05,XLE,1,0.03229625232383149,0.031785692069014715,0.023104220451980507,0.01892960862295999,0.03184921751069503,0.05884020230028075,0.022758256897786665,0.019645950681403176,0.47672003204890423,0.49710229894437274,2,5
2021-05-06,XLE,1,0.005150552108156736,0.0051373333843698354,0.023136930490500907,0.01750232309239324,0.02898088441804214,0.052431727692554775,0.023850410296494633,0.005342468614998493,-0.26262854616609643,0.08625803216752415,3,5
2021-05-07,XLE,1,0.01784044191795675,0.01768316902453604,0.013737243771288108,0.017593587043782718,0.03027637362424196,0.058333787773079404,0.03374884150975692,0.028379664409058425,0.07640554314056791,0.10913062448159949,4,5
2021-05-10,XLE,0,0.00037278131574858264,0.00037271185005716134,0.013743255402799482,0.017927552111683658,0.01930309279616238,0.04676798550400507,0.02817677349528632,-0.011970492086821386,0.09180615290159855,0.1444587681020475,0,5
2021-05-11,XLE,1,-0.025722249155245458,-0.026058850853100335,0.02162392436687424,0.021458738132227578,-0.01250661316801327,0.01227827080412136,0.027983960406738385,-0.004949520799069077,0.6454360995970898,0.6840717786203854,1,5
2021-05-12,XLE,0,0.0047831156386737295,0.00477171288706435,0.016033441925998492,0.019311296248491986,-0.00815812313347386,0.012394960445874403,0.03406929737982433,-0.00038067105852982705,-0.27601253569484496,0.19042591432356004,2,5
2021-05-13,XLE,1,-0.012186098659606959,-0.012260957943261097,0.016635504417934027,0.01986958940109749,-0.017238191290023575,-0.0022693493994776492,0.032183430113480814,-0.0001926830150473599,-0.03038362150772056,0.1318709098345756,3,5
2021-05-14,XLE,1,0.03103327047561555,0.030561474616594086,0.021187407955210732,0.0190765812006765,0.01379784716277399,0.020645773700000758,0.02364152232092433,0.019828425174441486,-0.2824982245521229,-0.186337477087835,4,5
2021-05-17,XLE,0,0.02318185792411609,0.022917240402197336,0.023688177251752086,0.018629899379746972,0.03307030692170909,0.03643527453863449,0.02870541840895631,0.02682927440234321,0.1787330633258486,-0.06958979472620042,0,5
2021-05-18,XLE,0,-0.02320482000253754,-0.023478290680349012,0.022906571753796207,0.02101118221284635,0.0045850554724320425,0.007272878683184603,0.027264370030510597,-0.021774975447031553,0.04497049145305487,-0.049422206915054834,1,5
2021-05-19,XLE,0,-0.024878490850090973,-0.02519319098017414,0.026452956016949594,0.02064113956138906,-0.01896953126788159,-0.01724956405147282,0.025282507526739047,-0.001532235544152948,0.24894016361091165,0.17398771958154224,2,5
2021-05-20,XLE,1,-0.0015346477252288215,-0.001535826503209492,0.025768167091981764,0.02055078959197735,-0.021101403730558466,-0.01757242654198876,0.018806362133138278,-0.0011514368180432616,-0.357475764354959,-0.2434756119106689,3,5
2021-05-21,XLE,1,0.002113505164856644,0.0021112748547778004,0.019895387861269383,0.019522130728085653,-0.014100404273794775,-0.012756875325685035,0.015598244237862376,-0.007799122118931188,-0.10584792631619921,-0.3118957279638296,4,5
2021-05-24,XLE,0,0.009969427651675078,0.009920060743225712,0.01566715419254536,0.019916620629757093,0.00350517678986928,-0.001080695448555824,0.01656509756858084,0.0030464555601209574,-0.049849821328932786,-0.3269752034054042,0,5
2021-05-25,XLE,1,-0.02031146842007414,-0.020520582753005723,0.014980799993652334,0.01925223273275019,-0.00989910011734696,-0.020143935481686914,0.022074212450112218,-0.0178877001019261,0.011207736711897454,-0.2512489823107098,1,5
2021-05-26,XLE,1,0.00891293274313365,0.008873447007124113,0.012227664021349631,0.019435954057671293,-0.0008443813710929948,-0.010565184208468192,0.01626016560334872,0.00793650500625482,-0.18542956345528905,-0.34716518003032915,2,5
2021-05-27,XLE,1,0.0007681639708798649,0.0007678690839414415,0.012206766569994955,0.019011701653611338,-0.00030705873026071195,-0.010237704678448756,0.017788835632950813,-0.003251686551542778,-0.012661044030499724,-0.3090820182923356,3,5
2021-05-28,XLE,1,0.0019188918322603499,0.0019170531111569744,0.012199808834495974,0.015790586486809283,0.001419185471309925,-0.005921632264226262,0.010305360683255941,-0.0036260006846071,-0.049373169182866605,-0.3190299054997946,4,5
2021-06-01,XLE,1,0.038498695820648354,0.03777610850334101,0.021218872933849168,0.018962036866576645,0.03386484530805278,0.03335250634683673,0.021224662518601486,0.01840720344365981,0.9547318008694856,0.31861906059780143,1,6
2021-06-02,XLE,1,0.01862763081500307,0.018456261366903703,0.015557871976972743,0.01805664272368099,0.03878271245674858,0.04906256442358892,0.02896428695055334,0.012465633633112832,-0.06444518548936062,0.23936488696769675,2,6
2021-06-03,XLE,1,0.0027160282897731314,0.0027123465499041544,0.016269617388551857,0.015123796614701928,0.028794435916842165,0.04545802570024371,0.018909038196910512,0.006909110329367898,-0.13450202817946955,0.13308137292711142,3,6
2021-06-04,XLE,0,0.0066810967815507105,0.006658877167139199,0.015394506662942516,0.014880065101949317,0.021848353773358475,0.04514268562160839,0.018837445379306067,0.00017937425963633632,-0.10385694058705008,0.023024998047543654,4,6
2021-06-07,XLE,1,-0.004305078542121588,-0.004314372075266526,0.016773942462520543,0.015247656547347938,0.005288013494189059,0.03414859467859355,0.011661311559127772,-0.004126360782340046,-0.23905596025735487,-0.20537302872209706,0,6
2021-06-08,XLE,0,0.008647136713393566,0.008609964362614964,0.008408136502838656,0.015218463730227082,0.007521738374931974,0.03669823051022125,0.025849607972965573,0.012111388057459878,0.4362971170739498,0.12014533298404007,1,6
2021-06-09,XLE,0,-0.006251157849523015,-0.0062707781458692935,0.006579958359888162,0.01298026597700999,-0.00025162188579974654,0.022587279732501075,0.01389134030454803,-0.009082851689601726,-0.026076833527357346,0.07525326447890146,2,6
2021-06-10,XLE,0,-0.0012580961273868096,-0.001258888194720864,0.006635774429373383,0.013263227561470392,-0.0021906626794162554,0.014773222788194484,0.02961521549420591,-0.014541580132996895,0.02322121165627755,0.06389553998535313,3,6
2021-06-11,XLE,0,-0.003418945165061804,-0.003424803113897479,0.005851926827632789,0.013531325305671593,-0.004279070135902896,0.005300700993426721,0.013806714209135013,-0.006992995991524081,-0.3358522015978017,-0.2921527169447097,4,6
2021-06-14,XLE,1,-0.004333924063053551,-0.004343342735003031,0.005855621833645088,0.013890112195924622,-0.00727360861777826,-0.0043518130734028215,0.02213025371922676,-0.00791656039781567,-0.00909391621205835,-0.2993964916553101,0,6
2021-06-15,XLE,0,0.01904248303477818,0.018863444279081154,0.010378942626693144,0.009400918244312995,0.010902379947892449,0.011011479456370932,0.017841082150317766,0.01261483018685554,0.7031394886739966,0.21186220531963862,1,6
2021-06-16,XLE,0,-0.005338924158264202,-0.005353227144936579,0.010231948423914545,0.008115389538163395,0.0046015545745659026,0.004420992392406564,0.020499068493061264,-0.0037432992902758943,-0.054423271369681836,0.16146971019432987,2,6
2021-06-17,XLE,0,-0.03399525618942134,-0.03458653400468048,0.018841246349519662,0.013726284405900551,-0.024006543807385428,-0.027294717295901494,0.05309422240663537,-0.03156947661942965,0.7593047128963057,0.8711238346790011,3,6
2021-06-18,XLE,1,-0.029635128714719627,-0.030083122249420224,0.02153471422101745,0.015702946263473225,-0.042580313171244666,-0.050372385589230184,0.022323123184843512,-0.008891434265535835,0.06424428988477837,0.7988585900989298,4,6
2021-06-21,XLE,1,0.042614699064157824,0.04173169172184865,0.0325206000283,0.022029171400973123,0.00011114210623319742,-0.008309131498780986,0.035953284002710924,0.034040901666312844,-0.25871918827682794,0.24620894090231493,0,6
2021-06-22,XLE,1,0.006657954528554333,0.006635888239385324,0.031004724220611794,0.021937229950005018,0.011227262279456252,0.00011602560730827882,0.023915479205974352,0.009084198942195879,-0.4269736436607765,-0.27604192404972305,1,6
2021-06-23,XLE,1,0.0027558623319183795,0.0027520719056539633,0.031124481267100535,0.021909549824476755,0.016827302122490506,0.0037890896876835445,0.019479331674487503,-0.006371718044358269,-0.16116447820223234,-0.37828827444909374,2,6
2021-06-24,XLE,1,0.008611115064943942,0.008574250890211133,0.025632362534318467,0.022102592973018455,0.019482103417910457,0.012354320093654891,0.014408186925864774,0.004012354525971527,0.029684610263112532,-0.34415065084214624,3,6
2021-06-25,XLE,0,0.005268087852631442,0.005254260020715051,0.016591219693814087,0.02211107325050959,0.01181122467881135,0.016714781037558524,0.008695643760907219,0.0025362207919104093,-0.082065675530692,-0.39819889863961233,4,6
2021-06-28,XLE,0,-0.03379114131055849,-0.03437525831615584,0.017843950711021076,0.02473189364374914,-0.020229383818047952,-0.01562981169959954,0.03411980254406391,-0.029582528104488647,0.7141351421862772,-0.01180846084521825,0,6
2021-06-29,XLE,1,-0.004862466327752002,-0.004874326579482169,0.017161150875963063,0.02362609482335997,-0.020614683382581767,-0.016047923871442715,0.017661289213051868,-0.010782707216635512,-0.5143129364349769,-0.49548240868217364,1,6
2021-06-30,XLE,1,0.012403488765643234,0.012327195717706019,0.018645559011392344,0.024188197221185523,-0.005868550091917113,-0.0011567746075867857,0.013303337056064329,0.009368559303104757,0.4739118172417034,-0.23985798528911706,2,6
2021-07-01,XLE,0,0.01744955609498522,0.01729906078624177,0.02030440484928058,0.022101854474499496,0.01237534164343157,0.013704739119030807,0.017604378358716418,-0.005263105423973497,0.0046264404473359555,-0.15480663524979132,3,7
2021-07-02,XLE,0,-0.00218952055592192,-0.002191921060664015,0.020027830419562596,0.01913942251224379,0.012590169697409781,0.006218628676540883,0.013924483254611814,0.0020153314760739233,-0.3551160172353952,-0.35946230804448476,4,7
2021-07-06,XLE,0,-0.032546870833461417,-0.03308830055761547,0.019538895490329136,0.01764072514468164,-0.01833081337233533,-0.02444858831935237,0.03522293235668869,-0.0293523853125683,1.2462145327811287,0.4886029104726908,1,7
2021-07-07,XLE,0,-0.01625414571003536,-0.016387693450036878,0.02059893735074933,0.017874136816477332,-0.03011217612996242,-0.03607542278381226,0.03501795211056802,-0.014764387033120207,-0.11136337736791813,0.28787310944120126,2,7
2021-07-08,XLE,1,-0.005763749633623028,-0.0057804241412031665,0.018418913524710024,0.017701839271825465,-0.02802305532319138,-0.03658202508547792,0.025229823754722953,0.012125932308485675,-0.18815003337509328,0.026377040654921746,3,7
2021-07-09,XLE,0,0.021256205915961335,0.02103344395790696,0.01975673559523143,0.019184976259383462,8.596333134214262e-08,-0.012057124824987997,0.02079756068997036,0.008395318221522768,0.03698273383043271,0.04383384601585538,4,7
2021-07-12,XLE,0,-0.001513728170903339,-0.0015148750148772372,0.019800985911313695,0.018943100583603607,0.005794267590624624,-0.008790648981621851,0.02315787721478768,0.00995216187107506,-0.19241885716517593,-0.16218242230236235,0,7
2021-07-13,XLE,0,-0.007580028994618182,-0.007608903419593194,0.014049613869855895,0.016043834223955323,0.00022926663277256232,-0.014267339752656039,0.014854290691855052,-0.0026661472885826927,0.20394650932217728,0.04229751457091169,1,7
2021-07-14,XLE,0,-0.02978811447517893,-0.030240792653581927,0.018184568500109174,0.018319649808136176,-0.024947233149921866,-0.03929055134150161,0.0481629323832004,-0.03274314574482238,0.34572617641623893,0.3066618508270269,2,7
2021-07-15,XLE,0,-0.013973642865630853,-0.014072193363178886,0.018671272725239364,0.017503741045646223,-0.032445001026115805,-0.045914192353882055,0.020095470657834926,-0.0031834431507244926,-0.10938306910211137,0.13574470126146476,3,7
2021-07-16,XLE,0,-0.028343436201038852,-0.02875286638218366,0.012520374674345613,0.016320438734354778,-0.04447859489970196,-0.06200635253065412,0.037836764356822615,-0.03565767142201532,0.2443908913572468,0.3442244032039601,4,7
2021-07-19,XLE,1,-0.03533260793300763,-0.03597190848917009,0.011683049605420458,0.017503724241297546,-0.056725004829801584,-0.08146694836610524,0.028285874481208884,-0.0012760819376195591,0.5486722565040443,0.8054985096898422,0,7
2021-07-20,XLE,1,0.013415484325608462,0.013326293522187171,0.019661345409333383,0.018391564560079645,-0.02535439511576021,-0.05935614702937653,0.032141301324953665,0.012984261734680414,-0.2752541854066445,0.27862374660599043,1,7
2021-07-21,XLE,0,0.03488154078411987,0.034286966818371845,0.029459241373149477,0.023088375541206973,0.015129171471309988,-0.021127621764401194,0.025345217141409016,0.014836209330594109,-0.01559117851743419,0.21900542175745774,2,7
2021-07-22,XLE,0,-0.011167598007060353,-0.011230423809798218,0.029292538880575154,0.023164220509225335,0.009619417411718123,-0.026155795347674315,0.018699227019841464,-0.010162601468425821,-0.42383590963718853,-0.2954442204068687,3,7
2021-07-23,XLE,1,-0.003696099980157519,-0.0037029474354826064,0.026375866039353567,0.02118340055017658,0.006555483547494134,-0.021280866660980613,0.017396690098245238,-0.0069586604244916365,-0.006731542204357899,-0.29572123930309824,4,7
2021-07-26,XLE,0,0.024732047558626347,0.02443116139901269,0.01917097755435439,0.023606313582300115,0.01977192313673859,0.009133350607245738,0.0281660968148846,0.022203985292083155,0.006696228898572576,-0.2972385961959516,0,7
2021-07-27,XLE,1,-0.009251620991381548,-0.009294683038473917,0.02121520403876231,0.023627130770279774,0.003463149601303117,0.00614818530198491,0.014798287353331739,-0.0014190858893788872,-0.007993026729460007,-0.2998385198418707,1,7
2021-07-28,XLE,1,0.009135110712111372,0.009093637968975443,0.015000613666843325,0.022421164237596467,0.010735669416131355,0.01762582897542808,0.023891482481433184,0.006479038242128161,-0.16462920466469322,-0.38974488727577306,2,7
2021-07-29,XLE,0,0.009655794518594885,0.009609475262159162,0.013234835452690288,0.02225894420904888,0.014349082183095163,0.027262560236553046,0.013505468238003781,-0.0031777527757889832,0.11807236297907542,-0.30038493685348633,3,7
2021-07-30,XLE,0,-0.015939357879806826,-0.0160677556578932,0.016284978960622344,0.02077519290747415,-0.005316855199552273,0.009421761144140284,0.024156499915884744,-0.013974860467300032,0.13258893912408087,-0.17513748096686022,4,7
2021-08-02,XLE,1,-0.007491480076454615,-0.0075196821517975465,0.011552785994062289,0.016743798425663182,-0.009977100497118085,-0.002340613681998893,0.03399434171228814,-0.008093843099998178,0.1655262234731032,0.062433702187469464,0,8
2021-08-03,XLE,0,0.017136026378887337,0.016990860707286615,0.01368651660945633,0.017005007386623548,0.004553395388858128,0.010088751431702958,0.03192790706317032,0.02046663912214807,0.11228351795858216,0.22457701035773292,1,8
2021-08-04,XLE,1,-0.027075822142783257,-0.027449125981332756,0.018149962783957526,0.016089196149741823,-0.017896842867538232,-0.01578475884252306,0.023080087607142273,-0.009191192225372569,0.0034493483872974906,0.2712125534500396,2,8
2021-08-05,XLE,1,0.01133786232206413,0.011274070483600074,0.018495860800865644,0.016144456032044046,-0.002196514557291307,-0.005352353772114626,0.021716888823343727,0.0051219011056369435,-0.2901843970751877,-0.09505266477352214,3,8
2021-08-06,XLE,0,0.00917244539987272,0.009130634003254201,0.01798367737480047,0.016253949915678145,0.006464493008645267,0.0017603269671893074,0.013338719755822367,0.0006062809129831928,-0.20928384279475987,-0.26893403675395633,4,8
2021-08-09,XLE,1,-0.014138583592478327,-0.01423948556859278,0.018952425572846158,0.014837275227189264,-0.006917622355942288,-0.010581380398618112,0.01473902237856885,-0.0008187738399064045,0.16508720191744808,-0.13943181377817937,0,8
2021-08-10,XLE,1,0.017619295695426196,0.017465875388789964,0.019067098278786592,0.0157331084963524,0.011361734311138072,0.006015399214398087,0.01609946852334444,0.012227399181834112,0.2628278356330611,0.0727582266339919,1,8
2021-08-11,XLE,0,0.00785188651442792,0.007821220871015555,0.012061073630285824,0.01566393200833385,0.012909246063296242,0.013196281772111185,0.018570891534929735,0.010496577475853213,-0.10503913067957882,-0.05610870440447768,2,8
2021-08-12,XLE,0,-0.0009988421562575622,-0.0009993413315099176,0.012052222893498136,0.015354913812487003,0.0080222355960744,0.01255313620609999,0.017792870481877405,-0.00019996273768358802,-0.23421870478251572,-0.2666224571316794,3,8
2021-08-13,XLE,0,-0.011797776694096984,-0.011867922718836077,0.013339300939031674,0.014934904448987289,-0.003508606522776514,0.0005464984250516114,0.014788202736366765,-0.01239014259069778,-0.0949251311710646,-0.3134184493811567,4,8
2021-08-16,XLE,0,-0.018413414004652573,-0.01858505112772102,0.014532238791532459,0.015923402852771704,-0.02067260700034368,-0.0168618686167894,0.014153817983774039,-0.004923111353165064,0.4601280453120651,0.022792974412796374,0,8
2021-08-17,XLE,0,-0.010307104995454952,-0.010360591043782286,0.01025253312117006,0.014788099851304885,-0.024226571053862944,-0.023333323321008126,0.025187324342484847,-0.0006245335849784149,0.059052931717586965,0.1143526083223334,1,8
2021-08-18,XLE,0,-0.020829179493298877,-0.02104916698722059,0.007776848821490044,0.013787903251409129,-0.03255687198881818,-0.040749372991832566,0.02979167302449544,-0.02062503496805827,0.10169796627547045,0.2500793707531097,2,8
2021-08-19,XLE,1,-0.02595178816589805,-0.02629447776164806,0.0064729343149041545,0.014488925124018708,-0.04100689896863341,-0.05936725513617147,0.029437242162180282,-0.008874455425139333,0.7628059631512207,0.969861512997297,3,8
2021-08-20,XLE,1,0.002183872738291237,0.002181491554394288,0.010980836192985101,0.013785486509552218,-0.024488745084873087,-0.05025039105060847,0.022261453824295056,0.011461328410969614,-0.37950878635289287,0.16368393724817976,4,8
2021-08-23,XLE,1,0.03748083709413863,0.03679550268142906,0.02531034460337562,0.019496013311628046,0.015961697757753468,-0.01219972553638593,0.01787234367208278,0.012978736390458776,-0.04681461852710611,0.07564930817296611,0,8
2021-08-24,XLE,1,0.01659337267050809,0.016457206897186882,0.026335856508836956,0.01938181699364968,0.031103682289781442,0.006844191946382416,0.014996901601227377,0.00812337467153755,-0.2269369927978141,-0.15624041334406724,1,8
2021-08-25,XLE,0,0.007644619662782848,0.007615547626988128,0.02306947989286194,0.01936972030428689,0.031252728879826996,0.017270999015243982,0.021946198551441747,0.00973087428834768,-0.12261635619251599,-0.24870808493167018,2,8
2021-08-26,XLE,1,-0.015173338788480373,-0.015289631761537414,0.01935641182363846,0.019767135908842506,0.006074570582725869,0.005990324009346404,0.016704424222642372,-0.009486551520871522,0.04138370971630634,-0.22485393596175696,3,8
2021-08-27,XLE,0,0.02664990404309231,0.026300980953328335,0.02004699360635156,0.021696003302177764,0.018296620983173417,0.033037864906435566,0.023031028321714445,0.013983143949006214,0.1142446473445331,-0.15702284521985865,4,8
2021-08-30,XLE,0,-0.011762284365644304,-0.011832007305716097,0.018012751572584248,0.02116465969077695,0.0016855122080379203,0.020416676857980764,0.01979797055022885,-0.015555564803306502,-0.31134178596009754,-0.4015248440791065,0,8
2021-08-31,XLE,0,-0.0067718564498820966,-0.006794889513062952,0.017197588889181728,0.020990053047418508,-0.005097758288561627,0.012679531480387363,0.0134048567411693,-0.0018560558769346765,0.6931780324221033,0.008082141745107796,1,8
2021-09-01,XLE,1,-0.01466943574219437,-0.01477809587926382,0.017645372691823594,0.02035896143576937,-0.015320375441952638,-0.0035935893903213945,0.023164483597274625,-0.013650462631666234,0.17794747666743382,0.17178157892987533,2,9
2021-09-02,XLE,0,0.02537196954281451,0.025055443874080652,0.020509328863043005,0.01906328695398194,0.006048519875739178,0.015091307383068298,0.024101388357969027,0.015998346990974313,-0.028748908757985414,0.22305564485083718,3,9
2021-09-03,XLE,0,-0.005725870977164482,-0.005742326621717808,0.01611802650216531,0.019434496865200802,0.003136063868372174,0.00359159784232177,0.015778698151677525,-0.0036885309014325204,-0.36460540533524566,-0.1866858613909419,4,9
2021-09-07,XLE,0,-0.005964418315501763,-0.005982276502963124,0.015500845074102081,0.01619158229511204,-0.0011985090603623405,-0.0038747030916393976,0.01756558141852188,-0.0012398751674004907,0.08451898229952914,-0.08717495512472229,1,9
2021-09-08,XLE,1,-0.012828577788540074,-0.012911574577151974,0.016230243858133257,0.01583756871487423,-0.011191675881045637,-0.015253110052854013,0.025514360137887968,-0.018312745217931463,0.031210562995611202,-0.055470084695942945,2,9
2021-09-09,XLE,0,0.0020958914623419034,0.002093698145931633,0.01482668690939403,0.015583644602833492,-0.009611844557127824,-0.011229961155418522,0.029964169696797972,0.008862671218652108,0.15368597939650774,0.06508651235261409,3,9
2021-09-10,XLE,1,-0.0004183966031099384,-0.00041848415539069705,0.005769628499932095,0.014866956417064266,-0.005452550311317084,-0.011152832564342074,0.02080333989911756,-0.01565393065862419,-0.25760346410816626,-0.20264061926764432,4,9
2021-09-13,XLE,0,0.028667172729999413,0.02826395723320463,0.01581006862864303,0.015282681310027491,0.020764078655032492,0.017510421136810894,0.02230947809251898,0.015492666853212008,0.8260229787007172,0.3901141807897681,0,9
2021-09-14,XLE,1,-0.014442652193609629,-0.014547962498063338,0.017303525766359854,0.015529499899248083,0.005520492239475594,0.0033963816896716015,0.029233810339706495,-0.02318543843870589,-0.13961833353771413,0.133641506777328,1,9
2021-09-15,XLE,0,0.03735819966638476,0.036677288761482796,0.02158280445215503,0.019341605668763123,0.03216010709076045,0.036887329150029124,0.025233982075114604,0.02279200133894789,0.30133127912067037,0.4132059903202898,2,9
2021-09-16,XLE,0,-0.01134118084774527,-0.011405982456304198,0.023651918400213787,0.01901153404312762,0.012634952600665272,0.02091542973272542,0.015933142129954985,-0.010356511994529811,-0.20928613338548796,0.12327005209616404,3,9
2021-09-17,XLE,0,-0.007445976691173639,-0.007473836356717278,0.024469303437417593,0.017756653048325917,-0.0011340606084785376,0.012440040972577115,0.020833386379539704,-0.0024271629291659925,0.06291162493115543,0.18772500515008206,4,9
2021-09-20,XLE,1,-0.03053691562643901,-0.031012881998527586,0.025403303952099,0.02034492058879144,-0.02632754630539802,-0.016849927745134163,0.02818086591142345,-0.006519401967774111,0.3289067469244016,0.45381843732338556,0,9
2021-09-21,XLE,1,0.0023284049632605885,0.0023256984288817506,0.024995242346865062,0.020311062364029565,-0.021970240513200068,-0.013739934389987996,0.025104618872233416,-0.009414242052760455,-0.40084753677328977,-0.14183182355679458,1,9
2021-09-22,XLE,1,0.030834182633848073,0.030368360513080006,0.022474973487742522,0.022024493378000935,0.011725402691466824,0.013140786815993621,0.025545161023001157,0.013707161505641554,0.5441728334443938,0.25099879812738957,2,9
2021-09-23,XLE,1,0.03503411717134863,0.03443438962462819,0.02733554712569798,0.024119644933746506,0.04101430864240885,0.041535853235906695,0.037082306987051485,0.029339824225471916,-0.372456537484133,-0.21395697279664183,3,9
2021-09-24,XLE,1,0.007521384288681654,0.007493239713880495,0.026288611628543224,0.023978443985477098,0.03953908110598414,0.04146049978750188,0.020099469085237874,0.012935353748833955,0.11599261675064643,-0.14703414445233332,4,9
2021-09-27,XLE,1,0.03556000244449553,0.03494234555811815,0.01603184269015539,0.024732236683543136,0.0529784877743269,0.06943567971410425,0.018646624326607308,0.013264102665074202,0.4719456605949228,0.23056081317805388,0,9
2021-09-28,XLE,0,0.0034149691667506588,0.003409151400777688,0.015698089248436155,0.023507021211282595,0.03369424898377704,0.06226513835780878,0.019921093620171425,-0.00601390152847416,0.6276552252580865,0.8019706665770483,1,9
2021-09-29,XLE,0,0.0,0.0,0.017540615496690656,0.021616769157795025,0.01746757409593047,0.05541145553595417,0.019492857513621623,0.0009462383973535646,-0.47438018517738645,-0.04403874155328935,2,9
2021-09-30,XLE,1,-0.015125806801211228,-0.015241368608102768,0.018471023057190082,0.0219943859547266,-0.003939138110332974,0.03326923286846073,0.01782325742876827,-0.012324639840584139,0.2761938009339804,0.17413560342957513,3,9
2021-10-01,XLE,1,0.03359570001511436,0.03304369383545147,0.022212915050706314,0.022980809864577907,0.018077267135197195,0.057261729992900134,0.027063048140067946,0.026110137221498752,-0.06599640353906111,0.07009101271002804,4,10
2021-10-04,XLE,1,0.016344814799005514,0.01621267622303879,0.01833012842743188,0.017968062519455784,0.026911425321726412,0.05898748970020162,0.021131965537903176,0.005512735425430587,0.3781424044555406,0.42150415051805945,0,10
2021-10-05,XLE,0,0.005848014618231812,0.005830981355661624,0.01822170364103313,0.01772618489751703,0.024648237638048354,0.04956054211885497,0.028468432727160754,-0.008288271792300113,-0.14620113259673317,0.14733326732307095,1,10
2021-10-06,XLE,1,-0.010537921086248181,-0.010593838156697899,0.01992711961045887,0.01850917927947277,0.0079585070195336,0.027430804601594527,0.02327726393257718,0.006096397743317321,0.021883186302912527,0.1444164475506069,2,10
2021-10-07,XLE,1,0.007712266808232338,0.007682679305678786,0.01612092519454923,0.0165021027013032,0.005349270582118315,0.02690782247281609,0.015567738056329246,0.00512825278057204,-0.2253920147582027,-0.14087200447477033,3,10
2021-10-08,XLE,0,0.030794299997603636,0.03032967009277865,0.015140453103293778,0.017937832265376194,0.02604557771753724,0.04741799923847312,0.024702469428426826,0.02001443614632755,0.11088429588046833,-0.07697935077470197,4,10
2021-10-11,XLE,1,-0.0037122243384806186,-0.003719131743106008,0.015696657475640925,0.01611113007526442,0.016191211496601632,0.03652477491204387,0.022291863812513003,-0.018460424806614376,-0.0020765564892970545,-0.08314117839914925,0,10
2021-10-12,XLE,0,0.0008872927901348859,0.000886899378583994,0.01586617769071512,0.016190354723784686,0.012092803424887943,0.030771577552181517,0.016533338758680554,0.0028444417317708332,-0.17417991337039385,-0.1893222452691007,1,10
2021-10-13,XLE,1,-0.0008865061995755319,-0.000886899378583994,0.013973023668026474,0.016232762281177423,0.004348073633676952,0.023368942381836844,0.022857189178466797,0.0064285823277064735,-0.18490896447263583,-0.33005572899275215,2,10
2021-10-14,XLE,1,0.012242745021551649,0.0121684087239613,0.01417944667319038,0.014385027925960473,0.008841718831207546,0.02665152443889407,0.01421055040861431,0.0008771795975534539,-0.19197756232017216,-0.43073518489857854,3,10
2021-10-15,XLE,1,0.0049080664959177955,0.004896061203378821,0.0061887874459396605,0.01157098341052162,0.01107550398206536,0.025251313029217348,0.010573767115139918,-0.006240194214316165,-0.03060277942829781,-0.4214361560178814,4,10
2021-10-18,XLE,1,0.0006976048274567326,0.0006973616143133299,0.0052989373353829,0.01111992328566954,0.008189176951163057,0.021127332473594107,0.02003800068478726,-0.00898256112016224,0.43882455660701836,-0.11137038371528385,0,10
2021-10-19,XLE,1,0.011330014496309548,0.011266310607799923,0.005990181479491494,0.011311069296141181,0.013874826679968644,0.027248104259222083,0.015969484011379598,0.007116817272493471,-0.3172810523218752,-0.3456664941461497,1,10
2021-10-20,XLE,0,0.00810073034996539,0.008068095559159882,0.004756691700959316,0.009843797071279295,0.01453555370113313,0.02823296039508283,0.019972238438844138,0.015804095492774336,0.1270408461010133,-0.20414060035852233,2,10
2021-10-21,XLE,1,-0.018464772243712013,-0.018637374155982656,0.011735388182196828,0.012747053631073993,-0.00543969857413007,0.004777985914783844,0.022570664242366565,-0.01085460127804187,0.2793960081732474,0.04023747321350202,3,10
2021-10-22,XLE,1,0.009406184285090546,0.009362221599422238,0.012241261220929316,0.009147918837085024,0.0017633589868846222,0.011785380937050727,0.01596664675459096,0.005727209947448936,-0.33057604238984584,-0.2512707765613019,4,10
2021-10-25,XLE,1,0.014667630024223888,0.01456110076342565,0.013352493796251636,0.009606952110293044,0.011456219419795133,0.022270847456301812,0.013126499484599671,0.002386624446174693,0.165264504127427,-0.0693491115469187,0,10
2021-10-26,XLE,0,0.0057822402490059766,0.005765587261403304,0.012919287038200462,0.009538837874774454,0.01339992505055232,0.023324919224555707,0.010677984205342956,0.0023728710109904663,-0.09197361121643033,-0.11287527123636998,1,10
2021-10-27,XLE,1,-0.02874521849737466,-0.029166454272371745,0.019000352338158718,0.0142713214856304,-0.012175804451014516,-0.007944711002783156,0.025811937120225694,-0.018119681594718214,0.4945674150389423,0.30025199126634217,2,10
2021-10-28,XLE,0,0.007137889375296025,0.007112535221531768,0.017325405713583625,0.013951651976847732,-0.006628181426577062,-0.00224213146314034,0.013653117091038653,0.012602789997280367,-0.3127973932325211,-0.10637528146262665,3,10
2021-10-29,XLE,1,-0.006568683940142761,-0.006590352686718592,0.017007495966829104,0.014109658567314345,-0.011523841631769671,-0.00903536901139046,0.017887872831875384,-0.011523876435826084,-0.05856852466031881,-0.15652496983467445,4,10
2021-11-01,XLE,0,0.01722643184688133,0.0170797391347155,0.01764389861851167,0.015090954073447429,0.006681450368902997,0.006144345655238359,0.012749790697738616,0.007236357035152133,0.12862006736700482,-0.018688024258109226,0,11
2021-11-02,XLE,0,-0.009408307203412236,-0.009452844895276868,0.017484007938229032,0.01508934689063401,0.0014525441692097019,-0.0031330387516542713,0.014624887985928413,-0.003613198353956787,-0.31277488682315413,-0.31142899458310314,1,11
2021-11-03,XLE,1,-0.008288501295354411,-0.008323041914608531,0.011705346773439674,0.014991012228586103,-0.006813674234397049,-0.009588385602054439,0.01852818695257493,0.0038455029579407118,0.3677436747994163,-0.05144011010048377,2,11
2021-11-04,XLE,1,0.0013927019261477103,0.0013917330163173425,0.011098157577453544,0.013794775481389784,-0.004259456939912809,-0.008380036033021065,0.024708281689609833,-0.013212087746940781,0.6360691422352105,0.5145989237991913,3,11
2021-11-05,XLE,1,0.013041378049171604,0.012957071470010462,0.012113892957134584,0.014106933791549972,0.0059743860284011685,0.0040153997569238875,0.01269299636622272,-0.0006861220591906233,-0.4080001885725061,-0.10725676019929575,4,11
2021-11-08,XLE,1,0.009097139912711327,0.00905601018912705,0.010064573284210804,0.013591316798700192,0.013970351419412497,0.013166521908774431,0.015829792428523937,0.0006808666472739362,-0.11468577875107833,-0.19357347632407618,0,11
2021-11-09,XLE,0,0.0040824460165802545,0.004074135444471327,0.008146292660382016,0.01352234751370643,0.014191560689474692,0.017495579862831567,0.01749912960612052,0.002888178171636229,-0.016100983449268358,-0.1966427836986503,1,11
2021-11-10,XLE,1,-0.026427323832922345,-0.026782802444756282,0.015568906862832322,0.012986070676242743,-0.012746482314876628,-0.009445331073375307,0.03130316758761084,-0.022286450932271017,0.8292701508456499,0.4575872522781568,2,11
2021-11-11,XLE,0,0.0038281046441805966,0.003820796097580015,0.0156519670054895,0.012828797749101074,-0.009579718129081427,-0.005379095918509602,0.009911381084288096,0.003129895851664189,-0.3198034234309275,-0.013070671057799799,3,11
2021-11-12,XLE,1,-0.002426847369577101,-0.0024297969367204075,0.014056172289274981,0.012666254763376336,-0.0095687843191129,-0.007929715357467226,0.010095700759878388,0.0017406174550584513,-0.302196478939355,-0.29743765093069474,4,11
2021-11-15,XLE,1,0.008340582996120727,0.008305992537067652,0.01390514111228643,0.0116074128197173,0.0013113327465601454,0.0010867969483392415,0.02365218452785326,0.00921737007472826,0.2504065516232816,-0.10886647775949476,0,11
2021-11-16,XLE,0,0.0015508705256708222,0.0015496691679173225,0.013648320776213295,0.01120169929577022,0.006023614204884398,0.0022762523498192078,0.012886597769214882,-0.001374601890136589,-0.04193079057060123,-0.1582226138940086,1,11
2021-11-17,XLE,0,-0.015313084609816285,-0.015431540731580373,0.008996838008045726,0.012000216707381613,-0.008557959973221951,-0.012731165700517244,0.023457902809996854,-0.0055603770472015595,0.15577116517085465,-0.02842422020879265,2,11
2021-11-18,XLE,0,-0.005940943506252405,-0.0059586611188668925,0.0087979521857395,0.012109991320237512,-0.011708691358390477,-0.017545698269181065,0.023642705957915938,-0.00367774238326525,0.2233253765394283,0.23533663035168195,3,11
2021-11-19,XLE,1,-0.03902274912089454,-0.03980454263428079,0.018417346944458388,0.0159708861308291,-0.04067527737654719,-0.04999400184920888,0.0226374800518267,-0.017786591469292408,0.5779316537445391,0.7744996793924497,4,11
2021-11-22,XLE,1,0.017742771885989717,0.01758720632315436,0.021058537487964546,0.017087366334026077,-0.015395578044684388,-0.02781672523392431,0.03480486729933759,0.019234277965298203,-0.258195483455826,0.24899396229975057,0,11
2021-11-23,XLE,1,0.030733238327767642,0.030270430845454666,0.027495665980325858,0.02046749369602747,0.01763777498610586,0.005011778404491851,0.021642739822956628,0.01738512614521281,-0.0009028439584691794,0.1859250830634014,1,11
2021-11-24,XLE,0,0.009764707346411994,0.009717340689713083,0.026821172990536095,0.018947863143269014,0.0251009202723651,0.014043543478186038,0.022261182730019393,0.015074506956222587,-0.3670158258594366,-0.20892834801055682,2,11
2021-11-26,XLE,1,-0.04023489383550172,-0.041066705538201465,0.0331962603396639,0.022907558998412406,-0.011559670389134746,-0.023147142185435787,0.02943311963913408,0.00981106298228647,1.0867114857961306,0.536058597109158,4,11
2021-11-29,XLE,0,0.00575777002160649,0.005741257417327894,0.02689676710080101,0.023094841155210318,-0.010198780414665154,-0.014665219152513065,0.028878312435456115,-0.01567176219933986,-0.20761415872220934,0.14500862281190896,0,11
2021-11-30,XLE,0,-0.023434895978245218,-0.023713860102594353,0.02819762578339823,0.023593366454890886,-0.029787057111422932,-0.03188618444393476,0.024794906986063594,-0.0047401700777780975,0.30531697572316974,0.3833746842612198,1,11
2021-12-01,XLE,1,-0.010624788580545608,-0.010681634656973582,0.020727979986125265,0.02348350208084679,-0.028562289061142887,-0.035139520823950665,0.04295689228139999,-0.03329158127637028,-0.032147334745579514,0.24821896269822785,2,12
2021-12-02,XLE,0,0.029068719419079292,0.02865423734224004,0.026681095924846646,0.025826836828831707,0.008125874937529476,-0.004156864041976016,0.04404139920608556,0.028497425785291842,0.1250055834978605,0.30696275854481914,3,12
2021-12-03,XLE,1,-0.007916317986225274,-0.00794781838638059,0.019954121310600082,0.02586259663777638,0.0017441428175417606,-0.008932765555091482,0.034972504112667446,-0.021125553039662827,-0.24680029937326164,-0.038021382035591134,4,12
2021-12-06,XLE,1,0.014871086237598474,0.014761595794563487,0.021154886683521147,0.022928352975302844,0.0164196308924085,0.0034788125999851705,0.023575632349585686,-0.0005358562795985649,-0.1573691160539904,-0.16019178503935894,0,12
2021-12-07,XLE,0,0.023409614634793074,0.02313981214127736,0.018119420775864727,0.023409918366775882,0.030184224521517145,0.023976844453785784,0.020091701984886298,0.009340831223450826,0.1524515553887298,-0.03960517857729362,1,12
2021-12-08,XLE,0,-0.00017454474545075538,-0.0001745599801576958,0.015608755070588341,0.021307935906244028,0.01810040843956795,0.023962867155651768,0.012675803790626045,-0.005730193265850485,-0.36175641161350913,-0.37004275350923554,2,12
2021-12-09,XLE,1,-0.007684288363766112,-0.007713964632686476,0.01404996577458266,0.02113765166663981,0.005841733588216158,0.01807888724779705,0.010193286481611618,-0.0014060075379488622,-0.004916011056772307,-0.3764224063037317,3,12
2021-12-10,XLE,0,0.007391939726920427,0.007364753232207644,0.012215788782433597,0.01630180573265979,0.005798778802628357,0.02256300140296008,0.021765627605043664,-0.003308351483533965,-0.16555125345094324,-0.44219392599990626,4,12
2021-12-13,XLE,0,-0.027778054417954556,-0.028171161510918807,0.01889890077282456,0.018925037940564493,-0.021073864416616517,-0.005397578343095288,0.026793591927177948,-0.019037511459053465,0.4649485803253166,-0.166563715743566,0,12
2021-12-14,XLE,0,-0.004132846340532681,-0.004141410153395864,0.01316012862673475,0.017208292542113944,-0.01873296517641454,-0.010975253342010216,0.018803125830865665,0.0019887324701353903,0.006810236330583086,-0.11590262735216539,1,12
2021-12-15,XLE,1,-0.004871887785242945,-0.004883794117155116,0.012759427082607766,0.016844923177006012,-0.01616241201647084,-0.01779193209407226,0.02818939951192003,-0.0034332964616029076,0.17567745878300478,0.07545540278319085,2,12
2021-12-16,XLE,0,0.006346506544282926,0.006326452276594896,0.014152266539336404,0.014135188606379795,-0.005233590771394292,-0.011417520994780883,0.022110363448137913,-0.0023368877515579536,-0.20651483692233175,-0.07778636322912591,3,12
2021-12-17,XLE,0,-0.020360660884612414,-0.02057079636481074,0.01370405772403592,0.015395862658195049,-0.015357423258568148,-0.030215590306777118,0.026678719541095366,-0.013248630897497905,0.2891844308212268,0.20254625892358957,4,12
2021-12-20,XLE,1,-0.012389344585756468,-0.012466732368987987,0.009979950302167067,0.014607994974463615,-0.020626467565215356,-0.03834786638049581,0.02661304617711896,0.014933922767242626,0.04895900401615694,0.2426054122089365,0,12
2021-12-21,XLE,1,0.028485404452718965,0.028087238909275225,0.018986358744278366,0.015713501189006066,0.007984904020362782,-0.007320913481292157,0.022222268129981234,0.018113935285209354,-0.30748290706507975,-0.10365581683009584,1,12
2021-12-22,XLE,1,0.006419462654677188,0.0063989456628532615,0.01901646412755517,0.01600498996377248,0.012864027467374806,0.002076760422715651,0.024184746523229952,0.005313248279612128,-0.16123403697182404,-0.2416608422077724,2,12
2021-12-23,XLE,1,0.0005468199323819256,0.0005466704808423373,0.01883825452311424,0.015940694607336083,0.013008609343638788,0.004815203751789232,0.01415348885244549,-0.00381054404185964,-0.20934365093280138,-0.3855904117740634,3,12
2021-12-27,XLE,0,0.021857856896388306,0.021622398836901535,0.01643642057352911,0.01747380772994552,0.025969228211866424,0.02754624288756302,0.034539531472646,0.02521924748963367,0.3030751619689187,-0.20586011549292693,0,12
2021-12-28,XLE,0,-0.000712870805377297,-0.0007131250185912208,0.013139294032040942,0.014664591137022873,0.01392663391937532,0.024709040671674343,0.015291617793120374,-0.003200574320834344,-0.17494549769572532,-0.3182323486655202,1,12
2021-12-29,XLE,0,-0.006421757935880956,-0.006442466126305391,0.010804334841180003,0.014790336322014496,0.0031336867236779753,0.016292456013158096,0.01447206281266613,-0.004824020937555377,-0.15772779217883326,-0.39424955838924125,2,12
2021-12-30,XLE,1,-0.006104149059997788,-0.006122855541488281,0.011621854140624594,0.014857911347332574,-0.004746165354594156,0.0084053860548996,0.01525481793789465,-0.006460886619970172,-0.1005420574355852,-0.40696378988103055,3,12
2021-12-31,XLE,1,0.0025289194028408346,0.002525727067141492,0.011600792676211632,0.014775982478115178,-0.004377149150073145,0.009650826009588664,0.011952188207570371,0.005070604366301565,-0.02566593083149371,-0.3856589417032037,4,12
2022-01-03,XLE,1,0.03099105869157337,0.030520532535115663,0.015520820940137634,0.015293118434836108,0.02236996791871171,0.03427090922548559,0.03166610432256387,0.02950700495896901,1.4565069631151255,0.5240386642739672,0,1
2022-01-04,XLE,0,0.034603104044582,0.03401787881917917,0.020152582933991435,0.016038739510981465,0.04601021718506182,0.05821986159504,0.027931016066978717,0.020689668326542295,0.2290920493988089,0.8417044800184268,1,1
2022-01-05,XLE,1,-0.00016901635326782571,-0.00016903063814099895,0.01895008393232842,0.015146114831815253,0.033092313965366715,0.04928186338764595,0.022415526596697793,-0.009869524333149044,0.13565189550461754,0.9131348620602038,2,1
2022-01-06,XLE,1,0.022301277883803206,0.022056240788661086,0.016065382903062222,0.01574168524504609,0.037480337286946774,0.06206342942235055,0.019643423419293527,-0.0011555547607395248,-0.17755385225320475,0.4726869802161189,3,1
2022-01-07,XLE,0,0.013716742450522679,0.013623519448698218,0.014010727130075201,0.015415854760940045,0.031063054219363728,0.06459790097790408,0.019427070671190125,0.009878143851513949,-0.04702911300538015,0.3060763974275309,4,1
2022-01-10,XLE,1,-0.0030974697002128515,-0.0031022767885917624,0.015693663151940842,0.015528964478416873,0.014466386748475335,0.052079253899834255,0.02033181537584851,-0.005367566994380271,-0.06598640985145254,0.17051155403180496,0,1
2022-01-11,XLE,1,0.03401476784443047,0.033449058232245754,0.015496576358907312,0.016988744152100485,0.03513204368063727,0.0746092035192667,0.035343714241078725,0.0251296891924704,0.15667714711236136,0.2627166214655159,1,1
2022-01-12,XLE,0,0.0018977362702330414,0.001895937843690465,0.015067334589274329,0.016156861054929354,0.02316036950955702,0.06283029248679917,0.01337112305960205,-0.003460771146126609,-0.21318076469869085,-0.05353430548584892,2,1
2022-01-13,XLE,1,-0.005051207717303607,-0.0050640081904309575,0.01612247152656813,0.016020890274728007,0.009772550273056568,0.04402711528134273,0.017206001244548776,-0.005051297593242103,-0.015584295367688905,-0.11319964667362759,3,1
2022-01-14,XLE,1,0.02348085330876626,0.02320941886925576,0.017477570474289755,0.0158431639110067,0.023091324042645356,0.05282919093870331,0.02472660278202624,0.0225075603139673,0.08810491318803093,-0.08715428967471917,4,1
2022-01-18,XLE,0,0.004030234174932312,0.0040221345361808325,0.016372589543855568,0.01514918074602996,0.015553834722681126,0.04420575460537712,0.026840492053844804,-0.006595097013840799,0.2674711810002932,0.1298228701457662,1,1
2022-01-19,XLE,0,-0.007256116062281048,-0.007282569717309784,0.012153891578441864,0.014134681911529046,0.004813287329342497,0.0281750900180866,0.02374744142916907,-0.014861247758492655,-0.19669708060301894,-0.07461458169992763,2,1
2022-01-20,XLE,0,-0.009176135335780988,-0.009218495399211157,0.013441485950932492,0.015000905983973002,-0.005525908969341242,0.011430195956306344,0.028803949704519216,-0.002661270832812057,0.2728606505198703,0.18926797132755757,3,1
2022-01-21,XLE,1,-0.019776978129044553,-0.01997515987069365,0.016435048437240057,0.016234291302047017,-0.023425307937300466,-0.01161690881420585,0.025400832377943165,-0.00857280363769134,0.3638784103033075,0.5353553876229602,4,1
2022-01-24,XLE,1,0.006725427411832241,0.006702912616270762,0.010722393402646533,0.015881515753514163,-0.011788718569941237,-0.007373255678599366,0.05330490298393535,0.0311628288197651,0.08700920904211285,0.557585538249828,0,1
2022-01-25,XLE,0,0.03880999987031175,0.03807582712738533,0.0227048090435638,0.019364437638952434,0.024824065493083802,0.024422167420311336,0.06514452756622745,0.04279093796539778,-0.04876246530276551,0.39119950701940565,1,1
2022-01-26,XLE,1,-0.001684093253754848,-0.001685512932937172,0.02227791822813529,0.01691999582458649,0.020216614938906474,0.01954650600482477,0.03090910478071733,-0.012121258359966856,0.10377896962369038,0.4442417767682447,2,1
2022-01-27,XLE,0,0.010889734270312035,0.0108308680865572,0.021327806321848435,0.017081267681435027,0.024274416892791528,0.026539711702628477,0.03376033029817192,-0.006631421584483272,-0.16694536792390768,0.14205850620248306,3,1
2022-01-28,XLE,1,-0.0042482463579496255,-0.0042572957950945955,0.017182931429041187,0.01703529936551894,0.009941009059586392,0.018056131960329402,0.030700999990211256,0.002443806777633743,-0.03304824364057757,0.05375952414785523,4,1
2022-01-31,XLE,1,0.004418693116348127,0.004408959355055586,0.017326505778443704,0.01564534001818991,0.004970036119223087,0.020322956220893973,0.029016398886350808,0.0067195294663210834,-0.39888929407117024,-0.36561998333532775,0,1
2022-02-01,XLE,1,0.03564919114196008,0.03502846790422964,0.01600316069801874,0.018897032288182417,0.031486967710324,0.0510029619062069,0.04654361526894169,0.04181287829712563,0.42886076109348736,-0.10104714133813919,1,2
2022-02-02,XLE,0,0.003222475009056147,0.0032172939640058296,0.015319677380385574,0.018399058314859492,0.024624419193713498,0.04763215065888371,0.022673747895232865,0.008392221881490518,-0.27914988843999533,-0.35148631851683265,2,2
2022-02-03,XLE,1,-0.009490475234159579,-0.00953579677079519,0.017565811129482346,0.01842902793830103,0.009073250354477036,0.03117536587853076,0.01832575893238137,-0.00542446491054504,-0.04960964461554984,-0.3698578090318082,3,2
2022-02-04,XLE,1,0.015625259235444444,0.015504441783139367,0.016929433776977042,0.0160815609931631,0.014966865811022467,0.037119729193769935,0.02125180712267867,0.0029112749129727032,0.3190763460539099,-0.14010570378783826,4,2
2022-02-07,XLE,0,0.012772293631037934,0.012691415824106045,0.0166652472121354,0.016058763525483025,0.016371737191203772,0.039553383159901756,0.03470901653799504,0.017646187689337105,-0.2027127220940277,-0.26876583742217763,0,2
2022-02-08,XLE,1,-0.02149632748528507,-0.021730738944347294,0.015570369108192735,0.015603474077832353,-0.005505522419235964,0.012725878766484122,0.02745430560720473,-0.018542488445968983,0.16265173022327928,-0.1070748375004007,1,2
2022-02-09,XLE,0,0.008347729924705005,0.008313080324048983,0.015988230066564628,0.015478991852642928,0.0017457570814853884,0.015681291427033894,0.0162185939619431,0.005990590562381334,-0.06563522085628837,-0.1022704158108878,2,2
2022-02-10,XLE,1,-0.006245459333910297,-0.006265043800296244,0.015506853931171306,0.015770237688137113,-0.006187918484743982,0.005614353900236457,0.02583559462670591,-0.0013137347026524033,0.0685365736516017,0.0014958251147685342,3,2
2022-02-11,XLE,0,0.02908525918811322,0.0286703097733656,0.019228523795053142,0.017314285893876676,0.018250722715433598,0.027643215057729265,0.029761950254086095,0.022212637481130042,0.22990566237282395,0.2520830142585708,4,2
2022-02-14,XLE,0,-0.023576322754719214,-0.02385869122305717,0.021988738226490837,0.019884419466237042,-0.0027849874411651765,-0.0007123018767699607,0.030437227082626733,-0.01757649754116117,0.07093105746286299,0.27838131492115914,0,2
2022-02-15,XLE,1,-0.010472579669402182,-0.010527803024227733,0.02011543616299922,0.016962343542720793,-0.01251222144867492,-0.0108323696797048,0.022517181497227205,0.014464677244516529,-0.13590677787480054,0.11084416321727542,1,2
2022-02-16,XLE,0,0.00808464022575861,0.008052134601956862,0.020086593405116423,0.017140820697750553,-0.003747876844697351,-0.002965789659696294,0.02347955356748465,0.00014586752625031334,-0.14691226382877887,-0.062330516740732866,2,2
2022-02-17,XLE,0,-0.0016039218321526327,-0.0016052094918288518,0.019867963477815546,0.016820617692631497,-0.005490303309419242,-0.005475868968494058,0.018242849697023278,-0.0007296471805700289,-0.07926289618513105,-0.14284707488711834,3,2
2022-02-18,XLE,0,-0.006134115283856656,-0.0061530062615910985,0.011660941931195181,0.016118706977786983,-0.0047677432045326595,-0.010354546661275998,0.017777732566550925,0.008148193359375,-0.06404940345563925,-0.17854495162506157,4,2
2022-02-22,XLE,1,-0.016164724046328516,-0.016296798429349835,0.009196390377405139,0.015943311592919188,-0.015672907745712727,-0.02232810215810166,0.059477936566008575,-0.04507208150905091,0.46943354252381053,0.1649823366437042,1,2
2022-02-23,XLE,0,0.010306119774464717,0.01025337381661906,0.010805083526708571,0.015225070667016631,-0.0043865075952158605,-0.011328065095172368,0.017968618646721626,0.004455050015929506,-0.2692908170506695,-0.14033061054514961,2,2
2022-02-24,XLE,1,-0.007835403205661451,-0.007866261273318464,0.009711351349867727,0.014998677998906543,-0.007894223807700773,-0.016573574294492244,0.05500872830101075,-0.028517677598229558,0.8170899673327643,0.46447683820686625,3,2
2022-02-25,XLE,1,0.02637449854586138,0.026032688478542898,0.016982185433372717,0.01743257412584154,0.017039219597139388,0.008683863685901017,0.02512629732881589,0.024085564462313164,-0.3649229304098123,-0.07300037801981452,4,2
2022-02-28,XLE,1,0.02468055644638789,0.024380911769291025,0.01906883856888216,0.01667797153470018,0.03441196752950426,0.03332151735346622,0.038748377679909914,0.032022261455638065,0.2291572625377758,0.1349204966258808,0,2
2022-03-01,XLE,1,0.01005972145391043,0.010009459257436237,0.013828672202971785,0.01457164713278821,0.031693340837518624,0.03984956986387789,0.030894494825543354,0.0011234634473142678,0.2887808602592272,0.42149580019625943,1,3
2022-03-02,XLE,1,0.022864300274378246,0.022606829367709746,0.014409545472910124,0.014773490687021208,0.039397957622133495,0.05609227375000558,0.020309495392163857,0.007460637413907107,-0.26823256675065,0.03450355591323051,2,3
2022-03-03,XLE,1,0.002742551021530426,0.002738797090476197,0.010393648364206752,0.014828931067361854,0.024692291654554666,0.052071071388055445,0.021603728123072773,0.012602183543096782,-0.019672592791409316,-0.003621495170370803,3,3
2022-03-04,XLE,1,0.028856956236169795,0.02844843478468162,0.01097583512798806,0.016050905172898956,0.03582653829564886,0.07200381268134315,0.03214332450420415,0.02899743850202981,0.1806220390979334,0.1288978308880646,4,3
2022-03-07,XLE,1,0.014754423387770776,0.014646635818545306,0.010306721048416649,0.015111066966667554,0.034697567535781015,0.07512025698341418,0.038415972725693213,0.004341457602760192,0.24708981835600397,0.3122078366773524,0,3
2022-03-08,XLE,0,0.015719279850036294,0.015597011618389,0.009809872039319975,0.01152511230854397,0.033453265941448596,0.0759730588974552,0.06262806448479798,-0.0069159951698742105,0.4941485259284777,0.7774554263530751,1,3
2022-03-09,XLE,1,-0.03056478177483246,-0.031041626310035042,0.02258696497255242,0.018470560532349058,-0.004106974605262104,0.03229976075450347,0.04605090471141176,0.006291850601128905,-0.11230556416994464,0.43940654597809714,2,3
2022-03-10,XLE,0,0.030597153765202334,0.03013839518219097,0.024814866986711526,0.018166120721388658,0.014669202940851722,0.04896137527286348,0.028267178476079048,0.018538045061376206,-0.20819667609764392,0.12638928260001703,3,3
2022-03-11,XLE,0,-0.00800302379926332,-0.008035219886651568,0.023968476157199884,0.01892890211623269,0.002295461940909904,0.02945706130352388,0.022300890376224312,0.00813321644870566,-0.33355539010149304,-0.2574659448131331,4,3
2022-03-14,XLE,0,-0.029928394194961738,-0.030385389791736106,0.02728944954635082,0.022193935823735855,-0.023140593416165922,-0.00663573611667545,0.02911839966321513,-0.008775376156746983,0.1051005141673691,-0.18279220794906692,0,3
2022-03-15,XLE,0,-0.03661973522095752,-0.03730706996672861,0.027661092391217605,0.025794291772670876,-0.04459106243600652,-0.04368782272036842,0.030840063794766528,0.0022327103619650323,0.22893289979308307,0.003894703595896054,1,3
2022-03-16,XLE,1,-0.004594940561559735,-0.004605529751191106,0.026394419669318932,0.024649236486346114,-0.039577697306898196,-0.04626599554894384,0.027465715876210977,-0.008322908927736116,-0.13780944225829106,-0.14588272970085303,2,3
2022-03-17,XLE,0,0.034410358903563365,0.03383156283329747,0.027864364609574706,0.027187532007548986,0.0029565441107568535,-0.014538848554704109,0.02515120639535341,0.016355068403979156,-0.28436749671273487,-0.38280324056288795,3,3
2022-03-18,XLE,1,-0.0009463525996054045,-0.0009468006739399293,0.028101838377402037,0.02542744225301086,0.0101453124515678,-0.013697057033527527,0.014359219222105608,0.0008127547933051081,-0.23916919190606634,-0.5121595182418186,4,3
2022-03-21,XLE,0,0.040311195268373234,0.03951989461363414,0.03146443136922715,0.028359885495643226,0.04427413421095672,0.025352642693927674,0.02343959167106418,0.019689171165345506,0.17359284587059443,-0.39602205776231036,0,3
2022-03-22,XLE,1,-0.007355612803032763,-0.007382798717633143,0.023025648418394343,0.02796867125194595,0.02414482529010442,0.0195067905425097,0.020050182316469833,-0.003165781183201282,-0.03278187522920828,-0.340725768853369,1,3
2022-03-23,XLE,1,0.017202650543375775,0.017056360287340144,0.02098488319583982,0.026447106361541184,0.02493523624979188,0.033681103453434114,0.012469140292370616,-0.001558580601597446,-0.11734790602778722,-0.3428868620162103,2,3
2022-03-24,XLE,1,0.0024716247926703794,0.0024685753517945663,0.019024958999696848,0.02468277515867909,0.017132590276774273,0.03578467544863417,0.0164592610522394,-0.001296087335007924,-0.1016381705674787,-0.3474710519414558,3,3
2022-03-25,XLE,0,0.02193118408481154,0.02169415495946092,0.018372837698877147,0.02531771902750528,0.024377114742709205,0.054774592300119496,0.030156626692024943,0.028067905596698844,0.06419281753907935,-0.27341743945318064,4,3
2022-03-28,XLE,0,-0.02476192620726836,-0.0250736595419907,0.018922677219767828,0.02459798349934853,-0.002726828303085127,0.024599204393980223,0.011020434769663596,-0.004278415835747132,0.24386451654316055,-0.057485998829430285,0,3
2022-03-29,XLE,1,-0.0026045265450588273,-0.002607924225168645,0.018455376154605855,0.020302065862183173,-0.007977851574434536,0.014539811227600508,0.03263181790745264,0.020245026718122738,0.050366683677272484,0.06394347627856467,1,3
2022-03-30,XLE,0,0.011619067941853967,0.011552084926116368,0.017514578064980826,0.019862039195290133,0.0019395178794006096,0.01733061219677534,0.01525731007305042,0.001939507796503697,-0.3212271747140869,-0.21166228299726964,2,3
2022-03-31,XLE,1,-0.013550253392491274,-0.013642895914313335,0.018766143456789335,0.01887137335369918,-0.010049815585539412,-0.0006406726320083989,0.023189144473156828,-0.004168833844692924,0.31908622256536456,0.058935450819010526,3,3
2022-04-01,XLE,1,0.008110956814296966,0.008078239795895392,0.015120856305502976,0.018801798062111668,0.0023673654400042654,0.002380402396153558,0.019517918984101195,0.009431507142288914,-0.24378644831465124,-0.18749678602299125,4,4
2022-04-04,XLE,0,0.001297869696069709,0.001297028191226346,0.009850359162726153,0.014230322860937056,0.002729205695207071,0.0023383878589209317,0.018953084927479436,-0.005157219044291411,-0.07266702410274806,-0.2174371856219387,0,4
2022-04-05,XLE,1,-0.01568201324652796,-0.01580627686415914,0.01243530646886005,0.015023394901782937,-0.011325337150209114,-0.013867069579379665,0.034023249024414656,-0.017464502590144797,0.18627003482048532,-0.0525150263410169,1,4
2022-04-06,XLE,1,0.005925135680093785,0.005907651095376831,0.011107223462401951,0.014029296720900232,-0.0026369752464641127,-0.0074183747822930135,0.019536337898516134,-0.004949169828854335,0.17866801521514475,0.10589333923799593,2,4
2022-04-07,XLE,1,0.013089092465076613,0.013004170525681591,0.01103814265179249,0.01466843198242009,0.007891329539872372,0.005129613928517074,0.03022416961507241,0.008337667689385849,-0.15904328414821445,-0.07221944008067449,3,4
2022-04-08,XLE,0,0.027519566544625507,0.02714771007275507,0.015848092225303943,0.015647810379756846,0.029008595029892614,0.031745258056746994,0.027573758186042404,0.02473905622788031,-0.012407250625723232,-0.07953563809790931,4,4
2022-04-11,XLE,1,-0.03005176165575485,-0.030512571440245218,0.022981862571044037,0.016674802486059542,-0.0018632517516458114,0.00029829051214647073,0.02198774429116593,-0.019572965296824462,-0.018066042503490753,-0.06839875608921042,0,4
2022-04-12,XLE,1,0.016593066506436216,0.016456905730440674,0.021928314515539848,0.017360078009540345,0.008254110057329012,0.014502018299538344,0.020076262926589324,-0.0035577991125084656,0.2186081088808829,0.15441330225976757,1,4
2022-04-13,XLE,1,0.014919702492535158,0.014809498519529729,0.022224509421589593,0.017582940924088065,0.014971330727387322,0.026848434074468797,0.02191985290972796,0.0026454912035615377,-0.22890250807922485,-0.10912600164093811,2,4
2022-04-14,XLE,1,0.003266664710734224,0.0032613407528074845,0.022141908899510038,0.016621499011627894,0.011963463784660844,0.02569029691932556,0.017548378173323935,0.008079780293469225,0.05220728743625225,-0.03875206447385193,3,4
2022-04-18,XLE,0,0.014652842205920003,0.01454652660571476,0.019693220747351213,0.016905768141236545,0.022928371803018432,0.03545250295792801,0.018506990736980918,0.00633454842012026,0.17435713542088394,0.10569255629006369,0,4
2022-04-19,XLE,1,-0.008146199931652665,-0.008179561521970413,0.010591940578717277,0.017401573761728902,0.006412326816416458,0.0228344438961261,0.018610422188551495,-0.0029776410460676294,-0.24929571915446902,-0.1695303779808356,1,4
2022-04-20,XLE,0,0.003857594642866946,0.0038501732044635695,0.009568027698236017,0.0159570243396555,0.004632797608646211,0.020648356386895328,0.016259123290997154,0.0012411378242504524,0.13890018763203127,-0.04986791406386826,2,4
2022-04-21,XLE,0,-0.031734389702640975,-0.03224883854077465,0.01766453174091723,0.01996090304682484,-0.023649522847086324,-0.013874790249314817,0.04559463349432938,-0.037461501643445826,0.25112424490297514,0.18693727418557438,3,4
2022-04-22,XLE,0,-0.02445267340695345,-0.024756604879961674,0.01924191934917139,0.02121727771171552,-0.03875276175729492,-0.036528538934918586,0.035347042315287756,-0.02056563034388563,0.09732372793433797,0.26243557092389413,4,4
2022-04-25,XLE,1,-0.03307076454463087,-0.033629965673633855,0.01604474042011525,0.020699640615955386,-0.05300496868763449,-0.06144905133434797,0.04173444042942118,-0.0016260534094811661,0.5486103341016404,0.7754042523988331,0,4
2022-04-26,XLE,1,0.0013572889107160702,0.0013563686267556996,0.01804688458645792,0.019212997109991962,-0.03540415648990891,-0.05613540054270405,0.029772418347341456,-0.006062300381058587,-0.19467976344870686,0.3502926411908567,1,4
2022-04-27,XLE,1,0.014637946818133019,0.014531846217997302,0.02145524667316506,0.01898564295071391,-0.006186485109544226,-0.037937654363565776,0.03595957129892677,0.008215496435711279,-0.00040372956399448157,0.3001273979744101,2,4
2022-04-28,XLE,0,0.030323232038951042,0.029872570524672515,0.026467473219384596,0.021226320756938876,0.02662044388508611,-0.0056211200421916185,0.05148626395153634,0.02348721641097329,-0.01865759553743529,0.20857432621016891,3,4
2022-04-29,XLE,1,-0.025670923908558962,-0.026006171938104394,0.026727395313477415,0.022236041431110198,0.0030698854684949595,-0.025241345611027866,0.03699871277413262,-0.02781373144887625,-0.09207084518507003,0.05706620410153862,4,4
2022-05-02,XLE,1,0.015967937032855595,0.015841790619796736,0.021103570673810648,0.022374067187645345,0.011874649880719401,-0.0036410940438470485,0.02570622715471909,0.02222514363976756,0.3113344632455344,0.3107488727739929,0,5
2022-05-03,XLE,1,0.028029109093101967,0.027643482870502556,0.022540595027845868,0.02473345459152975,0.02740997101989917,0.026791672591409244,0.031507335599709425,0.026147209515707485,-0.20013596924176025,0.0010818569867265815,1,5
2022-05-04,XLE,0,0.041533788234820346,0.04069442308879356,0.026065093671727515,0.028343758242111907,0.051122481620431426,0.0679294284336327,0.03674993515014648,0.021875,0.08966035525121607,0.04237393827435265,2,5
2022-05-05,XLE,1,-0.015046031195312004,-0.015160371080011892,0.028501684902001678,0.026594284834555487,0.026359928670661947,0.048560195173334764,0.04287630669479587,-0.021984758262273613,0.026734268030151886,0.03685754084280135,3,5
2022-05-06,XLE,0,0.02980668143347409,0.029371096697294874,0.021614847159812333,0.02581274790717241,0.03642249880039361,0.07044675973485903,0.036782737736655295,0.016674848590750885,0.011283988239586318,0.022676370808404567,4,5
2022-05-09,XLE,1,-0.08273046212956037,-0.08635391548797244,0.051159871028042675,0.03707863897404269,-0.048631567569462075,-0.021119343293703574,0.06729109102223169,-0.0626078613417241,0.12518780717614408,0.1565769927951155,0,5
2022-05-10,XLE,1,0.009071920028789426,0.009031017353369197,0.04926003338448391,0.03710193490169157,-0.035803864720511336,-0.016000210330050613,0.046096141826318715,-0.006215244543175328,0.07245860208969868,0.2080232223668239,1,5
2022-05-11,XLE,1,0.01341977279901907,0.01333052521629785,0.04418112959525587,0.03706727078401255,-0.013019534314211434,-0.006514436645539412,0.03434576889788246,-0.003203895987581774,-0.1233014267399879,0.04731086745343749,2,5
2022-05-12,XLE,1,0.004242883494908867,0.004233907844203966,0.04437337273760762,0.03594673959864541,-0.002732347004774427,-0.0035465105496946814,0.031768504446342445,0.004630232930566721,-0.09689985457098438,-0.05672379035214936,3,5
2022-05-13,XLE,1,0.03418267420152832,0.03361142798868455,0.04527144087327083,0.03583569851023751,0.03702375983043371,0.023166317668321224,0.024851788875096884,0.019048848242414373,-0.33990422417584365,-0.36403707748986525,4,5
2022-05-16,XLE,1,0.02636787487232395,0.026026234991126884,0.0124536491950031,0.0362460966461893,0.045971802020535524,0.04149132049765081,0.033798020272337484,0.022696484201450273,-0.04910376295060015,-0.3627968266337641,0,5
2022-05-17,XLE,0,0.011578854862498655,0.0115123329286404,0.012076417794882667,0.03564922839817281,0.039410166083897025,0.04647829544441495,0.014994579616087918,-0.0019040346904570372,-0.0033510973339844208,-0.3450168776518494,1,5
2022-05-18,XLE,0,-0.025634949510089378,-0.02596925039358622,0.023227608172431212,0.034787797016223594,0.002970121827658767,0.019690041599395247,0.04534156239737304,-0.032555936548583714,0.17987054717429984,-0.2047284514788078,2,5
2022-05-19,XLE,1,-0.0036709351909620658,-0.0036776896086365696,0.023987734169774358,0.03440592002811649,-0.008765430457410184,0.014807154999010974,0.03668920965167124,0.019534154103068475,0.07492469313014771,-0.12229683741341646,3,5
2022-05-20,XLE,1,0.004298699101736858,0.00428948608796631,0.019267547588177548,0.0330046165093732,-0.006898320370200772,0.020632429120058804,0.03955353322804114,-0.007886454019891227,-0.10639548718522973,-0.18524497018946118,4,5
2022-05-23,XLE,1,0.026415255171652774,0.02607239700273345,0.019282172854630915,0.017190451289038587,0.016815492912479302,0.03740217912355104,0.024051219665802266,0.014382432585574579,-0.1652662907268171,-0.2708011480119289,0,5
2022-05-24,XLE,1,0.0038130616607088275,0.003805810368332274,0.01868126279370397,0.017302992639172877,0.019753707208291393,0.03179288174412309,0.026987926069512426,0.015060240963855422,-0.0030362511118533497,-0.20727980690952585,1,5
2022-05-25,XLE,1,0.02065262886545849,0.020442254911852586,0.012650705218497493,0.017633011960452895,0.030165753070488188,0.0426189561222996,0.01999056568611711,0.017151607907965716,-0.009027322898079393,-0.15511302016283424,2,5
2022-05-26,XLE,1,0.011047741786369691,0.010987161264017775,0.01002689246241688,0.017507376073806123,0.027951121124015987,0.042971202887667426,0.01317765994102322,0.004970527043782105,-0.18936711745935264,-0.2587645926020614,3,5
2022-05-27,XLE,0,0.01828861201829124,0.018123386806121022,0.008780648101165566,0.015797265309324158,0.030281240184195424,0.05226254630464111,0.028076259035168555,0.022876899569316066,-0.12521146627552238,-0.3256900071197876,4,5
2022-05-31,XLE,1,-0.01502345751226919,-0.015137452826891717,0.014340022340556893,0.016249016065068685,0.007137518824033906,0.03119580861942084,0.04144900340130777,-0.031003455736835987,1.1074719293734465,0.3663949085026048,1,5
2022-06-01,XLE,0,0.016284686288169592,0.016153512946287307,0.014565674166194389,0.016520900555417398,0.01330963241697547,0.04213464709309522,0.0219704954129455,0.0036240054786481507,-0.2463612654611267,0.024487973705525024,2,6
2022-06-02,XLE,1,-0.0031594595427218986,-0.003164461172766586,0.01420240540097982,0.012931159441796356,0.004708654851466099,0.030817292400020735,0.017045454545454544,0.0038635947487571025,-0.11285187158921506,-0.06883604417016675,3,6
2022-06-03,XLE,0,0.01324421510245366,0.013157277259999045,0.014449205607513642,0.01234312984916733,0.012098652844573232,0.03470205643642488,0.016280412561787746,0.011984230916464122,-0.21965045413588724,-0.23205600203534926,4,6
2022-06-06,XLE,1,-0.0011171518756745158,-0.001117776354966793,0.012812190747719224,0.012714150486000594,0.008960094922593198,0.02449822508606636,0.011896816386249242,-0.005892803701469282,-0.18674513892610578,-0.3377340771590207,0,6
2022-06-07,XLE,1,0.02986242417089957,0.029425224554325613,0.013565291080977641,0.013271943493926255,0.027770348999964334,0.04533025394223511,0.03268045012660013,0.030554039211587662,0.5389970225792731,0.02310299371149327,1,6
2022-06-08,XLE,0,0.0021719431130517997,0.00216958785431709,0.013664633513126726,0.013358421959135225,0.02165530714104502,0.03813702248061923,0.017291672919367698,-0.0027018264703137147,0.10912282887105196,0.12609619957798124,2,6
2022-06-09,XLE,0,-0.022106720438827665,-0.022354736004555953,0.019134811323421732,0.015896524455025818,-0.0051156555042980445,0.010356516457938447,0.021095205489561723,-0.013662695695558716,-0.13703860988955063,-0.021509355873387315,3,6
2022-06-10,XLE,0,-0.01695480796422355,-0.017100186304972453,0.020375453230512444,0.01712204280162379,-0.02025544887317965,-0.008738314924232049,0.03206278820851376,-0.005493249781766807,0.27182661531391195,0.19715012746024696,4,6
2022-06-13,XLE,1,-0.05219244652229138,-0.053603799995589174,0.030394544757470165,0.023176211257643443,-0.06032766793955624,-0.055779534811979836,0.0430132189332098,-0.02255283524436281,0.4304037503437601,0.5570476199758565,0,6
2022-06-14,XLE,0,0.0019031291795392757,0.0019013205235758335,0.02229647449910314,0.022971835234379418,-0.04174707247755027,-0.05082746802896887,0.04348844004805175,-0.017838391502613626,-0.22299597820765327,0.22945072950485068,1,6
2022-06-15,XLE,0,-0.02208002844477641,-0.02232744097110917,0.019416524456421273,0.022554801785807804,-0.04131276022992825,-0.06521281325315309,0.04140396467077598,-0.01986919378588788,0.24360405565593668,0.45889672099940193,2,6
2022-06-16,XLE,0,-0.05632413015204718,-0.05797253000947844,0.024659631284969123,0.02730360801720728,-0.06820077219102205,-0.10712429453483363,0.04439453111620731,-0.030552494114548804,0.3413884210331488,0.7679271449027534,3,6
2022-06-17,XLE,1,-0.05466967866440753,-0.05622086617862987,0.025748655985157166,0.0286410229547495,-0.08578622668219271,-0.1401159655861376,0.06696889084609,-0.04805698485920901,0.10788542767997433,0.7283124158333525,4,6
2022-06-21,XLE,0,0.051806014102275144,0.05050870007107333,0.04493451659505842,0.03622819494527925,-0.021918805984924572,-0.08256618247493774,0.033239454593905766,0.024527567565798797,-0.45501461838086255,-0.10232993113111188,1,6
2022-06-22,XLE,0,-0.04003121318249314,-0.040854508780601595,0.044700052967896406,0.03349515453202406,-0.03660137229644356,-0.10020006485379085,0.0317481788176515,0.008521098116883872,0.17727749259427483,0.016350095598946623,2,6
2022-06-23,XLE,1,-0.037067261627521164,-0.03777171555016512,0.045018704337976403,0.032789767571720016,-0.0452198363846259,-0.11110323839297587,0.0649667801090218,-0.04163840438148461,0.38115770419726,0.31177428331426316,3,6
2022-06-24,XLE,1,0.013161089056653363,0.013075234397521118,0.04452486658140196,0.03493475388533759,-0.018629747046335132,-0.07895477217662428,0.03172392781639773,-0.0038960122163724654,-0.16729472901964293,0.037768298415557844,4,6
2022-06-27,XLE,1,0.029334006906142296,0.028911997871935213,0.040727309955892986,0.03845559033384332,0.007354532793196311,-0.034501494715392655,0.025683521919076163,0.017536651540617308,-0.2831123347785267,-0.2604210537771321,0,6
2022-06-28,XLE,0,0.027005315558963128,0.02664710674506443,0.0343799327189743,0.038469911979865344,0.03671254238050836,0.0013695946361016453,0.031283145996509734,0.0031813077412866735,0.17082703049494685,-0.12465522188133116,1,6
2022-06-29,XLE,0,-0.03475178289346825,-0.0353699909189773,0.032952914824817776,0.039089059226741676,0.001590498222878045,-0.020132901794208236,0.054085772765757316,-0.04796038243419735,-0.10536899255982302,-0.21832654413011376,2,6
2022-06-30,XLE,1,-0.02108142185957884,-0.02130680830620202,0.029059161844805878,0.039062740153649314,-0.021804482260070812,-0.027806080231845387,0.03483488733675333,0.0004196807203138597,0.061100809170600234,-0.16050550120333618,3,6
2022-07-01,XLE,0,0.014962682218574885,0.014851845530735819,0.02923144238837837,0.03655224069547421,-0.009849873928548858,-0.007459958575650849,0.038132111646358685,0.0027632576019098153,-0.08379604254541695,-0.18869338415351844,4,7
2022-07-05,XLE,0,-0.03968022440459806,-0.040488950407059576,0.030026568460167203,0.03454749267667998,-0.03867380347194993,-0.04295056367890737,0.045441694489769764,-0.01941481214494819,0.2985636668400671,0.10347132670048986,1,7
2022-07-06,XLE,1,-0.01707296750149645,-0.017220390991427692,0.021423836753381147,0.028624589286770502,-0.036020679506384656,-0.048934419371606586,0.054242286565603835,-0.006381360862742373,0.0729220682395304,0.14675663840064201,2,7
2022-07-07,XLE,0,0.03605305795500913,0.03541835676817362,0.03037386716677497,0.029988686361836055,0.004585669629746825,-0.01135169918482637,0.01904226111956834,0.008668475011267369,-0.29902612555616637,-0.18171280573839343,3,7
2022-07-08,XLE,0,-0.00042299039964066587,-0.00042307988531486984,0.029078772268672205,0.027486063339641948,0.00575507232647543,-0.012168857464868621,0.03034521737615933,-0.012388633560926622,-0.34986802234742675,-0.4188195664405552,4,7
2022-07-11,XLE,0,-0.00958404962773085,-0.009630272201411216,0.027700524532082518,0.027285338330880725,0.002682517164227738,-0.019834931888058627,0.021838407545151293,0.0029974178103136,0.03567543456393407,-0.3561092804013758,0,7
2022-07-12,XLE,0,-0.019496027003945038,-0.019688581343690448,0.02259032202673613,0.025457509288967107,-0.014616171090833796,-0.03247992270674238,0.024112142176325197,0.0068683504107419375,0.4215064537819557,-0.08045254842783311,1,7
2022-07-13,XLE,0,-0.0015966313497658424,-0.0015979073239540398,0.021033265690592003,0.022749167991437332,-0.01697673289119417,-0.024587358670937975,0.03431519556250154,0.013107501762120428,-0.08830085546187827,-0.13637279502552602,2,7
2022-07-14,XLE,1,-0.018898066869442065,-0.019078917444171672,0.009108496776955136,0.021280852590100083,-0.02583711238680131,-0.03541614532500004,0.03148533329869954,0.01672191407471635,0.24238868730713148,0.06968759124087587,3,7
2022-07-15,XLE,1,0.016298596566193924,0.01616720023589746,0.014797116957831561,0.02193841122166426,-0.0031683127744079886,-0.015586478788894853,0.02117168074036991,-0.005365469134197578,-0.18223480216612808,-0.10484395279742431,4,7
2022-07-18,XLE,1,0.022889953536255447,0.022631908882349006,0.0195527923705423,0.02282287811974934,0.019975168540342647,0.01045619322710567,0.02115873193002452,-0.0036920550070476017,-0.14130365850809234,-0.21039450196796738,0,7
2022-07-19,XLE,1,0.03078638220630725,0.030321988810774858,0.0200463400788646,0.02110490234875828,0.04102474212509377,0.037649062826540014,0.03511274864683329,0.03225809613168122,-0.05203134474555715,-0.2011037963637221,1,7
2022-07-20,XLE,0,0.00967924103524287,0.009632697279542413,0.01903916552729533,0.019807257408762328,0.038454877345181604,0.04095675672187071,0.02978184218950832,0.02097315534683291,-0.1420154008905946,-0.24728289510840185,2,7
2022-07-21,XLE,0,-0.0175295180363364,-0.017684979492931685,0.018482915776857987,0.01812142769634159,0.0080655225048194,0.02160247027505746,0.030273077979570368,0.010138006966146735,0.03129793975540873,-0.18804973682616377,3,7
2022-07-22,XLE,1,-0.008223888811174307,-0.008257891536173734,0.020356637261189223,0.018365920819574753,-0.007366177289423015,0.012912407345892607,0.02763129111247531,-0.012079910548999689,-0.05381934790264875,-0.22723549973734292,4,7
2022-07-25,XLE,0,0.03668325994086552,0.036026443768757854,0.023631377173615617,0.021175127411861193,0.01881296090441209,0.04487785794445531,0.03549154700497333,0.02259815534285578,-0.04222703274529582,-0.25079887075820795,0,7
2022-07-26,XLE,1,-0.009083812086868703,-0.009125321474751313,0.021622990273511604,0.02006017523518985,0.00741533013683271,0.029277108604591984,0.03175244863293392,-0.02076638617942938,-0.048148905706688505,-0.24727652106399667,1,7
2022-07-27,XLE,1,0.022574988461120826,0.022323944593979128,0.023417121512109753,0.020481507642165525,0.025296321357228813,0.04376731445675164,0.03126703545532012,0.016041331489113488,0.20365953240501966,-0.06725936928625909,2,7
2022-07-28,XLE,1,0.00561942028908069,0.005603690248514148,0.01990249463218379,0.018172304219024576,0.021473141648296945,0.03850881142827256,0.02864346316422066,-0.003315210023330305,0.04138734412239908,0.028296702207034397,3,7
2022-07-29,XLE,0,0.043374022226639664,0.04245971406278448,0.02170159761445691,0.020871143634896706,0.04512605331355579,0.06903307363205391,0.02979232255401787,0.024696189988176583,0.1071929095218298,0.15961141898861575,4,7
2022-08-01,XLE,0,-0.020657823640510053,-0.020874181318501606,0.025406096472825067,0.023153600310880856,0.01530902405479484,0.03755748650372337,0.01959006357498691,-0.003632573594258356,-0.006514721024394432,0.15237396085192745,0,8
2022-08-02,XLE,0,-0.0023438054583820866,-0.002346556469793093,0.0244080214539241,0.02208676903546078,0.0035626404432289593,0.02914707668111438,0.018877711161702247,-0.0024735687807668928,-0.22338547856071378,-0.08677853502090371,1,8
2022-08-03,XLE,0,-0.02871292950852311,-0.02913321021246018,0.02814282420305419,0.024574580685252673,-0.024434828833589273,-0.002278952272958934,0.04172080819619462,-0.0327528488757204,0.4301783044520926,0.2622230172632132,2,8
2022-08-04,XLE,1,-0.03708678227028561,-0.037791987828644125,0.03201826974504625,0.026977284866261764,-0.05191559877615404,-0.03917820185189114,0.03693685863437664,-0.03044242847404272,-0.017929181312397846,0.2053502040598414,3,8
2022-08-05,XLE,1,0.019815521936753067,0.01962175009256395,0.022764814453172307,0.02745572409830694,-0.01927115560388326,-0.02266810107268391,0.04272169385719898,0.033809581370851806,-0.19309174688789266,-0.03640246911789735,4,8
2022-08-08,XLE,1,0.005199680217053304,0.005186208558571881,0.023733080477210285,0.02484765239271679,-0.005254224974778676,-0.017191941834828417,0.016849361053884845,0.006301357321543236,-0.16429981673144511,-0.19238670363997734,0,8
2022-08-09,XLE,1,0.01756066132024392,0.017408254562684355,0.02655212196839633,0.025206825607020828,0.017366589393761567,-0.0021492905452249467,0.017852271163223573,0.003355704697986577,-0.08140563504129084,-0.25406903695049876,1,8
2022-08-10,XLE,1,0.007224135888639349,0.007198166813385143,0.023039969567705907,0.02430193607125684,0.02229524329606103,0.004321945947999062,0.03043244574239652,0.00493863795548515,0.003038952801084127,-0.2353192793250629,2,8
2022-08-11,XLE,1,0.03440048777878024,0.033822020032611366,0.011680172320788398,0.026513562347301182,0.03989763412685399,0.03511537132016618,0.026988263066308492,0.015384619975566042,0.7399937910337928,0.29118544456730966,3,8
2022-08-12,XLE,0,0.007575298189793633,0.0075467497033447906,0.012172966362213213,0.022735804756040465,0.03290749115843972,0.042887392105247724,0.018999627355810907,0.014217376697323283,-0.3659344871108644,-0.1574241119705444,4,8
2022-08-15,XLE,0,-0.01949753575885005,-0.01969012009937865,0.01958786893611121,0.022619644154487317,0.003574042815681855,0.022363431151345647,0.03199786138873547,0.017321238074341962,0.09492717750970536,-0.05819908510102345,0,8
2022-08-16,XLE,1,-0.0023393149676103064,-0.0023420554395880977,0.019550227647420308,0.022619583379009593,-0.003996262411243845,0.019782066415575228,0.02050618778033444,-0.0037638014800925788,-0.06345837180304781,-0.11696130008453998,1,8
2022-08-17,XLE,1,0.008337482037674704,0.008302917223759199,0.019581479360467474,0.020226346884188427,-0.0011614340703891557,0.024229543129659303,0.02604368235040856,0.012956390738408733,0.15536516454255334,0.04735151748549393,2,8
2022-08-18,XLE,0,0.02687329818315476,0.026518552530510053,0.016933141850424133,0.015248690493041428,0.021462496677476794,0.04098175118178471,0.018400137652757272,0.015589077273208065,0.030647161794846944,0.10262407873506674,3,8
2022-08-19,XLE,0,-0.00025143529467785974,-0.0002514669098307998,0.016903677899039102,0.015209098353954797,0.01861354418868011,0.0320956490599098,0.015010121843203238,0.0022704377894464146,-0.15741902445269496,-0.05834132587288787,4,8
2022-08-22,XLE,1,-0.0018880962642854326,-0.001889880964848878,0.012368285390263098,0.015541929466624617,0.010549952876377056,0.022378428900471148,0.029449095338573514,0.006727580445662014,0.15720566039647088,0.06944480199583891,0,8
2022-08-23,XLE,1,0.03606121946139029,0.03542623423561864,0.016880964193877256,0.01777383115467929,0.03275350635596053,0.049210870700422404,0.02778808890719548,0.019352407229648653,0.18974881937666588,0.2163374521503536,1,8
2022-08-24,XLE,1,0.012291418457496928,0.012216492314579774,0.01665058777779568,0.01776923285258685,0.03047558952496421,0.0515136321469305,0.0181309988760151,0.01216841076036135,-0.0970036970956647,0.06428707386308208,2,8
2022-08-25,XLE,0,0.007694503396859398,0.0076650516866432206,0.01527348968422762,0.015594402895938364,0.027357145014076822,0.05170722776564207,0.014702315009533552,0.0019124554830411498,-0.18932560924934616,-0.09660493098545253,3,8
2022-08-26,XLE,1,-0.011691938093316145,-0.011760826285618364,0.017960172524689035,0.0167309398165946,0.0070018452468352255,0.03374256187298719,0.02498501254951012,-0.009683265669011242,-0.029232184046675047,-0.12351888275608613,4,8
2022-08-29,XLE,0,0.015089262425568295,0.014976551903389534,0.01709059870919187,0.014386309618885661,0.010454135682196553,0.04006122298307391,0.03128023999789178,0.015579628485357,0.349158280531743,0.15602231627617313,0,8
2022-08-30,XLE,0,-0.033892016389871604,-0.034479666741520365,0.020623127380937634,0.019650824196906502,-0.021605468183716336,-0.0007255761923875559,0.02540832952632861,-0.017059935100762008,0.10583788968824948,0.228554779598102,1,8
2022-08-31,XLE,0,-0.009108933193819002,-0.009150673190355008,0.019049905950191744,0.020174158433724197,-0.024218784840655205,-0.01358916531190657,0.03660221852345271,0.016029238789061165,0.01149859997432423,0.20959885149040702,2,8
2022-09-01,XLE,1,-0.02459610136296686,-0.02490363875186663,0.018551791817846476,0.020288826036946775,-0.035830786603067044,-0.03671789904390399,0.0276131951685951,-0.009960924723818026,-0.029164079678104304,0.1510669354730474,3,9
2022-09-02,XLE,0,0.018339044683413963,0.01817291246680508,0.023276143530002565,0.02119929763433849,-0.011154879044826704,-0.01965354978237388,0.01852079453437552,-0.006090713267332667,0.010317255610007736,0.12253903198326044,4,9
2022-09-06,XLE,0,-0.009254533490237304,-0.00929762273860213,0.019835782877792956,0.021430956059927193,-0.008361720562648278,-0.028619035934713488,0.025895229723614757,-0.018461130971022196,-0.20318876971123412,-0.10532350596670892,1,9
2022-09-07,XLE,1,-0.011612967985931255,-0.011680925133771503,0.015670000499168828,0.01747895662492059,-0.012610129734036968,-0.03532197414733207,0.024003105712062565,0.010453028911064139,0.32858879657304874,0.17442003924730232,2,9
2022-09-08,XLE,1,0.004341919087879953,0.0043325201536501545,0.016407610356998826,0.01678876491439918,-0.00364902536253231,-0.025683687925702636,0.017037461053954515,-0.0001271727404503312,-0.11330758786549366,0.03216219999353953,3,9
2022-09-09,XLE,1,0.02492373057607966,0.024618200627801734,0.016231890571747586,0.019024911555632802,0.015829738768751156,0.00259974285713227,0.019113038363129428,0.006870648362220193,-0.2794775118476349,-0.2546992209553942,4,9
2022-09-12,XLE,0,0.018362311528995034,0.01819576004385537,0.01623654879119959,0.01998014092290209,0.028984003810281322,0.02197593894580363,0.02311077791464706,0.0036684159481029507,0.07893212819425632,-0.20064068576822525,0,9
2022-09-13,XLE,1,-0.025219314017567163,-0.025542770740428544,0.020765262934822,0.020491138002705134,0.0010509173564872132,0.0012889390124841693,0.03131186489778028,-0.00977723868427697,0.4652135781346598,0.15133765378377095,1,9
2022-09-14,XLE,0,0.02824654811609939,0.027854971075447654,0.02178250794715005,0.020097182386998907,0.019202249466653942,0.028246492333116713,0.02587910206298785,0.018697306425138456,-0.11058450266575082,0.030337476720680323,2,9
2022-09-15,XLE,0,-0.025768867900139103,-0.02610670154068062,0.027257421562097355,0.02169595490909029,-0.010762511497832694,0.0021881457085208833,0.017200834446759836,-0.008167257179240644,0.027621993152422863,0.06367056025494722,3,9
2022-09-16,XLE,1,-0.02133490659635362,-0.02156578547471444,0.026258447420518298,0.021309978085743395,-0.026678183834745073,-0.019095316587910638,0.0332915642292359,-0.018272829243936566,0.25976266139883775,0.3056800483373645,4,9
2022-09-19,XLE,0,0.0005926531593394291,0.0005924776098122919,0.023319925065342688,0.02033935570575751,-0.01733796951000177,-0.016702121135135584,0.03193749922275416,0.028889482263780707,-0.46556994244612493,-0.27593650930495617,0,9
2022-09-20,XLE,0,-0.006955319293431628,-0.006979620272937304,0.021439446012884153,0.02025694970150257,-0.019089775949895138,-0.021973621501499174,0.017639437578044204,0.0,0.12421795682749592,-0.18084229573925514,1,9
2022-09-21,XLE,0,-0.014656089683007911,-0.014764551217921973,0.01066074146227545,0.020448664868027447,-0.019968410874959708,-0.03448822842669497,0.03462763991124067,-0.03284534348591539,0.6242659505054422,0.30982057544882835,2,9
2022-09-22,XLE,0,-0.0035543891970261088,-0.00356072104666616,0.008801004921913899,0.020339594157043804,-0.01433343603997772,-0.03535544929305845,0.02533935517954032,-0.021331629714652748,-0.15948871856524482,0.09245001040464618,3,9
2022-09-23,XLE,0,-0.06895612894399294,-0.07144888030616281,0.02864247306499202,0.02687311198723047,-0.06497909767657384,-0.09116003999227185,0.04068167946079183,-0.03133588114838113,0.8264805707556973,0.7714879977857156,4,9
2022-09-26,XLE,1,-0.0245458607283896,-0.024852132559604723,0.026536999346320846,0.024849294308090897,-0.06589657873686472,-0.09900965768649006,0.03226719699163958,-0.018418059661123736,-0.31586452222125305,0.15301391134334863,0,9
2022-09-27,XLE,1,0.011199914361825325,0.011137659720802162,0.030371717999346487,0.02602405487346074,-0.03556956347971352,-0.07727703838126487,0.024020592601254737,-0.00600522996394964,-0.06220100998342559,0.07013760204238162,1,9
2022-09-28,XLE,0,0.04430377127764351,0.043350415794023434,0.0421693539451451,0.02913230148243394,0.016664371762456387,-0.025031647470291962,0.04557101812323417,0.033893437938538065,-0.06684675312392863,-0.015047341914939283,2,9
2022-09-29,XLE,0,0.0,0.0,0.04229933512212843,0.028815547825422314,0.025568556777068707,-0.01619883045154935,0.02705698565976584,0.007353944519787994,-0.23096047989155566,-0.23378013057119928,3,9
2022-09-30,XLE,1,-0.007989143253366637,-0.008021227456111113,0.025734586904279346,0.02845623983889343,0.012967857159422058,-0.016630827159992312,0.02360451301695321,0.0,-0.1069456170335441,-0.28523634167790657,4,9
2022-10-03,XLE,1,0.05651234469639932,0.05497324252667557,0.028202017201462475,0.034892782218130906,0.04856278867943331,0.041145127201058784,0.02680605794985767,0.019836425618976933,0.6036790917098231,0.08895640203766964,0,10
2022-10-04,XLE,1,0.04297556086275489,0.042077744164778164,0.02906341716127763,0.03749514925108978,0.06474917124729296,0.0825412572979074,0.031044747486491314,0.02228524305219428,-0.04629435260084025,0.000884836106141762,1,10
2022-10-05,XLE,1,0.020664981042681774,0.020454357072891227,0.027455740390590278,0.037254623363523726,0.06279673018176402,0.09738242796087748,0.03756454883091288,0.021051281109281048,-0.07624210773878803,-0.06493833106410696,2,10
2022-10-06,XLE,0,0.017778141541308745,0.017621958759338696,0.02485203921658825,0.03718993460830022,0.054462857277678633,0.10678538729628606,0.02999755753004371,0.02613898679660759,-0.14040957280133692,-0.1899529322454413,3,10
2022-10-07,XLE,0,-0.007763273643755286,-0.00779356472640913,0.02477492304778855,0.026359538063821547,0.020739290578639435,0.08175315816893636,0.02820483977532768,-0.009805078714552776,0.08059965597244734,-0.054013669709735534,4,10
2022-10-10,XLE,0,-0.02053789135552897,-0.020751726731231823,0.025038878945659815,0.025708566047201314,-0.010179828457789641,0.04384092011910279,0.03604480011535139,-0.024354602205407784,-0.18595670064692504,-0.19538525179768662,0,10
2022-10-11,XLE,1,-0.007988071752128123,-0.008020147326138094,0.017944766664948184,0.026776821601200557,-0.018377620357270863,0.02223771459004964,0.032561656946839074,0.010938699825839813,0.16210534494815643,-0.04194419019121898,1,10
2022-10-12,XLE,1,0.008052394860046608,0.008020147326138094,0.01504085425066467,0.024548831784381508,-0.008317652771585138,0.02059803318918707,0.02836876760058148,0.014691029325727129,-0.23661365991731398,-0.238772832703521,2,10
2022-10-13,XLE,0,0.040813583505559414,0.04000269915478327,0.023689857877042194,0.026018776475288077,0.029734861222022957,0.04784991669972505,0.05893507083217908,0.054635129777381275,0.7063431819066526,0.24901472963611337,3,10
2022-10-14,XLE,1,-0.03729452283326784,-0.03800775283377078,0.029789235896263234,0.030128018611374888,-0.004933195123002054,-0.0015918815482833804,0.04304067989668498,-0.026673187295060623,-0.23726024740927476,-0.06420089908758253,4,10
2022-10-17,XLE,1,0.012456333516144946,0.012379391677082907,0.02867484142807815,0.025678015441106705,0.004572936906563685,0.004361890169809701,0.01925434973260161,-0.0031886452454154626,-0.2898647713974869,-0.29662052569600283,0,10
2022-10-18,XLE,1,0.008735043630843542,0.008697113856015015,0.028010050364877904,0.02241031769103101,0.007099507554401363,0.009853206723991814,0.028553952715440797,0.0004881136914819832,0.32608375188215355,-0.038866385946971116,1,10
2022-10-19,XLE,1,0.02951587529353117,0.02908866775878227,0.029879673489707635,0.023320243553221792,0.026011856645283604,0.03531156800270141,0.030645800432749854,0.02651100834464413,0.24122296817122502,0.19013367391027125,2,10
2022-10-20,XLE,1,0.0009477743377381831,0.0009473254832266242,0.02476480880749469,0.022848142805221548,0.024245336003951845,0.0336937388354539,0.021751891919336717,-0.006584422902930244,-0.1919792219755756,-0.03440204083660847,3,10
2022-10-21,XLE,1,0.028879440899472142,0.02847028856861078,0.012653145975169392,0.02389889059023826,0.03710354830604046,0.056912723499986884,0.02777778526109798,0.02318739691539337,0.0004908597170432127,-0.02202761471273018,4,10
2022-10-24,XLE,1,0.004716286361622357,0.0047051995285536385,0.013645934281135958,0.02199985314890089,0.02714278950707749,0.05265698018076792,0.017725521809592682,0.005294648929728866,-0.10992237143015404,-0.12726674578268804,0,10
2022-10-25,XLE,1,0.001030525723469733,0.0010299950963550408,0.014849861388313446,0.021408277640639784,0.015211411893426341,0.04374099485369243,0.014942563813308189,0.004942532243399784,-0.1624377667140825,-0.24537898861608354,1,10
2022-10-26,XLE,1,0.01361081966459543,0.013519024459331064,0.011828464613910942,0.021430433940663275,0.019065779754545487,0.04731969231163613,0.018459465669420673,0.009799459770028008,0.20511309959770307,-0.0983791751061881,2,10
2022-10-27,XLE,1,0.0036109961732975204,0.0036044921791784645,0.011379550783749408,0.01859417912887741,0.012384480287832789,0.04425224702667996,0.019701740256131625,-0.010017741909733322,0.1014731464558607,0.03441872315011607,3,10
2022-10-28,XLE,1,0.00348551789954743,0.0034794575602314914,0.004842094443662195,0.010680512096947268,0.010575708516637361,0.036970877928579116,0.03314789407073849,-0.007230272690171142,-0.013858124155358142,0.02894942361477315,4,10
2022-10-31,XLE,1,0.008403193971915357,0.008368083692652295,0.005010528218712603,0.01068331323012707,0.01296585922997906,0.035196630313887534,0.032929767700181814,0.01844514204771838,0.20663314952967893,0.18819644903320598,0,10
2022-11-01,XLE,0,0.009666720004900542,0.009620296204556844,0.004294377046150055,0.010672268376307718,0.014899000851331445,0.03463585703197114,0.013441190342258916,-0.006993764339505464,-0.2689815997096813,-0.11933758240245795,1,11
2022-11-02,XLE,1,-0.02410042642901633,-0.024395593794563464,0.013873090455480788,0.013170013007553353,-0.009693206718972891,0.004815498929283235,0.02848312849305058,-0.020975949298639832,0.2985097952692206,0.1576741771073964,2,11
2022-11-03,XLE,1,0.018493738873369026,0.01832480926609259,0.01618783819805882,0.013723610134986694,0.005522078581821299,0.016682203999313305,0.033356052436636814,0.024733382349351483,-0.05070514272768467,0.09201358277712335,3,11
2022-11-04,XLE,1,0.012178783410932148,0.012105218711661703,0.01668670962036033,0.01158493758630414,0.012874246762571095,0.023889282224321073,0.031192431455679855,-0.009855990946198599,0.12969661262175025,0.2089260517293119,4,11
2022-11-07,XLE,1,0.017173315207609896,0.01702752064681956,0.017580286028119386,0.012191788649804053,0.023487596889479878,0.03492396297268363,0.019976005008866954,0.015063827575851304,-0.36004264687921894,-0.21662218648543263,0,11
2022-11-08,XLE,0,0.0009680042369808461,0.0009675360230105845,0.017641434927558392,0.012194838344740081,0.01951852792806852,0.029452456834160756,0.01659304984417325,0.002909215381570026,0.12748288863557833,-0.12739415423183476,1,11
2022-11-09,XLE,1,-0.04888260824598556,-0.05011778372468356,0.028176716334028462,0.020938239070842173,-0.02999949943281599,-0.020772405156264884,0.0411674884759333,-0.03583098373406766,0.441674710535104,0.2152857448609502,2,11
2022-11-10,XLE,1,0.022252258220907706,0.022008289329294328,0.028836314268919836,0.022084043489979163,-0.008805737789767565,-0.000706668413306355,0.0232403548023053,0.0015493513579325862,-0.0720283048803706,0.10963509355067602,3,11
2022-11-11,XLE,0,0.029060459389333104,0.02864621060627881,0.03138632558756597,0.023701495054481228,0.016192507914338128,0.02394643646582595,0.017347917335848284,0.009758146630455652,-0.12661699282932282,-0.03407894055122773,4,11
2022-11-14,XLE,1,-0.00032190643855289913,-0.0003219582615523464,0.03053002919518742,0.02370331290927638,0.01562157039684653,0.020139782987586452,0.020030159359531806,0.002584512838596487,-0.09469760740447819,-0.10303293617004772,0,11
2022-11-15,XLE,0,0.010526344917917818,0.010471328692317705,0.030855161181004828,0.023729107056147152,0.024078046018308985,0.027264879832663125,0.015837382613862493,0.006741625504401373,0.11454161729217294,-0.015627065013204655,1,11
2022-11-16,XLE,1,-0.020408211699186718,-0.020619336645656627,0.01955177037965557,0.023272197673396087,-0.004687121980675002,0.0024909417180318805,0.022844243910537736,-0.011582949661132628,-0.08274772904532601,-0.08089390305733635,2,11
2022-11-17,XLE,0,0.002170089790971108,0.0021677385471128297,0.017945732041396906,0.02271657865860003,-0.006518524709564488,0.0024419924157950135,0.023801693246384297,0.017741053557592975,-0.0934361595018317,-0.14894487337169915,3,11
2022-11-18,XLE,0,-0.007903875955441841,-0.00793527715322595,0.011659567432363278,0.022650676733286874,-0.011179996946269588,-0.00570779162950108,0.02614445755426612,0.010810763497442323,0.10514281447883556,-0.03409862568757427,4,11
2022-11-21,XLE,1,-0.01353258677335234,-0.013624986780064408,0.012325649231822177,0.022210755013089424,-0.018822419709091598,-0.01638807775520057,0.037260111118165906,0.008366800592444108,0.7977714066148436,0.5864324124527538,0,11
2022-11-22,XLE,0,0.03130898062666043,0.030828850366220628,0.02020558187819664,0.02468766376588869,0.013790008383957053,0.014253278685951276,0.02545893702489782,0.018575225524393765,-0.3687289791623607,-0.016913009923225752,1,11
2022-11-23,XLE,0,-0.010834572134720832,-0.010893693535922733,0.018355243125884182,0.018366500160626603,0.0026969326845012187,-0.0007366952989082964,0.01758986815059073,0.007429261599963991,-0.23360803646172446,-0.215238889119591,2,11
2022-11-25,XLE,0,-0.0036874959197268353,-0.0036943114928971177,0.01838828665174306,0.017341795723499108,6.521243436585777e-05,-0.005897351713259891,0.01311367864413574,-0.004335037509881956,-0.631467034327409,-0.6847871265688913,4,11
2022-11-28,XLE,1,-0.027429967571642067,-0.027813193302528738,0.021965197142955216,0.01660136605188732,-0.022514472748122905,-0.029194751402415342,0.018968945504825068,-0.003012767955658594,2.837445496818727,0.19184619312268025,0,11
2022-11-29,XLE,1,0.01510909072211053,0.014996085262297232,0.022846971877013195,0.017665455817270238,-0.008418127291844102,-0.011950285138914385,0.013504552470204486,0.003984952678159122,-0.34694760257044,-0.20838839825168187,1,11
2022-11-30,XLE,0,0.0049614644320603585,0.004949196927198418,0.016128620637804004,0.017294378221167913,0.0010323431947814043,-0.0038686396835414527,0.02366152208710155,-0.00610617777978544,0.15195908369340105,-0.0732256252896818,2,11
2022-12-01,XLE,0,-0.003291438839072569,-0.0032968675393174607,0.015721143633502105,0.016194807916332172,0.0007269110440835114,-0.005723902746180731,0.018629470175584126,-0.01024079346367277,-0.11243845567667954,-0.16260114999733077,3,12
2022-12-02,XLE,0,-0.0059437955389537445,-0.005961530200712772,0.01578282046504751,0.01620416463836683,-0.0017906360615544958,-0.009411246213440139,0.01773440980350969,0.000997520911914743,-0.05480438023751988,-0.19798075241052915,4,12
2022-12-05,XLE,0,-0.029675498788271915,-0.0301247260981663,0.016648632028088795,0.018383066039448413,-0.02771609874570391,-0.034571654724202316,0.05131579453705217,-0.03914473480575076,0.40750067990209415,0.11814186460825571,0,12
2022-12-06,XLE,0,-0.026360829794713103,-0.026714505779080966,0.01515623125347342,0.0195117532553807,-0.041908060941638015,-0.05474124949166004,0.039044485817544626,-0.020211324060891468,0.2545977300217568,0.4669115653635525,1,12
2022-12-07,XLE,0,-0.0023441636916723407,-0.0023469155447495282,0.013349238331250216,0.014766705786942726,-0.031031572030709054,-0.04841759471016649,0.02403277079743359,-0.002110202798780227,-0.2469729032099085,0.11688937052049098,2,12
2022-12-08,XLE,0,-0.004464174467714632,-0.0044741686494926824,0.013133075893456306,0.014813693596614226,-0.02174909359527788,-0.04468785927585239,0.03389641065166234,-0.026312776601717023,0.04881151547627316,0.1450323386206147,3,12
2022-12-09,XLE,1,-0.024309737940897302,-0.024610097384264673,0.012968595148532937,0.015516999535104848,-0.028414318695175078,-0.05815344215847218,0.032555936548583714,-0.021190965901023623,-0.06207001450835403,0.0004330554872622461,4,12
2022-12-12,XLE,1,0.026245830992478014,0.025907319405948037,0.02124278297578343,0.018040354447076398,0.0036431926614688415,-0.02845359745355025,0.02669875141267665,0.02044494187667687,-0.12293701583024585,-0.09219909436827212,0,12
2022-12-13,XLE,0,0.018974588847641805,0.018796816586802656,0.020158687720671066,0.018553398317510295,0.019936265930933894,-0.0051892277725952285,0.016184988738484465,-0.0004624383297958815,0.293295215338226,0.13377522749319826,1,12
2022-12-14,XLE,0,-0.00612987820993971,-0.006148743045647276,0.02046985416426867,0.018245893246715647,0.01175064242825652,-0.005313070283715748,0.025272795762386394,-0.012866199969184434,-0.03449211289394294,0.07491001876148107,2,12
2022-12-15,XLE,0,-0.006051559075454849,-0.0060699439681117795,0.020608243841874836,0.01822577257897946,0.004043879468050404,-0.00506729990492627,0.019370762150357112,0.0027002037580365927,-0.23291618889960441,-0.17797779763328825,3,12
2022-12-16,XLE,0,-0.012293338500007023,-0.01236952663398716,0.017234596474547476,0.018333651981576736,-0.01220091290554215,-0.010439640251665105,0.018496455791302015,0.006682548188546913,0.46265709067330585,0.15008848331388003,4,12
2022-12-19,XLE,1,-0.00012011980219728269,-0.00012012701715891083,0.012031779032232402,0.01649807911459096,-0.011161441688315454,-0.006736791356515837,0.020976586040232895,-0.010547516219697274,-0.37671782203346815,-0.261739801388875,0,12
2022-12-20,XLE,1,0.01509171026962397,0.014978963357430874,0.010428746173195709,0.015334231313081587,0.005735809250510426,0.007893783860019488,0.02220896251166045,0.011940298507462687,-0.2237882975084563,-0.3819437569467291,1,12
2022-12-21,XLE,0,0.018997085626496046,0.018818894203618708,0.013486942366695617,0.01635191717948264,0.021674988462406564,0.02447282498013892,0.017807595464251022,-0.0013876357761774987,0.19113769104326228,-0.23941885492320314,2,12
2022-12-22,XLE,1,-0.023043123844364466,-0.02331276695584883,0.017821342332065473,0.018194611016204093,-0.0014676174900796202,0.00027974120708518235,0.04418738958558045,-0.02406008415368081,0.09692819937636155,-0.1389272003805745,3,12
2022-12-23,XLE,1,0.0318834327569677,0.03138570792485185,0.021033784795814758,0.018277140474447243,0.02175907992524917,0.02582003305368219,0.023745453620571254,0.01836471790917638,-0.20689304432084032,-0.2867160677376598,4,12
2022-12-27,XLE,0,0.010682317246232698,0.010625664394063428,0.0204662087893419,0.017014233927185863,0.02188005510225577,0.0319085370419081,0.014181127963719543,0.006289974920023984,0.10527168410394872,-0.19330388923237607,1,12
2022-12-28,XLE,1,-0.02238914178740059,-0.022643583616873908,0.024858472485297073,0.018173602790092242,-0.003937167834436428,0.008283051818556597,0.024126581089295517,-0.021053898323538933,-0.027823580423338545,-0.16925768093524918,2,12
2022-12-29,XLE,1,0.010462952935140768,0.010408595076790927,0.023774233030598058,0.018241865471967364,0.005180961191428857,0.01660910319285125,0.019729100394134898,0.014709251143696603,-0.15460141968716623,-0.2470847956209974,3,12
2022-12-30,XLE,0,0.00632767243337673,0.0063077367675439255,0.01941736598296207,0.018029280972613637,0.004340319697474282,0.019547128358031074,0.013763618482618773,0.01168172735282685,-0.15804843251918943,-0.3329722761028189,4,12
2023-01-03,XLE,0,-0.035097817101324535,-0.03572854765275624,0.021310718693721514,0.02138687626629497,-0.02495377974974755,-0.017267650211311936,0.046134401986942956,-0.02899213870401056,1.3423911604550387,0.5906159805923923,1,1
2023-01-04,XLE,1,-0.00011853679867657174,-0.00011854382471776503,0.019681759200746166,0.02138686476146661,-0.01689191845373894,-0.018412788932127833,0.024654183821334722,0.01491278221304187,-0.13898287204141457,0.3340945855933011,2,1
2023-01-05,XLE,1,0.01824867254774243,0.018084163885080606,0.020702605022002774,0.021635259037334598,0.001258411139116511,-0.00187008800024413,0.02836794527772626,0.019940656441255564,-0.15274848376114758,0.09784925446000026,3,1
2023-01-06,XLE,0,0.01896896810752291,0.01879130049672284,0.022084336888734825,0.02163274787822086,0.01873185466544447,0.015647715447781874,0.02079500849672968,0.00597422607533133,0.1471601444073154,0.22345963131843383,4,1
2023-01-09,XLE,1,-0.003540665425319167,-0.0035469484161758658,0.022004368835447853,0.019981050236499747,0.015644854016916954,0.008682015436030532,0.023064755689834886,-0.018339303597978966,0.035585650482639286,0.23753605418093993,0,1
2023-01-10,XLE,1,0.007106200299317189,0.007081070240555931,0.010309724505555886,0.01745246187606318,0.014665159175358156,0.01489953313981962,0.01776366651570624,0.000569381142468388,-0.3131130008347245,-0.15443140134417555,1,1
2023-01-11,XLE,1,0.003072751317249267,0.0030680400654565787,0.009755043976212375,0.017149812121155378,0.009044122217754191,0.017841726243020606,0.018840232180104666,-0.00564079426266773,0.04126712870660465,-0.11989942624814431,2,1
2023-01-12,XLE,1,0.019060397480820113,0.018881023809745212,0.009956867919886514,0.016027937676037,0.01919924061680045,0.03271040422515781,0.021427783524465432,0.01296945471553724,0.1158860894143392,-0.03055714711947466,3,1
2023-01-13,XLE,1,0.00144742369465245,0.0014463771866815023,0.008521850641898915,0.015905163393856454,0.015168278546160652,0.030614773361226533,0.015264569550835655,0.002228378253394847,-0.13366379779932458,-0.1708478266309652,4,1
2023-01-17,XLE,0,0.0021123860436995656,0.0021101580932767483,0.00732527954349854,0.015879131618962403,0.010719476494831959,0.029641963603063815,0.01452978188529981,-0.00022187524011098162,0.06679996478917527,-0.14070757691246072,1,1
2023-01-18,XLE,1,-0.01830499684102327,-0.01847460628441544,0.013261356234199015,0.011734799518495676,-0.00915936784964222,0.006094028552475983,0.03500439768557054,-0.02285777109793865,0.12206334798957963,0.0022706608818250373,2,1
2023-01-19,XLE,1,0.012430622267863844,0.012353996433946968,0.01417184408775771,0.011820433870859192,-8.944179120073947e-05,0.012613670424962198,0.024550988296190117,0.01829953307031955,-0.09931398915829726,-0.06931214346582426,3,1
2023-01-20,XLE,1,0.00993435383388852,0.009885332536752056,0.012075073899198752,0.011140720739905505,0.008358443226355483,0.017440892420203635,0.021385589162962442,0.00779688780523952,-0.16719640284832826,-0.20293418457878587,4,1
2023-01-23,XLE,0,0.0013262939609659519,0.001325415210033043,0.012075387340846495,0.010068376746949714,0.008235092336963845,0.01531949964150292,0.014044314108721133,-0.005924960710375826,0.026085434173669375,-0.1461167470092961,0,1
2023-01-24,XLE,1,-0.0038629990551484195,-0.0038704797073814134,0.012293315357815075,0.01009377909458438,0.004094437613446633,0.008008383023898169,0.02214839349289554,-0.0005537436330888266,0.04948643576181544,-0.0621950743530697,1,1
2023-01-25,XLE,1,0.0001107590555418092,0.00011075292221018884,0.006899145907846855,0.010053192226183992,0.0002660702483103794,0.005436104330474034,0.02093313588596803,0.005010628993093193,-0.12661273540734574,-0.16892680013984673,2,1
2023-01-26,XLE,0,0.031575548238984785,0.031087291990148813,0.014202901057280087,0.013581660137492336,0.02386200090256696,0.03147279745023002,0.027802039008065597,0.015154812158186993,0.3649055142733757,0.12129210235770138,3,1
2023-01-27,XLE,0,-0.020191319917915784,-0.020397950782320873,0.018743989485093017,0.014865161965632968,0.001536887397103337,0.00906981852108335,0.0214879370549005,-0.014901168818950622,-0.049695878678777006,0.07171420134360318,4,1
2023-01-30,XLE,1,-0.0229091110679418,-0.023175602676625662,0.021781809784368486,0.016776049370326816,-0.018260358658281017,-0.013162958211026643,0.01854919190500768,-0.015788895991985977,-0.2099824918917368,-0.1420224766732977,0,1
2023-01-31,XLE,0,0.008862165567390612,0.008823127052440594,0.02239854774646305,0.017038984471470935,-0.008861330588869842,-0.004185905284257219,0.024088242659412614,0.012269293248724111,0.011742052679382331,-0.11516498711901979,1,1
2023-02-01,XLE,0,-0.01968168025851813,-0.019877943996099656,0.02395612715732816,0.01720712318478575,-0.02385008383206877,-0.02342835869876736,0.03228688772959674,-0.01508209632334108,0.686543474982225,0.4513088824039089,2,2
2023-02-02,XLE,0,-0.02279950777876727,-0.02306343589295512,0.01361126310760237,0.017916468191953628,-0.03117336474071375,-0.0420433659891013,0.031769539116632176,-0.019016148653479625,0.060378306562878015,0.46855707919822787,3,2
2023-02-03,XLE,0,-0.0022054627357407375,-0.002207898350444104,0.014365657319219538,0.017285369697991534,-0.02171436599969978,-0.039327695674688745,0.023581098892066603,-0.006357681634219619,-0.0873079934943678,0.276735587191411,4,2
2023-02-06,XLE,1,-0.004536961821666963,-0.004547285068905449,0.013089718088245066,0.017146668484030205,-0.018174664549490238,-0.03827999015682304,0.02522089464492591,-0.005462589675755169,-0.30228710719219976,-0.11519307653034183,0,2
2023-02-07,XLE,0,0.03248815715979636,0.031971575724117685,0.02197782657088486,0.020973518666586574,0.017411844385329722,-0.004910560774958217,0.0327488058859126,0.026013213887961045,0.2932295739474813,0.11241964155427375,1,2
2023-02-08,XLE,0,-0.0089417923395676,-0.008982010090041737,0.020454292234883164,0.021070845631963545,0.00970965619667763,-0.010800266584950702,0.018917147954599745,-0.008155881634107784,-0.3424879309504072,-0.26878088752156326,2,2
2023-02-09,XLE,1,-0.008565531044965713,-0.008602426040568822,0.01746910228895359,0.017267593011418697,-0.0004605368033264723,-0.012243059481832685,0.01256136208695349,-0.00867879569349123,0.19220386246996357,-0.1174387540311822,3,2
2023-02-10,XLE,0,0.03916591663748803,0.03841838814344811,0.023828193132198316,0.021782889556886332,0.028620242052214806,0.027636015813820247,0.025155821197769122,0.022209621353797806,0.24425201552702291,0.08278472118087721,4,2
2023-02-13,XLE,1,-0.0025495303608285003,-0.0025527859480152237,0.023541552814459812,0.020406484152733023,0.01578199656430246,0.0240361271296905,0.016824536336829735,0.00256271149786734,-0.38142948564114876,-0.3251427997922912,0,2
2023-02-14,XLE,0,0.0003332742294284152,0.0003332187059088554,0.020114070203492155,0.02022453403157598,0.01232643123085686,0.02428413315428224,0.018483270840439332,0.008289520790763227,0.09205166337978077,-0.26135792102374356,1,2
2023-02-15,XLE,0,-0.016998027745657063,-0.01714415247447798,0.021661906712573075,0.019946253715488915,-0.006936178642933499,0.006506804475785888,0.020674201879608497,-0.005842658910858497,0.1819588048522347,-0.08955742929301569,2,2
2023-02-16,XLE,0,-0.009832933790842602,-0.009881596344189614,0.021827288672881768,0.018639127934178292,-0.01846348003227305,-0.005042547228293115,0.014090971513227983,-0.0044318112460049715,-0.20743528409873635,-0.22426462927165902,3,2
2023-02-17,XLE,0,-0.03561232014860505,-0.036261907693059925,0.014355285535195349,0.022113786395554082,-0.04112860824330555,-0.03887074388169243,0.02539124419723732,-0.02040582186933877,0.7650330644460421,0.37245554303660144,4,2
2023-02-21,XLE,0,-0.0049710296576667146,-0.004983426325461782,0.01395265189912865,0.022120823995390827,-0.032922337411234404,-0.04201387345880325,0.01343315759061697,-0.000594425227355859,-0.2474865936741838,0.026772817360341206,1,2
2023-02-22,XLE,1,-0.006661084925142391,-0.006683368963707359,0.012505051002811221,0.018614107937458064,-0.024780467139008278,-0.043117650735793545,0.021946522164374874,-0.003935999714625688,0.19771820144783558,0.23258346560951826,2,2
2023-02-23,XLE,0,0.015088095828686532,0.014975402647264602,0.018090300944206487,0.019638063442755406,-0.0014135102413307399,-0.02556497227859378,0.018402798746788424,0.0,-0.13029421113274264,0.04618790841278053,3,2
2023-02-24,XLE,1,-0.0012976119868424174,-0.0012984546142913445,0.01832225150727786,0.019545955267852206,0.0042705319301554745,-0.02441831494687241,0.02083330859321797,0.013649509876238829,0.07062135600769781,0.10246443881241207,4,2
2023-02-27,XLE,0,0.0029531142287837486,0.0029487623525796813,0.008687793905825459,0.013387421477612587,0.0062335588397315345,-0.0155246685925291,0.01261345834879508,0.0009430841604131655,-0.18189285485694784,-0.07263554774129422,0,2
2023-02-28,XLE,1,-0.014368420467801513,-0.014472645794713745,0.01101366282233889,0.013573797829629563,-0.007330382508306088,-0.022541554077001535,0.025416816958124613,-0.024250836925132392,0.23898501779869874,0.10469868102100244,1,2
2023-03-01,XLE,1,0.019715566163494902,0.01952373170596422,0.013561067252516577,0.01593705685692995,0.00786531086054243,0.0021959188173941158,0.027698180941434107,0.018863349586481545,-0.024037297803597202,0.04748205014381912,2,3
2023-03-02,XLE,1,0.008788453217891012,0.00875005954625685,0.012578999078082324,0.015901844702380166,0.013562781915821276,0.01384927169512773,0.017490379744840242,0.010564548311914787,-0.11579770313258209,-0.07605517312873467,3,3
2023-03-03,XLE,1,0.013590728802708618,0.01349920318215947,0.013015136642334021,0.016437436729431584,0.02108659386688272,0.028051930999090313,0.03162476509070244,0.02586415049120171,0.5450415566518083,0.33234686156320015,4,3
2023-03-06,XLE,0,0.000458217017579976,0.00045811206822099493,0.013213971069502414,0.010819651837843716,0.015872328206881114,0.025129204125305504,0.011638651191954444,0.005992213410643594,-0.3310652942662289,-0.08274466573259154,0,3
2023-03-07,XLE,0,-0.017411379413552197,-0.017564740236236442,0.014383971958646833,0.012469497928775915,-0.006647159130472091,0.0052617435593043105,0.016593713547617517,-0.011523392648843528,0.09150874377551732,-0.007875772373768353,1,3
2023-03-08,XLE,0,-0.010258669526030051,-0.010311652343206745,0.012902328420677634,0.012797471136769064,-0.01583474553408315,-0.006668998640386947,0.02822009355567211,-0.005854800832157879,0.06482632620187889,0.05891421448341139,2,3
2023-03-09,XLE,0,-0.014134337528705077,-0.014235178619807609,0.012639431415350474,0.012743520826694586,-0.024339137171981218,-0.019481554929345002,0.03407888574206517,-0.01979157341007223,-0.038346150917536015,0.010528236124380141,3,3
2023-03-10,XLE,0,-0.012783724509629835,-0.012866139449116964,0.006815431425158956,0.013260793905303513,-0.026301518927041245,-0.029708796956766426,0.03261643759948066,-0.01278374831346622,0.4945233608352997,0.4369493577923913,4,3
2023-03-13,XLE,1,-0.02033160617497687,-0.020541138226735534,0.0039490805651719455,0.014235581231020963,-0.031605883469914775,-0.04499551885523356,0.040859426883876386,0.00534029213987565,0.4715636964722172,0.8653355217620613,0,3
2023-03-14,XLE,0,0.009882582317489064,0.009834068963817444,0.011465606582009246,0.014464299841253223,-0.012514247617963492,-0.03334521980615701,0.040276773386440604,0.010007382433428021,-0.26714750321024394,0.29991570378822074,1,3
2023-03-15,XLE,1,-0.05370028406137062,-0.05519593564909009,0.022909114380075975,0.01974513469110184,-0.04820494135656861,-0.07654113410867325,0.039492071242559525,-0.01765078590029762,0.8888783357132564,1.1047762419597644,2,3
2023-03-16,XLE,0,0.010858494017802034,0.010799963889807973,0.02647131339121612,0.019968803341356537,-0.024669989490601396,-0.05763821719967699,0.04017976167571586,0.033571149394549187,-0.2302322557153632,0.46999884771416944,3,3
2023-03-17,XLE,1,-0.015729030287516488,-0.015854044114750554,0.026492082114027423,0.018303894979452992,-0.026263195945357642,-0.06081460866732569,0.026495243575411977,-0.010032138640474277,-0.2414540310664216,0.08510291396780234,4,3
2023-03-20,XLE,1,0.02001968352635508,0.019821924684841896,0.029929524523753873,0.020708033081405564,-0.0006017009276970686,-0.03162717782849567,0.027595249884731977,0.021024947519088275,-0.22364427868083314,-0.18181596273163636,0,3
2023-03-21,XLE,0,0.034620528048717736,0.03403471992215712,0.034804125287891716,0.024859774893075854,0.035371293893230016,0.00755410403868817,0.019924360280584683,0.01374522441290705,0.14197304202812067,-0.09772141126353817,1,3
2023-03-22,XLE,0,-0.021271412601488793,-0.021500909414768454,0.023741950086412195,0.02535004912049677,0.007846293524022219,-0.007229739849965888,0.027225195742714516,-0.021879687752526883,-0.17589311432801225,-0.2672876656849402,2,3
2023-03-23,XLE,1,-0.013853633085179506,-0.013950490249515557,0.024941432716551085,0.025340510763457252,-0.006619159990292167,-0.014460262867768914,0.03741634042510512,-0.019213806860495012,0.005624941576202858,-0.2756746154881997,3,3
2023-03-24,XLE,1,0.003866321403511286,0.0038588663923810884,0.02318067344895245,0.02540887148456022,-0.00713846652450234,-0.0057415385465182656,0.03129526347543636,0.024194559685137257,-0.1654643112625338,-0.38165279485510206,4,3
2023-03-27,XLE,1,0.021312415374315385,0.02108848197012625,0.02340075414566642,0.02594445365913497,0.009261714372364338,0.016179943123748597,0.024393319670665273,0.010672137937438576,-0.026010944839943817,-0.3561863970011556,0,3
2023-03-28,XLE,1,0.015461864716852736,0.015343548124746142,0.01834767439862726,0.026248344231526263,0.023853606153775075,0.03205759183900092,0.02604295320268196,0.021238942320908158,-0.18961410905981035,-0.4533530190285364,1,3
2023-03-29,XLE,1,0.013864840403857048,0.013769602797304437,0.013801084992932006,0.01835263054670554,0.02964475914955167,0.039277747830940735,0.011522368116126901,0.0039225262030137134,0.11067957590929178,-0.2999369636593563,2,3
2023-03-30,XLE,1,0.004395714106846693,0.004386081174353684,0.007515377851185058,0.01831207988739218,0.022168218884571544,0.03743793910177162,0.011140689616688067,-0.0038750264922358117,-0.2415107472531115,-0.3975680535214259,3,3
2023-03-31,XLE,1,0.006929182300652537,0.006905285842079056,0.006799818026234038,0.016610524595578317,0.016768143140584835,0.03593186282590288,0.009700534011353708,0.004365231053994317,0.1760254617491115,-0.23249790743470267,4,3
2023-04-03,XLE,0,0.045273394817050505,0.044278473034248034,0.016368401026715045,0.02010319255423959,0.04476887879491254,0.07093820038784715,0.014712658104220958,0.003012072951224287,0.9338279464678305,0.4492127420413292,0,4
2023-04-04,XLE,1,-0.01813347433357415,-0.018299900775708533,0.022860414653048437,0.020155227790524154,0.01545702031125451,0.04554347320246177,0.031091628997042074,-0.02107317225739772,-0.2095874925142749,0.17366248412347063,1,4
2023-04-05,XLE,0,0.015057075578682078,0.014944843010009645,0.02291089244119034,0.017882578931176178,0.02004871433111388,0.05144519916218204,0.020887101077211048,0.012555734328765484,-0.17848996211737533,-0.015561298679734215,2,4
2023-04-06,XLE,1,-0.015181461589665046,-0.015297879745678422,0.02575490379831293,0.018078428771270093,-0.0018558678347972979,0.026241695612097438,0.016713119547365114,-0.013695453284836739,-0.17689792415701244,-0.15673255275190068,3,4
2023-04-10,XLE,1,0.008002093846741554,0.007970246875929732,0.02576083324525237,0.017987782904845127,-0.000513268136409839,0.024837418508469877,0.01570921793610664,0.004220405597560454,-0.19178156064065,-0.29287205002938377,0,4
2023-04-11,XLE,1,0.009455830399796916,0.009411403875729807,0.015324273615057754,0.01752190073001086,0.009196762591905827,0.026033484603600998,0.015788258880751693,0.003830994118794297,-0.05196981154456359,-0.3028530057635819,1,4
2023-04-12,XLE,1,0.0006938347258831357,0.0006935941338506169,0.011684634214547443,0.017493432451438053,0.00632654291515955,0.019787556953143604,0.011255350411949628,-0.006201917048581815,0.3033876567925178,-0.09317048647307569,2,4
2023-04-13,XLE,1,0.006240766181063062,0.0062213732425076,0.010079469743474402,0.017328088202805535,0.010772985114306799,0.019937288195068126,0.012731463596000255,0.0077546082999157325,-0.05849212825189598,-0.13486898687001891,3,4
2023-04-14,XLE,0,0.0018374114082786441,0.0018357254328416062,0.0038291307731579557,0.01737770292940604,0.007367776196645526,0.01589694765919769,0.011698550458831197,0.00045877869488792955,-0.2493069849544044,-0.34349331043195874,4,4
2023-04-17,XLE,1,-0.011807956237597561,-0.011878223845155134,0.008114835494619768,0.018256406553508353,-0.005767148166635705,-2.3372132211374463e-05,0.016103076680063885,-0.008511680151640135,0.008565292315005912,-0.3217438165711213,0,4
2023-04-18,XLE,0,0.003944468858077199,0.003936709837574881,0.007028979858528976,0.011241053542130577,-0.0020065754051906692,0.003967591351460964,0.01383723769077035,0.006279080413108648,0.03078865415369081,-0.21590621708746693,1,4
2023-04-19,XLE,0,-0.003466659201242339,-0.003472681987577886,0.0071974400630478936,0.009419933475528422,-0.004800618086301056,-0.0009384203946979364,0.011893617276806188,0.0055969649671485005,0.3981693176993173,0.1520458904906814,2,4
2023-04-20,XLE,0,-0.008812435480609504,-0.008851494630297108,0.006727251228293937,0.008583710620451023,-0.009937532475795319,-0.008812503159822072,0.012464693640427824,0.0051740644010965725,-0.11242123213670419,0.05870191098686828,3,4
2023-04-21,XLE,1,-0.005849477730474728,-0.005866652935404115,0.0059950472365437315,0.0072657876050936255,-0.01057191499474519,-0.014610432349313585,0.014337374330427036,-0.009441631308423806,0.1105861916950146,0.174229670051397,4,4
2023-04-24,XLE,0,0.01529759361059968,0.015181765195765973,0.009659456087988018,0.008429039568195145,0.0043768489723097215,-0.0002550507773873001,0.0236099636597281,0.018533817870292006,-0.25196696447614764,-0.11633395366350574,0,4
2023-04-25,XLE,0,-0.01877596458914854,-0.01895447096340508,0.012420490638713843,0.009805866801894431,-0.010148729959476133,-0.016964513969129347,0.0167368051839877,-0.009129198935027992,0.21437679690160705,0.05432388591028148,1,4
2023-04-26,XLE,1,-0.013347554402395656,-0.013437433681683597,0.013021991380282762,0.010356039810916318,-0.017132281406676553,-0.02669514892082392,0.021651198521099098,-0.006305005884962595,0.30669292879224663,0.3464951809115575,2,4
2023-04-27,XLE,1,0.003591781833973018,0.0035853467898481206,0.013592192531954872,0.010110912840395673,-0.009756937013825517,-0.01949756319201912,0.016171519164283395,0.004192602540091105,-0.1486249064137759,0.13595149664987782,3,4
2023-04-28,XLE,0,0.015507446506504596,0.015388434858787381,0.015945678393209997,0.011741257155380708,0.005242955421220552,-0.0018407796746012783,0.028133586836631762,0.01915477669703567,0.12059352887033703,0.213661060276368,4,4
2023-05-01,XLE,0,-0.011276888219179493,-0.011340954423446625,0.014081322715604265,0.011694944325609226,-0.001115538399071414,-0.010742297946096269,0.016178927549974985,0.0013085964019316908,-0.2722359699282736,-0.12797935841065777,0,5
2023-05-02,XLE,0,-0.04348334493173034,-0.04445707774085905,0.022187500543978226,0.01719592951623868,-0.03504560816843272,-0.04700455493731648,0.04268882750633306,-0.031866298811700756,1.431509557391073,0.8676994673655078,1,5
2023-05-03,XLE,0,-0.018879879364036456,-0.01906037978135089,0.022543621735142093,0.01752551426680517,-0.04284727127091292,-0.056903512050937355,0.018243640115677282,-0.0061651418277313885,-0.1224042100283822,0.5327751400001548,2,5
2023-05-04,XLE,1,-0.01114056349787862,-0.011203084354118431,0.021090615958973238,0.01754406134038047,-0.04020549437229881,-0.0591310693120346,0.024677259315136778,-0.01151602216367205,-0.1095985015395603,0.28996661182500705,3,5
2023-05-05,XLE,0,0.027141255688689414,0.026779463541631632,0.02535112768452763,0.020941003844966655,-0.0021392432404019335,-0.028033522718830195,0.013330007967760935,-0.0004982345559406107,-0.26082745313179845,-0.05870273687212957,4,5
2023-05-08,XLE,1,0.0,0.0,0.025875249612442783,0.019776302031481792,0.007737345097510007,-0.020856983982652788,0.018796053447375595,-0.01437344160949854,-0.162811529070928,-0.22586908038969944,0,5
2023-05-09,XLE,0,0.00037421390440051105,0.00037414390384027385,0.017436275534359398,0.019440775848034407,0.00874794235781029,-0.015202393308504814,0.019974828748364256,0.008291503451773935,0.266246430951522,-0.04409144701253764,1,5
2023-05-10,XLE,0,-0.011338454096811668,-0.011403224429853864,0.015687473689335745,0.019356861388460295,-0.003591404274691068,-0.021349083049729933,0.025663273008213566,-0.016241075235701553,-0.1296244435216749,-0.16021351988215227,2,5
2023-05-11,XLE,1,-0.011972161570432127,-0.012044405083075027,0.015852009581371437,0.01921892594892856,-0.01623708419994252,-0.026546417181357307,0.012910577316834804,0.0021730558820210687,0.05869854654388096,-0.11923576426803817,3,5
2023-05-12,XLE,1,0.0015305072455527036,0.0015293372130149585,0.0067589425658143324,0.017903254692250577,-0.010485007528818091,-0.016988659781165816,0.017388028057657268,-0.003426885002202444,-0.006680954302272557,-0.12448289733598317,4,5
2023-05-15,XLE,0,0.005094144556757163,0.005081213299578113,0.007859887942253502,0.01830461530942148,-0.002149607545747556,-0.005444222399004328,0.014972723534199747,0.0013957697469763164,-0.1416023970543241,-0.2565669394943816,0,5
2023-05-16,XLE,1,-0.024581843670785752,-0.024889021639921793,0.011872727210520989,0.014644669700544654,-0.01853794664092101,-0.025557377005713477,0.0258433952950871,-0.019987264593608247,0.3676984814685078,0.07353116388286063,1,5
2023-05-17,XLE,1,0.01922580549278763,0.01904332487628757,0.016752692777855457,0.015390375578684067,0.0026068008799369213,-0.006156175118737117,0.021602165072557734,0.008872347578630984,0.0379544923524866,0.15082255343782602,2,5
2023-05-18,XLE,1,0.00726488720763796,0.0072386250323548396,0.016127661448154952,0.015082824686158578,0.008267239377916624,-0.00010124922686116644,0.020900080754780843,0.013335055058521537,-0.28238594303970077,-0.13152153868077154,3,5
2023-05-19,XLE,0,0.007718733461377525,0.007689096447366595,0.016346716235992598,0.012392265729644159,0.013154367386312371,0.008369414449660217,0.013415241551732335,-0.0015045479359073483,0.08952108631787214,-0.04640242112443749,4,5
2023-05-22,XLE,1,-0.004143784571368658,-0.004152393838184665,0.016563609284649863,0.012436632961345439,0.00795587093638317,0.005362063375757176,0.011721708445953613,-0.0003781041174884501,-0.2540985875721855,-0.2777115038696516,0,5
2023-05-23,XLE,1,0.010717587822011598,0.010660561571701255,0.008387077981466593,0.01298912442672935,0.010590116593964138,0.01626596157256488,0.015111765818463858,0.0011240660375695514,0.5886444276191749,0.14322236158088275,1,5
2023-05-24,XLE,0,0.004366247644297827,0.004356743240729433,0.005680049311055894,0.012408858944967408,0.009783064355721738,0.019204330265834457,0.016091043540431872,-0.0034657603184042166,-0.21796195664870877,-0.09975854933817563,2,5
2023-05-25,XLE,0,-0.01776197802188617,-0.017921615091717413,0.011467427947945112,0.013217183177781634,-0.008277049904580447,0.0002402227290410064,0.014870829588744378,-0.0034026042628653853,0.14270094580303638,0.028477736795094355,3,5
2023-05-26,XLE,0,-0.0039201673847222285,-0.003927871381446568,0.010710728435340855,0.013302380581033196,-0.010004447901456381,-0.003995816337959757,0.017848142439918037,-0.00992962468287571,-0.24744973987608165,-0.20654635503838026,4,5
2023-05-30,XLE,0,-0.010282934207995531,-0.010336168829142789,0.011330598372495412,0.013584967013101181,-0.016848270680380084,-0.013039630332996044,0.012273960709407507,0.007235110433512243,0.4010935947585268,0.08834248749656615,1,5
2023-05-31,XLE,1,-0.0175730619326937,-0.0177293012940809,0.009438894743626374,0.012367392461231745,-0.025349250970409187,-0.02990458968582632,0.013031014175622224,-0.0019546720100929913,0.1107320314592033,0.20792332295937666,2,5
2023-06-01,XLE,1,0.012403700010829688,0.012327404374794515,0.012484642981519873,0.01130461874627037,-0.005744396696719445,-0.0167260366578853,0.02813603955399494,0.010030015710968272,0.15237423433398223,0.37191871323955406,3,6
2023-06-02,XLE,0,0.030436060416468402,0.029982072277781935,0.019272025492229575,0.014988839716054232,0.02236684564107172,0.0120843616481352,0.023167513363031213,0.011520492299275879,0.07080482569987367,0.38747759230264545,4,6
2023-06-05,XLE,1,-0.006633537932169364,-0.006655637631934219,0.019524442109272216,0.014982010860366293,0.014027903322425539,0.005714641308453672,0.022696390092722507,-0.020969494938220912,-0.31571958870308325,-0.05461963299661443,0,6
2023-06-06,XLE,1,0.008063619510692677,0.008031282251475869,0.018408559321549535,0.015125161092253233,0.016878071012350615,0.012925884223869533,0.023493411318370485,0.021578172216437506,-0.08130343518513627,-0.14810476672826323,1,6
2023-06-07,XLE,0,0.026496623865781554,0.02615166849509709,0.014914119741353251,0.016964882464423188,0.029326934359894974,0.03717827416922259,0.023383144864833987,0.021517359386892757,0.7454044223442338,0.42456393512235846,2,6
2023-06-08,XLE,0,-0.004261620282227541,-0.004270726867691366,0.017104277622265115,0.0170817762836573,0.014161949720144174,0.031104531311079375,0.025535001564563984,-0.005593374226913822,-0.23904362764656029,0.05267863414883367,3,6
2023-06-09,XLE,0,-0.005502602920245181,-0.005517798007015351,0.014085114087985566,0.01593125871809475,0.005016972970588229,0.022529999901428344,0.012600915172685759,-0.005015855681794317,-0.16830606302215134,-0.12476504295119728,4,6
2023-06-12,XLE,1,-0.009590315023023654,-0.009636598245643668,0.014673654373049507,0.016298533159306502,-0.007515889968525147,0.010462246968317768,0.016976664586067017,0.0054924783179866096,-0.05210097168312189,-0.18449904973643638,0,6
2023-06-13,XLE,0,0.004717417097433341,0.004706324955890739,0.014462103303870575,0.015684827888192924,-0.005089499604757131,0.011460595478107294,0.02001470044884521,-0.006262305021385537,0.10304229532525344,-0.10007426062249769,1,6
2023-06-14,XLE,1,-0.010255767400949911,-0.010308720141897432,0.005998287208832949,0.014714742708629727,-0.010353594958119272,-0.0032850792052534494,0.03168966391178916,-0.019943776041387105,0.18609043162814798,0.06071550960039174,2,6
2023-06-15,XLE,0,0.010986285049830569,0.010926374219148549,0.009377911404125366,0.014637710182640668,0.0025006901349915456,0.0033701689470480023,0.017073718265963326,0.00922240170569838,-0.017401387237582333,0.05363570427833264,3,6
2023-06-16,XLE,0,-0.0014818497557052002,-0.0014829487809153719,0.009164836011864807,0.01148002806842074,0.0021813320895389676,0.0006930465344345826,0.010826831890118694,-0.005167300384510977,0.01463967334373728,0.08822146966233402,4,6
2023-06-20,XLE,1,-0.02238193332505911,-0.022636210094264975,0.013071451452880647,0.013571853180822723,-0.01659336752550622,-0.021317064396424223,0.02436576707465049,-0.01582519583980495,-0.1034474040175467,-0.034810514196124576,1,6
2023-06-21,XLE,0,0.007912141190287159,0.007881004332818797,0.013650013698013427,0.01356153571879917,-0.0057094536119071115,-0.013165091436682319,0.02216816166886258,0.01204513621705021,-0.18984301560443695,-0.21755337958345833,2,6
2023-06-22,XLE,0,-0.013421207446226657,-0.013512085899265891,0.01413296603279579,0.010258405436029407,-0.015383365850033859,-0.022141921826502986,0.009200117570272854,-0.00434454329164593,-0.028032882942988557,-0.18955212689536405,3,6
2023-06-23,XLE,1,-0.007186833484762345,-0.007212783178029536,0.01151310231358203,0.01029793449804537,-0.01520982486884992,-0.024633375686482828,0.011027483834057704,0.003632573594258356,0.041716158221766,-0.13212810764980987,4,6
2023-06-26,XLE,1,0.01796822603138848,0.01780870549130853,0.016276069231971575,0.01251137253133649,0.00608139329473234,-0.004761424859337393,0.02412906769783266,0.016129032258064516,-0.06923323745459131,-0.180190696517187,0,6
2023-06-27,XLE,1,0.0022855090425004665,0.002282901239391233,0.012359590268098523,0.012301546799975164,0.006914318768077354,-0.0013297902926259209,0.013473974618855147,0.0033049719369779218,-0.12620426857420752,-0.26889795413808026,1,6
2023-06-28,XLE,1,0.010135723335184199,0.01008470136483286,0.012683234456380418,0.012698477381036733,0.015177487781128596,0.009422590558431754,0.021306282025194516,0.01116049333978518,0.15903678967465584,-0.13654127351187262,2,6
2023-06-29,XLE,1,0.011538721800461449,0.01147265845543588,0.009672306184434536,0.01271671881197072,0.01980162086054804,0.01945751271389362,0.013120118302806221,0.0077471292770083236,-0.13577402805806127,-0.21424884468677496,3,6
2023-06-30,XLE,1,0.006447782638351773,0.006427084611154488,0.0058626536498774225,0.012423523034651704,0.01658194643933797,0.024868635660549865,0.012069007312380309,-0.0003694431086739642,0.26497584031397037,0.024550054288569045,4,6
2023-07-03,XLE,0,0.002340750383858392,0.0023380150952654333,0.004291237304897826,0.012391231420625278,0.012343253654470754,0.025705732537349535,0.011183527484243571,-0.0001229216651450696,-0.456784151501504,-0.39536112843973104,0,7
2023-07-05,XLE,0,-0.005531092383058711,-0.005546445513761267,0.006877521336194446,0.009605697662065524,0.0018076543741873952,0.016763789814959518,0.015544728517743992,-0.00966944082792661,0.6662094801379748,0.0396072167786079,2,7
2023-07-06,XLE,1,-0.022494049960645746,-0.02275090014436021,0.013275154294998601,0.012377978840807729,-0.01917255798566686,-0.006244721282124499,0.02624014127392873,-0.011745626087019524,0.28904027962920864,0.3087772192842231,3,7
2023-07-07,XLE,1,0.021494693514342078,0.021266940464535367,0.01616037082127164,0.013014353625036999,0.0015621844755069336,0.011468236891151617,0.03684881370181145,0.02655659527737552,0.16556026286819892,0.45551797110626024,4,7
2023-07-10,XLE,1,0.00779760394009843,0.0077673597462522,0.016296283771247144,0.012472976060287277,0.008746744236429294,0.01420008882839352,0.013154693024340022,0.01042437724997543,-0.36779376890996807,-0.06878382716146036,0,7
2023-07-11,XLE,1,0.021984966052972288,0.02174678135332675,0.018938098160138032,0.012984106587628485,0.02621973593710414,0.03077075527578943,0.02090718994169889,0.01736151305844691,0.28187550525464844,0.1685325692860049,1,7
2023-07-12,XLE,0,0.009253712257851765,0.009211158978334133,0.0180860107409181,0.01297343672629225,0.027932151875519562,0.033841770575105956,0.011801142817646647,0.001072880771724767,0.08666565763584066,0.21710414787791654,2,7
2023-07-13,XLE,0,-0.0038104314570156506,-0.0038177096455349613,0.010757204073868558,0.013261314163577348,0.012685817384114673,0.024943663748995037,0.019290339150102927,-0.0038104272687886098,0.23559344067450372,0.4221831761157533,3,7
2023-07-14,XLE,0,-0.026416715083522724,-0.026771905783562477,0.01821136046131608,0.016246492159268367,-0.015638770035950267,-0.003109022564640296,0.02346002025754713,-0.020091503165987516,-0.17356424631385925,0.12845000702905107,4,7
2023-07-17,XLE,1,-0.0019639353771788715,-0.0019658664269806003,0.017923502547170785,0.016156742229229505,-0.01726327027508623,-0.005212971999578597,0.008871379844937922,0.0016017403591944352,-0.2623976430042603,-0.16005757392191278,0,7
2023-07-18,XLE,1,0.010087244638891324,0.010036707953144486,0.01475277785879154,0.016450333613143374,-0.0047030551077841265,0.00390028926763919,0.024537582012464983,0.012453787364160791,0.33174093411165706,0.05400194557654525,1,7
2023-07-19,XLE,1,0.005845664346281643,0.005828644745495826,0.014135751876816652,0.016338396620850418,0.004500072079287376,0.007698921150700588,0.01485813191614226,0.005845764510669723,-0.13164728045286445,-0.09570345262402902,2,7
2023-07-20,XLE,1,0.011744743166282712,0.011676308977075944,0.015616212126676039,0.014016182739815477,0.016544958594692183,0.01400377127514929,0.010447973839980612,0.0034826579466602043,-0.055201087391061,-0.13198590013937272,3,7
2023-07-21,XLE,1,0.008855894865313463,0.008816911414884387,0.0054114599311319315,0.012953379678090229,0.01848485249637899,0.018644895565242292,0.012042380753076797,0.005126985705187724,-0.1106014702480691,-0.19366099747784093,4,7
2023-07-24,XLE,1,0.016133084693748856,0.016004329449796906,0.0038017023999478193,0.013459072254727584,0.024102279469952137,0.029802619998277047,0.018647489300794337,0.010976044710609324,0.41265501601700016,0.10075209673656449,0,7
2023-07-25,XLE,1,0.005253244874571905,0.005239494717987014,0.004494956207367842,0.012108931702313834,0.01972910849690379,0.03161582145018893,0.017636090724030586,0.005722936791065357,-0.24546695524881235,-0.15687013382559767,1,7
2023-07-26,XLE,0,0.00034842490252229297,0.00034836421666195605,0.006039519384870575,0.011965235258545098,0.011579084423135155,0.029311678436362287,0.01405157559948145,0.00866508021718581,-0.024358310569947528,-0.15560960258436818,2,7
2023-07-27,XLE,1,-0.006384951892872026,-0.006405422882253653,0.00851477730415198,0.012145023522724535,0.00035066465961985926,0.020386337038187596,0.018589084389858974,-0.011776980317201698,0.08425643528120053,-0.040801018811314815,3,7
2023-07-28,XLE,1,0.00303747630214124,0.0030328724912864757,0.008221463850768185,0.00677980870835339,-0.00023312022988919434,0.018144958317854787,0.014848641302311708,0.0037413737798588265,-0.025957367808138287,-0.04149168095893463,4,7
2023-07-31,XLE,0,0.018986837670429857,0.018808837248851518,0.009327051683681668,0.007487353557150651,0.014449091810327941,0.029915630339321986,0.015935391537274572,0.010161719380116088,0.047320361097153096,-0.006640039311048618,0,7
2023-08-01,XLE,0,-0.004686979452880657,-0.004697997783015051,0.01008763356572053,0.008308746051748608,0.007451338126152285,0.019137225005405156,0.013657781234000533,-0.0006885981921845682,-0.013797895572761565,4.250026842278487e-05,1,8
2023-08-02,XLE,1,-0.013092731522339252,-0.013179196872678212,0.01227767337601564,0.010256040978658058,-0.00525553303650983,0.0018771817988529893,0.01988900501777354,-0.006359887030620884,0.2839009114801767,0.25449468069121783,2,8
2023-08-03,XLE,1,0.010124517631733054,0.010073608038117854,0.012493250116180271,0.01013249310310987,0.002008711527146323,0.008212083009421223,0.021935925131344944,0.007428033454574821,-0.09341027874564456,0.11842688527303147,3,8
2023-08-04,XLE,1,0.0013824285359380628,0.0013814738613544542,0.012509744561848224,0.00999757322809506,0.0009212201588659763,0.00654272547817758,0.016243401952503657,-0.005719515104927304,0.03789520208692654,0.12549550173767487,4,8
2023-08-07,XLE,1,0.0011504653666944975,0.001149804088551143,0.008571469262729234,0.008890434544053343,0.0031355049812931135,0.006116208157456837,0.009495414333450525,-0.004461812180566577,-0.3792474576585,-0.2675412318009054,0,8
2023-08-08,XLE,1,0.004941354593890113,0.004929186170479216,0.008624329986394504,0.00887677724671382,0.007209922275396741,0.009523748465703585,0.029435774151386936,0.021492773329896943,0.38832880961613037,0.006910456107408924,1,8
2023-08-09,XLE,0,0.012578708108558656,0.01250025338075389,0.005153771171006281,0.009508210793520402,0.013761078756520329,0.019386218406636013,0.018233301865322096,0.002831256980290933,0.3987517858485601,0.33856915968071055,2,8
2023-08-10,XLE,1,-0.0001128157888615755,-0.00011282215304131427,0.005156705497890808,0.009029551895010599,0.009624284407353523,0.015821445055508754,0.019733874537412037,-0.0015787030803637297,-0.2468820556929362,-0.0013340461824384864,3,8
2023-08-11,XLE,0,0.015360124047326673,0.015243351583469789,0.0068888799413447,0.009779578847456774,0.01821226219031269,0.026654149983101227,0.017175103311484818,0.015819226281117586,0.1902433552742271,0.15324289356539222,4,8
2023-08-14,XLE,0,-0.004226797669041993,-0.004235755830110488,0.008269521975659241,0.008696993197991927,0.008199000944975943,0.01993856506275038,0.010819868423796052,-0.0014501380992723353,-0.35339650283148993,-0.24294538465859394,0,8
2023-08-15,XLE,0,-0.020777602635615233,-0.020996494360268514,0.014509930411701422,0.011254393313277693,-0.01321572918554803,-0.0019242415652945821,0.01687289059903276,-0.013948232198945084,0.49000642609657685,0.10253466499734798,1,8
2023-08-16,XLE,1,-0.00866980266068007,-0.008707604045385509,0.013160320251019129,0.010725152232078445,-0.018123486653607745,-0.011668890959590894,0.02119658815215456,-0.009686592297676282,-0.15532741694529417,-0.05027217995421762,2,8
2023-08-17,XLE,1,0.011967804122553938,0.011896756251045915,0.014965349757881377,0.0109102947533346,-0.005023504661778366,-0.0011358107554662045,0.015093075233775741,-0.0020426724871245314,0.06497628660311516,0.014395093705236173,3,8
2023-08-18,XLE,0,0.009893011796305418,0.009844396327755245,0.013582423046067358,0.011239266532629974,0.007304338746382255,0.006585079503157898,0.020244728776028884,0.01578402434634641,-0.12744598929424034,-0.09699978618860217,4,8
2023-08-21,XLE,0,-0.00630547986621921,-0.006325443368275785,0.013685169218405015,0.011560124548655957,0.003844811741743115,-0.001154422985999548,0.021195462918677684,-0.010317350990657692,-0.13648207731001039,-0.22748777699399192,0,8
2023-08-22,XLE,0,-0.0077053945888281294,-0.007735234526208057,0.010189004413204628,0.01182624953042,-0.0036862314798992157,-0.008985535100077602,0.013014956065359976,-0.0089407074476049,-0.15598063525799977,-0.3284079912057901,1,8
2023-08-23,XLE,0,-0.0025123891140723664,-0.0025155504597331735,0.009231013027747436,0.01100554111397202,-0.007205925632078447,-0.010131081037025202,0.018009668773132273,0.008427565278135108,0.5077488652614561,0.0489674597471248,2,8
2023-08-24,XLE,1,-0.006869002844248739,-0.006892703037770342,0.0073152783372581265,0.01113062079801053,-0.011351061557286046,-0.014932289934208032,0.013516615087163368,0.0021950375088404376,-0.13772661900171657,-0.08116558354705516,3,8
2023-08-25,XLE,1,0.009683251916233537,0.009636669702526746,0.007225050747648124,0.010258295487484458,0.0010057938498271302,-0.002777869313599801,0.01741717315841297,0.003666777897712257,0.1369541174712301,0.07010208462395018,4,8
2023-08-28,XLE,1,0.006735842502020972,0.006713258074953821,0.007935933849173533,0.010638191290433469,0.007909682105813554,0.005473223713430286,0.0133226847302559,0.004099300974750283,-0.323860051318723,-0.2672439091797515,0,8
2023-08-29,XLE,1,0.0027215876369186542,0.0027178908232352583,0.006726636076944673,0.008215470633609943,0.008692812219567525,0.007336764478761193,0.010960465770656779,-0.0009039754921433615,0.050594520611862315,-0.1886455906022534,1,8
2023-08-30,XLE,1,0.004976097492429332,0.004963757638582589,0.006304592913848982,0.007557360780696811,0.01023174653055392,0.010093901895849688,0.0061922475146701786,0.000450359329709328,0.03222869493771152,-0.13628779217046938,2,8
2023-08-31,XLE,1,0.0006755657288199934,0.0006753376370141062,0.003493917557619205,0.006745432120613716,0.005950752977291529,0.009651538636287649,0.011884712743338244,-0.0030272930269098037,0.061928562720955815,-0.05091904224774402,3,8
2023-09-01,XLE,1,0.020467572745901386,0.020260926913709287,0.007806699825302402,0.00879072436104088,0.01927561673121847,0.028063727943570038,0.010678521336802289,0.009343674345198102,0.20754016220194882,0.1443774978321457,4,9
2023-09-05,XLE,1,0.005290070272056635,0.005276127002614928,0.007850919831601641,0.008296974762175901,0.017717026019078874,0.030036242830779658,0.010849291657748287,-0.0003287537457191781,0.36274263089905556,0.47345285243522683,1,9
2023-09-06,XLE,0,0.0004383289456255657,0.00043823290755629074,0.008207649964994884,0.007447908746835542,0.011751629239115102,0.026211870720199704,0.012741692118233826,0.0024165335950211164,-0.17262307796476628,0.16759429397726566,2,9
2023-09-07,XLE,1,-0.0009861049839967606,-0.000986591505383494,0.008867301966350497,0.0073103325202783336,0.005603238363542928,0.020814939700005253,0.009842536109462785,-0.0029528025508743097,-0.23794644407080612,-0.08894370456459089,3,9
2023-09-08,XLE,0,0.009652184761456573,0.009605900020368097,0.008633699283134176,0.006299319113756859,0.008347149213940419,0.024587801287732525,0.012663712358494927,0.004912713811494816,0.1304882652330681,0.02603255989792541,4,9
2023-09-11,XLE,1,-0.013144899910370711,-0.013232058745894726,0.008584727041852905,0.008540122901268293,-0.005125470041758673,0.007475163402440366,0.02728644031479974,-0.020276152481248245,0.2693226632890988,0.2794725537976208,0,9
2023-09-12,XLE,0,0.02355792365166587,0.023284718217566613,0.013655652056972525,0.01061346328781718,0.014401115483831939,0.02574859804387808,0.015573952406105145,0.012633453125297308,0.21554371243905202,0.43885058174776126,1,9
2023-09-13,XLE,1,-0.007528742409981359,-0.007557226447163501,0.014593671814072251,0.011365449755732754,0.004528279813558189,0.013709311496701293,0.015687107438057176,-0.008488244526891054,-0.3224662962645104,-0.04886548699174509,2,9
2023-09-14,XLE,0,0.011703548773416284,0.011635591956496327,0.014975548263132825,0.011603903077858474,0.01146229064080484,0.02052850617587798,0.007829294011784322,0.0012870307736103132,0.02159965193829616,-0.05120696842369077,3,9
2023-09-15,XLE,1,-0.014459932352039795,-0.014565496038815517,0.016811495684928776,0.01312044522971068,-0.003077014094131414,0.0023859651060835763,0.015135151631123311,-0.005297274202913852,0.3372794462503841,0.20707592203133496,4,9
2023-09-18,XLE,0,0.00847398103917052,0.008438278415624278,0.015288429484730736,0.011887191880276553,0.001141106092330757,0.008627880278462285,0.01213700434978013,-0.0018421995144569919,-0.3198005353457173,-0.17489733466210655,0,9
2023-09-19,XLE,0,-0.009336587609468538,-0.009380446753525895,0.011585232997157418,0.012368477232189045,-0.005939571522822873,-0.0015526192707294717,0.02392242616053528,-0.01670261854294683,0.07460899764717044,-0.08544664685122627,1,9
2023-09-20,XLE,0,-0.009314998158499677,-0.009358654068488903,0.011814763014385473,0.01278107917998398,-0.012609077916954203,-0.010645861762750619,0.016409751575831223,-0.004405303000385335,-0.009210134456932972,-0.08371670763926431,2,9
2023-09-21,XLE,1,-0.013716865817807733,-0.01381181125742481,0.009337818544517667,0.013489311477935499,-0.018615067058890156,-0.022781278852475162,0.02439025821335533,-0.02043499285383372,0.20917663037427925,0.07314579015879996,3,9
2023-09-22,XLE,1,0.0016824598041393912,0.0016810460541392125,0.009193174208971103,0.012989185706924198,-0.012559896170148521,-0.018915914441240522,0.013358531935678337,-0.005788759455208754,-0.031735801980380285,0.020613939531861858,4,9
2023-09-25,XLE,0,0.012540438376844598,0.01246245833863524,0.010680993759344623,0.013125118544568035,0.0035511439448565607,-0.006891334844046693,0.016840687157734027,0.015268896542171999,-0.16624749806263284,-0.13001958050006424,0,9
2023-09-26,XLE,1,-0.005750072451443766,-0.005766667764788291,0.010316068515855153,0.010347942756029524,0.0007570075299407897,-0.010004533744128463,0.010485162253347806,0.0029001910965435395,-0.04601155278298896,-0.1264090765731425,1,9
2023-09-27,XLE,1,0.024913593502183584,0.02460831001474917,0.015203765007622707,0.01328855595887725,0.02170917675028572,0.014050179549712105,0.019554063853247424,0.012303666501166158,0.38342498505678413,0.17787490190610056,2,9
2023-09-28,XLE,0,0.0010852160002932099,0.001084627579080344,0.012014186475978446,0.01272139628246902,0.015857248574755234,0.015626867517836374,0.013623978201634877,0.005449591280653951,0.04695243403457372,0.19852465835612287,3,9
2023-09-29,XLE,0,-0.02016263375407279,-0.020368673899489043,0.01722524783430158,0.01352473837662153,-0.006987058024948034,-0.003813301316378803,0.02627291448170229,-0.018673338500768903,-0.0019313782942793623,0.19990017618011158,4,9
2023-10-02,XLE,0,-0.019913686478946424,-0.020114636174413114,0.018570058335066766,0.014282879025979557,-0.022811034973119537,-0.01984867352845998,0.028027017540508604,-0.01861083823696831,0.04611612348353922,0.20486213798631026,0,10
2023-10-03,XLE,0,-0.000677145810320301,-0.0006773751770938752,0.01858675666007026,0.014171799061319053,-0.020490696745784298,-0.017555842370755692,0.011767292582627821,0.0016972338825582522,-0.18049873714915865,-0.024695318718165327,1,10
2023-10-04,XLE,0,-0.0314016972561173,-0.03190530129217839,0.013969628109241582,0.016761681229107716,-0.03761965739574369,-0.04347034322559462,0.028093073890175034,-0.016741189081523594,0.43663575021824785,0.3273482891109687,2,10
2023-10-05,XLE,1,-0.006180988176193392,-0.006200169564412938,0.012252611102607636,0.016500600313098246,-0.02823397025038077,-0.04518621811281831,0.017155757634021034,0.00828211790628536,-0.21042294753946456,0.03972516260004455,3,10
2023-10-06,XLE,1,0.005984465508290127,0.0059666297176548255,0.015102640781209195,0.01673088231442104,-0.011917496366565805,-0.03560389326109159,0.026402252614065803,0.005984535659764461,0.09447881455024776,0.11476098498956278,4,10
2023-10-09,XLE,1,0.03336060696939569,0.03281621631603038,0.023309000980985248,0.01998988909898427,0.021045535690485728,-0.0013640241838396294,0.017721203910326923,0.0063614400358875355,0.1944018181465006,0.2594341323056151,0,10
2023-10-10,XLE,0,0.001241792164917488,0.001241021778734197,0.023306394827497683,0.019961518191836444,0.02191301049283001,0.0012417547432721499,0.012631135329991326,0.00033831938554591514,-0.3218201629559758,-0.16005428750867634,1,10
2023-10-11,XLE,1,-0.012852239975422619,-0.012935544548265732,0.017753582811578038,0.017948301300139784,0.0045894016373468904,-0.006478861494877974,0.015149723064018345,-0.0026199265808745796,0.1305688647165748,-0.052018021256975855,2,10
2023-10-12,XLE,1,0.0011420095492040705,0.0011413579523380513,0.01695581190941778,0.01795043263775064,0.00013696023529274903,-0.00013681888547389942,0.01491693667861039,-0.00937952561528969,-0.15184938509377377,-0.1820269474686783,3,10
2023-10-13,XLE,1,0.02201668094910958,0.021777813516326017,0.01845487528982442,0.018907638012430665,0.013232154289204878,0.022810161250410355,0.014704204876441312,0.005612302397046416,0.213207490546786,-0.007918362338698137,4,10
2023-10-16,XLE,1,0.006697261777608654,0.006674934751139006,0.012560196800512081,0.01774423144138896,0.016339807155254293,0.027782787245015816,0.012531854013136064,0.00022185064730129942,-0.2091573596527031,-0.19528546504140276,0,10
2023-10-17,XLE,1,0.010422405813741653,0.010368467000025916,0.012789252964032823,0.017909200723264962,0.021339002126669504,0.03542691136741216,0.017224170336177465,0.012668067748753748,0.05366321562249121,-0.1502435923523605,1,10
2023-10-18,XLE,0,0.009108173285010901,0.009066944034388236,0.007659490982352212,0.0132199219311269,0.020575985608930702,0.03753703968126243,0.011475359807248975,0.005027312398608265,0.17793390065307735,0.026761417396861997,2,10
2023-10-19,XLE,0,-0.0017401486093393537,-0.0017416644266843306,0.00853916990120164,0.012792105372111692,0.009523364259343303,0.028099093199583702,0.019532965162039714,0.0017460024353453767,0.32929974294786724,0.31864024872442065,3,10
2023-10-20,XLE,0,-0.016775466760155733,-0.016917768600768213,0.011280374512885796,0.014943136548908359,-0.00887242733447724,0.005749760745236143,0.02215196881505778,-0.015058896361951,-0.2645844194827559,-0.020185406509729442,4,10
2023-10-23,XLE,0,-0.016175406086359145,-0.016307656037612972,0.013150149479243676,0.01262420791040891,-0.02191860825147196,-0.010750156919954845,0.0151548990720517,-0.01047464714049453,0.11468627012906674,0.11471261157717216,0,10
2023-10-24,XLE,0,-0.014076713567916066,-0.014176730213514066,0.0113206082241984,0.013403703849264828,-0.028021459804496662,-0.023424428708328615,0.017636483419778953,-0.016513071745022232,-0.14678867256910044,-0.05413882099577827,1,10
2023-10-25,XLE,0,-0.0018276132411099155,-0.0018292853638293138,0.007674704327947068,0.012779815596593549,-0.019852039733974203,-0.025024333512580155,0.012669793432468147,-0.0025111427824500068,-0.06457864635567723,-0.10425001384312971,2,10
2023-10-26,XLE,0,-0.0077812464657176506,-0.007811678332025007,0.006394616345468961,0.012991608507836962,-0.01624662889911732,-0.03158444388671111,0.01455135915832241,0.0013858730991713837,0.08108160318357216,-0.04153907282953462,3,10
2023-10-27,XLE,1,-0.023987898224341664,-0.024280293285610544,0.008422722556992319,0.012040928190831983,-0.027420240912279903,-0.04954964820838936,0.03013161541898648,-0.022973971716279896,0.20189678894984175,0.13905277846457098,4,10
2023-10-30,XLE,1,0.003308528660352028,0.0033030675216445538,0.010662525780665379,0.01169878357511957,-0.015399202371786824,-0.04071671980205316,0.017072937388749227,-0.00023544852224835822,-0.1538541593104551,-0.050595720918439,0,10
2023-10-31,XLE,0,0.0032974234200122687,0.003291998840892152,0.011351496277504055,0.010770846922187506,-0.00671605272474618,-0.031051126683291352,0.014233608446846114,0.002117401489854413,-0.18284406530992348,-0.21894700513360088,1,10
2023-11-01,XLE,1,-0.0023477558730334858,-0.0023505161730397184,0.011312912105690753,0.009432928251963351,-0.0034708099623568245,-0.02560123667811076,0.015397173021543583,-0.008631814582848877,0.23859311501494407,-0.029467315449132503,2,11
2023-11-02,XLE,0,0.03023920054292395,0.029791008816330233,0.019333067007008365,0.015309736120336257,0.024621021730478754,0.008767508268739066,0.03438967617517305,0.027699538672345612,-0.016483444944512704,-0.007909928036641034,3,11
2023-11-03,XLE,0,-0.01005044033071012,-0.0101012869804884,0.015192277523688664,0.01485711814727588,0.00947987449654386,0.0027648413397172167,0.01750570655131907,-0.008238000093054169,0.04218608653443057,0.03239357505207319,4,11
2023-11-06,XLE,0,-0.011305985475097091,-0.01137038398136081,0.016884130733292486,0.014486733248751283,-0.00376640991591104,-0.005004060321587178,0.021975572141262816,-0.019114178160022723,-0.13125013231713767,-0.08131662264521822,0,11
2023-11-07,XLE,0,-0.022170081314445422,-0.022419531345426957,0.019946048076264336,0.01534673507519149,-0.022694739687412535,-0.022808687324334276,0.015370099593453767,-0.009222023674755797,0.15876048484966643,0.05677725851574422,1,11
2023-11-08,XLE,0,-0.012530013991053801,-0.012609176583755932,0.020362053283733774,0.015530141354847907,-0.02987176865740948,-0.029803470810183086,0.015692351532289987,-0.008744649348088005,0.06712484910683858,0.1048061309315671,2,11
2023-11-09,XLE,1,-0.0030208778581627405,-0.0030254499197610585,0.006863823711018808,0.015519707377098747,-0.021189546259523517,-0.02793625858155413,0.01319585047338672,-0.010316705902768054,-0.24653738520357893,-0.15554858574123243,3,11
2023-11-10,XLE,1,0.011030080176076762,0.010969692489966043,0.012433572302553387,0.014649684553745605,-0.0026545147744274633,-0.015799556250591484,0.011866209518737283,-0.00023968168516434382,-0.09590345311020554,-0.20264303156939,4,11
2023-11-13,XLE,1,0.007193472810389734,0.0071677231972056,0.013738798166054677,0.014837407177902367,0.00859606901008303,-0.00766592948886613,0.01077330040717806,0.005626061952984336,-0.1770025690281667,-0.31685633940814417,0,11
2023-11-14,XLE,0,0.008927300189053522,0.008887687426841762,0.00990354155751337,0.015121267322621845,0.015259896866027134,0.001701709911677618,0.009605093572943181,0.0050990192794877045,0.22063879300041478,-0.16112919489758593,1,11
2023-11-15,XLE,0,-0.0018875766828027052,-0.001889360400626039,0.00645850597649515,0.015115392134798884,0.008872306242684314,0.0002719262139609935,0.014061146763934914,-0.00035446981295587167,-0.04839304227623542,-0.17576124025438866,2,11
2023-11-16,XLE,1,-0.019503523199418837,-0.01969622662033954,0.012554091163379563,0.011734350120962932,-0.011864752272511159,-0.013861796100086976,0.023985704809449962,-0.010143270555618375,0.6089651248653294,0.30072461463409383,3,11
2023-11-17,XLE,1,0.02097650665981443,0.020759528790283532,0.015050499307951165,0.014192513068968992,0.005795614015684958,0.009211496063247004,0.021396137188290094,0.012311722856920861,-0.08116465410224583,0.19044578723122196,4,11
2023-11-20,XLE,0,0.0014169501723613198,0.0014159472457522249,0.014882447823272879,0.013854652652037489,0.005310501766961906,0.01171447368150802,0.008819379020762198,-0.002704649041126689,-0.4044355466031263,-0.2697625293788697,0,11
2023-11-21,XLE,0,-0.002240468273973728,-0.002242981878152861,0.01441080372949825,0.011735450609080699,0.0033911649305631286,0.008461315020436011,0.011373048724360952,0.0024878459348642618,-0.07286775876647256,-0.2861037181954652,1,11
2023-11-22,XLE,1,-0.0004723814353411182,-0.00047249304259988634,0.014384414892466273,0.010766112350633432,0.0029647105856307476,0.005791372885504575,0.02640784316106615,0.019896316409104452,0.3549147691463568,0.005025788930064667,2,11
2023-11-24,XLE,0,0.004137957897567768,0.00412942009439643,0.009366460235634746,0.010614221053935537,0.002407781983259083,0.007043300075489034,0.012536931050669104,0.004494349375544683,-0.4759489099028106,-0.4441509985930078,4,11
2023-11-27,XLE,1,-0.0035324137927001953,-0.0035386674977613275,0.0030313328231358124,0.010380059243565842,-0.0009916329722126083,0.0020364689690390847,0.011125606168459094,0.001656993646445234,0.27929367292169216,-0.26751190579400363,0,11
2023-11-28,XLE,0,0.00023630950285014052,0.0002362815861576273,0.002924004188212989,0.010187540083144066,-0.00037794121430567706,0.0015143524232674732,0.011084934051624008,-0.0017688858547251771,0.1803949097617319,-0.1365992846041829,1,11
2023-11-29,XLE,1,-0.007442577449352172,-0.007470411620208228,0.004337793926763735,0.01005184116118842,-0.006409704844091757,-0.0050684121047569475,0.018079372035806025,-0.013618263183299024,0.565186122578816,0.3101435114786608,2,11
2023-11-30,XLE,1,0.006665493617555418,0.006643377437415499,0.005689385076098997,0.01031246946833322,0.00021306492673489608,0.0015869978705409515,0.026197796514841352,-0.0018880816231793868,0.289312538658655,0.5738468624238351,3,11
2023-12-01,XLE,0,0.005202076916045462,0.005188592857116703,0.005898331965431251,0.007757188279301712,0.005202273670364743,0.004335423677122474,0.022845646643992218,0.006391965727691856,-0.26242962343612397,0.1933830557791809,4,12
2023-12-04,XLE,0,-0.004587286374174382,-0.0045978402604816004,0.006082357916047204,0.00453130656182637,0.0005911229770676485,-0.00020088140211182992,0.013625610249856339,0.002725067812570367,-0.1388635941274856,0.06236054264636692,0,12
2023-12-05,XLE,0,-0.017487881313160925,-0.017642600773478456,0.009892494944321937,0.0070753348902497775,-0.013407718513341438,-0.01575505462037452,0.019389919060586843,-0.01690707347148268,0.018262647625316264,0.05558463871998276,1,12
2023-12-06,XLE,0,-0.014912863861991865,-0.015025178638403691,0.011119190558959333,0.008181158056209769,-0.0232298567220649,-0.027312762460713236,0.019368188980682974,-0.008473513413271582,0.6506283909799933,0.5857001791676846,2,12
2023-12-07,XLE,1,-0.006836690403560941,-0.006860167636968395,0.0090100346233298,0.008191261687652551,-0.02237657248497149,-0.030243057690806374,0.019929509921040544,-0.011423045703586576,-0.3434275020623818,0.029697228419772292,3,12
2023-12-08,XLE,1,0.01081745616493257,0.01075936603546701,0.011125696295774402,0.009133658492557324,-0.005129789632536741,-0.016587521842913122,0.00928076861515448,0.004151959577717808,-0.16577362327909884,-0.1722007392346947,4,12
2023-12-11,XLE,0,0.0012161332900608723,0.0012153943989705596,0.011677396181710193,0.009236610820111329,0.0016546697353652107,-0.012675797317879933,0.008262457836704264,0.00036450520272774485,-0.1401521367120655,-0.2964820024425411,0,12
2023-12-12,XLE,1,-0.01372548329609069,-0.013820548622621054,0.010794892034473962,0.009780470824368115,-0.007383652835799448,-0.022181722202054055,0.01127872749518007,-0.00453601505414139,0.5466974734359771,0.046807976725402156,1,12
2023-12-13,XLE,1,0.013916493900664406,0.013820548622621054,0.011634952232817946,0.01120074460168709,0.005397676035077348,-0.006552164550186701,0.01833843524639423,0.013292330228365385,0.023332877986013578,0.06833138201582978,2,12
2023-12-14,XLE,0,0.029393752780633386,0.02897003942135923,0.01595406904335571,0.014857523144280259,0.026426638023216986,0.022439291576054732,0.020442482844872288,0.019119724240886288,0.3072799145667189,0.38909059628672304,3,12
2023-12-15,XLE,1,-0.005309631136813153,-0.00532377732446232,0.016924543095496732,0.014843977173562629,0.01588300571118184,0.01789469202231131,0.010239321731457477,0.003690977448185019,-0.23635728802616718,0.052776416703866014,4,12
2023-12-18,XLE,1,0.00816780102619652,0.008134625066725576,0.016811058631509085,0.015024672023951118,0.01765986446935086,0.02576456447869857,0.015415452297477424,-0.009414015299547992,-0.0845267262500431,-0.04783610125859916,0,12
2023-12-19,XLE,0,0.011998018933116583,0.01192661328738609,0.01244841632402208,0.013952123370003377,0.018145928807144607,0.0345029425501544,0.013398118360011188,0.010078327489015444,-0.13157051584085644,-0.17146836096274232,1,12
2023-12-20,XLE,1,-0.009273384681466434,-0.009316650199450827,0.015363707836102875,0.013221242723710879,0.0018714138104858336,0.02085678121031842,0.019768333772855723,-0.012749986725085215,0.08018468683536617,-0.057387837812245546,2,12
2023-12-21,XLE,1,0.0039099372869335625,0.0039023133484259453,0.008973829447434188,0.012664268311663195,0.003914657448384373,0.019724803222741505,0.010878540525779586,0.0018919671595927345,-0.34545509339950076,-0.3605444847366639,3,12
2023-12-22,XLE,1,0.0029505695415914523,0.0029462251547940355,0.00802529088093558,0.01251385887643404,0.003353162255644193,0.018404219096006535,0.010194548674895517,-0.00421833836893658,-0.0393280844728886,-0.3716808962665431,4,12
2023-12-26,XLE,0,0.008590447948280122,0.008553760011120293,0.008088061891195883,0.01252761155321925,0.008329375755175894,0.02205346631603078,0.008518036797363453,0.00011671104535172222,0.0377668964525637,-0.3424051661259977,1,12
2023-12-27,XLE,0,-0.004433696205956017,-0.0044435541859630945,0.007120996637205912,0.011259747353818229,0.003528171820700532,0.011608099021849005,0.01143394431690214,-0.004433523013382106,-0.22111040125618664,-0.45299116653521787,2,12
2023-12-28,XLE,0,-0.015234845553529497,-0.015352088118819385,0.009300401056607073,0.012665710511222944,-0.010899664785456675,-0.006727752127015263,0.014371554122686129,-0.010130764713569215,0.2944827109130259,-0.25091169862162954,3,12
2023-12-29,XLE,1,-0.0022612180564530737,-0.0022637784705001884,0.008913301174843128,0.00868864872991432,-0.011064230555827725,-0.00885224505585902,0.009606323421725552,-0.005692639452927532,-0.07071532178028861,-0.22308477347764455,4,12
2024-01-02,XLE,1,0.010734690133492819,0.010677482388153692,0.010542104219794622,0.009089725952174478,0.00011793761444689466,0.00031868323767869633,0.014331387896471204,0.0036716517526146015,0.6143419290707897,0.2831347014252916,1,1
2024-01-03,XLE,0,0.0162852368188231,0.016154054655231675,0.012571116084077958,0.010060492839872193,0.015422400077708565,0.01428630056494562,0.023447599851169728,0.014728407677002711,-0.03475158898574615,0.2570580282586221,2,1
2024-01-04,XLE,1,-0.017533539252225783,-0.017689072464876165,0.015101739582901008,0.01117834066157564,-0.0006848837785364825,-0.0028165801625217313,0.02939823742862835,-0.02455611374078265,0.10841944327288067,0.3698054471666017,3,1
2024-01-05,XLE,0,0.0008270634943476907,0.0008267216657986687,0.01304508488509592,0.010758674259879418,-0.0013916268981861712,-0.0023210800967133904,0.013697005315210469,-0.008663051740014666,-0.1907251064234583,0.12985653838083078,4,1
2024-01-08,XLE,0,-0.011572999613290946,-0.011640487973785252,0.014336741007335313,0.011295478644715555,-0.012622481228109605,-0.012669072919795021,0.020422929135809734,0.005526178475226419,0.3875906574353791,0.46488120832394886,0,1
2024-01-09,XLE,0,-0.016009560519755328,-0.01613909795244517,0.01420137111839032,0.012091187943831178,-0.02294359686863845,-0.025463934527395482,0.02052262582993905,-0.01730100215345379,-0.28523082005819744,0.019495544479685822,1,1
2024-01-10,XLE,1,-0.009834733237141569,-0.009883413661686102,0.007231785425088246,0.011508237363483416,-0.021947660706425176,-0.03027487732976064,0.016117327740662706,-0.011754648942900747,-0.017499051863088977,-0.01959752402532744,2,1
2024-01-11,XLE,1,0.002575096853923986,0.0025717869729784404,0.008106658202701789,0.011750887259840297,-0.01267955787922026,-0.023632925179320807,0.009391348495285902,-0.0028051681123496537,0.16371630709473517,0.0821960374314874,3,1
2024-01-12,XLE,0,0.011252367245000672,0.011189530297590622,0.011279552399637491,0.011970947142204907,0.0032762883814283494,-0.01105213700342711,0.014092968155317643,-0.004095354753534799,0.00468013869381112,0.05023459425487875,4,1
2024-01-16,XLE,0,-0.023826674562813066,-0.024115120797743472,0.014115894942068148,0.013899670382976943,-0.013469825804336755,-0.03098766007652276,0.023636326645359848,-0.021696980794270834,-0.07062307192307293,-0.05388649851982674,1,1
2024-01-17,XLE,0,-0.008301427168103892,-0.008336075903832896,0.013306700992638962,0.01297429365627266,-0.016079103674133455,-0.03357846368447659,0.014271399960515876,0.0020030504207676175,0.09028286596061186,0.03157901370792526,2,1
2024-01-18,XLE,1,-0.0016242155625787458,-0.0016255360306858258,0.013163482892092813,0.010641953633522473,-0.013700367110011213,-0.027858922013247467,0.014364151031140434,-0.0018735186242617421,-0.09109514766751015,-0.056869010934905595,3,1
2024-01-19,XLE,1,0.003253510657017289,0.0032482294431095404,0.01325120941937936,0.010472510387367571,-0.006592303784021758,-0.01939933810065808,0.007387053299061079,0.0037560462257041714,0.11859764294676456,0.06089349415767753,4,1
2024-01-22,XLE,1,0.0037423406682584037,0.0037353555331658406,0.011409107557059314,0.01070091849191727,0.0026166085124328387,-0.010634908269576582,0.014624977111816406,0.005875015258789062,-0.24545195066624603,-0.19114209229259604,0,1
2024-01-23,XLE,1,0.0021123421219888527,0.0021101142641488657,0.005011750170046096,0.010646788621600583,0.00490981453884709,-0.004800869512038064,0.013318393622076586,0.003734168103469561,-0.18009874970136175,-0.29417450879125395,1,1
2024-01-24,XLE,1,0.014261094837744848,0.01416036200218862,0.005926628449993316,0.011043241923639176,0.014814714743883073,0.01010230495486586,0.014187041210402632,0.009005716492970717,0.36957084810515917,-0.03357209641832526,2,1
2024-01-25,XLE,1,0.02249647994415227,0.022247166331487822,0.008913320527608213,0.012665521200159886,0.028153372752569572,0.03017975409152096,0.021609886479763026,0.015296764171690177,0.11135604739812655,0.0605687175458256,3,1
2024-01-26,XLE,0,0.007413644085476623,0.00738629809860214,0.008402105243047228,0.012756808281629332,0.025488054628762358,0.0346436338542333,0.016159904947644948,0.008498911619483724,-0.030306253223928104,0.03460914778136748,4,1
2024-01-29,XLE,1,-0.0014243267535587467,-0.0014253420711196618,0.009597565722249828,0.012481118467229118,0.014984075354498083,0.03133347939985165,0.011887778974669994,0.00011881248822645334,-0.18615504420119766,-0.13570396479054936,0,1
2024-01-30,XLE,0,0.010341098065937526,0.010287994695679537,0.008799611214708172,0.00882410102163167,0.014804157279972863,0.03654738927651291,0.02448971442252263,0.020408125881891115,0.19071716879038836,0.031204098532378488,1,1
2024-01-31,XLE,0,-0.018705713120226064,-0.0188828777781036,0.015321162267838783,0.010953007979153861,-0.008015671144816383,0.012995013828349222,0.02105883430032169,-0.018705839269301472,0.0916663837107965,0.1280460705748061,2,1
2024-02-01,XLE,1,-0.00012002027664426151,-0.00012002747965400573,0.011320356888766075,0.010874386408153847,-0.007591819264296973,0.008598469372603779,0.019902344481650357,-0.00607796584402685,0.3245292995479616,0.42976893216813616,3,2
2024-02-02,XLE,0,0.0014389415713238485,0.0014379072869652454,0.0105665442252924,0.010909558543784233,-0.004434215948638687,0.005974234739392514,0.016171232283316347,-0.006896573621617405,-0.2549127812545253,0.07089116708152265,4,2
2024-02-05,XLE,1,-0.002514455863367737,-0.002517622416731591,0.010570834479643954,0.011113406176089325,-0.004992388611369636,2.3994081118861033e-05,0.016865363937550545,0.0036139671683292915,-0.17022718319107022,-0.11502967211930026,0,2
2024-02-06,XLE,1,0.003240993110675383,0.003235752412827697,0.008850174703905863,0.011103136513620097,0.0016298618181225244,-0.0002630949822116646,0.013975133204560723,-0.001672233487901778,-0.11196571457510385,-0.22141547300837416,1,2
2024-02-07,XLE,1,0.0020340366381645936,0.002031970786513071,0.00222037897695353,0.01045841477508333,0.0028499700708473075,-0.0005726961342880088,0.013242670178870253,-0.0008351192445606886,-0.04048303048880464,-0.23830639433978384,2,2
2024-02-08,XLE,0,0.010268777992608724,0.010216412274731468,0.00465338266525618,0.00835327090034299,0.01022055522232801,0.00851073735591612,0.01481478983250516,0.010872206634273794,0.34474227723213624,0.028379653644482472,3,2
2024-02-09,XLE,1,-0.015364872602666613,-0.015484135474072236,0.009505261829959524,0.009497196346818424,-0.004802277051772275,-0.005871046159796167,0.02253151006667013,-0.01722306408268655,0.05172232811248301,0.07666456650517661,4,2
2024-02-12,XLE,0,0.01104321261818253,0.0109826815761207,0.010641119276432675,0.010236613115262154,0.003981116352442582,0.0049873945826712784,0.010406731608390472,0.0075359437118593005,-0.3198978814605472,-0.2598320130986792,0,2
2024-02-13,XLE,0,-0.01009140787755125,-0.010142671305733764,0.011922277894183486,0.010016849492634709,-0.005676400618932265,-0.003227701992387755,0.020875366945744517,-0.011030723901153594,0.5894461222377558,0.15721980225636045,1,2
2024-02-14,XLE,1,-0.0009595243559691324,-0.0009599849941497318,0.011843005029334688,0.008091015050099123,-0.005563165535270698,-0.0040531560022318835,0.016549582390786518,-0.008215202161701202,-0.006370757687672479,0.142415121874635,2,2
2024-02-15,XLE,0,0.027851061785866493,0.027470275005371914,0.01735891886766219,0.01198304393642901,0.019674089459795097,0.020975084412466316,0.03182038382231206,0.02809803075869969,0.06039428188562801,0.23817203134404563,3,2
2024-02-16,XLE,0,-0.0005838457344931047,-0.0005840162387826808,0.014595515014241441,0.012023600625537692,0.013622400241853683,0.017890733639660317,0.010817730510300614,-0.004652803538434506,-0.37827342243868245,-0.2049658670362562,4,2
2024-02-20,XLE,1,-0.009115307189129118,-0.009157105800380538,0.015425496505125065,0.012500737101317895,0.00305216391207086,0.006839768091072562,0.012024267280675847,-0.010156464036749347,0.07547253790688702,-0.13836150922538837,1,2
2024-02-21,XLE,1,0.018752134583482016,0.018578480867409652,0.015437558837960545,0.013608217704701558,0.014659586328364727,0.022321086001007684,0.016089286224682663,0.014445046453290322,-0.008615100222102656,-0.1475315133215067,2,2
2024-02-22,XLE,0,0.0017366010211359306,0.0017350948730490146,0.015125721447048244,0.01361181935876983,0.008766883203839004,0.0207380406915485,0.01712689257069612,0.00815562080052196,0.22476326976462646,0.019030776310952735,3,2
2024-02-23,XLE,1,-0.006587473217041118,-0.006609266379373757,0.010931048601727784,0.01370372765510094,0.0013278584925675574,0.012401725499444849,0.012836952302262552,0.0031508534878503074,-0.17764749991478923,-0.1440390439575644,4,2
2024-02-26,XLE,0,0.003490267729945762,0.0034841908813132427,0.010950168477193321,0.012327825167058519,0.003210039003074261,0.012417716736756956,0.016305631445687616,0.004658764535702562,-0.19259197855790888,-0.27749689844517367,0,2
2024-02-27,XLE,0,-0.004289561461963909,-0.004298788025459466,0.009928533725597337,0.012246033770664992,-0.003642571014355833,0.0061146690734834586,0.014593493046947376,-0.0052119176202084765,0.1258106466350679,-0.18766185862314833,1,2
2024-02-28,XLE,1,-0.0019791406045137627,-0.0019811016912179014,0.0041613887932329275,0.01160655631859802,-0.004089538252859071,0.001378565853033642,0.01476749154024346,-0.0032557997592659884,0.013762757719227636,-0.13796011422522847,2,2
2024-02-29,XLE,1,0.004899557399474563,0.0048875936303209855,0.004947476964354873,0.011541621342636485,0.0016977541816927122,0.0029573839402885493,0.008847432984119047,0.002793921530923694,0.024580578419466592,-0.0763026695763186,3,2
2024-03-01,XLE,0,0.01160889835965273,0.011542032097299426,0.0062363609195912485,0.008449840201251127,0.010553027449703434,0.012808159506900285,0.010719228703054844,0.004379866805688841,0.18745655816267548,0.13881425731625252,4,3
2024-03-04,XLE,1,-0.01067253331391338,-0.010729893280065461,0.00858712738056766,0.009322401084705369,-0.00011610869828171388,0.0012541593240269489,0.01366405432822955,-0.010104458496056963,0.02274827785924649,0.1397789656912729,0,3
2024-03-05,XLE,1,0.007423925943530696,0.0073965042394905645,0.008750085020971462,0.00882478062915479,0.005068796062874581,0.006279863526619245,0.016728652541533134,0.008945128098134148,-0.030839207181155515,0.09270439089597526,1,3
2024-03-06,XLE,1,0.0031087012671191516,0.003103879246232122,0.008424190874915163,0.006755461202326335,0.004937005135499994,0.008543374203320964,0.012674133216996248,-0.0052523301536349905,-0.12946398045639051,-0.04637453584947804,2,3
2024-03-07,XLE,1,0.008494154498616568,0.008458282161931674,0.008744904279329675,0.007176222687869463,0.009467447371695803,0.01554649139783959,0.013525909377237976,0.007106863385647975,-0.12280426151780865,-0.13204814339865267,3,3
2024-03-08,XLE,1,0.0035282639521054815,0.0035220542309177816,0.007665542292369332,0.00659083769418913,0.010637086141210839,0.016532898739206825,0.007636264128705993,0.00490084699846273,0.1498949904758804,0.0005290919097100666,4,3
2024-03-11,XLE,0,0.010320960579305316,0.01026806312271189,0.003151740676098158,0.007036700815624745,0.014393705684719205,0.023696230381961225,0.017915883743221873,0.010091839947955056,-0.11568030581905708,-0.12022058046750095,0,3
2024-03-12,XLE,1,-0.0015715840665397884,-0.001572820300178801,0.004722282669537719,0.006760434180914715,0.008001468176348503,0.01851747788250213,0.009543038924816415,-0.0014594953841177882,-0.04815920716624378,-0.15504197679657417,1,3
2024-03-13,XLE,1,0.015965878297996783,0.0158397642399577,0.006681492225034944,0.007482776079080434,0.016628838491294706,0.029309663972904243,0.012573686646081083,0.00545229608094306,0.7966409594375248,0.43620490051995575,2,3
2024-03-14,XLE,1,0.010292031914118427,0.010239429569135261,0.006805846894866865,0.007642462008687921,0.019225557516251213,0.03383837590384409,0.010582000347830417,0.006283065334595031,-0.15866982483405578,0.17433209168062191,3,3
2024-03-15,XLE,1,0.002957595936406321,0.0029532308541933006,0.00689761199857334,0.007404048170461486,0.014560143910704149,0.03173166679433237,0.013264624734493394,0.003727212599658024,0.05028097702108725,0.21241062688990575,4,3
2024-03-18,XLE,1,0.0034572330387114825,0.003451270547099483,0.006901965866052401,0.005061811468370039,0.011797008920328311,0.02872987839198693,0.011295084457955754,-0.0005483391865236735,-0.19221050289510344,-0.012057403867958172,0,3
2024-03-19,XLE,0,0.011411022031212026,0.011346407400699032,0.005546865058718377,0.005302911715688364,0.014439025549888518,0.03343925141218573,0.01294853879885883,0.011522035371491582,-0.06397392513312872,-0.06426111972139392,1,3
2024-03-20,XLE,1,-0.001410295990106003,-0.0014112913934818394,0.005389041509777168,0.005819475827581287,0.007653668781065992,0.025510753476384984,0.009492581589775995,0.004364446472660005,0.14410526242039112,0.05450802390089904,2,3
2024-03-21,XLE,0,0.005975009116165442,0.005957229536146524,0.0046992939386801425,0.005770400727144383,0.009163120163546257,0.025418592717460164,0.009435015239345469,0.004229469618486418,-0.28552882171748406,-0.24356808217916914,3,3
2024-03-22,XLE,1,-0.0021598655334171823,-0.0021622014070330486,0.005586737795952124,0.00630669607010301,0.003540593369111722,0.01764053338049476,0.007556180723754809,-0.0025906505327152295,-0.230794284783708,-0.39804275356000185,4,3
2024-03-25,XLE,0,0.009307410367543234,0.009264363321865865,0.006169618786338575,0.006228696709562529,0.008238029352926501,0.02160557089529691,0.012726491475846778,0.005823995992428534,0.9541362096630415,0.13780174564319103,0,3
2024-03-26,XLE,1,-0.007720349049149755,-0.007750305224897058,0.006808070535771867,0.007220386321940665,-0.00032406286053354716,0.008951506879836257,0.012854814867242404,-0.008676995948942636,0.00853614031886507,0.10592269439732283,1,3
2024-03-27,XLE,1,0.009293241181664191,0.00925032469974596,0.007579091878274742,0.006327776168500856,0.0060318672207428925,0.014165553535734565,0.013428610709839424,0.011479372211685053,-0.03996743352424681,0.09163638093609427,2,3
2024-03-28,XLE,1,0.010813848699641415,0.010755797169786252,0.008334906843719772,0.0063860261955303674,0.012961199320511652,0.02086287092483463,0.011495496180267779,0.004896293015534731,0.01929328621908133,0.11747801052292428,3,3
2024-04-01,XLE,1,0.007414384091215975,0.007387032658304982,0.007665622261849846,0.006445509737607745,0.014571603097230934,0.023689868245803325,0.017214037505454746,0.004435507003025007,0.2393110541033996,0.3622734810296615,0,4
2024-04-02,XLE,1,0.013983786445799895,0.013886915342732564,0.008443085519661771,0.007061370614577798,0.021826639695256,0.0321172088971835,0.01507540297333937,0.009631551828646605,-0.09855241380917967,0.19694764607600934,1,4
2024-04-03,XLE,0,0.006843645030136791,0.006820333587876259,0.002878158085428251,0.0067928785235481124,0.018973252274218533,0.03373754037269139,0.007747933640032882,0.0030991261663791195,-0.2462400959887462,-0.09946960746998312,2,4
2024-04-04,XLE,1,-0.0006179892499353912,-0.0006181802840004025,0.005458596760701953,0.006710894895257977,0.01062271248431923,0.027639464458299123,0.009665756421714331,-0.002159373619256105,0.26733175979800206,0.12637079507486426,3,4
2024-04-05,XLE,0,0.01071740385259301,0.010660379553066424,0.0054449408164386195,0.006926938769983449,0.013704957022581121,0.03266030178201773,0.01662564353440149,0.006568138070740396,-0.15556072894221085,-0.0711110184708198,4,4
2024-04-08,XLE,1,-0.006321556280533658,-0.006341621926208685,0.008314211227042517,0.0075540968572165275,0.0024273117747961592,0.02069448356985082,0.011413459471415815,-0.006827659102191361,0.09104139819071255,-0.032868369664303176,0,4
2024-04-09,XLE,1,0.0003077698278917129,0.0003077224764735931,0.006675461163409842,0.007569147310326399,0.0005746513910667161,0.016505453201589138,0.013894571398795899,-0.0039844646566417705,0.037849717640283664,0.0030292945389782666,1,4
2024-04-10,XLE,0,0.0030773353297735007,0.0030726100251565747,0.006215099269055357,0.006300557234089754,0.002234254701034999,0.014082442937222162,0.01388601581125685,0.005862987941444672,0.10975347367705846,0.1011525701781244,2,4
2024-04-11,XLE,0,-0.0007159279667345864,-0.0007161843655438815,0.006223326522439449,0.00643366669946746,0.00012272886669517646,0.008837013870489852,0.018348655247254216,-0.0038735704314838753,0.00012755232196237642,0.08530372204425074,3,4
2024-04-12,XLE,0,-0.016270898550705293,-0.016404723238011343,0.00767127895010231,0.008777869217113517,-0.012207374227630852,-0.00933676181230847,0.033557079262228055,-0.022473044201458226,0.18793202838442435,0.24795813807917066,4,4
2024-04-15,XLE,0,-0.009362446014849701,-0.009406549204209913,0.008015675365163582,0.009188120138530747,-0.01695027701346874,-0.018733122473611474,0.02008492095413011,-0.014080060384302229,0.04548616777318748,0.2847834427408684,0,4
2024-04-16,XLE,0,-0.008715585164826956,-0.008753788012631603,0.007643644221489684,0.008138614739637296,-0.01926147716902804,-0.02523643110882201,0.01851651183932696,-0.006838521883318187,-0.25042102409490086,-0.03139803666067775,1,4
2024-04-17,XLE,0,-0.002860147021396031,-0.002864245057744075,0.006111275583938941,0.007506982530161483,-0.014572481486625488,-0.02503438437750727,0.017834398721890094,-0.0007430965721015873,-0.24869032484327735,-0.2689277357955333,2,4
2024-04-18,XLE,1,-0.0030808181656292177,-0.003085573655625673,0.005508532355723447,0.007457611538030464,-0.009562335976018632,-0.024805854228084345,0.012811001837678467,-0.006458450291807185,-0.06802815360490133,-0.297331600006159,3,4
2024-04-19,XLE,1,0.012041800006292291,0.011969874366316358,0.008625586973655579,0.007741024237802355,0.004824760812169204,-0.009862689605003583,0.018400376714554738,0.01010428219055651,0.38722628308472506,-0.03651687836186612,4,4
2024-04-22,XLE,1,0.006528312906842082,0.006507095763508719,0.00833957326150447,0.008215428382862686,0.010614658665072385,-0.0014519780971355978,0.02667509908440806,0.011855563699749935,-0.14687713320207385,-0.16947541219496254,0,4
2024-04-23,XLE,1,0.005544428429702597,0.005529114664371004,0.0065188306257476175,0.008532912615621883,0.012535462058690161,0.00552342487821833,0.015028904700404546,0.010194442513375094,-0.05247252383912393,-0.19838274570707037,1,4
2024-04-24,XLE,1,0.0007282820159779657,0.0007280169473196096,0.0057807734056981065,0.00842822003709636,0.008894246001191819,0.007942808506112398,0.012981632503586063,0.007014298805343164,-0.2566038789283047,-0.3726777758473965,2,4
2024-04-25,XLE,0,0.004574344556035337,0.0045639140384019505,0.004084898181084638,0.008654021212551032,0.007612116559849058,0.01371130789884667,0.017381329487085217,0.005724348583281494,0.24391892526215986,-0.18933503337161273,3,4
2024-04-26,XLE,1,-0.009210389320500223,-0.00925306721167507,0.006448109707510577,0.007486923407041992,-0.00326896198712745,0.00478572022781365,0.014202178153847502,-0.00020890008369547593,0.22137191417423274,0.035105830461468424,4,4
2024-04-29,XLE,0,0.0067891075591621775,0.006766165347994679,0.006498465806820011,0.007064387719217567,0.0018291968524863922,0.010377265612310449,0.012570678396721007,0.009742303730307215,-0.31298313693746027,-0.22314019558795173,0,4
2024-04-30,XLE,0,-0.02977491053604453,-0.030227183410607594,0.014952180423283574,0.011866648578096165,-0.022718331594062002,-0.01880152562035209,0.028020779291788738,-0.0258333683013916,0.5919393426993578,0.2414786217654885,1,4
2024-05-01,XLE,1,-0.015932362230842045,-0.01606064672191998,0.015106616956042011,0.012793790440206895,-0.029853913426149403,-0.0323022070547051,0.023128854012486426,-0.014562593631436601,0.43913104889968646,0.6504902179948979,2,5
2024-05-02,XLE,1,0.00575908100741418,0.005742560897144422,0.015374014385750975,0.013027829335668041,-0.015821640328254505,-0.02541744036727056,0.01154883623531671,-0.0009714405375375675,-0.32049042277961204,0.08953864379871823,3,5
2024-05-03,XLE,1,0.00010790374739699793,0.00010789792620657934,0.015820714242224927,0.012190021640423696,-0.009035085727468029,-0.022842977449575308,0.01500431129972304,-0.0007556098368459239,0.10026923343578842,0.18892033305426903,4,5
2024-05-06,XLE,0,0.007886051879057776,0.007855119488472173,0.01605879271476493,0.012308596999623804,0.005431337262037816,-0.012750593165176016,0.01486105152215704,0.004738342004245053,-0.12188154737212442,0.033683667874695455,0,5
2024-05-07,XLE,0,-0.0009646516958814466,-0.0009651172717650702,0.009329553472881133,0.012013128765953769,0.005132983816337644,-0.010656562346060383,0.0077063172252097144,-0.0023547171142515506,-0.3738428971224914,-0.3369410420773411,1,5
2024-05-08,XLE,1,-0.0011800602280961359,-0.0011807570474133833,0.0042053812559061775,0.011962306321253833,0.0016353905172130645,-0.008572405542962347,0.011006844638125304,0.004640124243790898,-0.05397713707251384,-0.36975386050334946,2,5
2024-05-09,XLE,0,0.013426245759990296,0.013336912441486604,0.006528394306763394,0.01289242304763367,0.011188909376613987,0.007184187646955609,0.012339072570115529,0.012339072570115529,0.13515177823317415,-0.2753288818628895,3,5
2024-05-10,XLE,0,-0.005511354286335424,-0.005526597833562796,0.007711249561284361,0.012724393494345062,0.0029072382988712953,0.0036796721246012964,0.013537797334561568,-0.007615031173600149,-0.08541801915569114,-0.31103646665853824,4,5
2024-05-13,XLE,1,-0.002664375536008623,-0.0026679313018416195,0.0073846443651013685,0.012349502126392542,-0.00036321129523009255,0.004023380199236648,0.012971836056525497,-0.004997354656591269,0.019914042900760487,-0.2943419531839716,0,5
2024-05-14,XLE,1,0.0012822959720575344,0.0012814745327216492,0.007332196691015507,0.007961198580915171,-0.00012808369213057613,0.00511672016213538,0.008029978455537743,0.003211942371116126,0.18751072552197545,-0.13138076831078882,1,5
2024-05-15,XLE,0,0.002241361142113263,0.002238853039238986,0.007228567604559361,0.005583238069306107,0.00038362262194135965,0.0053420917539457324,0.02096255705318349,0.0043850659049131015,0.5571942388284976,0.41245496894523015,2,5
2024-05-16,XLE,1,-0.002768717793270703,-0.002772557781914653,0.0031935120823804114,0.005603004580587015,-0.0008961497923748452,0.0013900799693207233,0.010458866162828057,-0.0005335690927599242,-0.3663623099489073,-0.07106836095162938,3,5
2024-05-17,XLE,0,0.013988237992498265,0.013891305488794803,0.006854268553322676,0.006880134827654951,0.0106428082140555,0.012809417029136183,0.014069491570218364,0.012150920841575402,0.1798764859521078,0.13499868895315847,4,5
2024-05-20,XLE,0,-0.00652891556141999,-0.006550322156061217,0.007732019501156135,0.007148255621770286,0.002422745391638337,0.005081996573160108,0.011578931306537829,-0.006947406969572368,-0.3057417521791901,-0.1687131002023038,0,5
2024-05-21,XLE,0,-0.004876126893098465,-0.00488805398765102,0.008275239532831767,0.007379022473378015,-0.0028466376554735495,-0.0005323337441553999,0.011264667430146648,-0.0023379513737572335,0.11587019359709161,-0.07819709406183917,1,5
2024-05-22,XLE,0,-0.019173320881137212,-0.019359512784677513,0.011857521076664716,0.009721446181703028,-0.018148428917251325,-0.018629762220707557,0.01957221209684158,-0.015187146191928475,0.551923658957788,0.3473389399037681,2,5
2024-05-23,XLE,1,-0.009122645982474364,-0.009164512131889513,0.01204869013113348,0.008530582039754086,-0.0220794010002775,-0.024348587251003195,0.01923491205626526,-0.014048012090949571,-0.22761844671331877,0.023098874915664203,3,5
2024-05-24,XLE,1,0.001424914875041594,0.0014239006471856719,0.007520983254472733,0.008613595864149367,-0.013091096262780821,-0.020381451334194778,0.011745534169648865,-0.006307713114842513,-0.2929665743333061,-0.272414222644748,4,5
2024-05-28,XLE,0,0.01028778286729648,0.010235223799295312,0.011072299220076657,0.009531073968074235,0.0014537162199186326,-0.008953917281944612,0.011887926036229679,0.006761861715334808,0.5179661159368534,0.07198382392646585,1,5
2024-05-29,XLE,1,-0.01765770842661718,-0.017815465605592884,0.012609654240410079,0.010758344388753718,-0.00935138645240563,-0.023286752341547534,0.020206415520765627,-0.014883244988180033,0.039765847177918756,0.09375386680292364,2,5
2024-05-30,XLE,1,0.0028669799341900504,0.0028628779854846798,0.010969668029654453,0.010795377743810454,-0.004030400864178052,-0.017343013528718365,0.00906277259506071,0.005083986156123478,-0.24363803338036039,-0.12136954320214599,3,5
2024-05-31,XLE,0,0.024851609755120352,0.024547831139428933,0.015416451102891393,0.013971586009979529,0.01635765054679772,0.0075675261232928115,0.02480784352019432,0.0230515752941274,0.42987233518393064,0.2189990278911238,4,5
2024-06-03,XLE,0,-0.026180182529289553,-0.026528984782659748,0.020748830451778246,0.015105487113367167,-0.008932240463462304,-0.014335332415539415,0.030466162661747846,-0.022930318305668256,0.25516413869488974,0.46522775056584775,0,6
2024-06-04,XLE,0,-0.009585724708890409,-0.009631963493414109,0.01989192770714253,0.015183839834497467,-0.013217099168376767,-0.01904290979713974,0.014139437505855616,0.0007793330556897386,-0.1489143703151733,0.18495549429285374,1,6
2024-06-05,XLE,1,-0.00011138024736911945,-0.00011138645060926322,0.018640075727037932,0.01525287493627183,-0.01159088996279356,-0.014851848747933105,0.008999972873263888,-0.0013333638509114584,-0.39402789058044896,-0.2784350144997517,2,6
2024-06-06,XLE,0,0.0052294824413143814,0.005215856182887002,0.018811773567901313,0.014533362018546613,-0.005131091983982317,-0.007818669572190351,0.0128390521424868,0.00870825926040443,0.21227935095674,-0.09624710076682197,3,6
2024-06-07,XLE,1,-0.003984772777662848,-0.003992733138564297,0.012048270543907155,0.014335180515185144,-0.0020405970249841587,-0.010413890835476836,0.016522486790056204,-0.0021069243819390963,-0.21236856343064148,-0.27049161874038175,4,6
2024-06-10,XLE,0,0.0075564938497574285,0.0075280865666593755,0.006929366779694328,0.014592830765713395,0.005701233661810967,-0.002167994396453765,0.013506046673008025,0.003763935912749391,0.12215153958725322,-0.19166153323202717,0,6
2024-06-11,XLE,0,-0.0019853550352650906,-0.0019873284649780665,0.004880844223059998,0.014075523453516425,0.0023704089273426376,-0.0021504171654681548,0.01273949196023046,0.002437146658740052,-0.17532980242904928,-0.30779037417863586,1,6
2024-06-12,XLE,0,-0.010719307093232655,-0.010777172756905262,0.007350582992834442,0.01336556387730923,-0.007582818961218485,-0.011582320356772091,0.024112198594381858,-0.018851394793665596,0.7513985111235424,0.20112319180064087,2,6
2024-06-13,XLE,0,-0.009160117949590152,-0.009202329804803178,0.007225038959361522,0.013498778591713613,-0.01306282315188112,-0.018208117575134075,0.014336904085998865,-0.006496436368558554,-0.12484413677880624,0.02928385458055094,3,6
2024-06-14,XLE,1,-0.007440550827794046,-0.0074683698043465085,0.0074265226265246564,0.009532723309724116,-0.016136830327640128,-0.019915510099822842,0.011625268589566898,-0.006320514314199655,-0.09419699883490784,-0.04457848985701662,4,6
2024-06-17,XLE,1,0.002612342602847706,0.002608936366791159,0.005532538874963925,0.006506828981319533,-0.008246787164228109,-0.014623792087262943,0.012170151468476246,0.003980874447341817,0.1447577427028368,0.1412453207389177,0,6
2024-06-18,XLE,1,0.004191634697912061,0.004182874269004877,0.006971118953979793,0.006357602102869408,6.766503579314076e-05,-0.009110758547619224,0.015083341090972547,-0.0022512039226287987,-0.008866988405228149,0.15538235266269207,1,6
2024-06-20,XLE,0,0.01838907368943188,0.01822203930467481,0.01103467169339391,0.008936782932612781,0.016737297501981274,0.008671010141900526,0.023734539641569505,0.015410518489009166,0.16349220441306023,0.27853590007594575,3,6
2024-06-21,XLE,1,-0.00576054439739393,-0.005777200328893617,0.010275412816915573,0.00896201489037201,0.008494924585976227,0.003533341970286319,0.012595286297005891,-0.008396885629132536,0.17311834899541578,0.4226521893253572,4,6
2024-06-24,XLE,1,0.02521482752855353,0.024902178462645086,0.0125782220195373,0.01199214921282107,0.024774012787123656,0.026515239638641663,0.025131241267483354,0.01954652098582039,-0.21976053596713752,0.06783012885916695,0,6
2024-06-25,XLE,0,0.002300574520467613,0.0022979322506220257,0.012618076235803381,0.011850011206622222,0.01816264802985179,0.027095353549143386,0.008771963580347817,0.003179834706484969,-0.11291449971463563,-0.06907147394829494,1,6
2024-06-26,XLE,1,-0.009837125576138472,-0.009885829765307719,0.015210938644564563,0.012374581293576867,0.002221809351144355,0.016055318913456462,0.015612978850941,-0.010918222949926048,-0.1640678652237716,-0.23350626951663378,2,6
2024-06-27,XLE,1,0.0023181865062449347,0.0023155036573352383,0.01356350613667596,0.011671978137008676,0.0017763154943122306,0.016139109126839246,0.009662866546248398,-0.00296471553718201,-0.32410906543753293,-0.4511391821933084,3,6
2024-06-28,XLE,1,0.0038546193853259414,0.0038472093757637715,0.012691596267924009,0.010958035032260501,0.0009663978497005399,0.016465178069132946,0.01092896174863388,-0.0038251199357496584,0.6421863404897772,-0.0896362516987309,4,6
2024-07-01,XLE,0,0.00054845696024719,0.000548306612698557,0.005533119103963736,0.010338672317695212,0.0016914004134680471,0.01266211875830292,0.01654328132894956,-0.007400961313704055,-0.04311647837943122,-0.1250146939909592,0,7
2024-07-02,XLE,1,-0.000767560399156153,-0.0007678551244620913,0.005358984928524233,0.010457561650210629,0.001714716236812519,0.007897102995744643,0.016833138483285014,-0.010317165060223994,0.027016023970818148,-0.08732806089592848,1,7
2024-07-03,XLE,0,0.004389593001795866,0.004379986839604388,0.002179094297916363,0.010458056968583644,0.004036929695993008,0.008310934962362237,0.009867272289421473,0.0035083839275982915,-0.3546545737073271,-0.3819290949665186,2,7
2024-07-05,XLE,0,-0.015623424311598244,-0.015746756270091478,0.008178647187626734,0.01080693836464077,-0.010129396079591846,-0.008042416050050183,0.01882869457507863,-0.013683634601856261,0.4404422604422604,-0.07228827962059814,4,7
2024-07-08,XLE,0,-0.006104318684353571,-0.006123026207630389,0.00774372560404283,0.010830166899230881,-0.012700905362088455,-0.014656328430365573,0.013191731083664055,0.0011180112568756242,-0.1644065772865282,-0.15683874987521473,0,7
2024-07-09,XLE,1,-0.008821999045846685,-0.00886114326968368,0.0076488418983714735,0.006869146897514758,-0.016117317543889342,-0.020633409782451317,0.015113876410353671,0.00112788709666871,-0.02594539423322273,-0.13359927661490634,1,7
2024-07-10,XLE,1,0.006759882413588381,0.00673713685579358,0.009339060832293045,0.007362248675228573,-0.00556423791748395,-0.011690271705809163,0.011279043071226152,0.007895295728950496,0.012270388649628483,-0.08843425722263265,2,7
2024-07-11,XLE,1,0.010407487077546351,0.010353702040097446,0.010924467715673842,0.007836244278627988,0.007566072036257809,-0.0010730293470628816,0.018624522756234205,0.013014739121007783,0.17411287317295354,0.07252072250285102,3,7
2024-07-12,XLE,1,0.002547235786728219,0.00254399708031805,0.008231115384704581,0.00784508986105022,0.009186592548190653,0.0017818019220880998,0.011894292893790598,-0.00308377091718595,-0.2013506841585555,-0.15338129711563087,4,7
2024-07-15,XLE,1,0.015134680985504412,0.015021294317240752,0.009109095830340135,0.009199787863981587,0.019142825234739425,0.01611130674518324,0.020952211335893874,0.008007851011555904,0.6996003797496302,0.4052779157052311,0,7
2024-07-16,XLE,1,0.004461990238886049,0.004452065073482281,0.00500981139978377,0.009268658637493241,0.015714446294998297,0.01940519523512796,0.014863394648650956,0.008743202751451502,-0.21637438295661215,0.1033962402198616,1,7
2024-07-17,XLE,1,0.009967410804549548,0.009918063802443644,0.005038641857797545,0.009625319722175847,0.01719693056818916,0.027194947117357815,0.014376843588178966,0.007674835888849184,0.21989771813638126,0.3206150433663719,2,7
2024-07-18,XLE,0,0.001823657432832082,0.0018219965885166722,0.005652761076098367,0.009597939309454306,0.012204104470798782,0.026963410769447194,0.018470802942134337,0.0028994484010183997,0.11660109935655716,0.372461574950977,3,7
2024-07-19,XLE,0,-0.010922026562071419,-0.01098210978171954,0.009838248234923309,0.008709813888814267,-0.0028499941991499966,0.013217700056343817,0.01876876919878182,-0.009330707176319616,-0.19372877849310566,0.09266108382915039,4,7
2024-07-22,XLE,0,-0.006278980691985847,-0.006298776399332073,0.0083833302279995,0.008729195877006372,-0.00889711490360312,0.004387861405193094,0.01142798305556928,-0.0009794987002709897,-0.1876438668387408,-0.11938725754883384,0,7
2024-07-23,XLE,1,-0.015905811213336674,-0.01603366619913027,0.010289726139608395,0.009952500156005791,-0.020494384617706474,-0.013282870754553255,0.015186271257362246,-0.013110422421568022,0.5377376019621323,0.2807162521645876,1,7
2024-07-24,XLE,1,0.00011066927759229017,0.00011066315419938633,0.007428058608426895,0.009805308007197137,-0.014228936046101537,-0.014228944724904546,0.015788895991985977,-0.0025395093045002815,-0.11404128831131166,0.09236736582011917,2,7
2024-07-25,XLE,1,0.017268123505036037,0.01712072391695596,0.012849487069464018,0.010723253388453716,0.006064899014273983,0.0010348618821918176,0.02455753521273562,0.016592920073907225,0.24238456660051955,0.2910113123903413,3,7
2024-07-26,XLE,0,0.0031554581805874893,0.003150490170577669,0.012247783730209625,0.010729555271592157,0.009637394598866367,0.002370210884385937,0.013637354899176465,0.0057822251595214275,-0.34872411313650264,-0.1755925250683683,4,7
2024-07-29,XLE,1,-0.008569281096890369,-0.008606208498345147,0.012564619136398378,0.01007469469959728,0.0018413571352526859,-0.0056896390039220535,0.018763511765734882,-0.008676740226058471,0.14436091492912162,-0.04451310862740987,0,7
2024-07-30,XLE,1,0.015536187648926836,0.015416736705129441,0.010859330385066028,0.011222611747626104,0.011882698004374026,0.009187273336746626,0.020024092824996433,0.015647229617311437,-0.054623921993180335,-0.10158551965767226,1,7
2024-07-31,XLE,0,0.004201708795163794,0.004192906265261698,0.010499901011700284,0.010830186823416178,0.009815426088120027,0.013438599436629284,0.010629251493805902,-0.009247477993722292,0.4090101740336227,0.23671280234229375,2,7
2024-08-01,XLE,0,-0.026499450420369164,-0.02685688963010291,0.015929452991199307,0.013649132221226313,-0.014467014853504767,-0.0105661483163485,0.034408651372437836,-0.024301098239037297,0.1764979073251911,0.4083306418734678,3,8
2024-08-02,XLE,0,-0.025787874659933596,-0.02612621122845038,0.01844956473751194,0.0153382318841731,-0.03191185425766274,-0.03189069138772782,0.02987737342646922,-0.014492703083517293,0.07701887288995835,0.42558122754461225,4,8
2024-08-05,XLE,1,-0.022058789302569215,-0.0223057225154224,0.019470757097024595,0.016345704325144924,-0.04289001278632332,-0.04767674385675402,0.01976877554303649,-0.0005780699625180636,0.09169608300862642,0.4295362217816352,0,8
2024-08-06,XLE,1,0.0061307763310538554,0.0061120595816901435,0.01650391897892958,0.016325553290236317,-0.02440657982995853,-0.038289238192479313,0.017632809017967547,0.00242026877943839,-0.3721202577179491,-0.09808102590247592,1,8
2024-08-07,XLE,1,0.004023906899230045,0.0040158326386641185,0.016458248813473363,0.016471989166403165,-0.0073879760589680155,-0.03119516000096345,0.018855107279043715,-0.00806450564617652,-0.1684543550635611,-0.24305418336712536,2,8
2024-08-08,XLE,1,0.021527485338190377,0.021299041754663683,0.020103217110974837,0.017104705492547743,0.017519433648867544,-0.007377054191575527,0.019981730571047712,0.018611523399626073,-0.17335987139248255,-0.3461649313250357,3,8
2024-08-09,XLE,1,0.002241897563514561,0.0022393882608717774,0.01565782712793968,0.017071569089812264,0.017456391386610814,-0.0020648351091995254,0.014369092422387528,0.0037045557282380263,0.0346718032301081,-0.3206463248089835,4,8
2024-08-12,XLE,0,0.004921087799270474,0.0049090188254976574,0.007820883632395196,0.01710899595170529,0.014612148374070655,0.0045840263700527295,0.032580899535559656,-0.0008896011429245277,0.28820886438493476,-0.1291639237932971,0,8
2024-08-13,XLE,1,-0.009682628255357928,-0.009729809707654802,0.011141461482765432,0.016137381778990146,0.00026989019833467687,-0.0008532819154769555,0.007962309061927549,-0.002130703329742661,0.090343155305741,-0.06662209888100756,1,8
2024-08-14,XLE,1,0.005843746032897501,0.005826737578937813,0.011147401069832398,0.016239252695497794,0.0012304344050833027,0.009189696434821926,0.012338737580411378,0.003925950287499372,-0.3099686488415364,-0.32688237411212284,2,8
2024-08-15,XLE,0,0.011955488347865861,0.011884586051973844,0.007959057511236049,0.014790450367638756,0.01012696632899912,0.02145083664820069,0.01033218845799184,0.006221503669627645,-0.15340573286052006,-0.3837475136743709,3,8
2024-08-16,XLE,1,-0.0011039384018051157,-0.0011045481906233334,0.00818213358806256,0.01177785073120315,0.0066316895043807556,0.017946743029370493,0.00833240731252147,0.005110532980284191,-0.031753130590339906,-0.3411251754537674,4,8
2024-08-19,XLE,0,0.006742340410200054,0.006719712486264573,0.008361730438644875,0.00807802621996432,0.01065241021278407,0.019498942684451626,0.013573115098867673,0.005076131875200217,0.2258547851067425,-0.09761510252620997,0,8
2024-08-20,XLE,1,-0.026350508168819675,-0.02670390475613571,0.015136158857922398,0.012824690649534252,-0.015323183075029223,-0.009250643294306582,0.02552816642759047,-0.024207713630398975,0.556174354167241,0.3901584218403269,1,8
2024-08-21,XLE,1,0.001691563364114801,0.0016901342821689092,0.01480573541179156,0.012805227302227504,-0.012187811298651763,-0.009235076778421392,0.012438375581833251,-0.0045943079620052035,-0.32860298112583564,-0.05348769831226441,2,8
2024-08-22,XLE,1,0.002589011343546499,0.0025856656271656675,0.013196518822517506,0.010804003135764665,-0.006293130901267485,-0.006503743214335556,0.00843739459050261,0.0019124555080727045,-0.13820158502581603,-0.1774442566674138,3,8
2024-08-23,XLE,1,0.014933803896898246,0.014823392531406743,0.015591346046487844,0.011810289121275682,0.008726842900260268,0.0072318163235893795,0.013075526654577983,0.010169825643444506,0.05813609316472235,-0.12369809496278339,4,8
2024-08-26,XLE,0,0.00896120870988204,0.008921295349858305,0.015863237569159642,0.012020702923534916,0.017493751106534505,0.014731343331416236,0.016084924286252147,-0.002079028807037843,-0.05882920336056641,-0.14161723345875277,0,8
2024-08-27,XLE,0,-0.009319984482469623,-0.009363687289451583,0.009064235845439169,0.01198351346377253,0.004268437575423389,0.0037440340390297866,0.013815729703927616,-0.009320159019341688,-0.14796974603890378,-0.2178549151725948,1,8
2024-08-28,XLE,1,-0.006419718953334375,-0.006440413967383041,0.010185916228297988,0.01212695869921723,-0.004259429254951708,-0.002998779048496214,0.010690412604099177,-0.0003341470787491124,0.02536807159353338,-0.18024195099434548,2,8
2024-08-29,XLE,1,0.01303348609711752,0.012949281084577269,0.011307911096080928,0.012245619388255259,0.004528967553254493,0.009580755863165535,0.02026580032345928,0.0070874791585732845,0.31965511173675876,0.06056577838366817,3,8
2024-08-30,XLE,0,0.0037386694953704946,0.0037316980411454814,0.009646928548397325,0.012271933288017461,0.006305949515685638,0.012444846386226116,0.016662964407203565,0.013996913832672505,0.2482887976247623,0.26240832537726155,4,8
2024-09-03,XLE,0,-0.02486842653059984,-0.025182869940734598,0.014289263582054372,0.014488119294961608,-0.013958049538036144,-0.010461123610550738,0.016482941773504955,-0.008686922500765786,0.3599501513263308,0.598731201591272,1,9
2024-09-04,XLE,0,-0.013818721277659929,-0.013915088618756233,0.014780787574832902,0.01258403214275204,-0.022015202578007043,-0.0231579216164276,0.023120062781954727,-0.014814811643432405,-0.2115556812290872,0.2806250287049843,2,9
2024-09-05,XLE,0,-0.007746700184227739,-0.007776861735404594,0.014809568442688905,0.012717308482882765,-0.023783416468980634,-0.02885557733037636,0.016514044264121154,-0.014817386423768708,-0.1701135684399283,0.052685672789276605,3,9
2024-09-06,XLE,1,-0.012514368666566411,-0.01259333286114206,0.010372744486349455,0.01301930787875437,-0.025227845452711506,-0.037736502220836354,0.024745056822775433,-0.014663750325029335,0.4369858190082909,0.4154141087368477,4,9
2024-09-09,XLE,0,0.007208471668547878,0.007182614821193312,0.011646655144120709,0.011999687800231508,-0.007742920690234856,-0.026705787569141104,0.014953065558407232,0.0041729526412413055,-0.08597683225662733,0.2348792711803065,0,9
2024-09-10,XLE,0,-0.017199501645673854,-0.01734913125920734,0.00957751701012361,0.011664725749812048,-0.016086482674556257,-0.03688867845958144,0.028354068970744932,-0.018672230367610003,0.5027479557889862,0.6685733770016231,1,9
2024-09-11,XLE,1,-0.009278952232927296,-0.009322269880015277,0.009191896736647153,0.011663744350646849,-0.017426598507298552,-0.03930484496281461,0.025255510340012183,-0.009162443374395365,-0.02434781903549388,0.471191717320675,2,9
2024-09-12,XLE,1,0.009010216316549524,0.008969866510053492,0.01191579891780728,0.012692877138743137,-0.003955547842101392,-0.025476553611376573,0.016414730569662958,0.005077944067384456,-0.34002136068387434,-0.0708360953936148,3,9
2024-09-13,XLE,1,0.005639637140684162,0.005623793925888965,0.011646933742490168,0.011685263752260987,0.0026474402579728107,-0.013940144241557206,0.01040457107221533,0.0005844683402874036,-0.1752597443485927,-0.24187945039921188,4,9
2024-09-16,XLE,1,0.011449993453079621,0.011384938393756983,0.01250984610195477,0.012615510524114526,0.014270319512218688,0.0027916470483932976,0.013787538814357935,0.0030124220088635694,0.02594348626094667,-0.219477882253991,0,9
2024-09-17,XLE,1,0.013515071480943774,0.013424557525490322,0.009066336061900581,0.011782030153672433,0.021753317765155655,0.017841820559620247,0.016050801548960936,0.013163965470381695,-0.06847999999999999,-0.24403583511594962,1,9
2024-09-18,XLE,1,0.00193755803133433,0.0019356833868697798,0.004614690783654434,0.010957489521375445,0.015314616723352659,0.01966017681842458,0.017121333061864714,0.003424301445814231,0.12682447492670135,-0.14323409569673273,2,9
2024-09-19,XLE,0,0.011944014377202272,0.011873247573310763,0.004903389169163381,0.01113809388860757,0.01838496631282438,0.02961771600039098,0.016666642487005067,-0.004921727448504361,0.34021042481991937,0.1052280160574195,3,9
2024-09-20,XLE,1,-0.0022482885471425407,-0.0022508197424548904,0.00702388945419851,0.010054521613054809,0.008773847458792838,0.02404348353647312,0.013432695457706851,0.0019190180084377197,-0.26040818053895065,-0.16313202961792395,4,9
2024-09-23,XLE,0,0.012347773111202942,0.012272161150741479,0.007165911318504877,0.010407452972666724,0.01365878371336704,0.03284401085546573,0.018820817348655556,0.010430905103995917,-0.047615300984206965,-0.18792490298169295,0,9
2024-09-24,XLE,0,-0.00246848996046245,-0.0024715417049732125,0.007373453186247933,0.007846090910324835,0.006853684886563016,0.024999510533187497,0.015198610559779531,-0.013756355360170227,0.30030566800099145,0.10550001213172244,1,9
2024-09-25,XLE,0,-0.019572830887194526,-0.019766915438794275,0.01312793712197945,0.010258845210908009,-0.012786258881227197,0.0008973106997522962,0.02210442229555726,-0.0170293733846583,-0.20197300403726526,-0.056023819397805985,2,9
2024-09-26,XLE,1,-0.01961900458113719,-0.019814012033745332,0.013531439865711445,0.012502838504424138,-0.02601773104431193,-0.01990653116283103,0.016504783531224566,0.00023407050210667916,0.6970789184181576,0.5232503525831957,3,9
2024-09-27,XLE,1,0.020362796926433946,0.02015824731709337,0.018201551221935286,0.013864378574434887,-0.00427119511853602,-0.0025815131930119195,0.016994517777172313,0.0148992983905717,-0.3498520142271049,-0.02328513656888931,4,9
2024-09-30,XLE,1,0.006996318784843858,0.006971958103967779,0.01729726530197607,0.01362383170105144,0.005727444355124289,0.002173708479951353,0.01643111944425256,0.008847573058269534,-0.2519875629722922,-0.2597576602647743,0,9
2024-10-01,XLE,1,0.022779000304051777,0.022523432648103636,0.0207756568379259,0.014739016840099073,0.026520398704457993,0.02176157988681382,0.03746698145261879,0.03206528958773124,1.8989064569028264,0.8934348294269938,1,10
2024-10-02,XLE,1,0.01024493253855474,0.010192808916901885,0.016881923448841332,0.01489041921893122,0.02866470413538913,0.028100055158072346,0.01735121758638325,-0.003733761772526404,-0.3658669393261962,0.15530918874947774,2,10
2024-10-03,XLE,1,0.01763677624608695,0.01748305312961751,0.006728126350790028,0.015327036478350644,0.030748318691298016,0.04140704049224997,0.02295698535003744,0.014059740404490314,0.06680469025788782,0.20942925409425572,3,10
2024-10-04,XLE,1,0.009315354229285866,0.009272233897668514,0.0065871405400408515,0.015184658360337165,0.026618450305266883,0.045040578326173364,0.013104202370553717,0.000859310766550931,-0.1963153423064884,-0.04854169512126694,4,10
2024-10-07,XLE,0,0.0035415299739267603,0.003535273523900706,0.007538545970214895,0.015017311711154781,0.017452595475575317,0.04360343430660496,0.010801006450187464,0.0,-0.0953162556752426,-0.1524431563474109,0,10
2024-10-08,XLE,1,-0.026093509501377676,-0.026439985596670823,0.01698019671618009,0.017892233276506152,-0.01182730370453855,0.013916681659513097,0.019176643704642095,-0.013326146438411943,0.22264863435364735,0.02258546707391962,1,10
2024-10-09,XLE,1,0.006039482108170402,0.006021317535819026,0.01662771428889182,0.016117202255721236,-0.007797176894507762,0.015000218218551353,0.01825424866711379,0.013607737197025085,-0.2072495334483574,-0.1973667591540057,2,10
2024-10-10,XLE,1,0.006767036026516404,0.006744242410591461,0.014683499407127532,0.013576657003974868,-0.0009097913025567506,0.014239425601784816,0.01400196411575911,0.0011939717098763025,-0.17361260929707234,-0.2995250278738879,3,10
2024-10-11,XLE,0,0.006179503073528325,0.006160488239022488,0.014241882247991661,0.012834208925928568,0.006070470294158081,0.014239361711570364,0.01203774668010464,0.00650686997156828,0.014097376321628996,-0.28177946285045563,4,10
2024-10-14,XLE,0,-0.00043094067848925555,-0.00043103356010876226,0.014054765603253338,0.013005811846254921,0.007252865390195762,0.008325784297171568,0.009765641168794055,0.006618847186611208,-0.15960870124855198,-0.395414227290653,0,10
2024-10-15,XLE,1,-0.032230369555950045,-0.03276120510696323,0.01674838876240168,0.016177991828931173,-0.022472980532516562,-0.024151709035706292,0.012956789915884026,-0.005758629622225854,0.7045759642499978,0.11654510506781746,1,10
2024-10-16,XLE,1,0.004789538830739293,0.004778105482077688,0.016593286569792004,0.015887135977516304,-0.014765971458729155,-0.018934010063930806,0.005980738842084547,-0.0008860541615182267,-0.47469819657920886,-0.3726629113339174,2,10
2024-10-17,XLE,0,0.0047666197876017335,0.0047552954271909975,0.01632125547032641,0.014739080434176148,-0.006597876856155538,-0.01245332640019059,0.009312682879215177,0.004878076012117035,0.07830155456054744,-0.26986666194295716,3,10
2024-10-18,XLE,0,-0.0033096983484703912,-0.0033151875150525534,0.015460013109793488,0.014218845265759882,-0.004495913770051763,-0.012666755780564531,0.011385060183415802,-0.0014369943744706143,0.12045685705487696,-0.14726078227652306,4,10
2024-10-21,XLE,1,-0.002988867968250042,-0.0029933435542979225,0.015300818104332991,0.014033883646879712,-0.0015298692832803606,-0.011902904141883552,0.014515061132472595,-0.009566777251216643,-0.1188080882107998,-0.2169959462279496,0,10
2024-10-22,XLE,0,0.0023316638061345873,0.0023289496961913514,0.004022949186773509,0.011661345715680251,-0.00030999826640576433,-0.008739924433957658,0.008296460036953612,-0.0013274639884566588,-0.15147906625082697,-0.27730200906853886,1,10
2024-10-23,XLE,0,-0.0052061182836740105,-0.005219717336852447,0.0042209343992536735,0.011468209037478038,-0.0046327403495691755,-0.011936898933354145,0.01210703490691681,-0.002443643493125494,0.10340602793432985,-0.16314195567607293,2,10
2024-10-24,XLE,0,-0.00011128939591154019,-0.00011129558903588688,0.002966498810303537,0.011088397271514387,-0.00288694919015986,-0.009387639766537781,0.011888885498046875,-0.0022221883138020832,-0.13963418327175825,-0.2515417802018123,3,10
2024-10-25,XLE,0,-0.0003341726860078831,-0.00033422853414233344,0.0028998948123331826,0.010698447280098692,-0.0019567815877938877,-0.006386561094390508,0.011187356230531438,-0.005649115453327001,0.1207278870859878,-0.13336678064761376,4,10
2024-10-28,XLE,0,-0.0063496206496117535,-0.006369865233259109,0.003683818427549872,0.010687499027163812,-0.00637179970618218,-0.008778865005171443,0.016845018741773393,0.015251494748256902,0.2681762507458936,0.0890183013328203,0,10
2024-10-29,XLE,1,-0.015246578760129692,-0.01536400291540474,0.006154576956280465,0.006000729985586864,-0.016173127368323326,-0.0217827569292548,0.015955035606127106,-0.013033749012464887,-0.018012217269275266,0.14147811234575003,1,10
2024-10-30,XLE,1,0.0022770725892844457,0.0022744839883723778,0.007070310595677911,0.005723341196195812,-0.010007717071429001,-0.017180225313891406,0.010436821127788072,-0.0012478798462558021,-0.18609088922140582,-0.06864914157310287,2,10
2024-10-31,XLE,0,0.006246973224764529,0.006227541770722933,0.00838378397324875,0.00594466051056108,-0.0011050112992381234,-0.008772165449494218,0.010158030941070331,-0.00011289093005334807,0.6330754691647473,0.44990715481075627,3,10
2024-11-01,XLE,1,-0.006321283811370981,-0.006341347723696877,0.008392304904824743,0.006078025083582171,-0.0035092095372174503,-0.012485608602905374,0.02516986427427074,-0.019601315494876138,-0.16818664777758097,0.19352397338589356,4,11
2024-11-04,XLE,1,0.017494115751967465,0.017342855273141833,0.012436936727704118,0.00877451252806099,0.013074864497062855,0.0053539742524675304,0.013539399587377402,0.01060591752833434,-0.018734365852360435,0.1469657960525088,0,11
2024-11-05,XLE,1,0.006698739685630395,0.006676402825994465,0.008598544039256053,0.009037062667496881,0.014514004522752533,0.012213553184447168,0.008776812540584928,0.0017775361506234516,-0.19119937392975306,-0.08421665839052062,1,11
2024-11-06,XLE,0,0.03759564713462393,0.036906158882754614,0.016443880988057467,0.014702385403488269,0.03974046167024281,0.04586568600790053,0.023961074525060935,0.00982186743365206,1.3975743176570896,0.9385107302586633,2,11
2024-11-07,XLE,1,-0.004596032008260309,-0.004606626236776101,0.01808214930333027,0.01491519619098238,0.024622626930992153,0.03719792915692666,0.011550821722510027,-0.003957248626545788,-0.47779562545451637,-0.02213203499643468,3,11
2024-11-08,XLE,1,0.006657402659180356,0.00663534001988042,0.015925083524548633,0.014866446724775384,0.018623161729223625,0.03949533020119933,0.01202493830708043,0.0065492872487538135,-0.14542811232688035,-0.1743257629524485,4,11
2024-11-11,XLE,0,0.0056533522259258895,0.0056374320037968495,0.015927344492474266,0.014374417238614056,0.014003331474863545,0.039516679374479224,0.013543742012710342,0.005438862690501969,-0.0639035134844741,-0.2174901032673252,0,11
2024-11-12,XLE,1,-0.005303447814007267,-0.005317561014563044,0.0174560404246073,0.013051692054295723,0.000853729034172801,0.02727566326639419,0.012374385311281707,-0.00814388416295902,-0.11521134035409908,-0.2936573327092199,1,11
2024-11-13,XLE,1,0.007784302170696034,0.0077541608091489245,0.006429169303911148,0.012963018022000243,0.006603530628820575,0.0279866364347634,0.020944091769468015,0.004784229101817623,0.27976692395840086,-0.11068691681109055,2,11
2024-11-14,XLE,0,0.0038091252881060633,0.00380188894065725,0.0052515543177132995,0.013005597057442288,0.00670646830587085,0.02490148970182915,0.009564890350507891,-0.0028378877948130703,-0.2392782625590255,-0.28702626099486184,3,11
2024-11-15,XLE,1,-0.0014757943908678683,-0.0014768844480088639,0.005372519119490736,0.012538192164358782,0.0031344248705591493,0.01603471827501468,0.013716006209126231,-0.0005274891644565195,0.5590694575537172,0.10381620935730362,4,11
2024-11-18,XLE,0,0.013300935459874541,0.013213254653268613,0.007360242658327335,0.01223062707216618,0.01280910188290818,0.02250811878453929,0.011730233632220527,0.005341375040901719,-0.14913605219298876,-0.053663219983317134,0,11
2024-11-19,XLE,1,-0.006354922624488224,-0.006375201103029582,0.00768682457516623,0.012943646532954316,0.0029863296414738283,0.010402628574309958,0.01071199989487749,0.001680277574708293,-0.004026351255200344,-0.06824895142571641,1,11
2024-11-20,XLE,1,0.010064989299892302,0.010014674624540643,0.008069242463328867,0.0069454824706288035,0.009197280608640002,0.01757560153561477,0.010237159955793666,0.006372014619937337,-0.24704577162932206,-0.19745156741861913,2,11
2024-11-21,XLE,1,0.008096516954392508,0.008063916012165606,0.008286190450182971,0.006561590135209773,0.012594980646898346,0.02150939154450615,0.013535829459774534,0.003513163583113102,0.8719582979863374,0.45412027479192485,3,11
2024-11-22,XLE,0,0.0015443524884237725,0.0015431612024721097,0.007817897654679145,0.00655003993824695,0.008815584892425177,0.01931312944690866,0.01051651371824006,0.002886883033961465,-0.3573357979785934,-0.06231321825330194,4,11
2024-11-25,XLE,0,-0.019738925355614723,-0.01993634009806522,0.012156187266846575,0.009819620286573948,-0.00978279210422428,-0.0019261142587111424,0.026940823827120822,-0.01953729075453888,0.5286329306537512,0.36203517004255104,0,11
2024-11-26,XLE,0,-0.0013632903605367286,-0.0013642204862907015,0.011835712835000985,0.009607651187516891,-0.010804033230405019,-0.004786882153213101,0.009426073462884411,-0.002723105646095349,-0.24332789084265538,0.0039210128115410026,1,11
2024-11-27,XLE,1,-0.00105025226392097,-0.0010508041652874667,0.010358780773205347,0.009375784943584278,-0.009331803410901673,-0.006465524428949099,0.009776099359052244,-0.00010506156968882287,-0.3744946415966117,-0.3509232807932291,2,11
2024-11-29,XLE,0,0.004310418440204966,0.00430115519607277,0.009492477423222763,0.009395673894341504,-0.0017554636141674518,-0.00287036177480382,0.005559622040458439,0.0020979434008259563,-0.12562517633178594,-0.4219390501867325,4,11
2024-12-02,XLE,0,-0.010572564340872281,-0.010628850980175297,0.009506149747568419,0.010050856288162888,-0.006600174983307894,-0.013196279498204233,0.02083775385512107,-0.01026181525584915,0.6272623273004605,-0.03525346443567767,0,12
2024-12-03,XLE,0,-0.00010574375705452166,-0.00010574934831986127,0.005429292897178495,0.008879272354326999,-0.004948329921800831,-0.011773687436013258,0.012614365734080826,-0.006517346106253818,-0.19393420459666522,-0.20150033972819958,1,12
2024-12-04,XLE,1,-0.024124488381901177,-0.024420250275802857,0.011341036877495532,0.011380747108099302,-0.022800945281590823,-0.0324272236851344,0.02953319444771971,-0.023711208159470577,0.8180090123332551,0.3972762609131324,2,12
2024-12-05,XLE,0,0.00390311663668208,0.0038955192395437876,0.01210575793156869,0.010725011867365892,-0.01369906219325645,-0.024814219674676674,0.010802635878758808,0.0002160164538438937,-0.30308137031797777,-0.045669118916574325,3,12
2024-12-06,XLE,0,-0.016956386085516528,-0.017101791645777187,0.011602736503724887,0.010533098903720986,-0.02101666931534396,-0.03515096591930744,0.016883172751370173,-0.014935117532719904,0.15639120304998588,0.13875097442974682,4,12
2024-12-09,XLE,0,-0.0016479403646745272,-0.001649299712017882,0.012086560128270486,0.010311092421373702,-0.014895263826613214,-0.030161348394033505,0.01612547120531135,-0.009914971070146873,-0.09840269245151989,0.01753264762272244,0,12
2024-12-10,XLE,1,-0.006822888807439975,-0.006846271130632964,0.011371599582974188,0.009256113316044999,-0.012495555432893157,-0.03150682688176709,0.015318896004314336,-0.01247400587878287,-0.013881952615139803,0.04691852837038768,1,12
2024-12-11,XLE,0,0.0016620888657601363,0.001660709124684523,0.008304870871655781,0.009451652884524271,-0.00687705988850118,-0.024853216166669023,0.00862448870235509,-0.00044229228712437636,-0.006532244911973462,0.04849010829330691,2,12
2024-12-12,XLE,0,-0.008075351416101051,-0.008108133671113293,0.007106285645267498,0.009374624202558359,-0.008535910413349557,-0.02700772176013444,0.009086876265911798,-0.006316486129407013,-0.06054191363251482,-0.04168579957641716,3,12
2024-12-13,XLE,0,-0.005018340551963041,-0.005030974708969627,0.003975038956518101,0.008691236197524186,-0.009569064989599196,-0.025216319651951702,0.010568438699439877,-0.007453534024859146,0.02758183038875761,-0.05165279610917073,4,12
2024-12-16,XLE,0,-0.021968086862056535,-0.02221297845930792,0.008641976990734051,0.00990645979819521,-0.02350039033706386,-0.039007869299508835,0.020006729851349863,-0.019219951230873347,0.12038843640920072,0.04983621075725475,0,12
2024-12-17,XLE,0,-0.0074491468348003576,-0.007477030287339481,0.008624365442788773,0.009528178009735424,-0.022813497271263472,-0.03779500483591414,0.011200849981521183,0.00011549811093192704,0.2786125690000878,0.2672732066466563,1,12
2024-12-18,XLE,0,-0.029557683430674442,-0.03000331495627906,0.010762915935371632,0.010602923391299977,-0.037911176516463474,-0.05767198514755256,0.031608146818625615,-0.026861174262449928,0.22584313186469895,0.5132031031283477,2,12
2024-12-19,XLE,1,-0.008685446590477874,-0.008723384915652055,0.010676202417437067,0.009572521141133656,-0.03219820118970729,-0.05604594524283779,0.022957345092935975,-0.019072318107119787,0.2736970327105186,0.7436726480615006,3,12
2024-12-20,XLE,1,0.009841646788117275,0.009793533202759441,0.015128098585311053,0.011167441118708512,-0.0110019417736541,-0.03926742556798468,0.016084551753139855,0.009962811851854023,-0.28563825743176463,0.20566240723219154,4,12
2024-12-23,XLE,1,0.0058725859883466125,0.00585540956911057,0.015461177778201968,0.011857591040231326,0.000985160971460175,-0.026695225739137074,0.01752489649811605,0.0074421169697666805,-0.03527256839416548,0.12214547684032007,0,12
2024-12-24,XLE,0,0.00845928048792599,0.008423701283574392,0.016676386847827494,0.012830687575602871,0.012470239114584114,-0.01289945116451241,0.014019250693189924,0.005583951894114842,-0.56382564870781,-0.496987792474068,1,12
2024-12-26,XLE,0,-0.0008270466474561422,-0.0008273888392200668,0.00768174119350366,0.012699960129194826,0.008690599736038473,-0.007840199652678348,0.007913052833761014,-0.0011810378680009292,0.024107772793226845,-0.47111851435807506,3,12
2024-12-27,XLE,0,-0.00011823391190690646,-0.00011824090208722993,0.004891127951741237,0.012786415442380052,0.003941643446619736,-0.002852351194613245,0.015858035115800667,0.0007100302792159764,0.3238834295221755,-0.2964941788379779,4,12
2024-12-30,XLE,1,-0.0001181540452839247,-0.00011816102602280054,0.00422931381819075,0.012876870397868095,0.0011841882480616572,0.001669222754499211,0.013952942053138007,-0.00023645078796931895,0.15589745603785987,-0.19017397979820216,0,12
2024-12-31,XLE,1,0.013128381139597689,0.013042950839283307,0.006332001747789834,0.012345115976874764,0.01018926863437808,0.015871437169031388,0.015575217638043879,0.010737506337573746,-0.10109830370263406,-0.26222273657674133,1,12
2025-01-02,XLE,1,0.011673958857148836,0.011606343913402206,0.007011428647133163,0.012701690502523353,0.017136146513411887,0.02679236962177267,0.014126924641972377,0.0034738657901520736,0.6483345145287029,0.2040354705046339,3,1
2025-01-03,XLE,0,0.00934689241696618,0.009303480519271545,0.006442279107761306,0.006984997461652904,0.01970156004127044,0.03135595121874446,0.01078355467651174,0.003441586073873406,-0.3659300025797575,-0.18861520110391294,4,1
2025-01-06,XLE,1,-0.004573011547432504,-0.004583499752074616,0.0078001756298273555,0.006172920912223278,0.009132813691932418,0.02128907117376011,0.01957438451053229,-0.009104393157526458,0.032295396188202874,-0.06978866239754933,0,1
2025-01-07,XLE,1,0.009991913868481195,0.00994232475030854,0.007134833997538948,0.0061854600408235505,0.01126949062689353,0.02607777846862991,0.016303731844741688,0.0026223162619358796,0.09636876401345296,0.0661925345484744,1,1
2025-01-08,XLE,1,0.0010235074631579355,0.0010229840365183485,0.006974917858951584,0.006322709690095439,0.006816606425034344,0.022237748142879488,0.01121285285839975,0.007208206435001357,0.13772278097764,0.2446308422771959,2,1
2025-01-10,XLE,1,0.004089483274081873,0.0040811440649966,0.006059154103592852,0.006191248061909998,0.006949193843646784,0.021967861555210133,0.02556912443776315,-0.00874732303817093,0.19632211994186166,0.3745507351606463,4,1
2025-01-13,XLE,1,0.02104315164521986,0.020824802388564656,0.00977163957458334,0.00780667898575712,0.021667312856526122,0.03666525073014926,0.0224124095421822,0.01644328268294156,0.4349244918681292,0.7375134498967362,0,1
2025-01-14,XLE,1,0.01074785860143912,0.010690510913139217,0.007682693431395117,0.007526796037154875,0.023035666788483455,0.039852232493282846,0.014874059515546554,0.012543067252154337,-0.3624657948879463,0.06677206742911124,1,1
2025-01-15,XLE,1,0.014799359224527464,0.014690917312486285,0.008069629463992534,0.007294027032548671,0.027505169131597063,0.045681444009395555,0.015362781122992358,0.008607549858734003,0.11178904821480118,0.14257588425030931,2,1
2025-01-16,XLE,1,0.007237758143249451,0.00721169127334198,0.006625156890958965,0.007171823526317421,0.023108790197827744,0.044308006709565584,0.012789944481395102,0.010622108225100707,-0.27200803282377994,-0.1792150841260134,3,1
2025-01-17,XLE,0,0.007722033682498353,0.007692371384715013,0.005737643356269057,0.007088221491604983,0.018558660903414292,0.04383760996959185,0.014800485682488387,0.007722020990981784,-0.05275340261428585,-0.1936941100899232,4,1
2025-01-21,XLE,0,-0.005108404957899437,-0.005121497465426117,0.007450436287007872,0.008201881386265038,0.0063083951512989955,0.03161741171622756,0.010776804556926907,-0.0025607966351211993,1.062879713468008,0.523595613953221,1,1
2025-01-22,XLE,1,-0.018185744843356888,-0.018353138053687434,0.013033551406677682,0.010949656717122759,-0.01318187558234385,0.007619252683280786,0.01695462806804971,-0.015130417696854585,-0.2722364204291915,0.06584940119084548,2,1
2025-01-23,XLE,0,0.004575980576530414,0.0045655426079269645,0.01103343307812158,0.010827037629858493,-0.007876825650022568,0.007518043131814478,0.013732662164433081,-0.003027750849128976,-0.1817436915067363,-0.13892084132307125,3,1
2025-01-24,XLE,0,-0.009652950475684374,-0.009699842208509502,0.010550936230531816,0.011729035306361886,-0.013355629044158102,-0.005771009319871179,0.016354403837156514,-0.011047376283251245,-0.006893920815281063,-0.14654165076257675,4,1
2025-01-27,XLE,0,-0.01040390357792631,-0.010458402513423781,0.008343813448538693,0.012546240528528523,-0.015964897910463183,-0.01822083256475915,0.01571428906786573,-0.007032960325807005,0.09728776820501572,-0.05776724877248862,0,1
2025-01-28,XLE,1,-0.00951762590158678,-0.00956320795550969,0.008226344712056988,0.011106821763254617,-0.01680767328762356,-0.02677195805836652,0.020964293876911927,-0.012468247684685355,0.16904736601924153,0.14010968912473043,1,1
2025-01-29,XLE,1,0.0022346000175030856,0.002232107012106077,0.0073194924345431345,0.010430865470469874,-0.010086773184723508,-0.0229823071478632,0.011312748096325893,0.004704280630464187,-0.447037308364838,-0.34873436216790865,2,1
2025-01-30,XLE,0,0.005128333069250868,0.0051152279550477076,0.0074938064392695795,0.009102057570201607,-0.000509877421273397,-0.015387249440591777,0.011412728856475068,-0.0009971893395083102,0.8901933100600528,0.21406344138783462,3,1
2025-01-31,XLE,1,-0.02795035757509079,-0.028348403372241204,0.01306854112009359,0.011391407701968463,-0.020475685014284983,-0.03701831608122874,0.02980758754328924,-0.02524751618286922,0.13927955674475467,0.30491572342375495,4,1
2025-02-03,XLE,1,0.0062757052686786,0.006256095032977527,0.014395466886517062,0.011203829149679292,-0.009523983704686434,-0.02479208329220617,0.019627995830343782,0.006390564938268767,-0.10600079932820505,0.11461345002653811,0,2
2025-02-04,XLE,1,0.020977402513775223,0.020760406238061968,0.01790995080933789,0.014151002589508199,0.010028492345537598,-0.000532805317112528,0.029619573247577247,0.02574620833514406,0.011638420349403766,0.15680268260083152,1,2
2025-02-05,XLE,0,0.002110323451313123,0.0021080998465792256,0.017908473177256128,0.013262451678231679,0.010957842257965922,0.0033026094959105468,0.009443378001864925,0.002444186373533825,-0.45948093088843545,-0.348321655883184,2,2
2025-02-06,XLE,0,-0.018397508828440157,-0.018568847720318526,0.01965887821045634,0.01403664560847869,-0.004092904931873531,-0.011164400507579497,0.030560506300900157,-0.022837596080794144,0.8973727723681793,0.19377554606151404,3,2
2025-02-07,XLE,1,-0.00011307340964084034,-0.00011307980292096786,0.0141316454131968,0.013927447547654943,-0.006261490928735736,-0.00823126099980076,0.01046119560419869,-0.003824566495493036,-0.4536766272246645,-0.3351543010936412,4,2
2025-02-10,XLE,1,0.022019101172628508,0.021780181599644344,0.016780604621711232,0.015668605008811634,0.010359222448133254,0.013436362921152023,0.014661502074537862,0.012982693698034621,0.14635508055511237,-0.22385303265940903,0,2
2025-02-11,XLE,0,0.008065334929542756,0.008032983947040773,0.014623386098762712,0.01543216324498299,0.01578671308159363,0.01962356479415228,0.01638440536363032,0.003298827955899517,0.013737176959886188,-0.18589802089793706,1,2
2025-02-12,XLE,1,-0.024112181754704642,-0.024407639497633138,0.018962640483184717,0.017504235074377046,-0.006072497633555773,-0.004227348449828194,0.024643644707460475,-0.01602383669436176,0.4793569936095903,0.14022497216942154,2,2
2025-02-13,XLE,1,0.007524610262496401,0.007496441599915027,0.01697126339410051,0.017607460577924346,-0.0011357558833671177,0.003770618530612113,0.01788530866135367,0.009111333461090646,-0.18682021093435874,-0.051774556623819246,3,2
2025-02-14,XLE,1,0.00401289994650833,0.004004869739294925,0.016901867556328023,0.01470426078984613,-0.0004883469019693054,0.00506594579499442,0.014214311337237526,0.00022206154790370002,-0.17954130534002744,-0.175819872299807,4,2
2025-02-18,XLE,1,0.013656147138474406,0.013563742273638546,0.014907444350073932,0.015076584604728471,0.011387839588967275,0.015267931730885032,0.02121544938061119,0.008839812726605664,0.14251056563830367,-0.02662539025756505,1,2
2025-02-19,XLE,1,0.007886116032442825,0.007855183139896749,0.014888905898256555,0.01392167126549181,0.017605216706855886,0.021026370286893803,0.013634380408367336,0.0037085115266020626,-0.1705370788644387,-0.14848595504447926,2,2
2025-02-20,XLE,0,0.009128523568185054,0.009087110433311008,0.003479446170404558,0.014088894019018434,0.01829118699047072,0.02734886277236659,0.017205642711049587,0.011216364573223326,0.1549455387424994,-0.03844365540876715,3,2
2025-02-21,XLE,1,-0.020784032246169093,-0.021003060418887998,0.01361479348872983,0.014505064798273154,-0.005533898126797165,0.0033766330568489877,0.01809323665356086,-0.014842932841657584,0.10392415696627855,0.09890364715455613,4,2
2025-02-24,XLE,0,0.00021984104244632263,0.00021981688094552254,0.013634577323026231,0.01449819909824979,-0.007226214263606701,0.0009574198518849109,0.010648822699530996,-0.0015369348476985511,-0.15926923003139726,-0.08805895197112334,0,2
2025-02-25,XLE,0,-0.014403447299219496,-0.014508183874602842,0.013421460010836241,0.013674428326776147,-0.017966711767465893,-0.012514310195219758,0.02683377107470254,-0.014186747071350403,0.01191852505400215,-0.0795432689314115,1,2
2025-02-26,XLE,1,-0.005689410053699051,-0.0057056563977924135,0.01179378408632746,0.013362821532425202,-0.017331481524903714,-0.015844952545476798,0.01415038042413823,-0.006908108597014276,-0.08655096472569024,-0.15358449250450623,2,2
2025-02-27,XLE,1,0.0053854099249990295,0.005370960459284202,0.010630592046804372,0.011059325745056867,-0.004908245238657516,-0.011167228928762318,0.019275718412691503,-0.001559881778812674,0.23625831084194582,0.0792777804117979,3,2
2025-02-28,XLE,0,0.015511679433734216,0.015392603137831085,0.011283639757831419,0.011866435256719229,0.010370218376749785,0.002743814393887156,0.02586204172062493,0.018808780910386985,-0.1138445154419595,-0.026375101833664094,4,2
2025-03-03,XLE,0,-0.034945016612744295,-0.035570201662939116,0.019348637362391754,0.016454884216417966,-0.0181126498056301,-0.02989190321695534,0.05320197801347935,-0.03864257075271767,0.8590689220045669,0.666159544289959,0,3
2025-03-04,XLE,0,-0.009678953789955869,-0.009726099322792336,0.018998400734133544,0.015554349102080053,-0.021775825983622932,-0.034664185424172045,0.03409218756337256,0.0050849699250374285,0.023740550848656117,0.5925976906594963,1,3
2025-03-05,XLE,1,-0.014602704869694394,-0.014710373821946288,0.01938980872583033,0.015146901204784869,-0.028564945711289425,-0.04204064320096301,0.024734602371102976,-0.00011669742547320538,0.11511731160092342,0.6137505247256434,2,3
2025-03-06,XLE,1,0.0030337331270471335,0.0030291406446036895,0.019019056433110054,0.014536782399425713,-0.017487795285925145,-0.031665812147942285,0.021925138903909437,0.00785553009442326,-0.16645667730770053,0.27669227954628606,3,3
2025-03-07,XLE,1,0.01710100020328653,0.016956424036292717,0.019519778954455013,0.015614447200274937,0.007536600084101952,-0.0112077829680155,0.019803116556917362,0.01250725941099306,-0.047872588856195386,0.17244350473011627,4,3
2025-03-10,XLE,0,0.007434532581493292,0.007407032659407786,0.012861565641814659,0.01598348802801773,0.014419300239814525,-0.0006127346704005721,0.02309178358243929,0.0019337750183553279,-0.10711004878570851,0.01053856663179209,0,3
2025-03-11,XLE,1,-0.007947369634991652,-0.007979118301184585,0.01253276941157186,0.01560134753384859,0.005407849649193608,-0.006006353327856373,0.021596517186668607,-0.011985585241142,-0.24510180944627846,-0.24405487980227025,1,3
2025-03-12,XLE,0,0.004577812874201781,0.004567366557568953,0.008998776160841016,0.015701245150191234,0.0051989749158560805,7.977969376415928e-05,0.016925842706040764,0.003888338613879355,0.06649641748979507,-0.20947286912181473,2,3
2025-03-13,XLE,1,-0.006835337596047375,-0.006858805517990341,0.010458034447088402,0.015588496097044243,-0.0044535880587640575,-0.003998662682032528,0.02377960217248031,-0.00331543285103675,-0.04647585017555611,-0.2474938082609719,3,3
2025-03-14,XLE,1,0.029594019807326566,0.02916456901496911,0.01514938490415302,0.01787794782410773,0.019582949433293084,0.026931831102108506,0.0298881474758594,0.02395617597981927,0.04167588315659354,-0.22635110486412735,4,3
2025-03-17,XLE,1,0.01593125889356628,0.015805688298021536,0.01589767281024376,0.01404450611046848,0.028559129944658812,0.03928512705172382,0.021407047794425378,0.01672427203890353,-0.07062379774663374,-0.2449820388448034,0,3
2025-03-18,XLE,1,0.0016449336487442956,0.00164358222718608,0.014111742750028114,0.01326648020948163,0.02112908407745273,0.03583575692502383,0.014067622229643618,-0.003925851933831099,0.0351123595505618,-0.17698421858035618,1,3
2025-03-19,XLE,1,0.016312852287800217,0.016181227237087814,0.01417175729244098,0.011702583262284717,0.026199544821837284,0.04428933891083808,0.019680684893740284,0.014979256071462386,0.030383099725383556,-0.09188906505421046,2,3
2025-03-20,XLE,0,0.0036625139140564755,0.0036558232414494185,0.011293075745012234,0.01167408320046165,0.01649611624766978,0.03968132964488569,0.016789461188058376,0.009207089221521603,0.044766339241272046,-0.011825814171906979,3,3
2025-03-21,XLE,1,-0.006976592059687814,-0.007001042263833579,0.009971723694938052,0.01209758367677932,0.0033618272064019905,0.026596917306175083,0.012276538683560552,-0.0036614685015116653,0.11494530147511117,0.12822947586314637,4,3
2025-03-24,XLE,1,0.011393870484174062,0.011329449218422827,0.009015694503672483,0.012223347611626316,0.009573343252799793,0.03200244764931437,0.014422053930271538,0.0068314600420601185,-0.355666980387066,-0.23519086361161623,0,3
2025-03-25,XLE,1,0.004092702913986779,0.004084350586722962,0.00883860129708274,0.011235036347475998,0.008012723995652227,0.02876375363902972,0.01168779693670736,-0.0003216682244233062,-0.06432846721455976,-0.2656771601615695,1,3
2025-03-26,XLE,0,0.005899372899709876,0.005882039735861433,0.0066734822918342665,0.011206674457287982,0.010314392762670321,0.027261470596061654,0.013496245097343698,-0.0034006344315959097,0.1468060290687243,-0.13893870050293633,2,3
2025-03-27,XLE,0,-0.009703532786210722,-0.009750918851135992,0.00894113438768996,0.01164179301935718,-0.0003960440414400024,0.010250102367568736,0.014438486354236297,-0.006737938539229612,-0.2510033405568638,-0.3288590133549618,3,3
2025-03-28,XLE,1,-0.004737826770612075,-0.00474908584831546,0.008490188401954599,0.009079364734401124,-0.0064708817010104,0.0017970431526166397,0.012928215386636131,-0.004201674110436185,0.1619507201871755,-0.19250253513438575,4,3
2025-03-31,XLE,1,0.011035396843638745,0.010974951140214628,0.00838544833529245,0.008460561541735212,0.003199083022969562,0.009607014835882444,0.020600688026930117,0.013227730097625309,0.295072093775844,0.04937723067958344,0,3
2025-04-01,XLE,1,0.005885484533107999,0.005868232726080613,0.008570091714689239,0.008476741538868399,0.007437888377764379,0.011868394236962843,0.017112283145680147,0.0053475935828877,-0.058742685796389194,0.0011716734109872284,1,4
2025-04-02,XLE,0,0.0013829506784450718,0.001381995282897286,0.00824550296443963,0.007228688467402731,0.008074851229195046,0.011070998509608465,0.013197379482985713,0.00997854437368972,0.2521791071191539,0.24346514953905452,2,4
2025-04-03,XLE,0,-0.07850843247146488,-0.08176165272418245,0.037083853178017996,0.02646950458445029,-0.05870863467148402,-0.06255808463630774,0.040490766220122286,-0.03245960527138816,1.2278110516304186,1.397217043485755,3,4
2025-04-04,XLE,0,-0.09199906386761392,-0.09650986939857109,0.05037991192335617,0.03796737177930663,-0.11917329647889019,-0.13663070196981153,0.06969508781008836,-0.05845785176866509,0.3316802761909545,1.6556790073993786,4,4
2025-04-07,XLE,0,-0.006475329172814126,-0.00649638506185557,0.04728976695677782,0.03702062182138829,-0.09407702034129772,-0.12826965111408117,0.08660278904879039,0.026768152998744518,0.1305661426075908,1.426308733295361,0,4
2025-04-08,XLE,1,-0.023131015814075173,-0.023402736048339534,0.042741942735440304,0.03634820319978287,-0.07752460634036606,-0.13220184005958058,0.07265063655215702,-0.05231838617787593,-0.20515368704941228,0.6837718644076622,1,4
2025-04-09,XLE,0,0.07744639216176297,0.07459378970404273,0.06744045251945263,0.047217927301978366,0.022978537665083065,-0.05271266481798609,0.11634425051044163,0.09886596349332023,0.3139441386196353,0.884972118947327,2,4
2025-04-10,XLE,1,-0.06532302021387859,-0.06755428554866416,0.06501649575434017,0.050119640450748036,-0.020087096588789377,-0.09810906501931971,0.05908748182050932,-0.04038890319704152,-0.3355329078767745,0.1439311012717066,3,4
2025-04-11,XLE,1,0.024811616451852814,0.024508806871674782,0.053495067336444664,0.05179498767989906,0.0038938788745146447,-0.06083336578370957,0.04732355618584709,0.02004141615143096,-0.4697203927809672,-0.4101844383744838,4,4
2025-04-14,XLE,0,0.0035492890941333233,0.0035430052320357674,0.05331057856366191,0.05143797778145702,0.005103601041793526,-0.04120039806521347,0.029470094351877,-0.01968801294238513,-0.2187333002519276,-0.5417337661283597,0,4
2025-04-15,XLE,1,-0.0015156872486432604,-0.0015168370645488594,0.05145833629126477,0.051152756515630615,-0.003026826439056496,-0.025000883321512624,0.01908969072015795,-0.0006320533922593956,-0.3231078349344392,-0.6876376546064674,1,4
2025-04-16,XLE,1,0.008222576354131261,0.008188955149394328,0.034576520461359374,0.05145548617772703,0.01196067172685722,0.0008287657805305937,0.02149870120925998,0.00201151660640238,0.23297694771507205,-0.6112327912112672,2,4
2025-04-17,XLE,0,0.022584713795159805,0.02233345518039309,0.011655779520631168,0.04742878086688929,0.023072481662536504,0.03021109114773779,0.03049165680352576,0.014312402585163652,0.7528849601557184,-0.29053261588109436,3,4
2025-04-21,XLE,1,-0.02613495949742628,-0.026482547052565586,0.017794781691682412,0.03758478521368566,-0.004864714264925074,0.002513548415843836,0.023937237504738054,-0.010472464125152129,-0.35268677153257855,-0.48786072031104877,0,4
2025-04-22,XLE,0,0.02545035588770328,0.025131887692694033,0.020898935427439737,0.03819220079805804,0.014812547046002988,0.023966731430995702,0.024129288248673466,0.012313406032099064,-0.28745646846382045,-0.5698627097166016,1,4
2025-04-23,XLE,1,-0.0018428591096092406,-0.0018445592635418784,0.02092775181222231,0.03705124026139354,0.00744054160880947,0.015944537045006868,0.027283867658903053,-0.010475038079600513,0.9557142469249775,-0.07342260018507452,2,4
2025-04-24,XLE,0,0.016001837731951962,0.015875157945945517,0.021448947429421123,0.028012162598926464,0.016402268344719584,0.03196923293119469,0.01817070565572599,0.006585377018626143,-0.5090035681064046,-0.42443432138910453,3,4
2025-04-25,XLE,1,-0.0018171832381446151,-0.001818836318542072,0.019788480197757006,0.016060031460670563,0.012336325991386454,0.023173268964934657,0.011980387420266768,0.007212668898280029,-0.167500824732551,-0.4251266590645193,4,4
2025-04-28,XLE,0,0.007039590240338622,0.007014927998702625,0.011811610088988294,0.014795011489236069,0.010522946210880235,0.025181588012994638,0.0122721077689482,0.008140925201715436,-0.06951677913137988,-0.41672439049316967,0,4
2025-04-29,XLE,0,-0.002892443743407025,-0.0028966349426347016,0.0081593828827214,0.01501128781079711,0.004321849544207446,0.017739509651317986,0.014017570856233993,0.00841056111294675,0.20725445342159055,-0.26204402581213315,1,4
2025-04-30,XLE,1,-0.02695519102465116,-0.027325145466635004,0.01603895865791645,0.018003273495228206,-0.02099087233962349,-0.011457201222115687,0.024692806746409147,-0.011056529594692641,0.9056310914460224,0.328940339631129,2,4
2025-05-01,XLE,1,0.003726662264213809,0.0037197354622984236,0.013363612379173967,0.017885411078575796,-0.01316594024462725,-0.009111737635415396,0.025300655875685203,0.012024132739239439,-0.03966234906463706,0.23717409301358994,3,5
2025-05-02,XLE,0,0.014603963459588032,0.014498352568594441,0.015871820069445836,0.016996820125041598,0.002249493004882419,0.004767700957912124,0.02531180882517025,0.0024456417292995996,-0.1177384178177252,0.15389851507435437,4,5
2025-05-05,XLE,1,-0.01805314185200113,-0.018218088030892865,0.016681947430289022,0.01572248980580021,-0.009864445879330663,-0.014736068132214841,0.012476770165682747,-0.0055589495393051904,-0.0782988126896138,0.0692560374718656,0,5
2025-05-06,XLE,1,0.00024835937552736276,0.0002483285394432322,0.016882103037365433,0.013293781698744888,-0.004204850752475009,-0.01344086659512167,0.014222131056126717,-0.004204847448908249,-0.2212921009678228,-0.17006047499361177,1,5
2025-05-07,XLE,1,0.0003726910464569855,0.00037262161439954866,0.011759238913606234,0.013296525372863102,-0.003956912960962566,-0.012238123496356557,0.01263936408474206,-0.001858660497602933,-0.023883037477060665,-0.12423254957409813,2,5
2025-05-08,XLE,1,0.013159372669410363,0.013073540304927356,0.013145478558228379,0.012923230907939731,0.007132902336254743,0.0019028034064563215,0.019190522094037425,0.003936519759136761,0.36173606222879595,0.1506041784302654,3,5
2025-05-09,XLE,1,0.010047904043708034,0.009997759474658974,0.0121817016815916,0.013382184266824188,0.016123890483701775,0.011920132407184703,0.013074990576404462,-0.0020580892504322938,-0.3458963940089904,-0.25392494320437764,4,5
2025-05-12,XLE,1,0.026082735036595084,0.02574838193470086,0.010681950749831816,0.015639309769617214,0.03224392091293904,0.03626563301500596,0.022344450012874825,-0.01052879609890544,0.631054558549907,0.14762683018501388,0,5
2025-05-13,XLE,0,0.01406943414663564,0.013971378314431071,0.009221840267491808,0.015962108939705472,0.03352286398288684,0.04694588803097677,0.02105874454273897,0.009058784036075367,-0.10973321067157316,-0.010308181842354824,1,5
2025-05-14,XLE,1,-0.006062603013803014,-0.006081055208141617,0.011538598521498192,0.012488896151905278,0.015751667671036307,0.034599998495831175,0.0077465221332146065,0.0005868902998692437,-0.2651937888369914,-0.22947559436563558,2,5
2025-05-15,XLE,0,0.004222766472248507,0.004213875614464957,0.011896037506205171,0.01248064137706298,0.010409736113017543,0.032939146724089374,0.020197274737068234,0.01710826271512908,0.39324789289631834,0.09971901693668528,3,5
2025-05-16,XLE,0,-0.0015183914101798424,-0.0015195453346374954,0.012887897873421983,0.012266410286626856,0.0016640384443260547,0.027033597004109344,0.014452189040384037,-0.0037296000401210103,-0.2690232019810508,-0.16423929919477565,4,5
2025-05-19,XLE,0,-0.01298555463559381,-0.013070604028190491,0.01027656920731832,0.011309678716612172,-0.010856305783330522,0.009005359738776697,0.013094262761686128,-0.0047185786519326435,0.14090160086164838,-0.028757583974245438,0,5
2025-05-20,XLE,0,-0.009245084188719277,-0.00928808521683111,0.006708774380068945,0.01210153404849314,-0.014965908575491516,-0.003979866951701605,0.011742354316657436,-0.008539926954721338,-0.08088110703191187,-0.10656637751180409,1,5
2025-05-21,XLE,0,-0.018423151349790112,-0.018594971183245157,0.009022393864606215,0.014005381321916673,-0.025765822322294962,-0.024073996735571535,0.014562512189218542,-0.012516468070399417,0.12800344128310703,-0.004895290654494344,2,5
2025-05-22,XLE,1,-0.0039001217954321987,-0.0039077471033190925,0.0068281357495841,0.01351668535539115,-0.020540755757763596,-0.028018964812101865,0.018132757629698067,0.0013477163274926373,-0.07651059988170472,-0.0560532284123515,3,5
2025-05-23,XLE,1,0.003181141835107759,0.0031760927085784374,0.008314116131357937,0.013131358697332994,-0.009136456727978248,-0.02441644656725306,0.015059789644950158,0.012097218882812183,-0.009320669807266091,-0.07775551479529474,4,5
2025-05-27,XLE,0,0.008659653813611001,0.008622374076671768,0.010575549239528933,0.010001455065349883,0.003494643710799439,-0.013762033690714048,0.010658974186475123,0.001695729091429277,-0.19067670452128793,-0.21160271538808306,1,5
2025-05-28,XLE,1,-0.01269643342232507,-0.012777721915393503,0.011107202197156645,0.00865442190153638,-0.004559594262581235,-0.021475963170635826,0.02298430887829261,-0.017448820395511124,0.553111204540677,0.22183110528983585,2,5
2025-05-29,XLE,0,0.007470923557446829,0.007443154429634724,0.008886224098539197,0.009468280839212475,0.0023640077611486454,-0.010620210600965851,0.012227928771419306,0.005869446858626142,-0.19489994112193176,-0.02620864431780412,3,5
2025-05-30,XLE,1,-0.008874370608619064,-0.008913982362527939,0.009744962145198828,0.009179147334636543,-0.006046876250674016,-0.01456459832323298,0.013230452865284964,-0.0012250211623877846,0.3045375071450187,0.2635366128689518,4,5
2025-06-02,XLE,1,0.013124049089555001,0.013038674915930581,0.011523786458868264,0.010792711805149792,0.005502274735836421,0.0018557645770591602,0.01829998420110886,-0.005538154322098974,0.03197309156985173,0.25143678273188375,0,6
2025-06-03,XLE,0,0.011864407425972168,0.011794577131570172,0.012094019023651533,0.011186127025035119,0.015256791870058573,0.014714480536336394,0.026857018175051862,0.01112990718831811,-0.052399238237957,0.16062517732910053,1,6
2025-06-04,XLE,0,-0.019502304123152348,-0.019694983295618584,0.014357751827028573,0.012438200498692945,-0.005268034027164248,-0.003089883394470805,0.028010581058662956,-0.01903284594038862,0.48057168084447466,0.5841712599285664,2,6
2025-06-05,XLE,1,-0.0009762443055217895,-0.000976721142358361,0.013867610592752232,0.011005627450834419,-0.005297346231423861,-0.0038449769170890713,0.011385596412410187,-0.008357495547671519,-0.3846129882151885,-0.03179954697111331,3,6
2025-06-06,XLE,1,0.01881039381187266,0.018635666085133895,0.01532450134880993,0.01240362410175704,0.008804849023990036,0.012822730368501789,0.012710362474276999,0.009684094490341487,0.032608931477128955,-0.016834126564427954,4,6
2025-06-09,XLE,1,0.0019181235581975375,0.0019162863082118342,0.01457922814326657,0.012397890372655816,0.008373894407131655,0.012822301814263026,0.01624075286655784,-0.0020300713312874697,0.004328216046615818,-0.029845041217480106,0,6
2025-06-10,XLE,1,0.01782932983270835,0.017672251649426762,0.01574258417358065,0.013256225622400213,0.022699877141772795,0.027940149703866934,0.01408953888592953,0.007103936545405421,0.6070975300205017,0.4283686694895925,1,6
2025-06-11,XLE,1,0.014460409117267314,0.014356854502292737,0.009270617529385563,0.012464915461982506,0.026772938806630675,0.03698979504931832,0.019033130138193244,0.007589929127877526,0.06301283080434428,0.4320829894147109,2,6
2025-06-12,XLE,1,0.003476697485067959,0.0034706677440490274,0.00803507952323439,0.012462741635025129,0.01889769528617613,0.035208317645309295,0.015834213761974615,0.00814992377711615,-0.3054987488927803,-0.03430649435565847,3,6
2025-06-13,XLE,0,0.017438387368620578,0.017288083546536104,0.007732149545175064,0.01192405010686804,0.025348513164887843,0.045052203160893534,0.018365296036684752,-0.0012470310791662346,1.4742654621754898,1.0761833743170612,4,6
2025-06-16,XLE,1,-0.00295113229524413,-0.00295549547247953,0.009311225662102036,0.012213253285212807,0.012261459448208223,0.03553152416942007,0.01786933398494927,-0.0002276835001362454,-0.17564267626979335,0.5670856604073493,0,6
2025-06-17,XLE,0,0.00933526247329719,0.00929195820641926,0.008251837321402875,0.012109513631625912,0.013303551693625959,0.03897633411046253,0.014677690597686442,0.001016190217853369,-0.021934513432440128,0.41297660032387373,1,6
2025-06-18,XLE,1,-0.006541930820800124,-0.006563423035231164,0.009600325202714671,0.009488682105367746,0.002572445899968079,0.02481761280914241,0.017419678503945928,-0.01011464926865251,0.03813553080098164,0.39283567057034063,2,6
2025-06-20,XLE,0,0.010218038034066401,0.0101661867962477,0.009948918894528536,0.00905693515899416,0.007336005904519549,0.026795031375570932,0.011986940906142227,0.006219643219040235,-0.1948008457139614,0.060536286186758215,4,6
2025-06-23,XLE,0,-0.025288307394554232,-0.02561355160397394,0.014458398381874286,0.013208802813368855,-0.015082351183031806,-0.002990391474276266,0.04218413927720944,-0.03737276339529815,0.8625177989877486,0.7263982201575003,0,6
2025-06-24,XLE,0,-0.013018774683371426,-0.013104261698543507,0.015127496964432692,0.014270916788736095,-0.022935534833671056,-0.018262050495110982,0.014272313414595955,0.0015334381302709685,-0.3815884838610176,0.007275138186939367,1,6
2025-06-25,XLE,1,-0.004357522936328406,-0.004367044610074089,0.01295337368461143,0.013314806944874368,-0.019510637520348317,-0.022727991573174067,0.010140321130859638,-0.003183547351005054,-0.3310311694829159,-0.3236949460957509,2,6
2025-06-26,XLE,0,0.014312672859065234,0.014211213513878995,0.016366644996115835,0.01329739166116039,-0.0017276814024553833,-0.008919679372855427,0.016523090645721564,0.012038199016345705,-0.23231251286508248,-0.4681136969248283,3,6
2025-06-27,XLE,0,-0.005247851280305249,-0.005261669617421916,0.014444535725724305,0.013349173700637438,-7.041122536222133e-05,-0.013446507336300262,0.010618390491477244,-0.004667373520747592,0.055002740901399116,-0.44008609049114966,4,6
2025-06-30,XLE,1,-0.0057443672776270605,-0.005760929612549148,0.01017783691371734,0.011788280449407124,-0.0029625405693040063,-0.016178993967288946,0.009179695987892096,-0.0018830606073992825,-0.25878944306700025,-0.5431255783253577,0,6
2025-07-01,XLE,1,0.007664174015744152,0.00763495344015519,0.009142403502230218,0.012254729038556247,0.0033813879500730337,-0.006713194845461734,0.020014091115842483,0.006121928751121864,0.5533915481796432,-0.25306730652620824,1,7
2025-07-02,XLE,1,0.017201111022760562,0.017054846801527468,0.01073686297513911,0.013264481725365006,0.014944614863320549,0.011565312254305349,0.021350618837026377,0.008702715216339547,0.04159635835655151,-0.18400536146874735,2,7
2025-07-03,XLE,0,0.001150279186649561,0.0011496181224361912,0.009635071891808861,0.013134970161092045,0.013084065379648235,0.013128861521120028,0.008063552216663912,0.002534284378416573,-0.47570451719850804,-0.5285058092407457,3,7
2025-07-07,XLE,1,-0.009651799982660636,-0.00969868050226097,0.010718460779354832,0.012865343829965717,0.0012313767558291833,0.005776322890379992,0.019190705580518424,-0.003583786804552023,0.6021144155715838,-0.20933259274987714,0,7
2025-07-08,XLE,0,0.026917194447241277,0.026561299114692627,0.014133163559192707,0.013089816195069751,0.019418543908507724,0.029868588853311007,0.03205949882257939,0.02811018586691159,0.33076556499313203,0.2080720684039088,1,7
2025-07-09,XLE,1,-0.0050842080507388365,-0.0050971766117400286,0.015445836711657274,0.01222827692784523,0.008197398307573156,0.020890743754362617,0.009514059680374257,-0.002605089529375502,-0.39601958190443287,-0.1952140152961095,2,7
2025-07-10,XLE,1,0.007608561254594859,0.0075797621400499615,0.01427461184194608,0.011932351514924236,0.0116984852774773,0.023685681064877562,0.017641650484813025,0.00990214819642886,0.005280339280981039,-0.15565431971465937,3,7
2025-07-11,XLE,0,0.0045080415164822085,0.004497910732577548,0.014174606715385365,0.011467915987372868,0.011415755846178266,0.024306176421545533,0.012756884843688714,0.006209024734637812,0.04675996919212588,-0.10729734623664566,4,7
2025-07-14,XLE,0,-0.010995139571153945,-0.011056032883284495,0.014526776259955637,0.012105397658729852,-0.00413478953619828,0.009736587751797643,0.014388475634778753,-0.009105188477178497,0.10838006602235217,-0.004744498827714105,0,7
2025-07-15,XLE,0,-0.01440730214769781,-0.014512095065247976,0.009552925444610583,0.013098360530157798,-0.014854288362867396,-0.007165137800157595,0.018072333560099258,-0.012502910451741133,0.012481460217214524,-0.014642851322501316,1,7
2025-07-16,XLE,1,-0.008632598733982588,-0.008670075451284287,0.00981216427277409,0.013393699380756763,-0.019065206298735204,-0.016488913309720576,0.016597538104542224,-0.00726146688912325,0.04851295076641371,0.04925544642477142,2,7
2025-07-17,XLE,0,0.00615350489509936,0.006134649395920899,0.009379621878509103,0.012307794335800006,-0.008353356814155943,-0.01013168208605486,0.015287635911663206,0.011319887887346015,0.016449962818577246,0.0870230552897997,3,7
2025-07-18,XLE,0,-0.00807758228462363,-0.008110382703874652,0.007865852419238074,0.012535522520322953,-0.009175188125361555,-0.01692591044514591,0.024384628398694434,-0.01591298699404383,0.6897488194736958,0.6449810967296021,4,7
2025-07-21,XLE,1,-0.010353753705947044,-0.010407726685701224,0.007793215824313678,0.01259016582760337,-0.012421736783514548,-0.02585664376679453,0.01476396992127497,-0.0110439082226907,-0.5008757601401217,-0.167180205671003,0,7
2025-07-22,XLE,1,0.004702177087883896,0.004691156387221618,0.007975022143278936,0.00829929572905798,-0.004519030414333103,-0.01785709237025135,0.012357338315560445,0.005884429714215114,0.06603054438398659,-0.07411212478196949,1,7
2025-07-23,XLE,1,0.01567797125185888,0.015556341485394753,0.010783006501631071,0.010221609790337717,0.009489050365602436,-0.0010241784584561486,0.014681917276987116,0.011535747696224214,-0.13555665146097895,-0.19818904967419815,2,7
2025-07-24,XLE,0,0.007142093634504798,0.007116709675177191,0.010895381939971714,0.010176991171289462,0.014881434481916145,0.007617983157568009,0.015592497638835504,0.009817491985963607,-0.14347143977750842,-0.303667210077291,3,7
2025-07-25,XLE,1,-0.003774516714453391,-0.0037816581787151193,0.010055921773487835,0.009975222254711045,0.00838195350820059,0.006168691407095306,0.01165444106706571,-0.00479888237037068,-0.16147563503759021,-0.3986264349765878,4,7
2025-07-28,XLE,1,0.011366273657915649,0.01130216291229269,0.007344374083604908,0.010299725163224582,0.012761549992533094,0.01767561945158236,0.007869466350480706,0.004676049626914081,0.17683386949442004,-0.2710954661628796,0,7
2025-07-29,XLE,0,0.009762649069195328,0.00971530231453599,0.007293132588220819,0.009339665691457848,0.01453069823677744,0.025159266880613318,0.011787383837219528,0.008160416682699952,0.03572212004117237,-0.22281613295947134,1,7
2025-07-30,XLE,0,-0.014277551620390683,-0.014380456521565499,0.010871074833529228,0.010210354230380156,-0.0019350673335717383,0.008720524896955295,0.014932122986873386,-0.008144810048361211,0.0814760508308896,-0.13498996288122966,2,7
2025-07-31,XLE,0,-0.005360477263671171,-0.005374896173160337,0.010843070139795323,0.01031753664272109,-0.0067877026804615825,0.002678858653764049,0.016828020384095508,0.005186686689283418,-0.05994185083081005,-0.15626168300117838,3,7
2025-08-01,XLE,0,-0.01857582394197599,-0.018750521374581997,0.01363604559896674,0.011743317502886333,-0.021873273949381655,-0.015527936136855325,0.023825964091438577,-0.01484807730558018,0.6958350693888016,0.5270919255267874,4,8
2025-08-04,XLE,1,-0.0022199480667579596,-0.0022224158043102626,0.011065012509263707,0.01124606566190073,-0.018007073453629285,-0.01808612691651279,0.013108646003961857,-0.000468175496071362,-0.37373078758498823,-0.02989334886893591,0,8
2025-08-05,XLE,0,0.0012880492661695442,0.0012872204423479694,0.008332972130924184,0.01115388621905352,-0.008901505224019113,-0.016866579163845596,0.014991787543605637,0.0015226620636520996,0.1849895886773094,0.15391735945200158,1,8
2025-08-06,XLE,0,-0.009238585996966808,-0.009281526409663954,0.0076334804132604074,0.010012648860055219,-0.011273664144307083,-0.023603128451001876,0.02417201344901286,-0.015456150887696203,0.21760638704255486,0.35425923867131104,2,8
2025-08-07,XLE,1,-0.003895162784779971,-0.003902768688587077,0.007731091564961659,0.009437088091688759,-0.008599360205354456,-0.02398679767800549,0.02217788503374588,-0.009739519117174678,-0.08385491014238133,0.19410776889063364,3,8
2025-08-08,XLE,0,0.006398852454874149,0.0063784667158475195,0.005837387427360749,0.009938351377091939,-0.0007059214579940853,-0.01527004780453245,0.015921670710512665,0.00165113088968961,0.1624964328520062,0.2971221834952711,4,8
2025-08-11,XLE,1,-0.008006683456238561,-0.00803890907503968,0.006539029578021789,0.008758603940986452,-0.006017038439902644,-0.018785775192100784,0.016098739966471903,-0.009988231367355174,-0.292305124189296,-0.09676909975806314,0,8
2025-08-12,XLE,1,0.004866518405288955,0.004854715182837754,0.007241472415828432,0.00798043941911855,0.0008275063869092047,-0.009059620504830557,0.01457004718801406,0.0028429933471895144,0.19750388500388505,0.048857524104892525,1,8
2025-08-13,XLE,0,0.011575676677078706,0.011509191116811035,0.00796822835938174,0.008755727286281052,0.010215357279430126,0.004810488233873311,0.01451845301240407,0.010859279458089661,-0.2584220191990174,-0.21993603775332604,2,8
2025-08-14,XLE,0,-0.0009341212834546031,-0.000934557846630657,0.0074993469254827074,0.008696442705561526,0.006493502913647919,0.005819075418041164,0.012152382487446446,-0.0002337493810812059,-0.025647235285846004,-0.239905002599204,3,8
2025-08-15,XLE,0,0.0,0.0,0.007269881069303427,0.006417964682577763,0.005003884111365098,0.005854550526274593,0.01448595661066994,-0.00046730042336901414,0.09433705090480515,-0.12827187846683563,4,8
2025-08-18,XLE,1,-0.005960705209833828,-0.005978541124872727,0.006630449300328145,0.006664926430821708,-0.0028606730450690954,0.00027051670509559145,0.010457048328821075,-0.0007049413484136758,-0.031848720409703324,-0.15581640338767144,0,8
2025-08-19,XLE,1,0.00035274845783894726,0.0003526862567291289,0.00643148287956449,0.00664528565956426,-0.0034903298687412043,0.0011296441391648315,0.011673216857247107,0.0031836373096744432,-0.027795855973119843,-0.16400732987836464,1,8
2025-08-20,XLE,1,0.008345099709711645,0.008310471880209391,0.005136086359737357,0.006393009749685887,0.004472677725311458,0.008214766767491666,0.011734334495140357,0.006688567081195306,0.08848048945660048,-0.058541869626132725,2,8
2025-08-21,XLE,1,0.00687721240549477,0.006853672245751508,0.005790164330534104,0.006332471101336168,0.009442322588785856,0.012779919266674433,0.01354502616746931,0.008640797163048287,-0.2102176835721845,-0.22255081331575322,3,8
2025-08-22,XLE,1,0.020375156794576244,0.020170360453049874,0.009847131869477617,0.008497321601173462,0.02383611082173176,0.02954065682483553,0.02099918926127706,0.016960900562587533,0.40059760956175294,0.1277946606160647,4,8
2025-08-25,XLE,0,0.002609534980458905,0.0026061360558431446,0.0077724989240685275,0.007465998712187153,0.01865093295631115,0.027283496103814864,0.00966794951340047,0.005118341526486374,-0.24319571766592107,-0.12928869794951747,0,8
2025-08-26,XLE,1,-0.001584255309407534,-0.0015855115688494514,0.008263748377938546,0.007734493278842952,0.009704558209221448,0.02141707135158466,0.010224879922842739,0.002385897771830128,-0.023798947584227403,-0.11145771536136728,1,8
2025-08-27,XLE,1,0.011220522403287747,0.011158039302701095,0.008450467720363905,0.007697413573461008,0.013080709982870475,0.028614834415655155,0.017480146903517946,0.012712857729628975,0.17596562767986845,0.039736636467029296,2,8
2025-08-28,XLE,1,0.0076216956565702265,0.007592797277776953,0.008434492740167455,0.007545977250543466,0.012706695387071143,0.03129445999448799,0.015350085346638655,0.00728293026194853,-0.10384933066442437,-0.06513493834118134,3,8
2025-08-29,XLE,1,0.005450352159023897,0.005435552740038485,0.004868714908249365,0.007339875918458077,0.013090812799587459,0.031201736686231385,0.008894852457659152,0.005003301490183411,-0.014165787878536285,-0.06549154869046814,4,8
2025-09-02,XLE,0,0.0014383301993088349,0.0014372967932287928,0.005041410293439171,0.006360328390499134,0.009681891655415331,0.0262805706244702,0.01342206393779492,0.004104216427342903,0.09346809854706262,0.023724622161380493,1,9
2025-09-03,XLE,1,-0.0224260882560946,-0.022681376943894715,0.01338385760803376,0.011058818580784394,-0.013533455341136813,-0.0005986866226755927,0.02628062951168648,-0.014588030550881348,0.38721480180554924,0.36457799775109945,2,9
2025-09-04,XLE,0,0.006667552872693383,0.006645423055393618,0.01261883011136544,0.010998017205525144,-0.006646090126361415,0.0023404694591457886,0.015028183069606285,0.006553693006267655,-0.28104680411569705,-0.011170790829671984,3,9
2025-09-05,XLE,0,-0.019308476516589734,-0.019497319954131065,0.014081676413339232,0.013105894431503185,-0.02027626529500559,-0.018095957958917608,0.019468039053865252,-0.011205408951529466,0.8606470647296431,0.6731464273113925,4,9
2025-09-08,XLE,1,-0.002289413478839153,-0.0022920381926798683,0.012937264555793079,0.011251137685844521,-0.015385997290107811,-0.01926366119115175,0.018710774228158148,-0.005590391959375586,-0.27500612259299073,0.19642153790299655,0,9
2025-09-09,XLE,1,0.004818746763799231,0.004807173766948392,0.013573177499131547,0.011352430558555929,-0.004025719781635351,-0.013660957899004011,0.014720996872757837,-0.000570528630951557,0.17925214274672352,0.32989356564140837,1,9
2025-09-10,XLE,1,0.017469670525092518,0.01731883005260393,0.013602356235791991,0.012729012603328739,0.01194661589305257,0.002576451870891061,0.01799956542523141,0.015151536221806962,-0.2733593245519913,-0.05523143875454983,2,9
2025-09-11,XLE,0,0.00022448032935229456,0.00022445513741331524,0.013288635480421003,0.01221910504779747,0.01205885422153452,0.002903058952268056,0.013461565846895143,0.008257870078490416,-0.1588892452426769,-0.20105659256513742,3,9
2025-09-12,XLE,0,-0.005946473500922256,-0.005964224178742761,0.00905946265883333,0.012026431483695968,0.0032156419636191202,-0.0016002259709997357,0.014748599942170043,-0.010055882970714036,-0.11435130755298528,-0.2883782295018348,4,9
2025-09-15,XLE,1,-0.003385882227860626,-0.0033916272988463447,0.009226856299755287,0.011790289703606925,-0.0027556546654052827,-0.0026317590649640454,0.009575290146048292,-0.005294509508639299,0.04439899900438604,-0.25569690162956726,0,9
2025-09-16,XLE,1,0.016761006539659506,0.016622090963875014,0.011255718910304786,0.013233637784318913,0.008945440540633509,0.014933467862509264,0.015672560056210975,0.012289957243047092,0.7860424771768908,0.26611370396932577,1,9
2025-09-17,XLE,0,0.002339062031427419,0.002336330684198362,0.008850266994698895,0.010822297657583068,0.009309123588336687,0.015585321939125318,0.015056949011548415,0.0036805062255380314,-0.37381770971076866,-0.18235878039454279,2,9
2025-09-18,XLE,0,-0.0031114714505048324,-0.0031163221422709775,0.009138482391262045,0.010768755988747403,0.004861334357461056,0.01170605114764145,0.01354503413830067,-0.0039968980967172085,0.10244655363066713,-0.10649770626357147,3,9
2025-09-19,XLE,0,-0.013265027418749131,-0.013353793760870758,0.010993421047396654,0.009626554810233789,-0.00829044922510036,-0.0030184879019090616,0.01662387492389119,-0.012384253535266437,0.04409849197227733,-0.011078329436477685,4,9
2025-09-22,XLE,1,-0.0011507067612515076,-0.0011513693326090646,0.010872834323455847,0.009585216827459027,-0.0096937387031103,-0.00557482777548346,0.0113194360179829,0.0024010872018170276,-0.24939958371137327,-0.2259795474011166,0,9
2025-09-23,XLE,1,0.017223684040821974,0.017077037858298727,0.011048350003561743,0.01079264743052492,0.006999766557263198,0.008873875796649111,0.024085467251026418,0.013178865102816973,0.9648926336746302,0.5052236245090937,1,9
2025-09-24,XLE,1,0.013007420082699284,0.012923550099245062,0.012455287981612264,0.010190306030212069,0.017544187153349267,0.019708041920537767,0.016367901800064834,0.0059013338570808194,-0.19922288464496052,0.18329981237621817,2,9
2025-09-25,XLE,1,0.008966161800694206,0.008926204437157192,0.012254596504319974,0.010368759695634451,0.021606773714315075,0.025639305084733666,0.012841758100308673,0.009077822187559282,-0.09938937248278545,0.042316741750134446,3,9
2025-09-26,XLE,0,0.009215559690973096,0.009173355512694492,0.006814495897307047,0.009993585470181029,0.021362125728769277,0.030291983177760162,0.017853283990455653,0.007557445662083515,0.2594897011967183,0.24035949226350417,4,9
2025-09-29,XLE,0,-0.018371507506233287,-0.018542359423806776,0.014037298496389003,0.012211571903438067,-0.00322319250059111,0.008261738634677718,0.018062414378105785,-0.011494202954592699,-0.061929803593482324,0.1140451468256527,0,9
2025-09-30,XLE,0,-0.010631341672454497,-0.010688258143730867,0.014000833135764727,0.011890050639094464,-0.014168489893240599,-0.0028133489701479553,0.011842224704457924,-0.0018992938697633148,0.2619922281443101,0.38160058861750445,1,9
2025-10-01,XLE,0,0.0,0.0,0.012170013874051476,0.011871143496709124,-0.01198801719025433,-0.0029373593961786737,0.00944877754187778,0.0049493228848104765,-0.4182076693981256,-0.19995326032379956,2,10
2025-10-02,XLE,1,-0.010073749796825071,-0.010124833372640474,0.010707571570673969,0.0122831861346333,-0.016043190839877486,-0.012418390640777655,0.01772494774369685,-0.007852781613586999,0.14939337411247533,-0.08855261113439561,3,10
2025-10-03,XLE,1,0.005314368910920075,0.0053002974842781825,0.009384602148087501,0.011520643110021498,-0.003988002503194754,-0.008431194434758704,0.007312425811025501,0.00022504525366513918,-0.24362135775753613,-0.2986758014571258,4,10
2025-10-06,XLE,1,0.0049487352249826255,0.004936530483613311,0.00783312418642412,0.011534990903721207,0.0030760233979143514,-0.005387713081611345,0.009723960374560886,-0.0013412623778333303,-0.10643712574850295,-0.3714640391575762,0,10
2025-10-07,XLE,0,0.0015667963980325883,0.0015655702531351956,0.006246018133338641,0.010220691356561005,0.004309398196584269,-0.0041729959820445695,0.018483185376175656,0.0024644475072937337,0.1784963049831536,-0.2159495017483546,1,10
2025-10-08,XLE,0,-0.005810561719942209,-0.005827508713279972,0.006840006596999505,0.0093342770788451,-0.0006963378197901715,-0.008447689150146043,0.013297517492661535,-0.005810667733594052,-0.20927973463907756,-0.34903386589529384,2,10
2025-10-09,XLE,0,-0.01360019262086598,-0.013693522408649628,0.008099712126657915,0.009253650141041988,-0.012779021806755275,-0.018223753420857358,0.02523553059202251,-0.01570212503786459,0.16847614386592213,-0.21777358768111577,3,10
2025-10-10,XLE,1,-0.028942564674144022,-0.02936966174410438,0.01353942998479094,0.011015489850299678,-0.03332654192233864,-0.03936335940076008,0.02709218911509359,-0.02169669815642089,0.9186504714118422,0.47745291569551407,4,10
2025-10-13,XLE,0,0.013611757336134511,0.01351994953933966,0.016000169492747563,0.012115788379846365,-0.013521602994802762,-0.021965660991370872,0.010480977024479365,0.00593914627371125,-0.49012077821982436,-0.20814712876534525,0,10
2025-10-14,XLE,0,-0.00011565950844882877,-0.00011566619752567675,0.015801013083525994,0.011966587410685953,-0.00655622022266622,-0.018779165926859465,0.02137404183452753,0.014327671154912904,0.09589507898783722,-0.05910497832737438,1,10
2025-10-15,XLE,0,-0.0005789024490191474,-0.0005790700777388302,0.016068065754899104,0.01195018403116998,-0.0010415062336215364,-0.015971079071645855,0.01990339845119426,-0.006902881808106855,-0.032593702909354705,-0.07803444709801399,2,10
2025-10-16,XLE,1,-0.012048253305629975,-0.012121421805118437,0.015896817632697346,0.012088800817346318,-0.007379490819766854,-0.024312148631319364,0.02347642396245706,-0.013762026420803762,0.20302468372687188,0.12021199526034354,3,10
2025-10-17,XLE,1,0.008208405183139256,0.008174899452847662,0.009768407235452579,0.012356675526236973,-0.0009991284711552417,-0.012994657904272122,0.010158836440711035,0.003970153779873258,-0.17544821160657398,-0.07641154203567158,4,10
2025-10-20,XLE,0,0.010583796367105824,0.010528180071200932,0.008910451155591614,0.012890391171522308,0.008378998063266918,0.0002763329010293525,0.011145931906256502,0.008823895976617008,0.05319917912245864,-0.04148774241259079,0,10
2025-10-21,XLE,1,-0.0023017517789241104,-0.0023044048815208384,0.009044380162191818,0.012805463841231868,0.005311272006239154,0.0012011597824264086,0.012395292839428166,-0.005049866014938483,0.021015761821365997,-0.02341595405695196,1,10
2025-10-22,XLE,1,0.012804176582801974,0.012722896197456812,0.010420083870312458,0.01368998566920445,0.014700400424641158,0.01539278272354605,0.018792247653635442,0.00607318012007183,0.2676741922024941,0.18100374160873334,2,10
2025-10-23,XLE,0,0.013325829732957706,0.013237821853812726,0.006381942162538424,0.013636215109487997,0.019526527484829748,0.027485915377377212,0.012644032882288186,-0.0044757918046970675,0.44172609252148476,0.5677655774766255,3,10
2025-10-24,XLE,1,-0.010115816255293009,-0.010167328813368126,0.010525063155605323,0.009706563591113439,0.004402161189420495,0.013755404253942727,0.015553310360635501,-0.014546302023108434,-0.5520706507034632,-0.23789336189330146,4,10
2025-10-27,XLE,0,0.0023844399617540812,0.0023816016956761388,0.010037630844642863,0.009010462440586137,0.0036151692006602953,0.01395506296639848,0.00848896449296131,-0.0007922998985078942,-0.07521117455523574,-0.28676713040705937,0,10
2025-10-28,XLE,1,-0.01042131081298503,-0.010475992910376597,0.0116770732975461,0.009856255394342503,-0.008354478973987112,0.0022486774567038736,0.010460555204808696,-0.006708315615267533,0.14682709774865788,-0.1742009540123709,1,10
2025-10-29,XLE,0,0.0074404466395650015,0.007412903056462472,0.010585258924568589,0.010021727803907619,-0.0014522658269463529,0.007751948296140787,0.013491885633752247,0.006288624028301163,0.19280432132273773,-0.02409421885818752,2,10
2025-10-30,XLE,1,-0.005908449003757199,-0.005925972948890301,0.00793157556278589,0.009222602906848369,-0.004007210732842048,-0.000731002881287135,0.014207773952096457,-0.005569509825728436,-0.22920194868657628,-0.22366551425387593,3,10
2025-10-31,XLE,1,0.007315110811044523,0.007288485155523272,0.008030237200790878,0.009166399156576991,0.003141552888184407,0.0041130427881501674,0.01493725888459118,0.004903082327694425,0.30595158589583504,0.002877213376849541,4,10
2025-11-03,XLE,0,0.00011345072099655518,0.0001134442859505036,0.007936792378808736,0.008729349356436605,0.00357521235015712,0.0027987866825505137,0.01418037411642049,-0.00011346722696916054,-0.17614710176614023,-0.16408293897489612,0,11
2025-11-04,XLE,1,-0.01077826537796811,-0.010836771657500854,0.008051458353224364,0.00951206451440869,-0.006857104102372724,-0.008573632336083992,0.012175483440375045,0.0014932791920307966,0.32590860021590506,0.09357830294585301,1,11
2025-11-05,XLE,1,0.0026379423658713375,0.0026344691027464506,0.007120354520449354,0.008560340892550993,-0.0028970599843581857,-0.005528609381571514,0.014908292399705394,0.0025229498670018002,-0.19066681140934139,-0.0845104472457261,2,11
2025-11-06,XLE,1,0.009723048464636008,0.009676083809930791,0.007983584322682065,0.007974193514656516,0.005009605354499014,0.004940938349328183,0.017704116143170835,0.008223798586082834,0.3478027597538689,0.3100826675249857,3,11
2025-11-07,XLE,1,0.014387759524792543,0.01428523791350278,0.009655947825420853,0.008525886965954651,0.01620665672866184,0.017696598152527887,0.01591785541841173,0.010837650311902527,0.10274049286576181,0.36531586964457063,4,11
2025-11-10,XLE,1,0.009046270147775592,0.009005597750949335,0.009763995548200477,0.008840682262480295,0.020281442835931696,0.02449259986974428,0.021722145718636385,0.0064609764146569704,-0.1182738081808542,0.1520776723643007,0,11
2025-11-11,XLE,0,0.013060303763797076,0.012975753370130683,0.004570066510990978,0.008162390444298348,0.023573632423123714,0.03298837863600612,0.014853102466571769,0.007041472042537253,0.23951050069407565,0.3472018466630049,1,11
2025-11-12,XLE,1,-0.013984464902186411,-0.014083168826325654,0.011637492261308984,0.009974853104091116,0.0029115361206049073,0.015974188309656023,0.013309856294472629,-0.007259967391074473,-0.22939245680312137,0.027252644737321807,2,11
2025-11-13,XLE,1,0.0025485007198926546,0.0025452587987904174,0.011574647972158342,0.009525353666245044,0.0005529459350013255,0.015146468951886316,0.013474720657904239,-0.0006626635518783234,0.07971684213346197,0.06665193466666763,3,11
2025-11-14,XLE,0,0.017020285506312405,0.01687706328471572,0.012153185132257164,0.010420178608165472,0.012031741920048855,0.02793820426045457,0.026385241315251936,0.01165344733138522,0.06003014533026496,0.10440029494274006,4,11
2025-11-17,XLE,1,-0.018256946898621784,-0.018425661585337316,0.015776626848143502,0.01263860663098443,-0.00642299976840166,0.00669715441813179,0.021325198633200374,-0.01708200698142283,0.09561314710030011,0.15329511129069617,0,11
2025-11-18,XLE,0,0.00796991207523945,0.007938320071975813,0.01486743705998869,0.011806547672689353,0.0025321760315530906,0.010363247515297047,0.017787728269032393,0.012340196198008368,-0.06964435448121897,0.05554427817888219,1,11
2025-11-19,XLE,0,-0.012958472451232605,-0.013043165916268418,0.01464785765835423,0.013033776850569594,-0.00965225756700494,-0.005444165100256582,0.015092213752698435,0.00480715841080005,0.17863109008765932,0.1824575124702461,2,11
2025-11-20,XLE,1,-0.011348471924718218,-0.011413357198446494,0.015177850708802544,0.013495298730318505,-0.017383224437430345,-0.01737237706532946,0.030772624440885448,-0.016382508163976083,0.013812988885317123,0.1669504386646028,3,11
2025-11-21,XLE,0,0.006302006127432147,0.006282231523117687,0.011970521761932359,0.012812239611839266,-0.005472044034072643,-0.01104861546694813,0.01954834088315661,0.004606179337995541,-0.05555608935863565,0.09032541820507234,4,11
2025-11-24,XLE,0,-0.002795784324466921,-0.002799699829101776,0.009680328938055824,0.012418247042758243,-0.00566472748831004,-0.012524813330059614,0.018584819059409768,-0.001679372216652597,-0.1433316716348061,-0.07217221855236855,0,11
2025-11-25,XLE,1,-0.006280097362484138,-0.006299900126317759,0.007697515438786468,0.011407832004659925,-0.006480670709309022,-0.015542882759282284,0.012207548504045382,0.0015824504093674165,-0.13012368697634924,-0.17132400357502464,1,11
2025-11-26,XLE,1,0.007561158770524656,0.007532716490635583,0.008128966902584073,0.01117234364601601,0.0023801737815891677,-0.007029141789409721,0.01591597348460187,0.007788717348790888,-0.09174374552032494,-0.24036244282950214,2,11
2025-11-28,XLE,1,0.013104927029935709,0.013019800386106617,0.00793497496929308,0.012014375434792553,0.011903480820781631,0.00601723891438799,0.01835888677971915,0.012537726343112475,-0.373695088497238,-0.50209509264952,4,11
2025-12-01,XLE,0,0.009618501663248846,0.00957253837307892,0.008347454722625791,0.011039954141634523,0.017311654559617917,0.01648502272850938,0.01446232647507661,0.008169550108309099,0.869007476029904,-0.06091312406317417,0,12
2025-12-02,XLE,1,-0.012921578345496565,-0.013005788141168484,0.011216800255453727,0.010194160182730212,0.0020008814980825296,0.0035738470782913367,0.016341279433895246,-0.011406020092635475,0.06918138041733557,0.016751596945684843,1,12
2025-12-03,XLE,1,0.018748643559944878,0.01857505409714788,0.01203218952545677,0.011621006718342567,0.013531433987352903,0.021513770587731296,0.01509636492768595,0.011900846623192149,-0.09400990842215884,-0.06552359975645516,2,12
2025-12-04,XLE,0,0.004246978359698339,0.00423798540005027,0.012099953478681385,0.010566542206313865,0.01127292902944843,0.023188748837188022,0.009370239941052993,0.004794099447139052,-0.21125472260886857,-0.2213044220836542,3,12
2025-12-05,XLE,0,-0.004120598685214416,-0.004129111745962533,0.012222044134985573,0.009717722211174016,0.00404504326958266,0.015614636958504402,0.016293721918092488,-0.002389759141185074,-0.06870703709306036,-0.22547756811893405,4,12
2025-12-08,XLE,1,-0.010888543649170357,-0.010948257702237285,0.012914955708734004,0.010615785817913158,-0.005844151485158489,0.002981082324059914,0.014235604760267664,-0.005256278564801606,0.2584098825143022,0.015198550792685284,0,12
2025-12-09,XLE,1,0.006164729609748454,0.006145805399436544,0.011214284681548342,0.010579060032156858,-0.0024665459511968857,0.00668554211192407,0.013626433990813874,0.004395621163504464,-0.2500546753717029,-0.20156165248422675,1,12
2025-12-10,XLE,0,0.010503309123650384,0.010448532595068727,0.008586676654669492,0.01035619677597968,0.006846057092239288,0.013074793712151589,0.013961592223343535,0.007417106270857985,0.2551798980752866,0.013964894664684202,2,12
2025-12-11,XLE,0,-0.00476396516057509,-0.00477534901183807,0.008726829087376558,0.010641454190827196,0.0027053237688487997,0.005337324768272422,0.008932458252336814,0.0013071363093511608,-0.016297785953967026,0.00046794281800743853,3,12
2025-12-12,XLE,0,-0.009791168527588878,-0.009839417217177626,0.009618260694034163,0.010681436112127641,-0.005332883530944188,-0.005126314919877473,0.0184582476199975,-0.011726404440257987,0.28396419278899754,0.2074169712407763,4,12
2025-12-15,XLE,0,-0.007031411401170251,-0.0070562482682801075,0.008824513360986688,0.010427913904505209,-0.011332821628509127,-0.011105647905980343,0.017320782831738147,-0.009208550274547799,-0.17006622197025434,0.01549199424096015,0,12
2025-12-16,XLE,1,-0.03053776502665706,-0.031013758154209814,0.014700477391302013,0.013656544254280647,-0.03353191757489682,-0.03865358420791898,0.02409096525196402,-0.022752630294498363,0.7917708272774839,0.7180536316025654,1,12
2025-12-17,XLE,0,0.022141084424695423,0.02189952963613484,0.018781553711242256,0.014277853309823611,-0.005993351829622129,-0.014914883395514611,0.01858145649166286,0.014729156932907404,-0.12039770929826976,0.4447544700477406,2,12
2025-12-18,XLE,0,-0.014515352430709338,-0.014621730827001134,0.019124709164466687,0.014536622475710111,-0.012398129131716673,-0.024966820850319316,0.01634937328755127,-0.011646146472409018,-0.3102018890935625,-0.023322268527782408,3,12
2025-12-19,XLE,1,0.0,0.0,0.019388120988717034,0.014600031572916339,-0.0062600984554663786,-0.0210953275907666,0.011299435028248588,-0.002711840268582274,0.06816130908215845,0.010925789969630673,4,12
2025-12-22,XLE,1,0.010352595467111092,0.01029937435328021,0.02067067068956357,0.01500530659553286,0.006762406836392509,-0.00912990857217355,0.009062109909605329,0.001585856270778174,-0.2582072366362532,-0.2400436726296603,0,12
2025-12-23,XLE,0,0.006559577619063006,0.0065381572113181186,0.013515783458523344,0.015028941847095842,0.00849624254858461,-0.0008078934155911766,0.007437413213915624,0.0029299317386689,-0.19276259733247847,-0.3830145642414424,1,12
2025-12-24,XLE,0,-0.0029213048431691035,-0.002925580182572496,0.009609614363854118,0.014403500875437717,0.005693725054292553,-0.0005408628663327031,0.00562809568449687,-0.0011256019613143993,-0.4098549967341607,-0.6174364355897692,2,12
2025-12-26,XLE,1,-0.0038314003835467902,-0.0038387589998802873,0.0061801089168085485,0.014394192183316855,-0.00016736904631520222,-0.001284707401122298,0.010153360815450076,-0.0027075571460073665,0.58355395390432,-0.37744018246020516,4,12
2025-12-29,XLE,1,0.009502193970022388,0.009457332091843185,0.006826299205947869,0.014666882733365133,0.005407810014909309,0.009357790214151507,0.010110105142865174,0.002471368557620143,0.7530319550448712,0.0982836745024338,0,12
2025-12-30,XLE,0,0.007619953537309376,0.007591068334489748,0.006270541217236131,0.014732210243852578,0.0096564279521818,0.01669955586086247,0.006473234831831026,0.003571425226269879,-0.40499360489409,-0.32556537005382546,1,12
2015-01-16,XLF,0,0.012063597867417508,0.011991412633195697,0.010537134565876224,0.012982032508154034,-0.004323695466630806,-0.015796112747821556,0.019006497269029293,0.014686783477071925,0.5420852192822028,0.7150678012528613,4,1
2015-01-20,XLF,1,-0.004256596296098647,-0.004265681392336074,0.010398109857543305,0.011710412637518642,-0.004087232331121293,-0.01660684991418382,0.014431199542449443,-0.0072155499421434535,-0.5605474221159352,-0.22941677045535458,1,1
2015-01-21,XLF,1,0.002565073673845175,0.0025617894872902447,0.010876889374279225,0.011034998754949659,0.0017943817812824392,-0.012465154561695502,0.014542403073660332,0.0029939828105839147,0.25223471637165473,-0.019287561085409632,2,1
2015-01-22,XLF,0,0.02473330202707702,0.024432385589947536,0.014410133404589052,0.01342800376040632,0.021944344315078412,0.012215628386547994,0.026706269553568755,0.018651988304262363,0.9764930341003741,0.7282486831190635,3,1
2015-01-23,XLF,1,-0.010819605597653603,-0.010878563181160317,0.013973805510421319,0.012655590489394518,0.006095101159569349,0.004140086743392057,0.012078378174604455,-0.009995932899789643,-0.6500152390374698,-0.3908931779192495,4,1
2015-01-26,XLF,0,0.005048744151259665,0.005036041977916739,0.01341017529258213,0.012257468557666634,0.00776207078308544,0.01019117673948533,0.009692376527030666,0.006742453970660668,-0.19023204457771226,-0.49896053640826055,0,1
2015-01-27,XLF,0,-0.01088367164158277,-0.01094333207372733,0.01463442470851249,0.012457150918012997,-0.005220277149925123,0.00042337808792125564,0.010611102856093315,0.0029712084578686648,0.2754235761451136,-0.35726262382505225,1,1
2015-01-28,XLF,1,-0.018197099522392568,-0.018364703117684567,0.01720030907154987,0.013582524348239275,-0.021262237956585994,-0.015112841782995767,0.02484215871047443,-0.02315796466791047,1.4272160047831597,0.45477660274646325,2,1
2015-01-29,XLF,0,0.008189735216217464,0.008156381317417694,0.01136928791309954,0.013299750867064775,-0.007889363115386794,-0.006582999013191149,0.015537282942915925,0.009495045651187212,-0.4097663115101696,-0.10957161273720317,3,1
2015-01-30,XLF,1,-0.01624635462710433,-0.01637977366867771,0.01224906233815595,0.0137397823693722,-0.017674258848095037,-0.02189158855126694,0.016868550764788607,-0.0047578406370164675,0.28013920009045923,0.12694729899412716,4,1
2015-02-02,XLF,1,0.016079980149183326,0.01595206667725968,0.01541498780280146,0.0142076844505797,0.0024869295460887564,-0.0056987467862382735,0.022540078686216804,0.013437335029309634,-0.0239595433601153,0.15335163604257396,0,2
2015-02-03,XLF,0,0.016680917318431243,0.016543318887495495,0.01725181383432024,0.015088174425550714,0.017987132328755484,0.009256102243644815,0.013634394661048403,0.012782251247252643,0.05034232210642875,0.15469494654182925,1,2
2015-02-04,XLF,1,-0.002524494005355482,-0.0025276859134470975,0.013926764445069701,0.01514206217115675,0.01100093064216412,0.005598148278844528,0.010118044679476634,-0.000421581070564495,-0.432794019969863,-0.33136340722279034,2,2
2015-02-05,XLF,1,0.01012224931702388,0.010071362456294697,0.01408292600665126,0.013199999762528463,0.016380686358888452,0.01612184945436823,0.009671997465245117,0.0071487947127967305,-0.19347167481639327,-0.38751426068548134,3,2
2015-02-06,XLF,0,0.00793363771024036,0.007902331876997959,0.007780830748930056,0.012860071380194573,0.01471225893374939,0.022578149154836913,0.0124120576605849,-0.0012411960517589536,1.7503681172450491,0.5321067470555176,4,2
2015-02-09,XLF,1,-0.004971240319417092,-0.004983638039671945,0.009032256947424412,0.01295328520939909,0.004264557499675359,0.016934711938761726,0.007490563513895238,-0.0004162401263884808,-0.5512350249007923,-0.32458494976087415,0,2
2015-02-10,XLF,0,0.007910032967520353,0.007878912657477422,0.006907023755933651,0.012452753309695214,0.008497861816477714,0.022467992925616853,0.009504137042441553,0.00041321913129870535,0.06393250750654289,-0.28727460802965665,1,2
2015-02-11,XLF,1,0.0,0.0,0.006413444384255176,0.010222462164554694,0.00431424562505911,0.01812513810172578,0.009511998121643035,0.0012406827415855064,-0.09213091266668039,-0.29014614891500656,2,2
2015-02-12,XLF,0,0.009913556488165609,0.009864739554858115,0.00636576019783584,0.010309182885557712,0.010080317970108554,0.023655215357804238,0.01154637678002164,0.008247439649308809,0.12623293989066142,-0.18486441064626957,3,2
2015-02-13,XLF,1,-0.0008181535736608847,-0.0008184884439588203,0.006270276246047346,0.007680391411856596,0.006841453061901426,0.01677284297811843,0.007767804819049273,-0.0012264803412297344,-0.4273432391681028,-0.491084828376268,4,2
2015-02-17,XLF,0,0.0032742262669609445,0.003268877659990288,0.004743000562230008,0.006840703338971884,0.006074708461651923,0.015326914117378632,0.008200098538651392,0.004920097629893215,-0.23209580025169652,-0.566421633155447,1,2
2015-02-18,XLF,0,-0.00611947877001684,-0.006138279519994239,0.005901348988683459,0.006191970736159686,-0.0013117903660112562,0.006653307764344918,0.007352869947083928,-0.004901913298055952,1.0363461232391207,-0.0483475535425244,2,2
2015-02-19,XLF,1,-0.004104930211308422,-0.004113378565189674,0.006384485368382922,0.006351779290586769,-0.00581898747978804,0.00024763872824973276,0.006584394506733726,-0.0016460744708594285,-0.4077626367117744,-0.4118242034909805,3,2
2015-02-20,XLF,0,0.007419377999890786,0.007391989800446641,0.005493432918076864,0.006032057167717292,0.0016393517396913193,0.005637154572305958,0.016928091383386273,0.009083411032710516,0.8656940718334887,0.06836593597228058,4,2
2015-02-23,XLF,1,-0.0024548725502415714,-0.00245789069030522,0.005596963828874716,0.00579487471462059,-0.00040989307487471205,0.002178765779863978,0.006554723209751143,-0.0012289925666004893,-0.4126093740358293,-0.2543166848095576,0,2
2015-02-24,XLF,0,0.004921827559856817,0.004909754963213331,0.005907062913496304,0.0054981501829765075,0.004592238717028074,0.005128088785820273,0.007774161389792025,0.0024549679957829194,0.43790460451031854,0.08384130603594042,1,2
2015-02-25,XLF,0,0.0,0.0,0.004885270822811921,0.005107610182923171,0.0034402234934491904,0.003933667456602841,0.005310501985731431,0.000816985549675992,-0.03825824801084332,0.06648423081101873,2,2
2015-02-26,XLF,0,-0.00244886090881713,-0.002451864272908111,0.0044786068473685586,0.005228969346794568,-0.0004907335723729478,0.0005321938731948084,0.007337977601953552,-0.003669036659641334,0.025148123443117454,0.10266617783755239,3,2
2015-02-27,XLF,1,-0.0036826052932321662,-0.0036894027775380422,0.0034323300688990643,0.004332487979277264,-0.003437902909828039,-0.0027440801616108734,0.005325634455268787,-0.0024579851332009787,-0.1356864355857389,-0.008763478077524423,4,2
2015-03-02,XLF,0,0.007392076926638458,0.007364889425185872,0.0047639579313472095,0.004975015446720372,0.0026977228296405364,0.0042164626508953695,0.009852217223572955,0.006978681979079569,-0.062209688236751215,-0.08258187107559845,0,3
2015-03-03,XLF,0,-0.0028534909450607104,-0.002857569911725033,0.004523169792302851,0.0049617120959320055,0.00016359062023241222,0.0015559183463051962,0.007767804819049273,0.0,0.16920236361001306,0.02463710934411112,1,3
2015-03-04,XLF,1,-0.006132459950018432,-0.006151340712460929,0.005196503686325567,0.0049634362744985245,-0.004422942155165588,-0.004382231260533609,0.006978681979079569,-0.0020525251746381333,0.5028729196655946,0.4856972385734444,2,3
2015-03-05,XLF,0,0.004113492967492416,0.0041050556851827125,0.0057141091960323225,0.004924233062113428,-8.191899398724001e-05,-0.0009005017297981643,0.007802895176691867,0.002464041711094436,-0.47337945004248383,-0.2261884343712276,3,3
2015-03-06,XLF,1,-0.0073738477713536366,-0.007401168977967387,0.0064609214678597055,0.0048789699101217535,-0.006478444293953389,-0.00741455993610618,0.019183679454157117,-0.011020397328094634,1.960636636678252,1.0728965314812697,4,3
2015-03-09,XLF,0,0.004540164031539895,0.004529888576585428,0.005607586301487235,0.005119142099447008,-0.00041031644547440127,-0.0027446760734985975,0.006185603942613288,0.003711401094578665,-0.6413212079653037,-0.2627655872251403,0,3
2015-03-10,XLF,1,-0.021364372513505092,-0.021595894202350863,0.010588727039245805,0.00810319321866236,-0.016596512872507962,-0.021323748342476412,0.013261468471500672,-0.012847050622517106,0.8618830447790589,0.3155717179857771,1,3
2015-03-11,XLF,1,0.006297166466726178,0.006277422159413071,0.01172582407528358,0.008574310832734135,-0.007617887246101462,-0.013011628153564714,0.008371720467623602,0.0033486488744305814,-0.26422636620635587,-0.04186753723591008,2,3
2015-03-12,XLF,0,0.021693496521531852,0.021461541244616633,0.016115275803987895,0.011410854592585382,0.013239205395861209,0.008192066283153165,0.015308278924351154,0.013239618838086232,0.38014047436348886,0.2661113375519679,3,3
2015-03-13,XLF,1,-0.006940938471686975,-0.006965138832276008,0.016061734253221827,0.01158128485635211,0.005457525138217623,0.0013178846605759187,0.012279960533744014,-0.0045026169556892665,-0.18844611274610512,-0.0024908317764470445,4,3
2015-03-16,XLF,0,0.012334922614314792,0.012259467312921046,0.01686807674372375,0.012031538640807396,0.015508793011004274,0.013293584041334183,0.00900901767103543,0.008190024805349779,-0.03032554859429848,-0.06143140167455863,0,3
2015-03-17,XLF,1,-0.0024370429587975417,-0.0024400173815024573,0.011456192399667818,0.012019620076766295,0.006887360260234177,0.010408303005055242,0.009372457348516335,0.0008149879713209962,-0.43928725981198546,-0.4616573958975049,1,3
2015-03-18,XLF,0,0.005700364844591466,0.005684179244995757,0.011457899335805603,0.011878700331499294,0.006601933197527998,0.014540206002163991,0.015102086308396897,0.00816328212606248,1.648200262792054,0.3879231178395053,2,3
2015-03-19,XLF,1,-0.009311427258574034,-0.009355049599375942,0.009019110033538866,0.012320548234114466,-0.0026084666389086797,0.004845723540373825,0.013765143777961474,-0.009311745662858494,-0.27884897145672227,-0.038455111072969284,3,3
2015-03-20,XLF,0,0.013577214366178536,0.01348586986503042,0.009781502068190338,0.012645089853630746,0.006974808264610388,0.0161010426735968,0.012653034586398722,0.008571441440638504,0.1168366577671045,0.1434954646461879,4,3
2015-03-23,XLF,0,-0.005665723372706877,-0.005681834466193081,0.009231505096991444,0.012863933375314785,0.0009304797679405841,0.009014249621042358,0.008515827594861407,-0.0036495995923371263,-0.4432750071642715,-0.36300389236076,0,3
2015-03-24,XLF,0,-0.008140093518527625,-0.008173404975181597,0.009986872950978332,0.010775194310028078,-0.006418508480238172,-0.0018169145204544046,0.007739327676393157,-0.007331999674443645,-0.14389695973965866,-0.4166363919208962,1,3
2015-03-25,XLF,0,-0.016003007636035238,-0.016132438475241262,0.01112443113868987,0.012168072229543844,-0.017285449477656978,-0.018189563671476505,0.019672132409538398,-0.017213139915171784,0.7939232973078951,0.035718555566021104,2,3
2015-03-26,XLF,0,-0.0008339165310421448,-0.0008342644328598325,0.010968677264093212,0.009623803416572088,-0.014721384582333075,-0.017242277272607853,0.012144033714461627,0.0033501494652572305,-0.008186280548629021,0.05464860667496807,3,3
2015-03-27,XLF,1,-0.0012526117418792948,-0.0012533969157146885,0.006189901940506026,0.00945089097740343,-0.009602109854885521,-0.017265772188355566,0.006260372708008809,-0.0012521725360090249,-0.25061643420626945,-0.18672056440396256,4,3
2015-03-30,XLF,0,0.014626360269121896,0.014520426760245453,0.011309565337977001,0.00983555284020861,0.0073017687633147865,-0.0018736256625241365,0.009954376221995923,0.007051044894463667,0.4399996657182861,0.1594104731881818,0,3
2015-03-31,XLF,0,-0.007001630695124272,-0.0070262571287704745,0.011173758534430742,0.010015273304922169,0.0024114848964056357,-0.0073986566421312405,0.007036355458838832,-0.002069516311423186,-0.39818223221530225,-0.30940973135994265,1,3
2015-04-01,XLF,1,-0.0008297195283317738,-0.0008300639361005224,0.008085050625143524,0.009706810257793344,0.0006645164048222352,-0.006102093265926145,0.010810802895051692,0.0016631854257470593,0.25603911042944794,-0.06835136449038415,2,4
2015-04-02,XLF,1,0.004981072786422791,0.004968708285359114,0.008183414860725777,0.009575639918794765,0.003564682846378675,-0.0004544452060918358,0.009155133183649735,0.007490563513895238,-0.19348777069991896,-0.21283268813338274,3,4
2015-04-06,XLF,0,0.001652585420752084,0.0016512214040287354,0.007986206547483955,0.008258357468179945,0.0025633350616738326,0.0031024497596503497,0.014577214714042957,0.009995737319111098,-0.26592915735672984,-0.36964594035029863,0,4
2015-04-07,XLF,1,-0.005360910203905722,-0.005375331446763276,0.004934310923546919,0.008243243941748317,-0.0014902927462869808,-0.0004144381821566956,0.008230468977593153,-0.00740743174216344,0.14995659578160092,-0.2654207055577388,1,4
2015-04-08,XLF,1,0.0037310531568379712,0.003724110042734541,0.004105060400041793,0.008084603383285488,0.0014061712205695187,0.003980802241136061,0.007042282289268913,0.0028997232458147907,0.01931352366857464,-0.2516328274025783,2,4
2015-04-09,XLF,0,0.001652585420752084,0.0016512214040287354,0.00400224257948368,0.006017782818159406,0.001735131060907058,0.004515238401079369,0.007860908327806707,0.0033098561380238765,0.1236995871684392,-0.11554459506253267,3,4
2015-04-10,XLF,1,-0.00041246472200184847,-0.00041254980897331706,0.003463140287737484,0.006003909742426192,0.0010737762191688205,0.002937681279878035,0.0041220680313982135,-0.0008244910323655557,-0.29031003695114155,-0.32048032858801545,4,4
2015-04-13,XLF,0,0.0037127613066614273,0.003705886020676896,0.003779463557793494,0.005985795796481861,0.00412706331268109,0.004998053546359182,0.009504137042441553,0.005371945729454501,1.0981276360782726,0.3845016708379114,0,4
2015-04-14,XLF,1,0.0,0.0,0.0019700491059070004,0.003889409633367326,0.002389556416462879,0.00479055415565699,0.008227083379612952,0.0008226986796062868,-0.1472871931069123,0.22936316685339242,1,4
2015-04-15,XLF,1,0.0036995024209596217,0.0036926760927098456,0.0019620989494903186,0.003069761704366166,0.004359857860463112,0.0072182763674932815,0.008203365652744925,0.001640673130548985,0.4081096793822927,0.6114207486431082,2,4
2015-04-16,XLF,0,0.0016374271771761872,0.0016360880549068924,0.0019622610914341978,0.0029789265325470397,0.004269731836959112,0.007330277263948304,0.01065136509841944,0.002048320944334149,-0.3916577923441976,-0.0021932843617913367,3,4
2015-04-17,XLF,1,-0.013491117596491908,-0.013582949603075711,0.007214864555802787,0.00536909180240468,-0.008383289822201823,-0.005932252362624402,0.012325463147808611,-0.008627785617662729,0.7624452904578511,0.6268435701612911,4,4
2015-04-20,XLF,0,0.00414402300324368,0.004135460188102069,0.007285848988268671,0.005526193471374162,-0.0034549312055754955,-0.0017305320968336035,0.004541753987582447,0.00041287791319346087,-0.6107151214161981,-0.3659959591254288,0,4
2015-04-21,XLF,1,-0.0049521740503482015,-0.004964476697634002,0.007483481645745048,0.005484052267245471,-0.006592320481247693,-0.00663322414179035,0.010690781772407752,-0.008634880766913346,0.39866590897810683,-0.12591444159808118,1,4
2015-04-22,XLF,1,0.0070509991874665445,0.0070262571287704745,0.008212926633744492,0.005826681429426301,0.0015677166573391244,8.252864141700123e-05,0.01201821492454997,0.006216365038780034,-0.007607695107351153,-0.14303267209160575,2,4
2015-04-23,XLF,0,0.0016478202772276518,0.0016464641110021105,0.008213800939354013,0.005826559093397392,0.004378029948771012,0.0014417006096025808,0.007425767509150597,0.0033003949276611704,-0.008181451446359844,-0.1519599213824997,3,4
2015-04-24,XLF,0,-0.0016451094325464766,-0.0016464641110021105,0.004717887221044335,0.005856355406657426,0.0014848950119377147,-0.00037044389583151816,0.004944424682052567,0.0004121240710157494,-0.12410816465644803,-0.2686861531840776,4,4
2015-04-27,XLF,1,-0.003707119925067892,-0.0037140083234863397,0.004818959230392776,0.005829065631048731,-0.0018983740635059032,-0.0035018044293463335,0.010695179418431811,-0.004936288661187804,0.2802923034512512,-0.03733778611639871,0,4
2015-04-28,XLF,0,0.005787637188702233,0.005770953159706771,0.004628470237600974,0.006168463778360808,0.0020591094663140463,0.002265565585813034,0.011594187399161059,0.007453440907833633,0.07671110955259608,0.03905427262910832,1,4
2015-04-29,XLF,0,-0.0004103964895315615,-0.0004104807252183207,0.0036148973440348,0.006031249892035243,0.001317869531914928,0.0022670941954641144,0.014055355428487567,0.0053741664378414,0.5715133217492447,0.6111040876747367,2,4
2015-04-30,XLF,1,-0.007813023149786158,-0.007843704730240653,0.004975615485661709,0.006406347931333253,-0.004948529008934166,-0.004209413346495161,0.014020676450582992,-0.004948405696069248,-0.14140815189333733,0.3193788164183349,3,4
2015-05-01,XLF,1,0.008702980811464034,0.00866532817636223,0.006761699362398476,0.005510338052542821,0.0032149553531979347,0.003587189601840901,0.005770856530914543,0.003297576999032658,-0.4732366929177788,-0.24323608571200506,4,5
2015-05-04,XLF,0,0.00986029596428617,0.00981200045852093,0.007342625503053077,0.006146293154381966,0.00986028398416039,0.012022355943315244,0.007774161389792025,0.005728354726639592,0.2128186445340834,-0.10694431762148826,0,5
2015-05-05,XLF,0,-0.008950635412530605,-0.008990932989168865,0.008858709759527033,0.006713141444679279,0.0005747585236761665,0.0019328424036151315,0.012647871027926189,-0.006119987036961997,0.3781660241331095,0.1881210431108178,1,5
2015-05-06,XLF,1,-0.0049259238581634834,-0.004938096210932219,0.009171075250410124,0.0065913039350157295,-0.003699134116905811,-0.002838534902697254,0.017579647548887148,-0.008994285160279008,-0.028932969584433144,0.11811971439669322,2,5
2015-05-07,XLF,1,0.0070127685730383416,0.0069882934703753286,0.008647965654030853,0.006961421430879415,0.0009838264231234461,0.0037827884216246055,0.013670221136845578,0.011184744069004328,0.07274824721637274,0.15368906388529657,3,5
2015-05-08,XLF,0,0.014338690237565732,0.014236863439711644,0.00995338129484028,0.008171712171402865,0.011851248314528329,0.016169982503277502,0.008964963362855837,0.008964963362855837,0.03622742640187737,0.1364760091078714,4,5
2015-05-11,XLF,0,-0.0036345545542370017,-0.0036411755955332303,0.009610097525757167,0.008166121742497553,0.007432532118039736,0.010485997254233936,0.0072698138057901525,-0.003634954316991875,-0.057954718863929,0.044750787731319575,0,5
2015-05-12,XLF,1,-0.003648280907095791,-0.0036549521144526587,0.008497703163681128,0.00822437050880531,0.0019567663926296497,0.005769530134234868,0.010586311588892226,0.0008143243068061949,0.27131043558854273,0.269380522018138,1,5
2015-05-13,XLF,1,0.0004066922131715778,0.0004066095363088884,0.007738787818554913,0.008212264131632478,-0.0004877586292657554,0.005068234573248009,0.005695632056017524,0.0004068308611441089,-0.39643176201366803,-0.19073126508778326,2,5
2015-05-14,XLF,0,0.008946761887740795,0.00890697673637142,0.008038576387967285,0.007886995796695103,0.005185926159537502,0.011249706678452487,0.006475143553965848,0.004047000353759769,-0.10142339655224963,-0.23848370688385823,3,5
2015-05-15,XLF,1,-0.004434004524784152,-0.004443863877919174,0.005596274760372283,0.007890611667965569,0.0012157427864212256,0.005290749729401911,0.008460930772388192,-0.0048348581266322455,0.07749885140922164,-0.19324168049422197,4,5
2015-05-18,XLF,1,0.005668019034069438,0.005652016255079051,0.0058240078792415086,0.0074985365353429775,0.0055049826299318205,0.009920100439070989,0.007284524620701208,0.005261071953862809,-0.30367466619163497,-0.426002746305688,0,5
2015-05-19,XLF,0,0.005636073661279939,0.005620250424235085,0.005270707833798377,0.006708030957634382,0.007908214474579234,0.013058447106929494,0.007633607949019476,0.003615874870787493,0.6386180150440359,-0.0450600847300906,1,5
2015-05-20,XLF,0,-0.0028020697933963667,-0.002806002939979013,0.005864541852224521,0.00647508102466647,0.0024952496640651134,0.007482300229413541,0.006791877325960489,-0.004794293937524372,0.14877761848788773,0.0946859549384067,2,5
2015-05-21,XLF,1,-0.0024086388750304,-0.002411544312015401,0.004915653326433362,0.00647117946951637,-0.00024125940569574844,0.003270213579267045,0.0032179896121799284,-0.00040224870152249105,-0.37960013829086026,-0.287182201909414,3,5
2015-05-22,XLF,0,0.0004021573107864107,0.0004020764672092447,0.004161376619940816,0.004742121482819546,-0.0011251566842753746,0.003268660848877669,0.00483866249249817,0.002419331246249085,-0.2995038256786243,-0.46000578279395044,4,5
2015-05-26,XLF,1,-0.011262614776667679,-0.0113265182892901,0.006136946590097714,0.005930254688858771,-0.010307355826534748,-0.007670330257033453,0.010475415575585938,-0.00966962165430684,2.3780373246222917,0.7293252081691932,1,5
2015-05-27,XLF,0,0.010984331424785498,0.010924441822080855,0.008002214034952037,0.006771479231379393,0.0016122702459617777,0.0021374101268560874,0.010547660116833422,0.008113606686341155,-0.4205348584764639,0.05880987055602582,2,5
2015-05-28,XLF,0,-0.0012076339008968429,-0.0012083636783111196,0.007944877436581956,0.0068093433408280045,0.0011290941893578044,-2.9084328201367526e-07,0.0068576316867212895,0.0012101535835207713,-0.31072410672834183,-0.2514040166663132,3,5
2015-05-29,XLF,1,-0.008863277092757582,-0.00890278957984858,0.008773413108181164,0.0068151513495274966,-0.00573901577253122,-0.00802426820722768,0.011281209496865037,-0.00886382773302774,0.4392975936090877,0.05907673696769744,4,5
2015-06-01,XLF,1,0.0008130753121131651,0.0008127449454446989,0.008803290111344501,0.006707883438789497,-0.002996494692178886,-0.00689739145716084,0.00849172318083772,-0.004447995743504767,-0.26836647697801475,-0.21073727519165886,0,6
2015-06-02,XLF,1,0.0016243603861074707,0.0016230425396877024,0.007101506672501387,0.006423734460437589,-0.002023558054210617,-0.004561486624867661,0.010162598134127282,0.002439000645398856,0.14589659169106817,-0.1155195412530976,1,6
2015-06-03,XLF,0,0.008515759957837377,0.008479705417282712,0.00623855313760978,0.006793648483493709,0.006312103743892461,0.00436139318115325,0.009696970731877152,0.004848532799196898,0.5476108362771184,0.33146367698317514,2,6
2015-06-04,XLF,1,-0.008845688092780524,-0.008885043447046659,0.007474851170045117,0.007280437020057611,-0.0012154608378209808,-0.003476546751161824,0.010080641534617577,-0.006048422790869102,-0.08379835856074713,0.21940882585590393,3,6
2015-06-05,XLF,0,0.005679396852833474,0.0056633298836188395,0.0065990979716214525,0.007553753697935816,0.0029128644754499167,0.0024262521092379696,0.009262992662077313,-0.0016109388002118164,0.39848288039122015,0.5571950627957571,4,6
2015-06-08,XLF,1,-0.006050570591193849,-0.006068949466054185,0.007451466030133302,0.007767660229698504,-0.0033166326319825634,-0.0027518936542928474,0.009262992662077313,-0.007652053861865496,-0.4604856930617106,-0.1888910944938157,0,6
2015-06-09,XLF,1,0.002434562704491494,0.0024316039579068693,0.007499257244166056,0.006887529969203501,-0.0012133303433256026,-0.0008092686431749874,0.01013787185812235,0.001622044263260945,0.10225193141613564,-0.040820239098871114,1,6
2015-06-10,XLF,1,0.014170339841491852,0.014070879069946862,0.009259051633272057,0.007474629799639279,0.0114673501135234,0.012530395548911555,0.013687561906520929,0.008454118495095071,0.7318014616751891,0.5548877590373584,2,6
2015-06-11,XLF,0,0.003992115591878065,0.0039841682425652,0.007240694207754132,0.007498184665632782,0.01142132633987325,0.015218303598840466,0.005564427233637819,-0.00039745242236006296,0.1123996139352419,0.5584353400455193,3,6
2015-06-12,XLF,0,-0.004374176160849008,-0.0043837708588814195,0.00802668073085318,0.006931985349205921,0.004976461541799093,0.00898551316174756,0.00717419673617704,-0.001992806432006184,-0.29695747988224097,0.06607596509964098,4,6
2015-06-15,XLF,1,-0.004392586432198531,-0.004402262184763028,0.007633804049812622,0.007204115332396955,-0.0017616775654627492,0.003300198102526908,0.010048228211309494,0.002009626768096432,-0.0362009382522972,-0.0162888184300084,0,6
2015-06-16,XLF,0,0.005615493169166097,0.005599785065794283,0.007772232195827332,0.007334966550489329,0.0008782134181952728,0.007272189006354068,0.009222137838000936,0.005212553623128645,-0.10940468733948117,-0.14419579068863642,1,6
2015-06-17,XLF,1,-0.001196806136640416,-0.0011975228810312544,0.004671883627381622,0.006961984788519254,-0.00023975198604697656,0.005379979414708691,0.007952302429662206,-0.004373714989578013,0.530525068491521,0.2663066833243952,2,6
2015-06-18,XLF,0,0.009185316593256942,0.00914338812804516,0.006145823823311473,0.006536020906973164,0.007977563851758518,0.012095281172356032,0.010735575604848216,0.0047714188008781975,0.2649034695981629,0.4905600071910792,3,6
2015-06-19,XLF,1,-0.01669318010160048,-0.016834081495071374,0.010051092871007401,0.008774804705085099,-0.0073295990101357456,-0.005031561696262288,0.015145422464201776,-0.013949738604998065,-0.3288600527137089,0.01183905870255808,4,6
2015-06-22,XLF,1,0.015360038821922828,0.015243267647331749,0.012265952789653638,0.009631739555997628,0.005509108646594596,0.007870852296842257,0.005179326025327511,0.0007968049971777874,-0.13581373175726186,-0.14829626257214057,0,6
2015-06-23,XLF,0,0.001990700678799806,0.001988721859925935,0.01213885728523302,0.009632637047232889,0.005826727041706725,0.007542557120304716,0.004763842187066721,-0.000793958162934793,-0.17542994068761308,-0.30119177841748657,1,6
2015-06-24,XLF,0,-0.008343897747361217,-0.008378902917878683,0.012962419016998659,0.009187837934391735,-0.0027968875853250363,-0.0009403873844594512,0.008356558193047519,-0.006764850619514899,-0.20872723411116145,-0.4135415268688247,2,6
2015-06-25,XLF,1,-0.0060091200499425845,-0.006027247468200159,0.012111698693348067,0.009262850998850785,-0.006009440619302642,-0.00602671671217947,0.009988010747458276,-0.008789460714396605,0.6469392996876278,0.0020003913734958356,3,6
2015-06-26,XLF,0,0.003224408818791824,0.0032192215602466767,0.009331099423168326,0.009256560477733104,-0.004001583726783942,-0.0026579430054575193,0.005617923007903779,-0.0012038406445508097,-0.2968177150498269,-0.2763864148367179,4,6
2015-06-29,XLF,1,-0.02410614920373655,-0.02440145791383852,0.010956308826317889,0.011968189302544114,-0.02151149396880081,-0.024622801552892315,0.018277740478515624,-0.013403797149658203,0.7214459426503539,0.21079001686158394,0,6
2015-06-30,XLF,1,0.0037056794102632296,0.0036988302955185404,0.01131535343356749,0.011846052201271202,-0.011594541344510323,-0.018719564504845354,0.011822238753668486,-0.006114997287849479,0.46247729409275795,0.6183457560177088,1,6
2015-07-01,XLF,0,0.015175881980587391,0.015061880221525659,0.014652836286732486,0.013080776420095279,0.005116787178183202,-0.0031015280977041426,0.008481433635389578,-0.00040396810472673975,-0.32317246453027393,0.10242607018044447,2,7
2015-07-02,XLF,0,-0.004444107842940248,-0.004454012245247885,0.014551520740080438,0.012644796704357097,0.0020334900958989266,-0.00544882215154463,0.010509288859907056,-0.004042092579873585,-0.5402121820801487,-0.4387061244445952,3,7
2015-07-06,XLF,1,-0.00405861013400588,-0.00406686864507444,0.014349917326444785,0.011603429453782833,0.0008156243248711448,-0.008685099035585786,0.011083732328355834,0.007389187014007195,0.3796497949997837,-0.19978321376577024,0,7
2015-07-07,XLF,0,0.002037399059944933,0.0020353263772574515,0.00796210154443354,0.010231918229017874,0.00040669972413831523,-0.004534118619373362,0.019591838768733136,0.0036735296657262424,0.8985564961855379,0.4414894698997267,1,7
2015-07-08,XLF,1,-0.017486403452058208,-0.017641096608834506,0.011843268450274669,0.011180200303020683,-0.015324169265142018,-0.01792580241749875,0.012366010528979858,-0.0041220680313982135,-0.09968989282842766,0.23231967070064807,2,7
2015-07-09,XLF,1,0.007863671607818867,0.007832914081740139,0.00943689523961035,0.011650317282124319,-0.004334601162735319,-0.007742737245312048,0.009795919384366568,-0.006122389718640327,-0.4499563245604097,-0.3290072480438744,3,7
2015-07-10,XLF,1,0.011910091770848785,0.011839724794911355,0.011511636145014168,0.012389785600562505,0.007523865110475203,0.004771177389838455,0.006885311908347743,-0.002025091737749336,0.15635469580980654,-0.21123264976267286,4,7
2015-07-13,XLF,1,0.01217478030883945,0.01210126376805487,0.012322654279209996,0.013006143674021284,0.016465281492117567,0.01679676389333906,0.005633747989128206,0.0036216951358681326,0.14037999017624792,-0.12058129689364483,0,7
2015-07-14,XLF,1,0.0024058750798556794,0.002402985595969298,0.012314315299344852,0.009787358725107213,0.01551692071391586,0.016301226785066625,0.009654063283288205,0.005631576268063295,-0.3277219204184969,-0.3751406130220848,1,7
2015-07-15,XLF,1,0.008400410079020038,0.00836532299459547,0.003958312114179325,0.009940187549612949,0.015386116069198597,0.02139229012260091,0.00875797011827218,0.0035827677200769587,1.2447288944253532,0.4525323533986185,2,7
2015-07-16,XLF,0,0.009916484717526597,0.009867639035805453,0.003975625723518678,0.009370585809862077,0.01636727227721768,0.02856214962936532,0.003543272695003173,0.002362181796668782,-0.36002637990783437,-0.04223226763099186,3,7
2015-07-17,XLF,1,-0.002749356332411912,-0.002753142754273963,0.0060969933336446035,0.009237953351513752,0.007539781113889532,0.02263576423839253,0.007468665669712444,-0.001965389758616543,-0.4397687711319106,-0.4611001160749546,4,7
2015-07-20,XLF,0,0.0011815602324531937,0.001180862739527555,0.0052503389009365435,0.00893408331097386,0.004901983625989592,0.020227991408048318,0.0058916298297628285,-0.0015710766956741626,0.13762797226317702,-0.3750396453745495,0,7
2015-07-21,XLF,1,-0.0011801657954815248,-0.001180862739527555,0.005717802472172372,0.009052386223911257,0.0006305476997685577,0.015762547513394676,0.00786474205878581,-0.0015730222755724146,-0.038016537400639594,-0.33542323042860145,1,7
2015-07-22,XLF,0,0.007483290292534361,0.007455429383579126,0.005516996768542551,0.005409866519933103,0.005187083808165793,0.017583024851187457,0.00944881962550258,0.0070866378288337965,0.4948292697566872,0.05168723804392794,2,7
2015-07-23,XLF,0,-0.008600265778580196,-0.008637461479803044,0.005859276683224381,0.006971759625753589,-0.0026740348851927997,0.00479440768546846,0.012109348989731955,-0.009375000573229047,0.002812518111026341,0.03869035001447596,3,7
2015-07-24,XLF,0,-0.009464001695931645,-0.009509069935978776,0.007069916810705908,0.0075608890155086615,-0.010010335398524695,-0.006604203908045725,0.010659286224369104,-0.008290576551016338,-0.12067351381644476,-0.07623083702016697,4,7
2015-07-27,XLF,1,-0.00716590442691134,-0.007191702839893566,0.007082158675787864,0.0071173977302608086,-0.013371630450620953,-0.013722783240936232,0.006412856994841765,-0.0004008917866024788,0.08259465777209818,0.0187615041336473,0,7
2015-07-28,XLF,1,0.0040095612525812285,0.004001544384133915,0.007893280476845753,0.007194706504603906,-0.006664852542746291,-0.009924842450192428,0.0103420772692844,-0.003977686105556713,-0.14733075501002035,-0.13635195109120046,1,7
2015-07-29,XLF,0,0.009984274030726548,0.009934760465343029,0.008737753473550327,0.007409918173885108,0.005566581998763365,-0.00035583402168493095,0.009554140722733728,0.006767543607118315,0.11504386162654057,0.05200110888841869,2,7
2015-07-30,XLF,0,0.0,0.0,0.007988899326891912,0.006606104534788311,0.006126733503287962,0.0003163529215908234,0.006336664782110603,0.0015841429485367413,-0.3775430835100133,-0.30264609293126576,3,7
2015-07-31,XLF,0,-0.0031629834536769375,-0.0031679962589121757,0.006603608711336602,0.0066219848552120176,0.0022266308283849234,-0.0021371994638287317,0.007125914139719895,-0.0019794877257539477,0.17184313548811692,-0.18789923593040958,4,7
2015-08-03,XLF,0,-0.0011903385291758273,-0.001191047544784496,0.005210464954345859,0.00658984250916517,-0.0008729717404060144,-0.002377267089726076,0.009123368510305863,-0.0011899924401904695,0.7410865824071526,0.33884093662679016,0,8
2015-08-04,XLF,1,-0.0015881722158690437,-0.0015894346982325835,0.00525263208534922,0.006592835154008899,-0.003250889559483827,-0.0029741395390582293,0.006746058921333093,-0.0023810222602987014,-0.2700018019968352,-0.04184380448432379,1,8
2015-08-05,XLF,0,0.003977546792952813,0.00396965726742593,0.0026922630692939624,0.006173277402246839,0.0011106057811982595,0.002343140045134584,0.008692224615418296,-0.00276567831523779,-0.19254706853924586,-0.19702306381160906,2,8
2015-08-06,XLF,1,-0.0035656325147778167,-0.0035720045337543915,0.003015088059682496,0.005700782727267521,-0.0013499713512370448,-0.0003972100819463753,0.009501187869242641,-0.004354761455276693,-0.03431874390025713,-0.19145085590232302,3,8
2015-08-07,XLF,1,0.001988211334530643,0.0019862374582646503,0.003016544371087125,0.00485871045557036,0.0007149972768043522,0.0012718059118494995,0.009550245441195721,0.002785581685683349,0.2822745216335092,0.04197977234263561,4,8
2015-08-10,XLF,0,0.00952340533984719,0.009478343583557258,0.0051073772682861665,0.004864671639282043,0.008163370122171498,0.00880315858864189,0.005912530166064672,0.0027591375550337486,-0.01656246703213804,0.04112965227822207,0,8
2015-08-11,XLF,0,-0.009040636985200745,-0.009081751532476368,0.0071283544537139925,0.005904319112962033,-0.0015050298495196124,-0.0009905750287529935,0.0071428804359725834,0.00039672834217772924,1.1696177701765227,1.0106244118532164,1,8
2015-08-12,XLF,1,-0.009123914035617076,-0.0091657918603536,0.007928699002615449,0.005649622086366728,-0.00857321521825627,-0.008887894435191335,0.01680002374243069,-0.0008000861038783937,0.18428452617067825,1.095243583538358,2,8
2015-08-13,XLF,1,0.003603206702047279,0.003596730704355622,0.008227242685158552,0.005847393337241,-0.0043686032263936525,-0.004447726836951382,0.01118209334773607,0.001198071383562877,-0.6445902104650667,-0.26906154441328956,3,8
2015-08-14,XLF,1,0.007179967053640102,0.0071543138099663395,0.008934365426108903,0.006292190488687635,0.0023819743292585738,0.002541074684204725,0.008785950580610316,0.008386593452756023,0.21983003651429933,-0.13022475865532124,4,8
2015-08-17,XLF,0,0.0019801098641603065,0.0019781520306807465,0.007543209645491333,0.006295548669808853,0.005484450041896682,0.004047823883071233,0.0103420772692844,0.006364391163727686,-0.14380386405568069,-0.22884539418332195,0,8
2015-08-18,XLF,0,-0.0007908877908628931,-0.0007912007076105176,0.0061380860539914485,0.006271259566163063,0.004130657617830824,0.002696705067725791,0.004748667561493981,0.0003956293824223482,-0.29631909570226045,-0.44174231383714724,1,8
2015-08-19,XLF,0,-0.009097632202420103,-0.009139268377722498,0.006127712103830104,0.006821502150734136,-0.005557628401305248,-0.005676126001780912,0.012296774819659378,-0.0063466263476825045,1.8342929307946867,0.4517252087622443,2,8
2015-08-20,XLF,0,-0.021157821297814516,-0.021384856084008863,0.011076065023062479,0.009410091899281724,-0.022328543415597202,-0.024273830090430937,0.012101725262081552,-0.01089157167856078,0.18036136020165183,0.5425854211107528,3,8
2015-08-21,XLF,0,-0.0358888722787456,-0.03654871329641374,0.015645644012708123,0.01393890940207857,-0.04515693219066752,-0.05341538623835196,0.03097892483070978,-0.023543955716240465,0.8856176416351662,1.3822236668893009,4,8
2015-08-24,XLF,0,-0.04272421245649993,-0.04366374979354104,0.01760239584148532,0.01684555255668403,-0.06580236616193325,-0.08354581094745317,0.2212708578616464,0.01982877028674676,0.12477529713004132,1.2113649526083594,0,8
2015-08-25,XLF,1,-0.013256973639453884,-0.013345631745079967,0.014462097160882887,0.016829746575396255,-0.055174887099021075,-0.08502361430023408,0.05242965894429893,-0.04816702564755926,-0.4087318150736683,0.2694264347930122,1,8
2015-08-26,XLF,1,0.037617779460073164,0.03692748905069454,0.031680163053211696,0.023040009494237974,-0.0037835798272116694,-0.0435104584416115,0.03238511248048944,0.014004342415825877,0.7195922853619121,0.9800451171216931,2,8
2015-08-27,XLF,0,0.024600685775034936,0.024302961832749492,0.03582444874143554,0.025011800346539246,0.027616614582188115,-0.014569732925114431,0.02172985713242437,0.011504036126559003,-0.34121431027475424,0.19332984514818818,3,8
2015-08-28,XLF,0,-0.004633602394105596,-0.004644370806917486,0.03178974939953194,0.024640762297323048,0.02294364854518416,-0.012495334513322298,0.009725163221969866,-0.0008456577341793353,-0.5806650109867104,-0.5037463272110949,4,8
2015-08-31,XLF,0,-0.00846417141303668,-0.008500195934406651,0.022538354200778536,0.02446990336523684,0.007308360224758781,-0.013141618864457416,0.007240134200926799,-0.0021294512355667056,0.4584265176154354,-0.3020662031218666,0,8
2015-09-01,XLF,1,-0.032436820545434286,-0.03297455444844255,0.027883151536978148,0.02554580646135807,-0.02820651992269252,-0.03453870390736036,0.023986015948012192,-0.011338849487947038,0.4664673660981664,-0.050856249063574555,1,9
2015-09-02,XLF,1,0.013674145926248604,0.013581498421057159,0.02194820592107907,0.026678898752673263,-0.013310696697816815,-0.012632514929426741,0.01567266869998604,0.00043534622955819974,-0.39122780706162186,-0.41908984468396193,2,9
2015-09-03,XLF,0,0.005657645102026709,0.005641700738076683,0.017513806200074426,0.026586729262892368,-0.0023309291947910538,-0.0009941120692432692,0.014750603284680083,0.002603113549941989,0.14733242288221127,-0.32796065498944615,3,9
2015-09-04,XLF,1,-0.019905198471650953,-0.02010597574275197,0.018674665356880157,0.024995326756010874,-0.013845419324548969,-0.01667122022965184,0.015364411978607509,-0.005706705025388329,-0.10060025308602893,-0.34160768364583116,4,9
2015-09-08,XLF,0,0.025607762318840877,0.025285375719239944,0.02404242947158514,0.022438210373799332,0.013172132182001528,0.0058894214355385,0.013858779737133758,0.0060631716470612995,-0.08271150662702897,-0.3182997578768295,1,9
2015-09-09,XLF,1,-0.013775923565452208,-0.013871692151491644,0.018943278801831102,0.022480152592027257,-0.0028727206951307815,-0.010452838102205098,0.02901025753984722,-0.02261090214323213,-0.12034904304557881,-0.3644494041315097,2,9
2015-09-10,XLF,1,0.004801536170325971,0.004790045562561573,0.017997748165069747,0.01894985915554743,0.0015662224896011434,-0.005056848690675242,0.016164311506084862,0.005679383186654229,-0.002017821010728449,-0.25486503449926345,3,9
2015-09-11,XLF,0,0.004344293384017872,0.004334884182559673,0.017912621831733287,0.016946896689361952,0.0058297919915979435,0.0019503875888251532,0.011348747994355911,0.009166316165757823,-0.38584618095475376,-0.48086662636614297,4,9
2015-09-14,XLF,1,-0.002162284762420641,-0.002164625875495041,0.01432945340429246,0.01693054844885272,3.48928584248398e-07,0.002216084762800552,0.006935447970705938,0.0,0.18752008815831767,-0.3731886754859671,0,9
2015-09-15,XLF,1,0.014303886159596768,0.01420255076346466,0.010364552458992874,0.017524877902624487,0.01281164705956428,0.016684125822060025,0.017271090456754602,0.010362694825799832,0.2893129337731062,-0.16249952058520722,1,9
2015-09-16,XLF,0,0.006410155602105894,0.006389697932705385,0.0058920095028343195,0.01333866115842689,0.013687882505467597,0.019303984389060558,0.012382558830237577,0.0055508575467371115,-0.3176740451026109,-0.35142288390763043,2,9
2015-09-17,XLF,0,-0.014012410022090527,-0.014111510688009421,0.010604284934919609,0.013943143902219284,-0.0022343278943048883,0.003978090624893849,0.022099433180023317,-0.013174642898625,1.685682844045528,0.6549271318209575,3,9
2015-09-18,XLF,1,-0.01934511584900911,-0.019534681362887163,0.013938307940397026,0.01522339443443907,-0.01859107026585438,-0.013997937442734143,0.012286073166902183,-0.005704303448173548,0.13386247115618,0.7785678425438787,4,9
2015-09-21,XLF,0,0.011474155153919696,0.011408826289759144,0.015392004145039703,0.014177160737690249,-0.0070056415439471165,-0.0043317484816260965,0.010521701053456792,0.004822399137652223,-0.44780170949229936,-0.0030918571444489285,0,9
2015-09-22,XLF,1,-0.012652693787846947,-0.012733420783392901,0.013649219601722072,0.012027298198590964,-0.013963871813445272,-0.014845650419408885,0.011071740670293886,0.002214327337370941,0.3872502213230462,0.3387282186820668,1,9
2015-09-23,XLF,0,0.00044159227834250636,0.0004414948051665313,0.01255026329286631,0.011307447848593527,-0.006643079259845197,-0.013730063674104231,0.00927563165869326,0.0,-0.46597394227474276,-0.2718798618858086,2,9
2015-09-24,XLF,1,-0.007066843773198106,-0.007091932180763649,0.011923748040084843,0.011295726550754533,-0.008206024440984838,-0.018870702164180964,0.01072386087107961,0.004468231649327221,0.46945881176844684,0.05320026629184427,3,9
2015-09-25,XLF,0,0.014679835944421127,0.014573130167361725,0.011703885715689573,0.01234701756684201,0.005023067583606933,-0.003609090482766808,0.011403501364589305,0.00043869522565720355,0.0808477271188659,0.07516957610824826,4,9
2015-09-28,XLF,1,-0.023235814592102888,-0.023510022083158333,0.014236231449942405,0.014257303674127392,-0.012761621124445788,-0.02387118547052447,0.021192053803937065,-0.01633558898565514,0.05425704875001025,0.07790612362391736,0,9
2015-09-29,XLF,1,0.0017954018733328247,0.001793792065935218,0.0139007494039442,0.013080329237353154,-0.008264541077169452,-0.017961887122531994,0.012107611325818923,0.0008968522990184322,-0.17388016625195768,-0.1212200644399899,1,9
2015-09-30,XLF,1,0.015232988750397691,0.015118131719092265,0.016126168436662387,0.014127494689125239,0.006663619581645186,0.00041047732234522627,0.011936326857347846,0.0017683293418941676,0.017040169372361635,-0.13927898752597256,2,9
2015-10-01,XLF,1,0.00044132337166757907,0.00044122601715068654,0.01561227007852128,0.013637067081425525,0.0054106478202466946,0.0027866907613298686,0.014569498116926474,0.0008829936033239868,-0.011688899859943813,-0.10754385865863059,3,10
2015-10-02,XLF,1,0.0013234491733111753,0.0013225741863696072,0.013902961443644411,0.012174218668592834,0.007724528860041158,0.003936181952978179,0.032461678618467646,0.023444528025775326,0.5531117028474715,0.4119145043963486,4,10
2015-10-05,XLF,0,0.021145056981375587,0.02092460253020656,0.009556605662884682,0.013479623890628494,0.0208753660552754,0.023987043316715306,0.015747980545530792,0.013998216341561039,-0.3632644482034848,-0.10246067216808785,0,10
2015-10-06,XLF,1,-0.004744729352148758,-0.004756021312818159,0.010960493293073999,0.012790302227663683,0.009363430193944033,0.017151405970830425,0.007782126841267371,-0.0025940084434700754,-0.23534105948248563,-0.2748179358008951,1,10
2015-10-07,XLF,1,0.00780146061220055,0.007771186570911581,0.009969735544039912,0.012901851618756737,0.012013223796198291,0.022337144239858775,0.012919872341294712,0.0012919771223886681,0.052122578581906165,-0.242568384380774,2,10
2015-10-08,XLF,0,0.006022109781067986,0.006004049349623397,0.009610657885461045,0.012452839598141028,0.011765918665908481,0.024394739965325485,0.012953343187407871,0.00993092009886516,-0.03523611408341887,-0.24856237272714343,3,10
2015-10-09,XLF,1,-0.006412937915715622,-0.006433589139426932,0.011118541875390008,0.012236030119659142,0.0006029807984759827,0.015912150536834258,0.013651844655312183,-0.008532440472702471,0.5666988684994076,0.17037292692184192,4,10
2015-10-12,XLF,0,0.0008603720441253682,0.0008600021362554777,0.006305159394792886,0.008543470286879901,0.0007743914123117257,0.012448894422824042,0.005596258568411805,0.0012914209602766513,-0.5661202351771022,-0.4560681354100079,0,10
2015-10-13,XLF,0,-0.0077389674251087115,-0.007769068635608889,0.007050347700230016,0.009353412924126413,-0.0070558573547578884,0.0013012150451472415,0.010785054745231634,-0.0043140218980926535,0.6771373130046308,-0.07621349333265148,1,10
2015-10-14,XLF,1,-0.008232246738825055,-0.00826631880395512,0.006279589278380033,0.008989357237303734,-0.012170158224884986,-0.007931636712625312,0.011693361291754724,-0.008661775468224072,0.05445719661867687,-0.016656407833736564,2,10
2015-10-15,XLF,1,0.022717917231057205,0.02246370821391963,0.013089557732499396,0.011288818470934006,0.010096906532387484,0.011362405225457728,0.01911383091157627,0.016941725856597412,0.24324739536408835,0.20366147112517075,3,10
2015-10-16,XLF,0,0.00598015239804317,0.005962342256326192,0.012682125008976575,0.011295454068561951,0.013426385969009136,0.013688059472652059,0.00681434395152351,0.00298133172750344,-0.34338585715562775,-0.13725230314519965,4,10
2015-10-19,XLF,1,-0.0008492897084394491,-0.0008496505592696657,0.012767473012939578,0.009533729676881873,0.010218177131922301,0.011303544875271632,0.00811957909151943,0.005555501483671188,-0.10541013706468694,-0.19929915514696395,0,10
2015-10-20,XLF,0,0.005950020508612264,0.005932389040415931,0.011456768479051329,0.00934839551780476,0.01110651289919029,0.014704173444060942,0.008074819757952982,0.005949893449339641,-0.26762790555110316,-0.3946955825803894,1,10
2015-10-21,XLF,1,-0.007182242646125658,-0.007208159117654933,0.011156684127305186,0.009620659957665142,-0.0013599271894656484,0.0063377683673917495,0.013502176754183307,-0.0084387366345391,0.22027579506072992,-0.24341568131632207,2,10
2015-10-22,XLF,1,0.016170168213649472,0.016040823530935278,0.00872344244257918,0.010673774722364169,0.010750798608109458,0.020469170661810532,0.018258944652580253,0.014012701640461561,1.0949483488047318,0.49237620579266594,3,10
2015-10-23,XLF,0,0.010887834103336935,0.010828988387222793,0.00925962880950383,0.01053712807601757,0.016677891180159055,0.027627647673342803,0.00789356653988538,0.0029081560936419825,-0.2499959684228249,0.15428917213316318,4,10
2015-10-26,XLF,0,-0.004142543605207605,-0.004151147709106073,0.00987591442417071,0.010810403062775156,0.00813549072480968,0.019983885485529873,0.007870774645215996,-0.004142559043454123,-0.46658317847585384,-0.38300042911556753,0,10
2015-10-27,XLF,1,-0.00582355501230114,-0.005840578030620769,0.010759159644358984,0.010607031575780829,0.00033488897987865585,0.010528140061612401,0.005434729795270282,-0.000836112276195428,0.17065088363010927,-0.25171107286312633,1,10
2015-10-28,XLF,0,0.023430729696139796,0.023160444000919878,0.012763973349356134,0.011396394943685394,0.015611880231685138,0.027385548947675753,0.02296448258323886,0.021294352655051703,2.90934627035169,1.4882061324665026,2,10
2015-10-29,XLF,0,-0.0012260135226414004,-0.0012267656920630365,0.012380983825459541,0.01010216562122312,0.009754754879692129,0.02174850013778773,0.009815951745047418,-0.0008179879762105511,-0.5673715250666085,0.09389139204044938,3,10
2015-10-30,XLF,1,-0.014326787153659648,-0.01443040644714122,0.01419472968610314,0.011653201222881833,-0.00421791590240983,0.004882644112948142,0.013951540395271966,-0.01189985744681425,0.29678561158421846,0.3390049789600673,4,10
2015-11-02,XLF,1,0.01370407421312514,0.013611022548899676,0.0152299765130565,0.012117268636631689,0.006348812255204006,0.014926494840592941,0.01574154929043199,0.011184744069004328,0.1696227227282605,0.44080024575066035,0,11
2015-11-03,XLF,0,0.0016387361502359088,0.0016373948872683286,0.01447761713910448,0.012106757239692007,0.0034473720102408123,0.013303456365564514,0.009836162432071945,0.0020491604119721777,-0.42229852245799704,-0.19682181509866326,1,11
2015-11-04,XLF,1,-0.002863037897574472,-0.002867144230172425,0.01004434332148351,0.01176288685645215,0.001231904167842579,0.006730726434387213,0.008179975792626316,-0.002862957916736929,-0.05599586621460251,-0.25708678568986687,2,11
2015-11-05,XLF,1,0.004101646866428776,0.004093258043755821,0.010243873243589491,0.010936514186236989,0.00492599359184176,0.008361675779068545,0.007383029087470433,0.004101682826372462,0.12808358505880357,-0.13638442342680057,3,11
2015-11-06,XLF,0,0.010212405506265787,0.010160611224152127,0.00663737552723456,0.010881163026407233,0.009799854156723686,0.01618986264665323,0.013231816196667894,-0.008420220995026477,0.8912947577091459,0.5184070065630633,4,11
2015-11-09,XLF,1,-0.01091793231772753,-0.010977970334699272,0.007909757622021975,0.011530276339316055,-0.0016327163568121694,0.0033635429126996907,0.020193853483044293,-0.012116387952381454,-0.30841437372671265,-0.010782664196096858,0,11
2015-11-10,XLF,0,0.0044972543355812356,0.004487171904836718,0.008119104089293264,0.01123078147418442,0.001875774655898832,0.005113501513520191,0.009016402039980328,0.00696724162800815,-0.30505699663621566,-0.3265730994714049,1,11
2015-11-11,XLF,0,-0.0032557799963228717,-0.0032610915800468376,0.00816764842115008,0.008668862696523916,-0.0022811927938923837,0.001718103677879279,0.008508926667018035,-0.007698466623678068,-0.3293576533416551,-0.4758504748893303,2,11
2015-11-12,XLF,0,-0.01510849693054439,-0.015223793044978784,0.010489455569087121,0.009934104403313205,-0.014464387009522461,-0.012163734769114809,0.013507946976204723,-0.012689289347897583,1.4150194169863548,0.22369106622255486,3,11
2015-11-13,XLF,1,-0.00829148389972556,-0.008326049451437889,0.007553672450269873,0.009206855733158603,-0.016123477205840286,-0.01971200860307898,0.013333302027383118,-0.0033333010490721746,-0.19099338444828884,0.006601594681045819,4,11
2015-11-16,XLF,0,0.012123075046212017,0.012050179129001304,0.010661469837954702,0.008943194269205961,-0.0021436352346230203,-0.007013982612279146,0.017190706583129007,0.015094290956695998,-0.005887936055584131,0.03945876472172549,0,11
2015-11-17,XLF,1,-0.002064693005131568,-0.0020668274221842253,0.010046800453573587,0.008908223473494998,-0.0008269725129548267,-0.007884139217086084,0.011106528758234955,-0.006170336680597234,-0.1409130792573432,-0.11309730859422218,1,11
2015-11-18,XLF,1,0.017797810085090182,0.017641283554138187,0.013793456515168702,0.01068687140296862,0.01611569929422929,0.008903316445936005,0.016460937955186307,0.011934136537026869,0.8162803787958146,0.4863211307065112,2,11
2015-11-19,XLF,1,0.001626973129580156,0.001625651042603593,0.01060155913876807,0.010633254740625304,0.013497046454949091,0.009923190999753917,0.006910501828630092,0.001219500322699428,-0.5738678055630421,-0.355601498694045,3,11
2015-11-20,XLF,0,0.001623749605939695,0.0016224327498517432,0.008362857219741612,0.010110125190418135,0.008915408082555532,0.011811967914620247,0.00688261941825687,-0.0012145631223008124,0.24081755813510752,-0.1357275078337935,4,11
2015-11-23,XLF,0,-0.004053547085635989,-0.0040617849769470915,0.008633613396968444,0.009516965062059516,0.0018755876522833503,0.007256102707925205,0.00811031652904617,-0.0036495995923371263,-0.27971618940590415,-0.3423093941405573,0,11
2015-11-24,XLF,1,-0.002848822051787603,-0.0028528876686442217,0.008754568662133231,0.009456562845207288,-0.0037409890023291092,0.004674900109952196,0.011875588849428478,0.0032759714627426033,0.12843778031754138,-0.2497721194181226,1,11
2015-11-25,XLF,1,0.0008158908969253531,0.0008155582388771343,0.0026873784393096995,0.009400018085267341,-0.002360146386392481,0.005370971365310284,0.004896008788656211,0.0004078969540021943,-0.32549610994961786,-0.4904021861989546,2,11
2015-11-27,XLF,0,0.0024474274475907443,0.0024444373746992376,0.0028734511102973164,0.00772050310464387,0.0004885988819776088,0.005934228991284263,0.006921852208264349,0.0008143243068061949,-0.042723585491338256,-0.46315717371568565,4,11
2015-11-30,XLF,1,-0.0008139337828262372,-0.0008142652067779643,0.0026409886407180137,0.0069450178170535086,0.0005702748744009778,0.002489789501801898,0.005677250134154752,-0.004055110658152362,0.30917450715372796,-0.25671616904035066,0,11
2015-12-01,XLF,0,0.010993504076769911,0.0109335147721632,0.005334888397845603,0.006781359612444114,0.009431607585947077,0.010952204503274832,0.009736308973336,0.0073022555428437315,0.2604383603802993,-0.026698542826040006,1,12
2015-12-02,XLF,0,-0.011679354394923847,-0.011748093799902382,0.008123430735106477,0.008068204733921645,-0.0026822254111121824,-0.0023985002805048117,0.01607064931419029,-0.014061829941530574,0.14576740362131702,0.12135613767339581,2,12
2015-12-03,XLF,1,-0.0162998499001763,-0.016434153876444757,0.01098253042151304,0.007652291334606703,-0.01589884958354615,-0.01686076120217772,0.025121502411591928,-0.021880042780569584,0.3526377859912577,0.6171396795947501,3,12
2015-12-04,XLF,0,0.02651185242238774,0.0261665038518748,0.01740193821706295,0.01181263291598076,0.008546955402578105,0.008587977204536967,0.024289886402510303,0.020173005654500427,-0.11399939587171137,0.3695489509634897,4,12
2015-12-07,XLF,0,-0.009281288384604403,-0.009324627914536254,0.018110481764872406,0.012211399323669875,-0.0007323975729872645,-0.000284765053336411,0.013737430542294007,-0.008080729887800422,-0.4028036869000553,-0.1538646489265426,0,12
2015-12-08,XLF,0,-0.012627484770932673,-0.012707889042999465,0.017615886198031804,0.012782450273164672,-0.008588926072288339,-0.011580415459684246,0.011532109274648091,-0.0016475270702806597,0.13755473669156237,-0.0474119417529808,1,12
2015-12-09,XLF,1,-0.011550892772312249,-0.01161812254492034,0.01760320613145629,0.013190939537100852,-0.015369223211876282,-0.020841530354537285,0.02403642984909994,-0.007045103432720639,0.8663574746085674,0.6432187984859692,2,12
2015-12-10,XLF,0,0.0008348162371429879,0.0008344679718792491,0.016394513559812886,0.013191413436655806,-0.013249706369602654,-0.017856806503693035,0.014196202424923561,0.0012525974461403686,-0.12703220503572854,0.3236882757001385,3,12
2015-12-11,XLF,1,-0.02210223865421257,-0.022350152913089172,0.008203868622345786,0.014464432318352153,-0.024380367571081973,-0.035098678033168795,0.01905156495281841,-0.007197319723065618,0.5395473172256817,0.7705187000528548,4,12
2015-12-14,XLF,1,0.0021322787535853482,0.0021300086736331103,0.010141705428242753,0.01457969762529392,-0.0136826743369306,-0.0288052888864454,0.01789521177034345,0.001278315161009887,-0.19647974888409447,0.314550102915264,0,12
2015-12-15,XLF,1,0.02340442951349253,0.023134745612331642,0.017061202838427478,0.01643681405548111,0.011013959559268427,-0.002860741571343306,0.019376589611040055,0.013058200978660393,0.29721202165320926,0.5493733151054998,1,12
2015-12-16,XLF,0,0.016216067036910475,0.016085990952828588,0.017468190366905872,0.01716359142231186,0.023279097818169614,0.013729230821005967,0.01977750524273092,0.00700456132343294,0.09506216899214248,0.5468077807041092,2,12
2015-12-17,XLF,0,-0.014320694976934667,-0.014424225739561258,0.019385462203538407,0.016968594308094095,0.007696882284755624,-0.0005808151078632307,0.01916021635562204,-0.017937236041517965,-0.30616804644569817,0.05470094835557937,3,12
2015-12-18,XLF,1,-0.02673349694519278,-0.02709733599027153,0.020826301420759738,0.016025513247460085,-0.019209514149896245,-0.021885541214867854,0.021034911896699055,-0.019772730258508193,0.6019376463008979,0.548919825299973,4,12
2015-12-21,XLF,1,0.00987116896048068,0.009822767232602558,0.021293732053545785,0.016643067963963722,-0.010996106842575015,-0.008621607941701193,0.012345659268120467,0.0017028357673076323,-0.5534445077148853,-0.32609863402773254,0,12
2015-12-22,XLF,1,0.009350147076654824,0.009306705034516138,0.018447754012080063,0.016752758435551636,-0.0004863970941999529,0.0020794309140583778,0.014364232814288766,0.003379872000726901,0.12536611817705334,-0.2625688231338824,1,12
2015-12-23,XLF,0,0.011789116897514829,0.011720166638284013,0.01748881963459821,0.01679017111555918,0.013496328805458369,0.01295627984678549,0.010041841579651028,0.005439375882506023,-0.2883249834973347,-0.456952315095152,2,12
2015-12-24,XLF,0,-0.0008319934122023032,-0.0008323397108136454,0.016100054738332144,0.01680075036071796,0.012055468153901572,0.011349051436396751,0.007896944879086631,-0.0020781177084124194,-0.6592322068929735,-0.8032949758985307,3,12
2015-12-28,XLF,1,-0.0008333966847436924,-0.0008337441528265543,0.006184839518278783,0.014794932491589946,0.005363961885501922,0.007594616410806498,0.008782948824004003,0.0033458478570154784,0.20963477111221285,-0.7346102838304251,0,12
2015-12-29,XLF,0,0.010421051633577871,0.010367126787196757,0.006277983225942401,0.014971775731215631,0.009831530858569915,0.014318883575050068,0.006614239230968508,0.0020669497596776587,1.2714637043399253,-0.36294475243246604,1,12
2015-12-30,XLF,0,-0.007013140739482671,-0.007037848397620561,0.008085967114960887,0.013578889946440213,8.306797925716758e-05,0.006490403122633159,0.008267799038710635,-0.004960679423226381,-0.49161378823093094,-0.630320493603066,2,12
2015-12-31,XLF,0,-0.00997105028443579,-0.010021094144110787,0.007827025736569654,0.012775036778305656,-0.00824052054086677,-0.001634098616362878,0.013848054091633548,0.0,2.0588093064978663,0.2321801391859608,3,12
2016-01-04,XLF,1,-0.019303791672838355,-0.019492542883615904,0.011044837329827703,0.013398484612391348,-0.022176093658537233,-0.018562582872644673,0.012425000777115836,0.0012853345013375949,0.578698639770419,0.8582506148525302,0,1
2016-01-05,XLF,0,0.0038517144968408523,0.003844315637335338,0.011701948869496038,0.010352342802207197,-0.014036941222022592,-0.015443921924233495,0.011960684488992235,0.00213581860576329,-0.4421464394219199,0.1811836871468393,1,1
2016-01-06,XLF,0,-0.015345319063858165,-0.015464277006592031,0.008873286668457927,0.010933928959513887,-0.019774109553460817,-0.028799626250486154,0.011245666658271473,-0.0008650434695006674,0.48279674487378577,0.6521142124793777,2,1
2016-01-07,XLF,0,-0.028138984621873697,-0.02854247303960733,0.011879902993892879,0.012934363551959947,-0.03407647314601536,-0.05094094033914387,0.0207780773663809,-0.007515503502612427,0.1910499474074434,0.8310080031010807,3,1
2016-01-08,XLF,1,-0.015589978468916632,-0.015712780172598695,0.011693642844301584,0.011697837803998636,-0.034765897181621375,-0.05805141809070169,0.027373112689285665,-0.024282531415571018,-0.09758688776745139,0.5237516472346322,4,1
2016-01-11,XLF,1,0.0013576210229153673,0.001356700288738466,0.013292112751496797,0.011871845424695932,-0.02287171991513981,-0.04915348102667172,0.01575152769720582,-0.004050365664615648,-0.14503067522494328,0.1791099755279193,0,1
2016-01-12,XLF,0,0.0076820703343354335,0.007652713483762952,0.014409146275837002,0.012722442760732705,-0.005174636629868501,-0.034840700929617774,0.017441900147817695,-0.0026834419503409404,0.13589857804148942,0.21085618182482424,1,1
2016-01-13,XLF,1,-0.02600878382926819,-0.02635299368547095,0.01608814214049692,0.012324039970119162,-0.01896982241289169,-0.0495773510824592,0.03885656807250508,-0.029924096009288595,0.5567329407111266,0.66609806276269,2,1
2016-01-14,XLF,0,0.008747230186671784,0.008709194810565979,0.01535801816901987,0.01378954715305289,-0.005537549274346243,-0.032115606187340995,0.024345408880758736,0.006430913596981341,-0.24107505896815873,0.1486842351053994,3,1
2016-01-15,XLF,0,-0.022363892221827775,-0.02261775612191963,0.01678447356364414,0.014402611716630782,-0.021739030227220457,-0.043578965611454024,0.018422228852123742,0.011809271781721952,-0.009460193536041772,0.09148024025960466,4,1
2016-01-19,XLF,0,-0.00046721622089773707,-0.00046732540040439474,0.016600133671259076,0.01435660023031275,-0.015722927193102754,-0.03558572658192305,0.0217090142919982,-0.01108534334892413,-0.11215647836297182,-0.020045597917105917,1,1
2016-01-20,XLF,0,-0.01961704888077964,-0.01981201719865977,0.01520782305741558,0.014003834035341075,-0.02326684804406487,-0.043866599000649376,0.031473562932682136,0.0009537341524832581,0.2853066454356714,0.18264880676465056,2,1
2016-01-21,XLF,1,-0.004287568320675561,-0.004296786299640143,0.013147839116329572,0.014056822684552266,-0.019975574465145307,-0.038328778497485616,0.021418387469454906,-0.0052355511907026244,-0.15032568469499474,-0.010613930837643393,3,1
2016-01-22,XLF,0,0.01818180457838503,0.018018492142163556,0.016363729337181988,0.014969636573077148,0.003773594875296604,-0.015544063599338798,0.01133679887405048,0.00519609289305365,-0.35150204250920714,-0.33488609454405693,4,1
2016-01-25,XLF,1,-0.020206576272540633,-0.020413521652137057,0.015834753944580542,0.01538970376741122,-0.01119204859042533,-0.029826307038091415,0.022180279047689013,-0.016045369543338333,0.33114107883817434,-0.11060573743268154,0,1
2016-01-26,XLF,0,0.0167865946146728,0.016647256910322206,0.018756113753817673,0.01687721674036065,0.007413208450170794,-0.009253066055502246,0.017200135424774072,0.012900129613803815,-0.1900235332797997,-0.2738773918883577,1,1
2016-01-27,XLF,1,-0.0037740365756265826,-0.00378117622084595,0.01615798185886909,0.01636548164901663,0.002372768402431946,-0.007519070330522237,0.024609541461582524,-0.00047336725798682237,0.20684485484632464,-0.12026046562290116,2,1
2016-01-28,XLF,1,0.0004736511123732967,0.0004735389750929464,0.015881343526879352,0.014700191114094424,0.0006629138574847371,-0.004288269640675746,0.016941122238718617,-0.005647003915711274,0.034975387387177426,-0.039567532914193126,3,1
2016-01-29,XLF,0,0.02792283404346252,0.027540100055462258,0.018670423945146074,0.017362140443475595,0.024335308703620884,0.024431989501733087,0.024436073633711565,0.02067671163954612,0.2579538414514373,0.20059664761385498,4,1
2016-02-01,XLF,0,-0.004144051760428424,-0.004152662139060848,0.014277424180306992,0.015718414474682026,0.012640358956884645,0.019177251651816052,0.012488423170687208,0.00046242156861041556,-0.15874954069585223,0.021966198353094546,0,2
2016-02-02,XLF,1,-0.027739456591225453,-0.028131461665892754,0.01981324290492259,0.018189678644461093,-0.013879976279178252,-0.007316749934827005,0.017354536651249735,-0.01360233834276201,0.01887227147791415,0.03826905753478371,1,2
2016-02-03,XLF,1,0.0009510859278758499,0.0009506339322231661,0.019787483368542653,0.017058820330796816,-0.012293695708102348,-0.006653956335062161,0.033096936424392306,-0.004728197211483777,0.7634026608310247,0.738201038387561,2,2
2016-02-04,XLF,0,0.008551369876427684,0.00851501402755872,0.020212765154500063,0.01714835924224154,-0.004781440802466008,0.00028279803112774005,0.02198853748885371,0.014818323182656626,-0.3614764815853083,0.10292170056655991,3,2
2016-02-05,XLF,0,-0.01318922492043828,-0.013276975173373895,0.013978446215067015,0.01666080298876752,-0.01076600332842681,-0.011372973498034566,0.022117763477956874,-0.01411762028086298,-0.15982016811116195,-0.09613214596663133,4,2
2016-02-08,XLF,0,-0.025297984575235466,-0.025623479902560753,0.01592108989921933,0.017361198061432444,-0.024646338673047108,-0.03442392576236486,0.028087233529442732,-0.011138019318195127,0.6233360176925766,0.3853503499821722,0,2
2016-02-09,XLF,0,-0.001469106335995285,-0.0014701865307853446,0.013272574393176587,0.016085514187542192,-0.02008826262328567,-0.03213538735345456,0.02547451205937747,0.01848145585796732,0.27670350784796316,0.5935705886127676,1,2
2016-02-10,XLF,0,-0.005395020375905002,-0.005409626053972882,0.012722879177120516,0.016093708153700047,-0.018107949485397623,-0.03350336236965801,0.024817505738471926,-0.01313867278770339,-0.5214603416759281,-0.24001619492423665,2,2
2016-02-11,XLF,1,-0.030572137488294793,-0.031049213966466205,0.012519874348884227,0.018027359749868903,-0.03343182112926235,-0.05644095395219928,0.01773044246532914,-0.004052764319973433,0.922844864276714,0.36444282616199475,3,2
2016-02-12,XLF,1,0.042217556963231706,0.04135070941060359,0.02874040413692589,0.021365320285906753,0.011951513328336105,-0.010766436854724337,0.02235471134724061,0.017883815733456192,-0.23029441922774407,0.03288204239773207,4,2
2016-02-16,XLF,1,0.016105662995403724,0.015977342759992297,0.027020277668726465,0.022451566005567858,0.024203075932422546,0.00911205352089417,0.013435683059702955,-0.0009596835995953961,-0.18509143932725736,-0.1675908548448155,1,2
2016-02-17,XLF,0,0.013448480061953205,0.013358851934520022,0.02706448272226853,0.021274939378892424,0.030776704865284943,0.02233621785332951,0.00856330155638003,0.003805862158133394,-0.181031001366874,-0.3145895024365414,2,2
2016-02-18,XLF,0,-0.005686910162449821,-0.0057031422054141245,0.027098629829627362,0.021363887118048812,0.017952683259890634,0.016867142045089212,0.014164278627371641,-0.009442889370499908,-0.004438587195084498,-0.2723874201839017,3,2
2016-02-19,XLF,1,0.0,0.0,0.018584113978872406,0.021147894237511445,0.005078262901015096,0.0181007900085719,0.013935585488767147,0.008169183008361103,0.15083213207959134,-0.15838062898766847,4,2
2016-02-22,XLF,0,0.015729567228207175,0.015607139737721543,0.010080090685142172,0.021270322109987902,0.012929319286078877,0.03231158470022044,0.00800745857224303,0.003768215798702602,-0.4271191145508497,-0.5045901405656106,0,2
2016-02-23,XLF,0,-0.01783231776303429,-0.01799322936266634,0.013894324001553994,0.020319066559989787,-0.006172858756290478,0.011404337784988616,0.016037801046563757,-0.012735835682756153,0.3653076783272091,-0.2823973790476718,1,2
2016-02-24,XLF,1,-0.0023888706826435957,-0.002391728586562003,0.012069983348292996,0.020341875794071068,-0.0064712978686658484,0.00660475569987673,0.02375181288634268,0.012118269558088788,0.24414980586793478,-0.0294201586533126,2,2
2016-02-25,XLF,1,0.013888519164115376,0.013792957472218426,0.013659686778024779,0.02041756974595095,0.005509306321080265,0.016224809706823162,0.014846710497241669,0.013888753012382155,-0.01470733058925866,-0.05081137483772813,3,2
2016-02-26,XLF,0,0.007085905082957034,0.007060918025375784,0.013782978645788594,0.01628699167588723,0.009374170667697301,0.015334942117988248,0.014547130090214683,0.0004693688872552795,0.14116942172734803,0.15218529439014072,4,2
2016-02-29,XLF,1,-0.010787842846829765,-0.010846453526479394,0.01287476369621531,0.01209131337213864,0.000569540705697813,0.0015198486604992567,0.015493027922482059,-0.009859059291484628,-0.29222141201358853,-0.13597900651297445,0,2
2016-03-01,XLF,1,0.03366518532059315,0.033110918350748975,0.01699040629986566,0.015111062075413483,0.025785944945465378,0.030440687422933044,0.028248533860169414,0.02636542355224357,0.41468699300257095,0.2182649636650278,1,3
2016-03-02,XLF,1,0.01100886178682603,0.010948705367698874,0.015906607095518156,0.014973412812067498,0.02587958084953712,0.0371762875961541,0.01191566590209559,0.010082503087194244,-0.1033807223018326,0.07917944893740003,2,3
2016-03-03,XLF,1,0.006805939020282814,0.0067828831693357294,0.01589732500690302,0.014547085281671646,0.02314636700008177,0.038322915986588324,0.012261568033554519,0.007720286031458001,-0.14711132923918846,-0.07642094242613562,3,3
2016-03-04,XLF,0,0.004055638488712043,0.004047436555508543,0.01607181934815157,0.014426004345381526,0.018281284056824054,0.036230606295678314,0.012556142764398228,-0.0008968522990184322,-0.07745420821500437,-0.1260782546982101,4,3
2016-03-07,XLF,0,-0.0004489268218016429,-0.0004490276196156273,0.01332855422128175,0.014133168339678296,0.006963054535873203,0.03116144157527967,0.010845007017844284,0.006326192203312397,-0.3175913865510267,-0.4005483580674014,0,3
2016-03-08,XLF,1,-0.016165049470196258,-0.016297129200089522,0.010487472602389502,0.013847320360868724,-0.01029900140652018,0.009910043928624601,0.012686995250063194,-0.007249589987088956,0.962323450987115,0.14345824576321764,1,3
2016-03-09,XLF,0,0.001369069590013039,0.0013681332687371928,0.008976511094846793,0.013684444759214934,-0.008047844182426878,0.006375646835039106,0.008640313862428077,-0.0022737387076494143,-0.36723056312621793,-0.2500921740573032,2,3
2016-03-10,XLF,1,-0.0009113140169749734,-0.0009117295160465666,0.007927461604037943,0.013419817019851205,-0.006526298622904658,0.0020113666741514713,0.02355070691465854,-0.007246412257639438,0.5812831460096921,0.17547870659495035,3,3
2016-03-11,XLF,0,0.026003435995775037,0.025671095666727428,0.015173993857006126,0.015187783179179588,0.01737081339580615,0.022597951226834168,0.017163443560954016,0.015808443231138645,-0.16314025525504894,0.009785789019222113,4,3
2016-03-14,XLF,0,-0.00311200709856696,-0.003116859462332755,0.015326077301301179,0.014451534192023916,0.012830121018739371,0.013287881141899271,0.008920624444758388,0.0,-0.3019063249841286,-0.28088031002742153,0,3
2016-03-15,XLF,0,-0.00044625012934784714,-0.00044634972856893995,0.012081580768270516,0.0108266466381664,0.007825235057461244,0.010051069120310396,0.009878770275021785,0.006286528513524413,0.3676973883702408,0.015910880516772696,1,3
2016-03-16,XLF,1,-0.002231104972943432,-0.0022335975958691634,0.012423278820169461,0.010518584153731605,0.00179217028133416,0.006346080862854153,0.013907552434042882,0.0031404966164398584,-0.043846550172304544,-0.005293800351603095,2,3
2016-03-17,XLF,1,0.012075174258548538,0.012002850970616485,0.012533265394030452,0.010937983050638379,0.007479365596753551,0.01648494247488408,0.02236135121146562,0.012075121253668797,-0.0900868581471761,-0.08128796923461834,3,3
2016-03-18,XLF,0,0.008877360074632135,0.008838187972890488,0.006955115998419155,0.011142116556484942,0.013347237449680804,0.02297726761557506,0.009263253441367166,0.002646643840390619,-0.012575515888106348,-0.08560121511006724,4,3
2016-03-21,XLF,0,-0.001760035993972009,-0.0017615866770945843,0.006677238563210815,0.011188304471751854,0.008245803235487736,0.018799747367250097,0.010591350854441017,0.0013239059047633257,-0.2698228181557216,-0.33160610998920226,0,3
2016-03-22,XLF,0,-0.003085415601102759,-0.0030901853093667775,0.007136248121615217,0.00940278397873041,0.0023820752462735406,0.011990216323774616,0.0102086160143899,0.003994739266456987,-0.08428000317072903,-0.34039914082836253,1,3
2016-03-23,XLF,0,-0.0075156728504647274,-0.007544057830578321,0.008351014085491527,0.010043142897001024,-0.006813365178358843,0.0016644972141643954,0.007971682397974569,-0.005757355060603628,0.2858606800315171,-0.1466657586780964,2,3
2016-03-24,XLF,1,-0.00623566873881376,-0.006255191722678077,0.006478820591875518,0.010396069556983061,-0.011081543504591895,-0.006739180291635338,0.009438216143380685,0.00269670855930337,-0.1325555469349069,-0.20357570068526176,3,3
2016-03-28,XLF,1,0.0031375884556028577,0.003132676496732767,0.004184300368481141,0.006300802673405141,-0.004890981186002175,-0.0035756548323987447,0.00805732352198672,0.0017905980830920751,-0.25524182752918334,-0.36160913533148686,0,3
2016-03-29,XLF,1,0.0017874986269346138,0.0017859029524918135,0.004731562325315118,0.006224513895944637,-0.0007128742400518417,-0.0022346547605338607,0.012113043131109044,0.005832260570840614,0.23024492768211702,-0.19918204328945976,1,3
2016-03-30,XLF,0,0.005798278879583174,0.005781533558780083,0.0059201948101212185,0.006433189457813833,0.005708776310663799,0.0024842653046659446,0.008873132671776383,0.00044365142518983835,-0.1530670911671208,-0.27181215375461676,2,3
2016-03-31,XLF,1,-0.0022178110493019654,-0.0022202740345247385,0.00472840946951199,0.006432429432838288,0.0030309717277465786,-0.0007997968004646028,0.008448221574295324,0.0004446377460384541,0.061376467733029294,-0.17537015198617067,3,3
2016-04-01,XLF,0,0.008889201438098127,0.00884992507240634,0.004185711677223617,0.005883112564667716,0.008440621940272841,0.007321840094772547,0.019205024667591025,0.013845436563823341,0.14537706872963452,-0.01458700955479375,4,4
2016-04-04,XLF,0,-0.004845859170194977,-0.004857638414857757,0.005624046187525205,0.005358350744588196,0.0016849152820583857,0.003063718947947658,0.008377447045428617,-0.0039683188767624345,-0.15755120350184015,-0.11961844445166103,0,4
2016-04-05,XLF,1,-0.01416561575492381,-0.014266905784670936,0.009126124623660232,0.006876521045170027,-0.011189110763121235,-0.00929767026263173,0.008489745046416,-0.004915159726954222,0.5992852581563086,0.36387134016543565,1,4
2016-04-06,XLF,0,0.005388730350714299,0.005374263093477882,0.009047896974725045,0.00722027911857666,-0.004446160481212935,-0.0029388996009801494,0.011246060219169105,0.0071975165636883305,-0.38145636865720245,-0.1462754746990328,2,4
2016-04-07,XLF,1,-0.01875870799822965,-0.018936884317997116,0.011976177300191902,0.00900318145755166,-0.01849546752800635,-0.019546759273420422,0.017993632978303732,-0.011695898403111414,0.3458102508785168,0.16090015017660297,3,4
2016-04-08,XLF,1,0.0036414564563220786,0.0036348424054164497,0.01064351082983461,0.009043472530197041,-0.009166880234415697,-0.014833377865051678,0.011754060078547925,-0.003164632204649188,0.09045285199985509,0.2449080851347729,4,4
2016-04-11,XLF,1,0.004081582353053337,0.004073275292098444,0.011543442575756162,0.009097785242090315,-0.001082874785821586,-0.009750486092442667,0.00948082618446461,-0.0004514628658277591,-0.18824632089581628,-0.0099301174609574,0,4
2016-04-12,XLF,1,0.012647170615315728,0.012567863129871348,0.011842691161320446,0.010069098029461414,0.010183184449934934,0.0027733684616797483,0.01533599617465881,0.011276495809546302,0.061702905264563235,0.042552669435095725,1,4
2016-04-13,XLF,1,0.022747322289503602,0.022492459676306087,0.015334029010188831,0.012319903793929114,0.028158962969822232,0.023843647740797502,0.01412800131526448,0.012362014108616506,0.44423401349756,0.40823077125700635,2,4
2016-04-14,XLF,0,0.0021800080546729994,0.002177635284926094,0.008684614684018892,0.01224113717028425,0.02115136296526976,0.023881226184709003,0.01227002575950198,0.007011428592594483,-0.2526140177800015,0.027339653297807187,3,4
2016-04-15,XLF,1,-0.0034803639444124235,-0.00348643450026076,0.010240107041302363,0.012112196598140551,0.009967772454908541,0.019409293418738205,0.00911459607175584,-0.006076431350297244,0.035476787833711,0.046949791622662884,4,4
2016-04-18,XLF,1,0.007423526864049013,0.00739610810083402,0.010057614435399794,0.012081971271777243,0.009186608285771447,0.024787139175234785,0.014041314783838549,0.012286073166902183,-0.027229537449372954,-0.008311427208364641,0,4
2016-04-19,XLF,1,0.012570011559625671,0.012491664827381843,0.01004933944785228,0.01097252867580579,0.013536859270916635,0.032668674498550265,0.00950735544353149,0.00950735544353149,0.09030934387019607,0.09047626964439437,1,4
2016-04-20,XLF,0,0.007705505543239566,0.007675969763781154,0.00612323401586298,0.011009702118558626,0.015968857113167756,0.03536238058366359,0.01027827233801736,0.008137066155367466,0.3073981426030583,0.33261870462333154,2,4
2016-04-21,XLF,1,-0.008920755002845282,-0.008960783169885467,0.008907528535068297,0.008876085697359556,0.0038726577762353553,0.020024641239933194,0.01529956920723834,-0.008499805019675651,-0.1512696439654866,0.1071072928545087,3,4
2016-04-22,XLF,0,0.009429577331500072,0.009385396388432277,0.008394176726592435,0.008889593104211533,0.0077019772842532586,0.02293440359472254,0.010706634239871804,0.008565327502784855,-0.26339003726451704,-0.17114416176320946,4,4
2016-04-25,XLF,1,-0.0021229158990565544,-0.0021251724792663573,0.008954521637424552,0.009295142314513413,0.0018759299446062805,0.014768144621922774,0.008102466975560933,0.002132275579397027,-0.1827263419080728,-0.31379350137341366,0,4
2016-04-26,XLF,1,0.006382718348324934,0.006362435064143579,0.007778121465416068,0.00900529888859464,0.005783628461801138,0.015849643923566026,0.008078252089941507,0.005527156811050041,0.09099612298421333,-0.24242007692496936,1,4
2016-04-27,XLF,0,0.0016915107178681055,0.0016900817248246547,0.007215559615925604,0.006649876936539247,0.006201166584086648,0.01425696061422177,0.009310108241012747,0.002539120429367113,0.36604889091617987,0.05941963487161961,2,4
2016-04-28,XLF,0,-0.010552984412476651,-0.010609062025515925,0.007805891159286881,0.007972634690834864,-0.0053466438648061,0.001580927821067668,0.013622786093601192,-0.0021285447091345406,0.31510715228140795,0.33653915843894744,3,4
2016-04-29,XLF,1,-0.005545845316495601,-0.005561280610921759,0.006512191177842879,0.00815541324540517,-0.008844091294238576,-0.005715566352485935,0.012869987850310833,0.0,-0.19415541032329475,0.06484290025617767,4,4
2016-05-02,XLF,0,0.009008955951378406,0.008968617398857237,0.00816531809812415,0.00829103521055828,-8.489736624417432e-05,0.0013199149879379313,0.01157317133677853,0.008144143172191217,-0.2777529372673938,-0.2186865544066321,0,5
2016-05-03,XLF,0,-0.012755061976428061,-0.012837106178665625,0.008985079493817516,0.008555232465706398,-0.009216498582506838,-0.01086246039191352,0.01075268491439994,-0.0012903100712957664,0.013255304226610809,-0.18939098576896662,1,5
2016-05-04,XLF,0,-0.007752083982839886,-0.007782287581021841,0.008569575252696653,0.008286512901392698,-0.011413437364664825,-0.01643542873572934,0.010021791395979335,0.0039216328200931,0.05266224548650422,-0.09996755216088293,2,5
2016-05-05,XLF,1,-0.000433981414292961,-0.0004340756114808997,0.008273394493077577,0.00793920925408708,-0.008353472873876888,-0.015601567036782837,0.00909485915729988,-0.0025986038211627733,0.012406244646701703,-0.058918969626875595,3,5
2016-05-06,XLF,0,0.004341944173809509,0.004332545131129351,0.008824202634989762,0.0073163038420579795,-0.0025014903803587396,-0.009549256129619543,0.012248452137591284,0.011811011086598846,-0.17173704987528793,-0.20824008942872207,4,5
2016-05-09,XLF,1,-0.002593573503367308,-0.0025969426417922215,0.006612137943212864,0.007320312198314627,-0.0012119985627384589,-0.010295742061909863,0.009527942846375688,-0.0008661673781516142,-0.17900696497473678,-0.3416761358396184,0,5
2016-05-10,XLF,0,0.0143041701090032,0.014202830708529568,0.008338093969697091,0.00861990835224265,0.011498332348194529,0.004938912127685935,0.010353753847319482,0.009490949467700951,0.17380246831608281,-0.22065681125748293,1,5
2016-05-11,XLF,1,-0.01068400868544439,-0.010741492511331607,0.00921486311088815,0.009062962454303125,-0.0002592433270605099,-0.003486859409089549,0.011144442175556943,-0.0077153133703214555,-0.1488153501538121,-0.30039934916013367,2,5
2016-05-12,XLF,0,0.00043210273921223674,0.00043200940970766766,0.009189581964205119,0.008600900820781443,-0.0009490084197192328,-0.0018532240230240138,0.013344683256192064,-0.003013315573978853,0.10305579341346216,-0.15506999005052646,3,5
2016-05-13,XLF,1,-0.01208967893441626,-0.012163353506190244,0.010597492802417147,0.009199143958510991,-0.010893935858324544,-0.012089697045382874,0.01860668549968022,-0.009952406085965714,0.29170056495284147,0.1314737888193176,4,5
2016-05-16,XLF,0,0.0052445651333472565,0.005230860298012008,0.011079822146924878,0.00877386905104344,-0.005104314378308161,-0.004673769983038145,0.010489510848321757,0.0052447041141495876,-0.2578595101438057,-0.13940006108952607,0,5
2016-05-17,XLF,1,-0.005652616207161065,-0.005668652702810029,0.007356008382887146,0.008084782061551025,-0.006171080253933092,-0.008798608726255597,0.011769924610866815,-0.0030514088649399745,0.34504977372780754,0.15368489348184444,1,5
2016-05-18,XLF,0,0.017490962211778704,0.01733975594801862,0.011245571241421292,0.009692668395994749,0.010158328914535275,0.0075340761343360985,0.021491328972606676,0.020614144481492108,1.1316366940299503,1.1801856884714206,2,5
2016-05-19,XLF,1,-0.0094543753360673,-0.009499351649006282,0.01221634645301117,0.010248471745415213,0.0015644055219043995,-0.0020779595513522597,0.015544092928383588,-0.004749623375649081,-0.3167813855952297,0.42798386748632633,3,5
2016-05-20,XLF,0,0.006940811593946661,0.006916835041709479,0.01072961083156089,0.010398885094986068,0.005632226275575247,0.004500545092320785,0.00906345727320659,0.0017263535119224896,-0.4597648549348059,-0.22319326708193676,4,5
2016-05-23,XLF,1,-0.0008617278093808745,-0.0008620993102268493,0.010745508647097758,0.010357944869416621,0.003114160783054931,0.0031140502444282347,0.007772046464191794,0.0012953241808040196,0.07857809084552247,-0.1739700459001723,0,5
2016-05-24,XLF,1,0.015093059842379963,0.014980292864750666,0.011196058239169759,0.010476521380820893,0.012386011822932197,0.017637869045487253,0.011563156934706584,0.008137066155367466,0.22840164970072885,-0.006237112419646973,1,5
2016-05-25,XLF,0,0.010620530476405543,0.0105645288052858,0.009735230583273248,0.010075025132334145,0.018582268739651298,0.025608112585616905,0.011844315675996938,0.006345115904514473,0.08689598255266162,0.03759175238604695,2,5
2016-05-26,XLF,1,-0.005885266571140968,-0.0059026530018617684,0.008513389057999017,0.01043015149884135,0.007411782126446997,0.017422928345797395,0.008823541888492489,-0.006302558106979329,-0.29717513402504936,-0.2721381127738324,3,5
2016-05-27,XLF,0,0.006765564130733148,0.00674278040716203,0.008504691441794625,0.009203128327700564,0.009069445686520572,0.020224611716017638,0.006753938112340455,0.005065379250796037,0.022869701733089665,-0.24252661973365663,4,5
2016-05-31,XLF,1,-0.002519799314794291,-0.0025229793522485444,0.008823865142041778,0.009414389973268378,0.0017716989664573468,0.014393935473955954,0.010865015562379721,-0.007521865923539569,0.10421170226626164,-0.17554498688955933,1,5
2016-06-01,XLF,1,0.0021048591963492846,0.0021026470838108047,0.0066971136853852305,0.00890477992476117,0.0016832742514745203,0.01250724150894289,0.014843143145365858,0.009330049660359307,-0.05949531310314238,-0.21348565849214562,2,6
2016-06-02,XLF,0,0.0021011516551727727,0.002098947323250666,0.004855061429412679,0.007545990183540153,0.003281285207785256,0.012137298382699946,0.008003391170218784,0.004633583899616297,-0.2659211869809456,-0.32828502268723303,3,6
2016-06-03,XLF,1,-0.01425602186967756,-0.014358615164873356,0.008022839613595796,0.008484874733119544,-0.009855273139648513,-0.00423557503342975,0.01358231131396198,-0.002122220571218663,2.049668162582621,0.9559747388753093,4,6
2016-06-06,XLF,0,0.00595487992537258,0.0059372197028984,0.007828440980109664,0.008426746340780673,-0.0026148486157238082,-0.00016923612699792923,0.011054313622100081,0.005527156811050041,-0.4548824181345922,0.03986733992896485,0,6
2016-06-07,XLF,1,-0.0021139395778918546,-0.002116177102045036,0.007815021653986513,0.008481663956963037,-0.0034624269850671574,-0.004009232946231012,0.006759644806431329,-0.0029573012049913744,-0.43519379260825364,-0.3965329086347583,1,6
2016-06-08,XLF,0,0.0008475470221283032,0.0008471880569631551,0.0076997937421847676,0.007078694925172485,-0.0010994103993811066,-0.0035015433553429176,0.005093429029087327,0.0025467643436249323,0.14964492448799516,-0.2784343091313828,2,6
2016-06-09,XLF,0,-0.007197419858000154,-0.007223446241369835,0.007737440543466815,0.006421569369598157,-0.004922312842155607,-0.009252589897554953,0.008092114690573585,-0.0012776707413400233,0.29869670315922336,-0.03565388349384069,3,6
2016-06-10,XLF,0,-0.012366624471896515,-0.012443727501229684,0.007090971123280538,0.0072020072482427274,-0.014300212975820736,-0.01947491903800469,0.00776534070846389,-0.0008628043796185306,0.19656809287271648,0.12337747002502364,4,6
2016-06-13,XLF,0,-0.0069085189096819155,-0.0069324932081782364,0.00509315790392328,0.0066124581688382,-0.015663795417846127,-0.022898123009201132,0.01346077696121311,-0.0013026361023806524,0.1840013224166519,0.2726060484232071,0,6
2016-06-14,XLF,1,-0.014782567922833723,-0.014892918944699574,0.006023951487681541,0.0075011410410977895,-0.02234876033635158,-0.03286375391213414,0.02138803689155297,-0.010912261628636294,0.19311008783673533,0.43372954650308726,1,6
2016-06-15,XLF,1,0.0013240271485837063,0.0013231513975653364,0.006201665818500246,0.007426571980573981,-0.013134892534488185,-0.02697355047647998,0.012323927287247861,-0.0013204097083441585,-0.13236407564188568,0.19384483324798185,2,6
2016-06-16,XLF,0,0.002643991467172313,0.00264050227065038,0.007855748950556029,0.007483893639819988,-0.004463708693245194,-0.019776961268205273,0.01732556929090772,0.010661928912407524,0.2318180593991177,0.3504211329522997,3,6
2016-06-17,XLF,1,-0.000839648217444311,-0.0008400009194531322,0.007190024470282011,0.006743497344491004,-0.0015498920441717745,-0.017301188124455358,0.00926744494967769,-0.0022065098412722096,-0.34919894160300147,-0.05016633626111022,4,6
2016-06-20,XLF,1,0.005749795842026284,0.005733328856963205,0.007969642756583378,0.006712315610859636,0.005413487238673298,-0.008270648921188894,0.01567266869998604,-0.010013065497784017,0.5167658519632339,0.37434181075140227,0,6
2016-06-21,XLF,0,0.005716553254291323,0.005700275768351748,0.0028542386816133884,0.0073049756287140106,0.008214357664070526,3.498261152468096e-05,0.008322404362592807,0.0017520634774366806,-0.428795220485251,-0.23552231713137495,1,6
2016-06-22,XLF,1,-0.0008740114818726052,-0.000874393652605221,0.003296330919464966,0.007235142115195937,0.00484642850501138,0.001984167280443039,0.010494200049525544,-0.0008744995599782679,0.33980980502434877,-0.019510995887716764,2,6
2016-06-23,XLF,0,0.021006453899166777,0.02078886031746352,0.008933842464032758,0.010200018600506249,0.019667973379945858,0.02301110170268217,0.00951547816450734,0.009082956429757007,0.36552620181896933,0.26066547869943046,3,6
2016-06-24,XLF,0,-0.05357925886002701,-0.055068050729734086,0.02864386027519167,0.01969161365635866,-0.030473409627998826,-0.027721753197161747,0.026684712543831517,-0.0013567327971251196,1.2498272267858668,1.3582903994120037,4,6
2016-06-27,XLF,1,-0.028532371166990145,-0.02894733152987028,0.029691961715569953,0.021171538401406013,-0.04734397678556157,-0.049487626101945015,0.021149327758715333,-0.01379307739100537,-0.152322592663776,0.7845313305441373,0,6
2016-06-28,XLF,1,0.025640859043464248,0.025317645551654167,0.03361631677391898,0.023123415900245668,-0.015307571529893593,-0.022779532574483508,0.01602570098129964,0.007326043949168253,-0.21984799589090376,0.32044012826070034,1,6
2016-06-29,XLF,1,0.02272709384999616,0.02247268094981747,0.03628922486781473,0.024436461531611477,0.010236890786744057,-0.0002622857105040177,0.01622347199124562,0.013970226688434105,-0.08852541469011876,0.14567540549096725,2,6
2016-06-30,XLF,0,0.016000172183450623,0.015873518628175987,0.03553817225206999,0.02495852471034024,0.03075121147210469,0.014692197526404716,0.017722677270465104,0.012848998237323795,-0.2729951621866127,-0.16824987602804498,3,6
2016-07-01,XLF,0,-0.005249378905912483,-0.005263205303253304,0.02282830958144386,0.025039384733995022,0.019273840457884273,0.008783578407421055,0.008783505022821068,-0.0013175102860565713,-0.37976648617750863,-0.4832758756443011,4,7
2016-07-05,XLF,1,-0.014951675927851849,-0.01506457904172498,0.01796484435244385,0.025442758081364158,-0.004444472307461034,-0.004798363597980693,0.012877525931929786,-0.005328545135565224,0.32069085355282567,-0.30884789179735783,1,7
2016-07-06,XLF,1,0.0026789980517121226,0.0026754159326651816,0.015336881588167907,0.025368906242863892,-0.005842447544191054,-0.00031127512723638784,0.014858133202020313,0.01125618714473571,-0.01672144023480293,-0.33450181086159536,2,7
2016-07-07,XLF,1,0.0013351052837788924,0.0013342148232036166,0.011358550317126449,0.025384705350339255,-0.004426989373652601,0.0026300272613655196,0.013315554388356354,-0.0017753933565522603,0.12244177588643601,-0.26284035513913717,3,7
2016-07-08,XLF,1,0.01911992402531615,0.018939435270090677,0.01248918690101741,0.02520696018949191,0.014069598638385639,0.02367133850715808,0.007894763400131032,0.005263209926787328,-0.15828102466792882,-0.36643215813858443,4,7
2016-07-11,XLF,1,0.005672088324615299,0.005656062602616974,0.012164159755488914,0.01733458254896612,0.017031595592064352,0.02503690201434905,0.006510454881934186,0.0004339216242568914,-0.2308060173709896,-0.43249857061238806,0,7
2016-07-12,XLF,0,0.012580637162602715,0.012502158469406943,0.007456597523876199,0.012970560398431351,0.02135435250852402,0.0292816218458416,0.0077519638517400385,0.005168009606962702,0.29376218072121074,-0.17120235632217373,1,7
2016-07-13,XLF,1,0.0,0.0,0.008033382879547602,0.011688810506019855,0.013548437288196435,0.023235036214130922,0.007718721698414784,0.0008576245571800886,0.042097334100070105,-0.06243783471315001,2,7
2016-07-14,XLF,0,0.00942643826209788,0.009382286637783288,0.007191024390077518,0.010239776250573708,0.01368233220469861,0.028102790400011735,0.01260501756076223,-0.010084132432445497,0.16840090505705785,0.15782428154585904,3,7
2016-07-15,XLF,1,-0.001697963399946878,-0.0016994065736697372,0.006065914627597167,0.009569758614431368,0.006763176769160717,0.02340961247679596,0.012684965291597539,-0.005496775272165679,-0.06456736169102406,0.10209317817991259,4,7
2016-07-18,XLF,1,0.003401583060077984,0.003395810762683027,0.006106238704538162,0.009133128413778037,0.005453603247056016,0.023062446704013917,0.0050999229258943055,0.0029749966172809643,-0.378846193956922,-0.30796047411815564,0,7
2016-07-19,XLF,1,0.00042363713898319055,0.0004235474301053088,0.0043815944541725285,0.006567580309256289,0.0035706195611411307,0.01815524787853029,0.006811443024370662,0.00510860725706303,-0.2098819789896832,-0.4237434647910271,1,7
2016-07-20,XLF,0,0.0016937713610791771,0.0016923385480445141,0.0042208068499548215,0.006618361934169447,0.0026281137255963483,0.01467280181755548,0.0063290524759043254,-0.002109684158634775,0.03379316473336025,-0.3728678672121045,2,7
2016-07-21,XLF,1,-0.00507349586805983,-0.005086409745742149,0.003276003743995016,0.007308042203750575,-0.002204917324166722,0.00504034773558959,0.006773854417001595,-0.003810392514564821,0.14793207431961442,-0.2361202927212167,3,7
2016-07-22,XLF,0,0.006374897380269751,0.006354663668329152,0.004233651549303071,0.005329062419012235,0.002795110851189442,0.00817462780354461,0.0072155499421434535,0.005093429029087327,-0.35701334137031104,-0.4737920676013446,4,7
2016-07-25,XLF,1,-0.002111624062431816,-0.0021138566840477324,0.004287925370761408,0.005506375522612528,0.00042340960558928664,0.003567604687994219,0.005499199771482466,-0.00042300772696763153,0.5795898721094674,-0.15851032875648274,0,7
2016-07-26,XLF,0,0.0008459603842709829,0.0008456027614607287,0.004296070969426392,0.004219924245421524,0.0009308021292269153,0.0030959268737755785,0.005515431942885041,0.003394111964852333,-0.07041622578721307,-0.17946854097473786,1,7
2016-07-27,XLF,1,-0.00042262267009907095,-0.00042271200022936384,0.004233879900014765,0.004236787977716117,0.0005924394129586119,0.0013977612027300523,0.00635327768207099,0.0012706356469934107,0.47052986060890745,0.22606669385567435,2,7
2016-07-28,XLF,0,0.0021151977674183087,0.0021129638861334676,0.003209893794564888,0.0031733195345955995,0.0013526488639701295,0.002963611118526499,0.010178018741550554,0.004665024830179654,-0.3492126207926466,-0.13053658344630314,3,7
2016-07-29,XLF,0,-0.0016888242146729793,-0.0016902518859041038,0.001757904940315281,0.0031725998398539784,-8.475544720398798e-05,0.0007190347029104593,0.006779594915622179,0.002118623411131931,0.6496459982121356,0.46625550705594465,4,7
2016-08-01,XLF,0,-0.002536747934029915,-0.0025399709308442375,0.0018765872784101759,0.0031363119194157693,-0.002283789073619591,-0.0017772721824270699,0.00971684681640023,-0.003379772805704428,-0.27609685314671184,0.06012333729050012,0,8
2016-08-02,XLF,1,-0.008477947948346332,-0.00851409016860405,0.003923241908259623,0.004104524991997865,-0.00856200923656203,-0.009317890379938354,0.011904845094459906,-0.005527256638687642,0.00760596508587752,0.043123651245418504,1,8
2016-08-03,XLF,0,0.010260742410611146,0.010208458337987558,0.006908296704240445,0.005401661896054548,0.0016957566006783331,0.0009319901790256768,0.010688324654598952,0.010260795683714087,-0.15608269814697873,-0.1235895531873421,2,8
2016-08-04,XLF,1,-0.002539191795661755,-0.0025424210107050094,0.006854362562115029,0.005196457770871515,0.00016980689957946105,-0.0017786880892167733,0.005506087803638113,-0.0016941808626578809,-0.06410387976215814,-0.16854802898254773,3,8
2016-08-05,XLF,1,0.019091999693723327,0.018912034457378546,0.011231926742062281,0.007789541494798106,0.016074392923149494,0.01581665742326077,0.011334901982121899,0.008396223690460666,0.6433968114638464,0.27180651932488664,4,8
2016-08-08,XLF,1,0.0012491581047118228,0.0012483785558452531,0.010873801209651274,0.007690495328399082,0.01339972115501431,0.01528222063466722,0.005811580881188371,-0.0016604238330274051,-0.1265455376404241,0.08956258598145661,0,8
2016-08-09,XLF,0,0.000831655057953018,0.0008313094245040453,0.008824822662813606,0.007690691724563571,0.008463342161632026,0.014328073813256959,0.00415969355589338,0.0012480057350834845,-0.28387446383138326,-0.2154752970310938,1,8
2016-08-10,XLF,1,-0.007893806920418744,-0.007925127951266209,0.010154401256714428,0.00827039186275134,-0.001588794694930118,0.005304402333735414,0.010395006538614927,-0.0070686356871208075,0.040488723751848976,-0.14812951758075688,2,8
2016-08-11,XLF,0,0.002093821205425117,0.0020916322168393897,0.009825833431373866,0.008270086185057379,-0.0025010645262396602,0.006392508342195402,0.006268221602949641,0.0,-0.25057613237668697,-0.3485825489358425,3,8
2016-08-12,XLF,1,-0.00292586013028473,-0.002930148826495227,0.00414360008550882,0.008324496694071568,-0.004091064706282399,0.00256253739677037,0.005889818793270195,0.003786347359143226,0.14805041686215836,-0.1990527456648502,4,8
2016-08-15,XLF,0,0.006706344069564718,0.0066839565805727474,0.005491844803637362,0.008411300396847699,0.0028390325373801595,0.00746577320795061,0.004592857302514685,0.002922727374327527,-0.08958612525585097,-0.24322347088517826,0,8
2016-08-16,XLF,1,-0.002497495705835906,-0.002500619650679603,0.005531473916812741,0.007785532872381248,0.0012540679142698519,0.002552763309027206,0.005004121634581821,-0.0008339223597427677,0.051814928340720545,-0.1753386212536001,1,8
2016-08-17,XLF,0,0.0033386450990413596,0.0033330841973069347,0.004070760539798946,0.007305639922080965,0.0032552963042251637,0.004177205922780258,0.006260470702416072,0.0033387674498641016,-0.07094944113285218,-0.21550774223537095,2,8
2016-08-18,XLF,0,-0.0008321181441458547,-0.0008324645466273317,0.004145481869236771,0.0072137630939235085,0.0016680483904278898,0.0014591763641647049,0.005000049404702682,0.0008333252622680436,0.035769929835246295,-0.17543385818215618,3,8
2016-08-19,XLF,0,-0.00041611253370799073,-0.0004161991325526415,0.003717812347242903,0.003954205634326144,4.6905439532451965e-08,0.0010841738000706425,0.00709815023012814,0.0025052929276134553,0.18481421481378324,0.04165360818115715,4,8
2016-08-22,XLF,1,0.0,0.0,0.0021340374358294165,0.003928794838754145,8.331099666691877e-05,0.001251159470825769,0.005006307228128494,0.0016688343783996,0.03196836270518899,0.12129687159869351,0,8
2016-08-23,XLF,0,0.0012494435842509422,0.0012486636791799732,0.0016839165889976908,0.003942702582671813,0.0006660206863704499,0.0026276074793665227,0.00497930202673541,-0.002489699725943051,-0.08186482833648767,0.0380371103034689,1,8
2016-08-24,XLF,1,-0.0004161176307037051,-0.00041620423167021414,0.0008008439631544961,0.0028661622041337965,0.00033293259372579875,0.0015838122031028856,0.005821246617810513,-0.0008315927128735297,-0.1861048251737547,-0.1270846908870048,2,8
2016-08-25,XLF,1,0.002080985619277387,0.002078823367926752,0.0011168834152842705,0.0028654366296285315,0.0019140566426749661,0.003040966644948684,0.0062500372981047474,0.0033333988801665946,0.12142214058807932,-0.02845782166667543,3,8
2016-08-26,XLF,1,0.0012459283130543675,0.0012451527884724811,0.001019262292065538,0.0025798716370654118,0.0023282469026058017,0.003245848975498511,0.013664463421380505,-0.0016562985965309703,1.3836385933887914,1.0517830929254415,4,8
2016-08-29,XLF,1,0.00871029502009435,0.008672579252498203,0.0035481053833568378,0.0030948376285939876,0.008459408310512284,0.010722636688504483,0.011170861608825947,0.0062060774017901315,-0.377221890924603,0.22303956085092502,0,8
2016-08-30,XLF,1,0.009045828710298132,0.009005160270938006,0.004425153445436678,0.003646808958600291,0.013379617450761438,0.017413054578409026,0.008620702118790076,0.007389187014007195,-0.02700491714502118,0.14928071588265612,1,8
2016-08-31,XLF,0,0.0008145900185645427,0.0008142584201809022,0.004133443848255359,0.003661993182757711,0.009785021019580453,0.016051360234097922,0.008961311682241695,0.00040732800194951253,0.4326047129291368,0.5109739577382462,2,8
2016-09-01,XLF,1,-0.004071469210459866,-0.004079780207542072,0.0056326485457426165,0.0040749214625220315,0.0025410573747348675,0.010075895458492079,0.01502847671508789,-0.006498813629150391,0.11659619241473052,0.537336913933655,3,9
2016-09-02,XLF,0,0.004497201479115365,0.00448711928501444,0.005545009100690146,0.004070972958033752,0.003266599382875768,0.012277498078061333,0.007349962748287624,0.003266607499832461,0.06286341844916055,0.5039505631922361,4,9
2016-09-06,XLF,0,-0.001628222368261989,-0.0016295493629261415,0.005170865959404895,0.0042042601607101765,-8.166921406671523e-05,0.008468778479884032,0.010586311588892226,-0.0012214864602092923,-0.09890361828932792,0.27555930467541234,1,9
2016-09-07,XLF,0,-0.0004076907555432552,-0.00040777388401380676,0.0031684367774439644,0.004275873345382556,-0.00032624805031145065,0.006072314516877508,0.006546677391900566,0.0032732906610438927,-0.3586889833353013,-0.19694518562072438,2,9
2016-09-08,XLF,0,-0.0008154844209405931,-0.0008158171092413902,0.0031267893654120444,0.004302595304107889,-0.00065258577120475,0.003317028751733453,0.005709665332429266,-0.0008156527965792759,0.8635685244574598,0.3614951887361537,3,9
2016-09-09,XLF,1,-0.01877547164780935,-0.01895396858963716,0.00890983148297906,0.007835267995112593,-0.01604445040814828,-0.01535942026391679,0.016830899202652523,-0.013136353888303883,-0.07755707318773508,0.16924943660394853,4,9
2016-09-12,XLF,0,0.011231194042104375,0.01116859247312263,0.010729939160076992,0.008627504853011092,-0.002871185642311702,-0.005115681635884273,0.0242373197659393,0.01587969096200644,0.3110293569800282,0.4753141562535763,0,9
2016-09-13,XLF,0,-0.01768819139557498,-0.01784649699066687,0.012770876779575962,0.009903023631892346,-0.015257730101113975,-0.02095036804014261,0.012484467941058444,-0.006242233970529222,-0.045003723735422496,0.31378050044809824,1,9
2016-09-14,XLF,1,-0.0025127269288822696,-0.002515889125460191,0.01260323856288474,0.009144594487804691,-0.012028359212298279,-0.020519072527141025,0.012143935391758454,-0.002512538356915542,-0.004253650424678956,0.224106192782062,2,9
2016-09-15,XLF,0,0.005877917003041189,0.005860709445697498,0.013571645970865652,0.009508260610369055,-0.0017495695577947057,-0.012325013171067156,0.013041720447016573,0.007993389005111845,-0.17194555066772643,-0.004373717591156012,3,9
2016-09-16,XLF,1,-0.009477747399277536,-0.009522947067900578,0.011598539715978993,0.009762310436241598,-0.008674136440226299,-0.018744972591529407,0.008842018723460795,-0.0054737294992182085,0.09630735065465279,0.07241394944573942,4,9
2016-09-19,XLF,1,0.006376504662322313,0.006356260767753419,0.010289587832273182,0.009938527314543845,0.0012080401209626501,-0.009680163344292891,0.0140771873549351,0.0067778497757125114,-0.3301576805903724,-0.26432593177583075,0,9
2016-09-20,XLF,1,0.0005177332478460972,0.0005175992702288745,0.006547844210032374,0.009989246529784815,0.001586839299803522,-0.006558473877925519,0.009768566542733139,-0.006683859281020794,-0.20820857169503193,-0.39962348819243854,1,9
2016-09-21,XLF,1,0.0062114691856578474,0.006192257524984424,0.00681570749376967,0.010360653348252024,0.0059104376703829065,0.0015898551381399173,0.010819118295905343,0.0015456304421098558,0.6046256941799153,-0.0720265524027206,2,9
2016-09-22,XLF,0,0.002057435120421003,0.002055321499379037,0.006463478186379399,0.010433809794989087,0.006846846948600049,0.00534859773058427,0.006141193769822662,-0.0030706944974263485,-0.4009701747782669,-0.4155629988778923,3,9
2016-09-23,XLF,0,-0.005133903322997346,-0.005147127083751535,0.004742970717756177,0.00868688747596562,-0.00030986834998336654,0.00047601419826226454,0.008243165825343466,-0.0015456304421098558,0.5384805908900112,-0.09050662852045599,4,9
2016-09-26,XLF,1,-0.015995407969643938,-0.016124715243256205,0.00858523670139905,0.00894992156141798,-0.013858622627004435,-0.012548930565378313,0.012980269835360957,-0.00986503280372224,-0.08169023631788097,-0.12009873080367572,0,9
2016-09-27,XLF,1,0.007865406463684943,0.007834635400230106,0.009771131471823244,0.007865071170238856,-0.005073193576204615,-0.004335923293464883,0.015789433529502468,0.0115789112291838,-0.12122386462197121,-0.1793083993621548,1,9
2016-09-28,XLF,0,0.004682959574550782,0.004672028632185299,0.009509555339790974,0.00798078365569262,0.0009331906743703655,5.7588173122180564e-05,0.011398928603688319,0.000518146594671006,-0.09835363292734145,-0.20532575294900912,2,9
2016-09-29,XLF,1,-0.01398256988308444,-0.014081246932386104,0.010720244704815259,0.008860655095854314,-0.008539874561731997,-0.012231243629689859,0.02383415039671865,-0.013471416156014404,0.45752322039109017,0.17136317711679894,3,9
2016-09-30,XLF,0,0.013655899079408895,0.013563497556436932,0.013405180565476887,0.009590682377851814,0.005837284242582896,0.0006743515854226168,0.015151463815382996,0.008359448929692377,-0.243587490092808,-0.06514826585891031,4,9
2016-10-03,XLF,1,-0.0046635456061759895,-0.004674453862299366,0.010910019499043862,0.009490015430400265,-0.0003122543114727483,-0.003475648673015197,0.0077962380620941124,-0.001559287266237024,-0.29926759039987827,-0.3218493097053411,0,10
2016-10-04,XLF,1,0.004164138287499064,0.004155492257525761,0.010488559826904912,0.0096019394532733,0.003119772719352598,0.0008298024233603929,0.012461047158154555,0.0015576680316192052,1.0642317722072323,0.32261129561303936,1,10
2016-10-05,XLF,1,0.01607074436330924,0.01594297701106262,0.012578487589251758,0.010759932473162141,0.016175787313504664,0.0160704446142772,0.015487827778143755,0.011874007861190715,-0.14341274338557886,0.1448242639447863,2,10
2016-10-06,XLF,0,0.0015307997229438985,0.0015296292434090475,0.008616453784983356,0.010754773975508579,0.011542905051316499,0.016835148086027152,0.010178156072372088,-0.0010178350204552225,-0.09061258032561603,0.011509681608651068,3,10
2016-10-07,XLF,1,-0.0005096412647312976,-0.0005097711759813883,0.007824615490508637,0.010568149938315455,0.007704121768161709,0.015054986475912857,0.008695656415764945,0.003580644752156865,0.041162563534337115,0.06013586159710682,4,10
2016-10-10,XLF,0,0.005096922981609353,0.005083977638647319,0.0064283519405595145,0.00867136694101707,0.007561880866846282,0.016809310657571297,0.005578027729871063,0.0,-0.31576653797395415,-0.25148275652850194,0,10
2016-10-11,XLF,0,-0.009127983147202312,-0.00916989844845073,0.009165880814749863,0.009336691798103916,-0.004179138829425777,0.00586821649135949,0.015768029926164457,-0.006103709705804568,1.0680678151663008,0.45899864239817245,1,10
2016-10-12,XLF,0,-0.001023162164038638,-0.0010236859517558372,0.005236781506858017,0.009307893962550044,-0.004386237241106317,0.0037539631705374443,0.00819671330225163,0.0,-0.34617058533084244,-0.06078560015179901,2,10
2016-10-13,XLF,1,-0.009734019063158517,-0.009781704325210416,0.006295859345831575,0.008612905341884528,-0.011051020233476705,-0.007496630223714162,0.013429763465132171,-0.0015496221952321014,0.42415242113949936,0.312181531318112,3,10
2016-10-14,XLF,0,0.004656310778392125,0.004645503697791931,0.007180646116852867,0.007619890929875007,-0.004408770685389474,-0.0034891895465155587,0.01329244560228874,-0.007157433204034725,0.04107359326291382,0.29890070915939293,4,10
2016-10-17,XLF,1,-0.004634730034975276,-0.004645503697791931,0.00598681104388071,0.007617665061608946,-0.005044423120409314,-0.008718113927244309,0.00977862191069407,-0.005146699943339083,-0.4586768885417418,-0.3064137898786715,0,10
2016-10-18,XLF,1,0.008277637225803991,0.008243565480021697,0.007181067153711037,0.007933107279724579,0.0037080256724473237,-0.0015367469354619079,0.007168427277330728,-0.0020481778863784745,0.11452586447311952,-0.1965567040551084,1,10
2016-10-19,XLF,0,0.008722165039419139,0.00868434670400875,0.008244504018528144,0.00661981970922799,0.011004769634063383,0.0068625369738457564,0.009207079532050775,0.005626629905081353,0.08436269955416487,-0.11513857192851562,2,10
2016-10-20,XLF,0,0.0,0.0,0.005696751216122887,0.006606535237538649,0.0075849939156815704,0.0067078930668880155,0.010183338551673611,0.0010183532782701318,0.1284676307641679,-0.006579326225838011,3,10
2016-10-21,XLF,1,-0.0005086321581032616,-0.0005087615553183156,0.0058783466202106715,0.006606523670804852,0.004703936429645061,0.0060413078315457724,0.010256449381510416,0.007692288129757612,-0.29686405325917264,-0.28118732582111183,4,10
2016-10-24,XLF,0,0.003053461819911396,0.0030488094734710813,0.004409627233173136,0.006467419377063801,0.00387081587360516,0.009164894062380302,0.0055723761032596434,-0.0015197916410010393,-0.1450164504047482,-0.38071160273457205,0,10
2016-10-25,XLF,1,-0.0010146836949361804,-0.0010151988349353935,0.004051731282415107,0.005657758827892132,0.0008133017447586877,0.007367230364620836,0.006075991859918908,-0.0030379476426522943,0.07007367926007202,-0.28150907363450617,1,10
2016-10-26,XLF,1,0.006094517154196399,0.006076020697794782,0.0030053269605619035,0.005850230039912112,0.005379692166333827,0.012005176224999303,0.01326531754191423,0.010714238795178495,0.11723764297442085,-0.17941438424509404,2,10
2016-10-27,XLF,0,0.002523903834035668,0.0025207241377951384,0.002895102175074784,0.004321289984106514,0.005875192222714709,0.011819828208192273,0.009036159863773943,-0.0030120213711136456,0.12683576122238938,-0.020394029337118758,3,10
2016-10-28,XLF,0,-0.004531704221311439,-0.004542003520249693,0.00408957355992051,0.004812052655379128,0.00010117065478931764,0.005441707102134652,0.015075338834740314,-0.006532621269276322,0.22404041645991501,0.25417816425781536,4,10
2016-10-31,XLF,0,-0.0015170608902600469,-0.0015182127922832578,0.004089530599715718,0.004435201075504453,-0.0017191258681246158,0.0018273910229669177,0.006542579900577897,-0.006542579900577897,-0.3079969650169776,-0.12688601998296278,0,10
2016-11-01,XLF,0,-0.00405314136617696,-0.004061377606274341,0.004537038017670685,0.004239730774653025,-0.005463514370757427,-0.0030932320653069834,0.018172671380959925,-0.007571914314695202,0.6267590482929877,0.3683200023721451,1,11
2016-11-02,XLF,1,-0.006612565402592807,-0.006634525274120229,0.0035031214402331716,0.0038413804079638946,-0.009233192470670337,-0.009032086199899592,0.00968392551385885,-0.004587163544250243,0.06008709521677402,0.39959642419721364,2,11
2016-11-03,XLF,0,0.0010243854794378393,0.001023861154676009,0.002949804925283682,0.0038743524696334165,-0.00508900216574637,-0.007462985742305861,0.010741641568689432,0.0,-0.19641995553878777,0.1312946424320398,3,11
2016-11-04,XLF,1,-0.0030689636583145496,-0.00307368258456453,0.002847800884489582,0.003954774044620971,-0.005307638105225387,-0.009704646010726292,0.012781186443041409,-0.0035787166020173626,0.21378322213306244,0.30324218935144165,4,11
2016-11-07,XLF,1,0.025140591639377208,0.024829765759447397,0.012959250776685999,0.009131709435603699,0.017207776434913002,0.013801178998185781,0.009586303581388742,0.008072646310579492,-0.09076087124025678,0.12789154372864608,0,11
2016-11-08,XLF,1,0.0005010556575084646,0.0005009301710381386,0.012537938987410902,0.009099726336731584,0.01430916152982431,0.012767465307081727,0.015060202606001235,0.003514040891371421,0.07268591805673719,0.15025666609417732,1,11
2016-11-09,XLF,1,0.04252114527823592,0.04164195772563151,0.019852534152342276,0.015883359363813018,0.04356541584229823,0.050350381773149655,0.04040895261492471,0.014605609721943125,3.249247911215603,2.453457668284353,2,11
2016-11-10,XLF,1,0.0369475278803566,0.036281328044660555,0.02081104788043637,0.01871800536520367,0.06024877614368607,0.07963577074185646,0.02930060698035521,0.0212665768518183,-0.10151500390798429,1.47873077265541,3,11
2016-11-11,XLF,1,0.002776939196376116,0.002773090623914065,0.019269452828605826,0.018284434230478517,0.04092617510426311,0.07245369262347467,0.013973039310838582,0.009315359540559055,-0.44149555839270305,0.28035439255542616,4,11
2016-11-14,XLF,0,0.024457376640890205,0.02416308377169596,0.019240269582707192,0.018411128150463883,0.044115942621066884,0.08546804832214039,0.02193782269868746,0.014625302305616714,0.9394010573934177,1.0492682384480956,0,11
2016-11-15,XLF,0,-0.0009004648026641471,-0.0009008704646356058,0.01962790288994109,0.018131256069117196,0.0221199906783609,0.07129067013163515,0.01862788928434911,0.0077237653124087105,-0.5309896538773221,-0.08199492726375868,1,11
2016-11-16,XLF,1,-0.014427297980215248,-0.014532383400787552,0.020631335384552335,0.019174362160901914,-0.002008478487394494,0.04408481568919398,0.010464124402868832,-0.005459460163053147,-0.03964661173317474,-0.15099859176372632,2,11
2016-11-17,XLF,0,0.013723605647178339,0.013630289755565794,0.014763034683553989,0.01882095388785539,0.006632239180586197,0.045381732691739174,0.016925929958949253,0.013723660964514592,-0.16415028879179083,-0.3126740655140272,3,11
2016-11-18,XLF,1,0.0,0.0,0.014924848907391952,0.01855721036044373,0.00217084775002796,0.0323783955154493,0.008130095308852649,0.0009033630675266909,-0.06284073702712911,-0.3679691207678524,4,11
2016-11-21,XLF,1,0.0036103107772198495,0.003603809248925227,0.0101183562060675,0.01824809290201924,0.005425104405912595,0.025310293648065363,0.009425452333963722,-0.0017953731730053332,-0.22091672144355423,-0.5119187074592947,0,11
2016-11-22,XLF,1,0.00044983173529633547,0.0004497305913320204,0.010092916078937643,0.018251349768703892,0.005241063218373698,0.015194113318512725,0.01029541363766216,-0.004028654967464936,0.3661547400127043,-0.3486693402061801,1,11
2016-11-23,XLF,1,0.005842216371525932,0.005825216803428734,0.0055692974553143235,0.014492611455916954,0.006385278731011024,0.014000233929740036,0.010743051453845322,0.0017904658865491281,0.03725740564573976,-0.2403376813475422,2,11
2016-11-25,XLF,0,0.0013408502860252636,0.0013399521490358168,0.0024435687851517155,0.01009054187282179,0.00547392240865574,0.01169272772030272,0.005795856725210846,-0.0008916833478177313,-0.6751807777267715,-0.7078540406504832,4,11
2016-11-28,XLF,1,-0.011602433071637108,-0.011670266497216364,0.006777844586204666,0.01119842707935205,-0.006102796748154726,-0.0022075188285717307,0.013033663288930828,-0.004494399167178722,2.0134984961406985,-0.09143335371562944,0,11
2016-11-29,XLF,1,0.0027092386651921263,0.0027055752932603205,0.006666529800611254,0.008085391331944504,-0.0031417184239818097,0.0004506012788356717,0.007661111861310057,0.0009012415472611153,-0.25198263577823343,-0.18084603451772374,1,11
2016-11-30,XLF,1,0.013507235367409276,0.013416825875465666,0.00911724816743071,0.009110977178304695,0.007970615536119663,0.012458908827483128,0.006216669040971237,-0.0004440598880355885,0.3241713856256958,0.11392913764556378,2,11
2016-12-01,XLF,0,0.017325529458031452,0.017177153811866575,0.011379565978624552,0.008446289942165544,0.02068092849901748,0.025204678373300204,0.015466212746331809,0.011931085628662722,0.21493125004426172,0.349999336738376,3,12
2016-12-02,XLF,1,-0.010916711529637801,-0.010976736071764304,0.01341127988486637,0.009088079381845797,0.007383236525881909,0.011793246823099235,0.01313490115608375,-0.008318762381272977,-0.3162672799931384,-0.059593847456343996,4,12
2016-12-05,XLF,1,0.011919976596007409,0.011849493228845986,0.01131972470018911,0.009534345735697468,0.012456605797892761,0.020389626457801624,0.009190331770976933,0.0030634439236589773,0.15878297321951607,0.08624141998890988,0,12
2016-12-06,XLF,1,0.008726147695392816,0.008688294915171202,0.011078892255332281,0.009681883555037575,0.013146257652477678,0.02527697582159516,0.013003868271738732,0.002167366496341892,-0.16819572508268898,-0.10382493612952504,1,12
2016-12-07,XLF,1,0.015570874297227366,0.015450892116189774,0.011364859621934615,0.010242492766933002,0.020248427912265,0.03559280779585006,0.017256238708545615,0.012942158460350024,0.5184300237798607,0.3278708740119076,2,12
2016-12-08,XLF,1,0.00936979159799689,0.009326167388818973,0.010334993183671195,0.010318262422089155,0.022697856363660618,0.03924570887881895,0.015671360849994022,0.0038119504557924907,-0.027593667436393465,0.270304307108471,3,12
2016-12-09,XLF,0,0.0021098351337733856,0.0021076125572587756,0.004948090730825947,0.010284187617387698,0.015217756271360239,0.03535472363132164,0.00928267115073317,0.0021096723818985054,-0.18124109484709883,-0.026157488457686284,4,12
2016-12-12,XLF,1,-0.009684214037212757,-0.009731410995454048,0.009597696999815686,0.009933964521313593,0.00025527584602591524,0.019240827954709383,0.013513580998683866,-0.006756750225933819,-0.11010030592418474,-0.12026135335791499,0,12
2016-12-13,XLF,0,0.0025506552585452535,0.002547407858248363,0.009429335227198537,0.009940039346781513,-0.0011016334692919294,0.01580985048415684,0.01441900566954934,0.0,0.332116951206908,0.1267716591754331,1,12
2016-12-14,XLF,1,-0.004664545611282378,-0.004675458553330181,0.007319015350511167,0.010084825343773847,-0.005676857192243534,0.006907372501071318,0.022222242147042073,0.002991439998519767,0.2607557526976998,0.360891530047702,2,12
2016-12-15,XLF,0,0.008521460381736512,0.0084853576916597,0.007050571470908259,0.00915616865218728,0.0030511710689191673,0.012144120297182814,0.015684647598139513,0.00339126423012246,-0.2277675288365113,0.06067821701246179,3,12
2016-12-16,XLF,1,-0.008615347391209727,-0.00865267403920189,0.0077556984750918045,0.00877887721956819,-0.0031917939256069783,-6.519153259665345e-05,0.015202728281759207,-0.013513500451867638,-0.24749153279119052,-0.2025875636037574,4,12
2016-12-19,XLF,1,0.00042826868189949074,0.0004281770010430286,0.006607825087569337,0.008305293379397494,-0.0023930308145302392,-0.0020019928870692594,0.010688328624353914,-0.0008550043153865875,-0.11286756963289668,-0.27773777598501814,0,12
2016-12-20,XLF,0,0.01240904519611652,0.012332684058359522,0.00879931298082183,0.008688274703126879,0.00837985287505627,0.007608900550772679,0.006380247429602326,0.006380247429602326,-0.17531769889415827,-0.39345886265355556,1,12
2016-12-21,XLF,0,-0.002536168000610628,-0.0025393895227079355,0.008464659412224048,0.00754212533857957,0.0038023747454896117,0.004086430437107991,0.006339797950027466,-0.002535903057030047,-0.3792438677755553,-0.5897442364381216,2,12
2016-12-22,XLF,1,-0.0025420404034157684,-0.002545276874111657,0.007764333759411379,0.0069919905952706,0.0014465871830986465,0.001759291089421744,0.005510854907772134,-0.0021195098235326556,0.0015395622449521085,-0.5504771143076252,3,12
2016-12-23,XLF,1,0.0016992050835225037,0.0016977630678538524,0.006165575895212005,0.006978094926186851,0.001273959017200177,0.003729033260837733,0.004672922942794128,0.0016991931445647047,-0.5164395268294877,-0.7605894754050344,4,12
2016-12-27,XLF,0,0.0012721459145021985,0.0012713374224953,0.006126931505865655,0.006141003421648323,0.0005084894715006172,0.0041667620386096615,0.002539122643812922,-0.000846320403101964,1.0923416152806578,-0.46628069896794444,1,12
2016-12-28,XLF,0,-0.010165100707083652,-0.010217118151889082,0.0047594341019406156,0.007005840055335256,-0.007221699448243468,-0.005603395349718432,0.013530642705528513,-0.01183927204284139,-0.1936842820943958,-0.5135883977020292,2,12
2016-12-29,XLF,1,-0.0072745420407929196,-0.007301130546352397,0.005228421770758589,0.007226703096551089,-0.011082903512820819,-0.012148206439715925,0.01410859052232813,-0.008123071041766287,0.2729873128713385,-0.25963998839621416,3,12
2016-12-30,XLF,1,0.0021552324063502937,0.002152913224640063,0.005811123559134964,0.0065772504348295315,-0.0064952697872768805,-0.0086979840234509,0.006869894423466431,-0.0017175145536673343,0.14036044206889886,-0.036371895364332496,4,12
2017-01-03,XLF,1,0.011182989365429608,0.011120922043317716,0.00845532240535603,0.0070955830425791094,0.005216452056882925,0.001747051069847405,0.01736551617166622,-0.004235509482616549,0.5920015549180988,0.5742116118040852,1,1
2017-01-04,XLF,0,0.008081427665554974,0.008048947800775252,0.009328637288279045,0.007470297113846619,0.012560776922265537,0.008424666259324143,0.009329911538011363,0.005089094131537977,-0.3672149413625335,0.06338242403518501,2,1
2017-01-05,XLF,1,-0.010126500706138741,-0.010178122508917475,0.009317307678382104,0.007183282997032283,0.00153689694169179,-0.0009369388606599305,0.01777401994119748,-0.007194248088514541,0.3794203875614852,0.46199869550654893,3,1
2017-01-06,XLF,0,0.0034102894983907284,0.0034044876480767705,0.008154011633029142,0.007271508500745359,0.0020434249455763,0.002726333340340892,0.009341797048055954,-0.00042455719138490683,-0.38810085352188306,-0.1060824805948114,4,1
2017-01-09,XLF,1,-0.00679720537942996,-0.006820411597986187,0.009275397768079681,0.007541291288650376,-0.005867935144408198,-0.003410154075299987,0.008517920223111054,-0.004258960111555527,-0.10610391794181939,-0.1937850472604843,0,1
2017-01-10,XLF,1,0.0021390270673666834,0.0021367426060723282,0.007551395274024218,0.0075578192827505985,-0.0030632642010657296,-0.0006394650182420802,0.01366352236472138,0.00042699525402471327,0.35828454194883363,0.02707934666408862,1,1
2017-01-11,XLF,0,0.006401836778017422,0.006381432059767711,0.007088578608538764,0.00786765893049813,0.004344531465863222,0.005886978359514128,0.011935238600705247,0.005115125486634087,0.038714968590477294,0.04419192550921025,2,1
2017-01-12,XLF,1,-0.008481997809156816,-0.00851817466584004,0.006578756152209166,0.007643198543368205,-0.003495202349646842,-0.00268747658722035,0.013634414324083004,-0.003834689187088314,0.1961805121538629,0.1807601698442547,3,1
2017-01-13,XLF,0,0.0055605011739450205,0.005545098658051639,0.006970418773051734,0.0073448399751026615,0.0023021999849643926,0.0015336714276472652,0.01614278051555129,-0.00127445562781261,0.26231449664826956,0.39515854113703974,4,1
2017-01-17,XLF,1,-0.023819710699038765,-0.024107986983743945,0.012743140588475883,0.010806629811129594,-0.017971827620939185,-0.021071503417323667,0.017566402944802443,-0.016709485308430694,0.3335844381254338,0.691580389611367,1,1
2017-01-18,XLF,0,0.008278622047718232,0.008244542216385486,0.013699168260793251,0.010469270030638236,-0.007378374724077652,-0.011407068642853457,0.013870814870275487,0.003034230418300494,-0.2934962310336051,0.20135389389630642,2,1
2017-01-19,XLF,1,-0.004321054146844916,-0.004330416882307286,0.012783097479765911,0.009923852255942814,-0.007067504965280635,-0.01289556371545264,0.012505429445826818,-0.006468288705296877,-0.1692715235667186,-0.02202312816340035,3,1
2017-01-20,XLF,0,0.004774318446961745,0.00476295753470346,0.013135305690090457,0.009815567291662811,-0.000345270721659241,-0.0068638268294503035,0.00865421247549581,0.0017308094817095917,0.31862498832181374,0.2621598880062821,4,1
2017-01-23,XLF,1,-0.006479952875205641,-0.006501038910206258,0.012513350997385899,0.009788075089943752,-0.0024291011101297277,-0.011008165366443001,0.01171368619091129,-0.002169164369435486,-0.37636420997470765,-0.22411775809894618,0,1
2017-01-24,XLF,1,0.012608869863745875,0.012530040009427701,0.008167097126997007,0.01067531094055539,0.007178640438803674,0.0018496098096567604,0.016010338473077913,0.007788849001377979,-0.030475100318962833,-0.26152735399533955,1,1
2017-01-25,XLF,1,0.01674528398263564,0.01660662746902597,0.010173610747187664,0.011971776226441017,0.019283581306922537,0.017531653905838995,0.011045039030152961,0.005947297544754629,1.0528659392653026,0.4087159139666181,2,1
2017-01-26,XLF,0,0.0025340264897202314,0.002530821258214022,0.009060851443883345,0.011844211522096573,0.01574544627868857,0.01940924276103151,0.008010060379808446,0.0008431896434504324,-0.23851024393080889,0.03700301020159724,3,1
2017-01-27,XLF,0,-0.003791002618394712,-0.003798206681666194,0.010108289089775598,0.011527037504705134,0.0075836983020562965,0.014368576801640609,0.007160913139551316,-0.003791076388188675,-0.37847573842646287,-0.3424840485668099,4,1
2017-01-30,XLF,0,-0.00803406671942164,-0.008066513737975178,0.010538283416542348,0.01175618309015067,-0.004413588075319219,0.006434921935112303,0.011063839526886636,-0.0017021666181848405,0.05061611805800492,-0.2808937522107602,0,1
2017-01-31,XLF,1,-0.006393749492904499,-0.006414277054699102,0.010079668383534902,0.00877021234446173,-0.010947026453554387,-0.0015419928062466726,0.014567272937665004,-0.0012853764545576235,0.22327849110221631,-0.061604739255541885,1,1
2017-02-01,XLF,0,0.0012870757279779266,0.0012862481560356187,0.004648036330784818,0.00845080748469779,-0.006808467111555916,-0.0011126597125103999,0.014474250996201948,-0.006385679863424418,0.2771892424035851,0.19090383922281418,2,2
2017-02-02,XLF,1,-0.0038562638802926985,-0.003863718436512009,0.003531892186260189,0.008420166872286042,-0.006495308267302047,-0.005858074653313561,0.01120207837732206,0.0017234346016887228,-0.45382921912821184,-0.33040111346851253,3,2
2017-02-03,XLF,0,0.02021508897553259,0.02001347661054087,0.011494914138981883,0.010387466131333529,0.012982521299562455,0.011772682124050915,0.01268495737418495,0.0029598180107103475,1.1917327681393015,0.43934725240543826,4,2
2017-02-06,XLF,0,-0.0046373552468422785,-0.004648141136939454,0.010940876886142975,0.010225885101736436,0.00699480841725153,0.004467142563907345,0.009329992426418444,0.0012722937549862648,-0.5952116238508522,-0.40578066718576267,0,2
2017-02-07,XLF,0,-0.0025414431346819644,-0.0025446780834066374,0.010383028309697936,0.009698089153610872,0.002383487449871158,0.0008073156948151805,0.010105253520764803,-0.008421084755345394,0.45451918482723497,-0.1438605886384725,1,2
2017-02-08,XLF,1,-0.006793936223328467,-0.0068171200741011795,0.011141178956200936,0.008240078607729188,-0.0048501915295694475,-0.004765573795797229,0.011464906970788488,-0.006794048942486512,0.06889660395172958,-0.02141357315478787,2,2
2017-02-09,XLF,1,0.01368101281617684,0.013588272655851164,0.012150652125004673,0.009464507010657599,0.004831319171297643,0.008979053202322618,0.017528852420302346,0.013681047591896858,0.41354702057926684,0.3682250428518272,3,2
2017-02-10,XLF,1,0.0029522888672877112,0.002947939420955059,0.008194387776021456,0.009411312642685694,0.007285614550020414,0.0113983594281446,0.007127885684481036,-0.002934997639606122,-0.2829573370375337,-0.03800309320394624,4,2
2017-02-13,XLF,1,0.011354261142574762,0.011290285329468741,0.008772700272928561,0.009434817892431464,0.014939349897364673,0.020321675341097745,0.011282927468466179,0.005014581293541031,0.3923168121251954,0.27162354490910334,0,2
2017-02-14,XLF,1,0.011642299636131614,0.011575049526390657,0.00852740387160232,0.009262421104683739,0.02004023722807169,0.02775312628298421,0.015397454376229944,0.012484362400674803,-0.009554422522722206,0.2200696275761569,1,2
2017-02-15,XLF,0,0.007809151479488907,0.0077788178735476166,0.004220170204558196,0.009253944573404385,0.01835689072573321,0.030641719676260726,0.012269907063368127,0.002862973114108123,0.01204803414684874,0.2254440974247618,2,2
2017-02-16,XLF,1,-0.0024469393158494945,-0.002449937964529969,0.006001504748454335,0.009114052544874275,0.009575641580836791,0.02291729248295238,0.008983308401765665,-0.001225017840991921,-0.16679198744884183,-0.017559564713735987,3,2
2017-02-17,XLF,1,0.00040891622655370163,0.00040883264309821143,0.006443678495490023,0.0074746543338279695,0.004268260609914476,0.020135921375516563,0.009060926982407224,0.007825313893565392,-0.15443993742212891,-0.1261394301735761,4,2
2017-02-21,XLF,1,0.004903970357449827,0.004891985062532633,0.005637295080213307,0.006962605224722612,0.004739770207223604,0.020967433752511644,0.005691032011279719,-0.00040651336287656083,0.01956363582647369,-0.13725329045024126,1,2
2017-02-22,XLF,0,0.0008135087420857445,0.0008131780231988017,0.004045079500299685,0.006682380992748996,0.0032614954954419684,0.017320663959440985,0.009391569799342093,0.004899993481213473,-0.08651824377310247,-0.21140424387589818,2,2
2017-02-23,XLF,0,0.0,0.0,0.0026531946276954236,0.005685136607239976,0.0025257855842650834,0.012215844705537826,0.00812350755978612,-0.00040618312514027185,0.06087563368749116,-0.1623086974810899,3,2
2017-02-24,XLF,1,-0.007720577876737078,-0.007750535832884875,0.004581947549087055,0.00611305271070028,-0.004890018400705687,0.0014763891116098549,0.006981522531035147,0.0028747307485665705,0.1528217472070328,-0.010867393554093385,4,2
2017-02-27,XLF,0,0.005323689844494606,0.005309569101846545,0.005254865674879238,0.006158047160119794,-0.0002442428613408376,0.003638612254914797,0.0065439608351518805,0.004089917014344978,-0.35715582588171213,-0.3480173430181791,0,2
2017-02-28,XLF,1,-0.00040741702039526206,-0.0004075000372587567,0.004689992735150909,0.005519554567760668,-0.0002444531385733528,0.0012240703027448507,0.006950126028494511,0.003270720934142353,0.23346362375488594,-0.15732287336137263,1,2
2017-03-01,XLF,0,0.028524628673718855,0.028125376030993632,0.013869592788529873,0.009747747680235773,0.023021862470260945,0.025974418098432928,0.012395096779448346,0.009196303084024846,0.8839572301842047,0.5444736336645977,2,3
2017-03-02,XLF,1,-0.015451573073724578,-0.015572192751337255,0.016728950122505234,0.011313368375434266,0.0052588434973623865,0.00876831532514677,0.018188970653228796,-0.017398201586757134,-0.24637873033098212,0.1786120027792666,3,3
2017-03-03,XLF,0,0.004828888857682845,0.004817267172084971,0.015812156504026086,0.011272733441359045,0.005638223052520264,0.01154533341102959,0.006835547670177942,0.004020847235491132,-0.16982066693353992,-0.010803932845685371,4,3
2017-03-06,XLF,0,-0.007608997687181263,-0.007638093798883361,0.016690130420176922,0.011685727804106726,-0.0038590916427916344,0.0025894067121665643,0.0076551384526099935,-0.0016115636047752263,-0.14978630699636442,-0.15148972087575696,0,3
2017-03-07,XLF,1,-0.0028249917905791566,-0.0028289896108688595,0.016811060891047332,0.011677984977205664,-0.008028945028170753,-0.0007280535385555398,0.006849318226599168,-0.004431934395813116,0.09607443917645231,-0.06756522695930789,1,3
2017-03-08,XLF,1,0.00040487077423589923,0.0004047888361791152,0.007791200646418097,0.011677666521659207,-0.003466805633399739,-0.0007679679217794666,0.014011224494938196,-0.010408336014667495,0.9469163262077374,0.6593906414118076,2,3
2017-03-09,XLF,0,0.003640895620539375,0.0036342836043270488,0.005052952815890833,0.011716800740733448,0.0004840842145708013,0.0020600220229289867,0.009669612170390633,-0.00040291011300541284,-0.4187044100916817,-0.04643845253669476,3,3
2017-03-10,XLF,1,-0.0008063862061103988,-0.0008067115103593814,0.004171188195008705,0.011351795711796732,0.0011306717225567642,-0.00024206162961470934,0.01283600474350637,-0.005615699475919054,0.02211199573712963,-0.026058650298441788,4,3
2017-03-13,XLF,0,0.0024203797086641554,0.0024174553075204663,0.002564270582643427,0.011281819554926194,0.002986727007276313,0.0009667113999181076,0.007252151492358156,0.0012087303390162384,-0.20483486353674907,-0.23722652636037223,0,3
2017-03-14,XLF,0,-0.002816851833648215,-0.0028208266267983895,0.0025615799280927433,0.011347211825621754,-0.00040339962077939884,-0.0028168609266434608,0.008080761842053346,0.001212148955374053,0.0018758195328056892,-0.23650053918734681,1,3
2017-03-15,XLF,1,-0.0016142679597026532,-0.001615572294111356,0.002746334542800012,0.005954462976796984,-0.002177999253723195,-0.002419385315244549,0.011684162735417697,-0.003223204056796878,0.7461761100036153,0.34501642083384554,2,3
2017-03-16,XLF,0,0.001616878034107927,0.001615572294111356,0.0022008627483109814,0.0036744978532125363,-0.0003226945599090758,-0.0005243140291808501,0.008051483669978318,-0.002415437422456373,0.03213922602599495,0.3467845211476248,3,3
2017-03-17,XLF,0,-0.009800919144223097,-0.009849264296229787,0.00485500646650871,0.004278884825362565,-0.008096754340192969,-0.0085891804750583,0.012525230947166982,-0.012121181295375632,-0.06922160573863911,0.2072691859049598,4,3
2017-03-20,XLF,0,-0.008179857685713943,-0.00821349628649548,0.0047338234568078015,0.004368764820282591,-0.01210844165994629,-0.014933292873503312,0.009016365442375518,-0.006147525445711815,-0.05273981179144871,0.09633395514718757,0,3
2017-03-21,XLF,0,-0.028041259037716815,-0.02844192299228876,0.011521099576486926,0.009404150831249047,-0.030951530077606315,-0.03844576741015249,0.03571424097235316,-0.03243025023536494,1.443642566258751,1.245567487095319,1,3
2017-03-22,XLF,1,-0.0021214339648235603,-0.002123687393421392,0.011439518390434267,0.00929650715532152,-0.02392066692390471,-0.03611212330763003,0.017094001070560572,0.005128241076481502,-0.3071799726407881,0.5054861727018389,2,3
2017-03-23,XLF,0,0.0021259440146634834,0.002123687393421392,0.011562632483483425,0.009159159980521763,-0.012650774509688545,-0.02948145056342355,0.01702850670190674,0.003405701340381348,-0.36006591616334893,-0.0624799616804087,3,3
2017-03-24,XLF,0,-0.0012723813917717708,-0.0012731915562733676,0.012070382236828778,0.0091381874777178,-0.006331434473593411,-0.026056522026376983,0.014824242796345906,-0.0029648324021443735,0.14482237569935785,0.03303271131573915,4,3
2017-03-27,XLF,1,-0.0038234460182484664,-0.0038307740728869,0.012165694580962231,0.008799459389317624,-0.003399776220662565,-0.024486018056956493,0.020833312637276943,0.017795131559035584,0.0653758733555092,0.04048850706718121,0,3
2017-03-28,XLF,0,0.01364578538009198,0.013553520058371848,0.007014796645305747,0.010675014537061588,0.008485236737250546,-0.007367114032423294,0.02096704122900825,0.01711594369559272,-0.20836162865634889,-0.20248159603102778,1,3
2017-03-29,XLF,1,-0.006310372964690725,-0.0063303675279851035,0.007793812107725781,0.010674086736068749,0.0012716661734730739,-0.009361136814465265,0.007163930871189743,-0.004635427944579023,-0.07019347250522778,-0.2512567342433554,2,3
2017-03-30,XLF,0,0.013124377499739825,0.013038999071824264,0.009582601100921706,0.011920344728906976,0.011326024406302704,0.00685818896913748,0.016074414999054393,0.012267382530235188,0.2096319982855075,-0.09723960083724237,3,3
2017-03-31,XLF,0,-0.00835779440733464,-0.008392916603987555,0.010828690373588934,0.011838193366223776,0.0012656878363159763,0.0014769600924608994,0.007550348323141339,-0.0046141195321939485,-0.23794913899271875,-0.30354897776510503,4,3
2017-04-03,XLF,0,-0.0021070351796089737,-0.0021092581012980283,0.010637081702229755,0.011693326537031097,-0.0027794806874074096,0.0017766679583766098,0.0180900419392014,-0.0037862915799185483,0.32533456195066623,-0.09027393342617185,0,4
2017-04-04,XLF,0,-0.0012664709399174967,-0.0012672735920005174,0.00841323964029312,0.00743944991573619,-0.0030348717273549486,0.0001694175000084286,0.006785404916445916,0.002968604539894203,0.13163887554805864,0.12405214189105207,1,4
2017-04-05,XLF,1,-0.007611325735182972,-0.00764043969956818,0.00863632609843149,0.007835249253714762,-0.009370282029098731,-0.007233284714114885,0.02052784892712642,-0.01675749944765199,-0.01081988999573702,0.14667057907131587,2,4
2017-04-06,XLF,0,0.006391226203786848,0.006370888925030016,0.005939877363764863,0.008087092071342674,-0.0004231521117177284,-0.0010995617604218078,0.01663110349509222,0.007249469968573077,-0.22789131897197545,-0.1103205746563124,3,4
2017-04-07,XLF,0,-0.004233886020041044,-0.004242874294647869,0.005176013589513368,0.008202088297514933,-0.0028829675273253086,-0.005244603867707975,0.01194542151305309,0.0034129659506541904,-0.23856310665193103,-0.29455802857784286,4,4
2017-04-10,XLF,0,-0.0025508448143429785,-0.002554103762202775,0.005187128179302089,0.008146806513313131,-0.003567791099798767,-0.007824016523288901,0.01232997065829639,-0.0025510787467357336,-0.017825071474196985,-0.27073092965423895,0,4
2017-04-11,XLF,0,-0.002984221910768192,-0.002988683579592255,0.005195343548745271,0.00662305238270153,-0.004342190876778007,-0.009192525976318144,0.01199660174871344,0.00214221237076569,0.3867712522133413,0.009501830027141667,1,4
2017-04-12,XLF,0,-0.008122813730937817,-0.008155983525884203,0.005331828262772037,0.006789275405358337,-0.010154415413326068,-0.015489083267973602,0.010273962536277182,-0.006849308357518121,-0.11668329331799543,-0.10559539655244077,2,4
2017-04-13,XLF,1,-0.01293111670579794,-0.013015451412270895,0.004373843765724978,0.005266134998881151,-0.016914235486636953,-0.023953708867695767,0.020337568511036706,-0.009087018012765617,0.6232697945233239,0.4050161567275654,3,4
2017-04-17,XLF,0,0.017467229963272324,0.017316431391672715,0.01158737531832477,0.00846064217154814,0.002150515872084924,-0.005081442417794735,0.018292686979155072,0.014808369605634055,-0.2786143061752191,-0.005216801320513942,0,4
2017-04-18,XLF,0,-0.009441991876241285,-0.009486850071984687,0.012094131956628607,0.0088017816419595,-0.0040561955049208676,-0.01194403690352075,0.013396692917851135,-0.0025928896942505222,-0.13602488198132934,-0.12178704651607308,1,4
2017-04-19,XLF,1,-0.0030327689708993244,-0.0030373771340692635,0.012093932311571796,0.00879136006881818,-0.003809708519955768,-0.012234235368382973,0.014636253090307172,-0.009470482896673921,-0.25779806223494595,-0.30740745494126265,2,4
2017-04-20,XLF,0,0.016949012833488375,0.016806980935968774,0.014506020299646273,0.010527645060817088,0.011323374588670054,0.004809361654168898,0.015530655979809424,0.009490910718640902,0.5421831540844635,0.093908101173521,3,4
2017-04-21,XLF,1,-0.010256282588230636,-0.01030924066770389,0.013861859656518021,0.010676143487267399,-0.0012935621568914701,-0.0035279498268637743,0.01199660174871344,-0.0077120952870183765,0.10446638139812703,0.18716702531306684,4,4
2017-04-24,XLF,1,0.022452319434101975,0.02220397648725303,0.015324296140461753,0.013093375302473174,0.017794114986770637,0.018144258187949847,0.009286589632541926,-0.00042212868959032903,0.04325626641795699,0.18325809581061847,0,4
2017-04-25,XLF,0,0.008868443209524512,0.008829349530413477,0.01359856407820789,0.013269811204222708,0.019720069152414865,0.025278047984745866,0.006278761923923214,0.0,-0.2808983644930779,-0.1597838622561355,1,4
2017-04-26,XLF,0,-0.0008370180494776669,-0.0008373685446794177,0.013224020232223785,0.013199239978516911,0.011440874003868284,0.022313844893657286,0.011316028954606703,0.00041912106563389524,0.009364163314612428,-0.13958992646971458,2,4
2017-04-27,XLF,0,-0.004608685510115285,-0.004619338243848414,0.01285591897689821,0.012940737659829709,0.0037172919873735832,0.015167565297693475,0.012541774084602235,-0.006688956810275187,-0.039327002477291484,-0.16828539033108425,3,4
2017-04-28,XLF,1,-0.009679991333138238,-0.009727147007005499,0.012707701430591469,0.01254583244850345,-0.009096288098213612,0.0026418960028211647,0.010938166759559973,-0.01009675079916863,-0.06940286154855835,-0.16979694501068454,4,4
2017-05-01,XLF,0,0.0063747369608939675,0.0063545042651198536,0.007663657894226877,0.01155500059441682,-0.002779537581266256,0.00740225840055575,0.010570824694818164,0.001268527997015342,0.07793028448212636,-0.08422775418238482,0,5
2017-05-02,XLF,1,-0.0012664709399174967,-0.0012672735920005174,0.005869715863609576,0.01095435688402573,-0.0020252332654139282,0.00369250644992003,0.008023590551536269,-0.0012669208724186759,0.10747236077618516,0.012017789789071642,1,5
2017-05-03,XLF,1,0.00803369979820756,0.008001601429820315,0.00744077915134223,0.010892537095532192,0.006246975166473101,0.008204487974847519,0.01230381498863683,0.01145525928127024,0.020962861792018117,0.0033307610658024345,2,5
2017-05-04,XLF,0,0.001677546917232764,0.0016761414070565195,0.007035890352829556,0.00983245816399193,0.0069149902325498225,0.007849928202509515,0.01208832892644893,-0.004585269337267502,-0.1745187248609109,-0.14854318473275352,3,5
2017-05-05,XLF,0,-0.0016747374665586623,-0.0016761414070565195,0.004411446425843815,0.008973520115011053,0.002607547617589745,0.0032826865468462696,0.008350682639655743,-0.004592927217011988,-0.2729611617361529,-0.3392592329507417,4,5
2017-05-08,XLF,0,-0.0008389628835167029,-0.0008393150098378044,0.004044487542020536,0.005809359404633488,0.000588093825948155,0.0018506773336590676,0.005446131386511362,-0.002094727383796167,-0.02108507620276656,-0.30110600473492954,0,5
2017-05-09,XLF,1,-0.0037785977915744118,-0.0037857547266839653,0.00454980933143075,0.0051496595461733635,-0.0038621458072551906,-0.0012627957112194554,0.012981552631362452,-0.006281391281483534,0.4324167084304795,0.009235087745155024,1,5
2017-05-10,XLF,0,0.003371408529800668,0.003365738073438873,0.002813262540867081,0.005303243198265599,-0.000251923576633617,0.0023574966321646684,0.006753898007815057,0.00506538324945374,-0.2212604905237313,-0.18853174791250937,2,5
2017-05-11,XLF,0,-0.00630005578006454,-0.006319984878528029,0.003599942259776943,0.005482047974785528,-0.00471159414007194,-0.0035379197038988286,0.012226008597060608,-0.0025294885193610766,0.5093304318779825,0.20868973500610077,3,5
2017-05-12,XLF,1,-0.0042264427375080516,-0.004235399392048311,0.0037477498510646284,0.004668020822197711,-0.006577860372342315,-0.007874758446601793,0.005944772576812698,0.00042463818283690704,-0.2779916833513014,-0.11582959997324693,4,5
2017-05-15,XLF,1,0.0076402123196985805,0.007611173711187913,0.005903413545569979,0.00486874291068926,0.0016878950999386078,-0.0005472567673238116,0.00804745993840904,0.005506105777464689,-0.06444309805833592,-0.15004996247928548,0,5
2017-05-16,XLF,0,0.002948549004017087,0.002944210559388427,0.0057798936467438455,0.004903873341623231,0.0039636097982711505,0.0017249450969454294,0.006725508249462912,0.0008406284003959973,-0.012693491926939138,-0.125251303348329,1,5
2017-05-17,XLF,1,-0.03149933058232601,-0.03200610494516143,0.015158910643795605,0.010759978188494114,-0.021471539484799185,-0.026634527490347004,0.022308042457205142,-0.010725010970732467,1.7400329131217784,1.1650147364979837,2,5
2017-05-18,XLF,1,0.003903033303416681,0.0038954362302696666,0.015828729652205317,0.010895791050849297,-0.013382038893969606,-0.019815203569124917,0.012592310329174574,0.00521054834159644,-0.28001357009705874,0.47471952491867464,3,5
2017-05-19,XLF,1,0.008639003609492768,0.008601900951343833,0.016845876337119,0.011510746265016705,-0.003074167797535221,-0.009291948765711378,0.012936577410593755,0.006899518918817109,-0.31361668514385155,-0.02031452161502445,4,5
2017-05-22,XLF,1,0.0025698029060288174,0.002566506608556285,0.016288421321214965,0.0115995444889185,0.002312102449992137,-0.005015175679420003,0.009795551393542407,-0.002981247708216595,0.13480786979975812,0.06211236444576307,0,5
2017-05-23,XLF,0,0.007688972673658423,0.007659563179601037,0.01682754604679258,0.011930413553996341,0.011925188486394456,0.003232172481886897,0.014511316609448922,0.006828845297828049,-0.17180820364249916,-0.12017831007121049,1,5
2017-05-24,XLF,1,-0.0004240227352758641,-0.0004241126583361954,0.003729138352081875,0.011852750760364128,0.007003660270068712,0.0037886302682568207,0.006773913705639913,-0.0016935188021205,-0.0935773996687903,-0.21123861434513558,2,5
2017-05-25,XLF,0,0.0016964274001176616,0.0016949900924512207,0.003938494921280882,0.011717376300035887,0.004678873336290135,0.0056627055354185885,0.007194248088514541,-0.0004231198429242247,-0.16955916098598278,-0.3197937157011014,3,5
2017-05-26,XLF,0,-0.00042348419663085224,-0.00042357389138691914,0.0033273490019194787,0.011630188452797613,0.0020370762598775904,0.005022870536578017,0.005093414344379252,0.002122289708939078,-0.13696052055815766,-0.40209147354711217,4,5
2017-05-30,XLF,0,-0.006776513810812124,-0.006799578638999826,0.005187917425217829,0.011508516660467701,-0.0050910578381684335,-0.0005539149267163035,0.007221753172567239,-0.0038232858575857212,0.09348218498322836,-0.34101103671629573,1,5
2017-05-31,XLF,1,-0.008529157480426375,-0.00856573889839174,0.004475073685173136,0.011624141957340784,-0.010722655252850766,-0.006707602737562879,0.015351756558228952,-0.008528816905436342,1.4874936137145212,0.5024640441961672,2,5
2017-06-01,XLF,0,0.01247366822728746,0.01239651297127864,0.008319121604133535,0.0065806916062222595,0.0019582439903813587,0.003624264086091955,0.014542350932092267,0.0068435312448272955,-0.2993694224696858,0.14148217384897954,3,6
2017-06-02,XLF,1,-0.0038234460182484664,-0.0038307740728869,0.00835218361933739,0.006793250672348906,-0.0004261606385569383,-0.001490176415259059,0.010697475011652618,0.003423188739118544,0.031001039567618793,0.20734354274689504,4,6
2017-06-05,XLF,0,0.0017057352084641764,0.0017042820943471426,0.008468890192462738,0.006297772544756505,0.0023041712187339414,-0.00038290611036473354,0.007672647578870414,0.0012788016971988804,-0.47367465309511436,-0.34006216529977906,0,6
2017-06-06,XLF,1,-0.004257701379547507,-0.004266791200403297,0.008105759728412381,0.006431077616205455,-0.0014519327215649636,-0.0045542032560130785,0.008151031248851888,0.0034320002376207874,0.37092732398458317,-0.06907839573458552,1,6
2017-06-07,XLF,1,0.007695937396104524,0.007666474735216422,0.007287321010549793,0.006432011203830618,0.0034910283503417627,0.003192087614459327,0.010243267946742072,0.005975219284035224,0.3750465666511582,0.24649368258748772,2,6
2017-06-08,XLF,1,0.01145545601777398,0.011390339105584957,0.006954604209140429,0.007385019041361995,0.012400345446043515,0.013562463543345338,0.019516376655800364,0.01145525928127024,-0.06095309882948763,0.13881638270608887,3,6
2017-06-09,XLF,1,0.01887562304217516,0.018699688932408254,0.00888940078555309,0.009286823532200512,0.02420304796330397,0.029760803704393046,0.015006278190338767,0.01250525832727829,0.7081846974495749,0.7330936265426657,4,6
2017-06-12,XLF,1,0.002058550780250634,0.002056434867904411,0.008837173306444299,0.009222870325856957,0.019007048181089337,0.028697001655845433,0.012736214626088361,0.0,-0.3495956197519521,0.06612493601606495,0,6
2017-06-13,XLF,1,0.00534068022033618,0.005326469362372244,0.006457471934561167,0.008554659603051665,0.01526819550039904,0.02975184600059455,0.006129939629724927,0.0,0.09618855921444425,0.10299357193091985,1,6
2017-06-14,XLF,0,0.0016350037518626515,0.0016336685883615587,0.007297683969847704,0.00738491837823424,0.009057307039758156,0.025995272559137028,0.016900319492686153,0.01030502875685763,0.23823471813650654,0.36302984737484234,2,6
2017-06-15,XLF,0,-0.004080238393301183,-0.004088585278565926,0.00858488602448282,0.0074571773236774665,0.00024574262013454806,0.0181012603498929,0.009453409383731971,0.0032881185350151347,-0.4936669790095386,-0.29209863592659135,3,6
2017-06-16,XLF,1,-0.001110287648029118,-0.0011109044739714413,0.003548238946143347,0.007199536719328577,-0.0016248833402509044,0.013029254388406963,0.006170363191042193,-0.0008226470939687375,-0.0962069063960489,-0.33663560255771996,4,6
2017-06-19,XLF,0,0.010292711841758173,0.010240102569999632,0.005608968619554596,0.007413432819272037,0.006229667046136811,0.018615265241274992,0.006952968138619698,0.0036809877210437574,0.07845771366139709,-0.296713067539479,0,6
2017-06-20,XLF,0,-0.008557857357800347,-0.008594686086282,0.007054576433749626,0.008090399454222288,-0.0019987350983163843,0.005602464491603731,0.006541285911726717,-0.005314765561423334,-0.21280881027819842,-0.436333433467579,1,6
2017-06-21,XLF,0,-0.008220040286628927,-0.008254011106876291,0.007703287228878871,0.008887606425824725,-0.007869471647613424,-0.00533505461858963,0.01025851421381667,-0.009848242519565975,0.13676197646729227,-0.3336708286527882,2,6
2017-06-22,XLF,0,-0.006216313464919354,-0.0062357151880521045,0.007881435499367118,0.008723892615416687,-0.011297015376399377,-0.012457846324129718,0.006655567442543902,-0.0024958972964206905,0.12403202267309998,-0.2316987532453313,3,6
2017-06-23,XLF,1,-0.003753531364255158,-0.0037605935407123425,0.007831408655301398,0.006118167177189882,-0.01174844634482386,-0.014917315266493536,0.01162793552876449,-0.007890387651976994,0.4620128057115256,0.1987771862024177,4,6
2017-06-26,XLF,1,0.00544201712890402,0.005427262858145987,0.005752527696703721,0.0064088034747501145,-0.002077132883779975,-0.008627457926757565,0.010860493863062091,0.003341684290785411,-0.29349193814833996,-0.12051554783155549,0,6
2017-06-27,XLF,1,0.004995562652564622,0.0049831262302117985,0.006380677122336226,0.006372151120948229,0.004493874322698099,-0.002700425352189284,0.011198691452863254,0.0012442463101388353,0.25937816633859745,0.13923091704883106,1,6
2017-06-28,XLF,1,0.015741580128928234,0.015618966536972145,0.008697006860388339,0.008284334094495893,0.017005366739515138,0.012566193691983196,0.011522583871930404,0.009053548461334745,0.18637827645325333,0.40973166349481627,2,6
2017-06-29,XLF,0,0.0069330578347122085,0.006909134699247588,0.006930698684881899,0.00834649238123006,0.018060334512485232,0.018018289317812908,0.020383701820580247,-0.013189445150615741,0.32275110546784824,0.7055926468860336,3,6
2017-06-30,XLF,1,-0.0008096358970710593,-0.0008099638292295985,0.005966573221244796,0.008336361500459358,0.010734454769331547,0.015602757230440467,0.010454294843570959,-0.008041847856472288,-0.38952077041905,0.01375577418693208,4,6
2017-07-03,XLF,1,0.014592640247885313,0.014487192278179517,0.0069055648102294195,0.008925506113166845,0.01706648630492258,0.02834868424919401,0.016525588723809992,0.008867441573512685,-0.15532287172410386,-0.14775674988652598,0,7
2017-07-05,XLF,0,0.001597994338272457,0.0015967189038970098,0.007456081163741997,0.008131294159318158,0.011050261625292768,0.026869987055731404,0.008366497262194853,-0.0011952464617353575,0.2708642505662735,0.03649831685579508,2,7
2017-07-06,XLF,1,-0.007578946121751029,-0.007607812276419601,0.008340222795869127,0.008034690800945028,0.0004824490066017706,0.01596634537598174,0.011572263436057429,-0.007182773703583251,0.25029257287433326,0.22180717368042258,3,7
2017-07-07,XLF,0,0.0068327395057050655,0.006809502131028822,0.008328348744801987,0.007388152788691412,0.00441040636270551,0.018458235006141965,0.008796530135536147,0.0015993205842725112,-0.39136142945945696,-0.25733877854594234,4,7
2017-07-10,XLF,0,-0.0011974045549143497,-0.001198122016533354,0.008373525709163273,0.0071138677888734885,0.00039988107355903857,0.012586613429407256,0.0059975856520405844,0.00039984921192793747,-0.07420026786735856,-0.2853594308591987,0,7
2017-07-11,XLF,1,-0.008793022040676557,-0.008831908781448572,0.006494775006857023,0.00826928169169131,-0.006569442047943186,0.0005245168523726473,0.011200027465820312,-0.008000030517578124,-0.09387614157844515,-0.34354144650720997,1,7
2017-07-12,XLF,1,0.003225720141001087,0.003220528666953104,0.006745373880340358,0.008246237564912145,-0.0018454967597774097,0.0007641937408604527,0.0068548419969263995,0.003225803474481751,-0.04088877835097038,-0.34617110582356825,2,7
2017-07-13,XLF,0,0.006029196248805491,0.006011093372522591,0.006417915943596562,0.007074658565523935,0.0029653895655212814,0.004736837514652148,0.006832800724608516,0.006029000439656141,0.02211064313886224,-0.2917982400405482,3,7
2017-07-14,XLF,0,-0.004394978692360385,-0.0044046650023830125,0.005906753476956023,0.0071186074714815455,-0.00040121842351559245,-0.0006016708657397007,0.014967594747661704,0.008090645974711118,0.2632463033928787,-0.024155749940928395,4,7
2017-07-17,XLF,0,-0.0032105482970933297,-0.0032157131649452886,0.005989383838442506,0.007224269458748187,-0.002169485127548776,-0.00448894890660978,0.006438625551548034,-0.00040242369128062303,-0.29939441841330827,-0.28288489255624005,0,7
2017-07-18,XLF,1,-0.0016099465156189652,-0.0016112438721473943,0.004443296989394905,0.005334621517122038,-0.00377593888814598,-0.0051746515269713855,0.008107043466596466,0.005269524133140201,0.46128256698337844,0.044865578151724206,1,7
2017-07-19,XLF,0,0.0004028862327098981,0.0004028050958435614,0.004098153775254713,0.005285353757480384,-0.002813721452696316,-0.003734741359301963,0.008048320316670526,-0.0016096947651224921,-0.2365311569085614,-0.1608871893909506,2,7
2017-07-20,XLF,0,-0.00040272398076246496,-0.0004028050958435614,0.0019720229131666702,0.004758168036070728,-0.0013689343332876636,-0.003815949228811566,0.0076520553621193185,-0.0012082435254808488,-0.16775799118928125,-0.22410287468402235,3,7
2017-07-21,XLF,1,0.0,0.0,0.0014643198824912645,0.0040571678287873595,-0.0004029233584684766,-0.002814572284184691,0.006065492167684408,0.0028305578697915613,-0.026270120880899306,-0.21360987139954413,4,7
2017-07-24,XLF,1,0.004435376531287449,0.00442556923746773,0.002290862411084261,0.004402292608899824,0.0034643716703972594,0.0020515444085664747,0.006050811334836233,0.00484061829177278,-0.3258532693743543,-0.4374402815871197,0,7
2017-07-25,XLF,0,0.012444706672095407,0.012367907813112033,0.005428610681462144,0.005002355793796687,0.012526024391875668,0.01281062952152201,0.006748712691137113,0.001190900304123288,1.874544847675689,0.5323237106323371,1,7
2017-07-26,XLF,0,-0.00674062562766653,-0.006763446252597838,0.0070919093579586605,0.00561778448693519,0.003766576147364864,0.005297338027025367,0.01188123344194771,-0.007920822294631808,-0.25994368412441216,0.11536062163409633,2,7
2017-07-27,XLF,0,-0.00558878586410716,-0.005604461560514196,0.007859264084674565,0.005593427233909585,-0.0027223907112904344,0.00016063120459031133,0.012350652134646044,-0.007569742277688831,0.20931418434026017,0.2998365674879686,3,7
2017-07-28,XLF,1,0.0,0.0,0.007859264084674565,0.005420441052072566,-0.0035999738860319486,0.00020079255255422979,0.008443871225825392,0.0016083235556474504,-0.35517838239500366,-0.13188014825750982,4,7
2017-07-31,XLF,1,0.0072259791028761455,0.007199996805821396,0.008261010800995675,0.005734966226475453,0.002156892816523648,0.0064179436941462775,0.008400039672851562,0.003600006103515625,-0.015925168854805438,-0.14533578881189813,0,7
2017-08-01,XLF,1,0.007174138924923579,0.007148527211970457,0.006698806600522905,0.005956392826279765,0.008943503367565553,0.011730749051173106,0.005938302633402084,0.00039589187613711316,0.41701886415438905,0.21644564704436875,1,8
2017-08-02,XLF,0,0.001582996072863052,0.0015817444552763682,0.005380869711603286,0.005935196260447496,0.008446927613828592,0.01130781092134514,0.00592883885587425,0.00039526597562845634,-0.28933797909407666,-0.1269544394361215,2,8
2017-08-03,XLF,1,-0.003556022981152873,-0.0035623606599561874,0.004689021768449495,0.006157413117170307,0.0023846786795271857,0.006023301445080342,0.005144406743635894,-0.0019786760389162517,-0.05825132955712198,-0.17889105794160298,3,8
2017-08-04,XLF,0,0.006740714816515281,0.006718097778179111,0.004764202416875707,0.006317776400143901,0.005305655707432688,0.010426591125705764,0.005893894461044748,-0.0023576177403652667,0.24441161482526796,-0.0016689004499210736,4,8
2017-08-07,XLF,0,-0.0015751600275768496,-0.001576401896398849,0.004822972489601321,0.00638519774643681,0.0016597567019795978,0.007071569600858529,0.003544708733808946,-0.0015753843694466029,-0.22259213393997979,-0.2434030957265576,0,8
2017-08-08,XLF,0,-0.0027614999944098884,-0.0027653199697148523,0.004202923582776471,0.005274921386069558,-0.0011852817459234721,0.004051201926433601,0.012643212231387695,-0.0011852540470118117,0.33554757539228297,0.057161895223772685,1,8
2017-08-09,XLF,0,0.0,0.0,0.004120805166198676,0.004679397781686455,-0.0009484502328883648,0.0031348342909947036,0.0091742937788632,0.008376585336163544,-0.11698728584566664,-0.048352411448872035,2,8
2017-08-10,XLF,0,-0.017800858451583967,-0.017961199386317794,0.00901391281036898,0.007381411407082316,-0.015698281577560036,-0.014408935214094365,0.013933135739513285,-0.0115446220477194,0.5274829815105118,0.4438760265218995,3,8
2017-08-11,XLF,1,-0.004027075820613901,-0.004035206325895047,0.007181185725457326,0.007472697441227078,-0.014505381480555912,-0.01767614241941795,0.011679380147796091,-0.004027401601973134,-0.2903474328099277,0.010816690576487042,4,8
2017-08-14,XLF,1,0.013748547546120315,0.013654893692940373,0.011249793088631345,0.008460704366172548,0.001278202912107007,-0.004091519440827085,0.008824681534753834,0.005615699475919054,-0.019907761431758098,-0.02190743559834718,0,8
2017-08-15,XLF,0,0.000797542968311582,0.000797225099916421,0.0113152716051144,0.008088047363997168,0.003599937702210232,-0.0025840389410323183,0.008702504247585315,-0.007515843706364591,-0.018957853693638338,-0.01623062383768359,1,8
2017-08-16,XLF,0,-0.0019926719303734464,-0.001994659942494259,0.011286207831516364,0.008055609967437037,0.0035268485417623285,-0.003501984905093014,0.009523800152860364,-0.006349200101906909,-0.27713814772844336,-0.2767657644267647,2,8
2017-08-17,XLF,1,-0.017172344983351406,-0.017321499723428335,0.011065548753351697,0.009541402793832122,-0.011963867407144724,-0.018230916931633923,0.016813454122919687,-0.014811806992196669,1.1836985985104365,0.4707934245658061,3,8
2017-08-18,XLF,0,0.0004059966120031344,0.0004059142176791042,0.01101287752853447,0.00906519079280966,-0.010688886256852936,-0.014806037468985678,0.013066545439563645,0.005308332761544113,-0.06379065721136468,0.32377275947004724,4,8
2017-08-21,XLF,1,-0.0028431983423203855,-0.002847247908361883,0.007436026366681012,0.009051316906557671,-0.009361719183786477,-0.014452101900792713,0.007317007928289895,-0.0020325668143828042,-0.37195350633453184,-0.17705445004638376,0,8
2017-08-22,XLF,0,0.010997956808957099,0.010937919075814762,0.010069431015086476,0.010104009633410235,0.003720383961511864,-0.0017697016557174372,0.008924921572376454,0.006896554925954249,-0.053348487808343226,-0.20632394765430606,1,8
2017-08-23,XLF,0,-0.0032231212846084434,-0.0032283267282098294,0.010080544743341309,0.01009201520595572,0.0029187652733113634,-0.002821433370401416,0.01055188019373213,0.004058457140698548,-0.1414337304192852,-0.30571373849657624,2,8
2017-08-24,XLF,1,0.0,0.0,0.005785631079361089,0.008454018061214822,0.0018628535024352022,-0.0024595930095142604,0.006438625551548034,-0.004426583849615886,-0.15146383631909144,-0.36243625070519014,3,8
2017-08-25,XLF,0,0.0028291345304976012,0.002825140061554876,0.0058177622046114204,0.008398784745904117,0.003153608928918805,4.003827789933467e-05,0.0056474136538150815,0.0008067184218017865,0.19667366225472516,-0.21563468792103624,4,8
2017-08-28,XLF,0,-0.006448751469530056,-0.006469634495330556,0.006661095896998672,0.007156647095550104,-0.004120826193572902,-0.004724018879291969,0.010068465596784653,-0.007249307520292369,-0.01857047176637361,-0.20851578352314803,0,8
2017-08-29,XLF,1,-0.003245532021055708,-0.0032508101834962666,0.00354110672376617,0.007116164197085097,-0.005343732188834105,-0.005866966047496591,0.010668864174319606,0.00820676441130199,0.173412923542422,-0.059591989502552956,1,8
2017-08-30,XLF,1,0.004070330730278293,0.00406206934427944,0.00433385700829614,0.007376921685871961,-0.0007288496657456012,-0.0003239479750544172,0.007720460355360509,0.0024380115584859263,-0.17840109122674253,-0.22751790543226236,2,8
2017-08-31,XLF,1,0.0012160305596857768,0.0012152917933723195,0.004406577024221529,0.00490294107670131,0.0008105653182708394,0.0005268055440448283,0.006464640299479167,-0.0020201711943655305,0.25725137238067886,0.045570595259738944,3,8
2017-09-01,XLF,0,0.0028337156152329346,0.002829708211914639,0.004407394783336304,0.004964318520587051,0.003971978328709547,0.002752735557253194,0.00970480289367854,0.0016175057124051396,-0.04731691433843144,0.07103146701157192,4,9
2017-09-05,XLF,1,-0.021396815468358144,-0.021629045961509608,0.010486138135641329,0.008563962102455646,-0.014233516683552772,-0.017469945097115303,0.018307598223605046,-0.01383239030281604,1.2922677451664506,1.1707317840650155,1,9
2017-09-06,XLF,0,0.002475112007796154,0.002472053963033627,0.010801517615059313,0.007578476585353408,-0.009618725823419272,-0.012957634626151737,0.00822033553500267,-0.0012330738487293005,-0.19657752393890193,0.6169933520927644,2,9
2017-09-07,XLF,1,-0.017284117463833515,-0.017435231603152523,0.011889035431785658,0.008986003058509103,-0.020428512239089036,-0.026617499036513337,0.023418228892805284,-0.01889897242964399,0.12982850456028117,0.6512418810804783,3,9
2017-09-08,XLF,1,0.009213076483699956,0.00917089497757484,0.013591077917758359,0.009817942810154755,-0.0065131909795512755,-0.01508025701173199,0.014225948034086156,0.008368232892538938,-0.21705004574085351,0.20739457164533515,4,9
2017-09-11,XLF,1,0.01742727110326614,0.017277157748748717,0.016829895339166012,0.011628834173171405,0.012888321746263198,0.003273244440799017,0.010664488836416372,0.005742465209858036,0.06798126443228747,0.21242378077774648,0,9
2017-09-12,XLF,1,0.011826937842733587,0.011757546204565372,0.013429362129578383,0.012122866846225627,0.020064061049249293,0.014474781158624328,0.00975212373693377,0.00812673102928311,-0.09487802449195626,0.04573978761981379,1,9
2017-09-13,XLF,0,0.001612255864452683,0.0016109575752287775,0.013471087846684897,0.012043661964830615,0.01710865046365173,0.014948363097451622,0.007266867252695737,0.003229710223157476,-0.23061132830750586,-0.20572877769479714,2,9
2017-09-14,XLF,1,-0.0020117364113880765,-0.002013762671072339,0.007830739329399983,0.012036139538136398,0.0074750074956770884,0.01236904352754098,0.006838297349967009,-0.0024135708695852322,-0.07612626201287376,-0.27962901272950913,3,9
2017-09-15,XLF,1,0.002955708363698628,0.0029513488459294024,0.00800918416144357,0.012058725874362351,0.00414383808128127,0.014643525082403075,0.006488311263210865,0.004460689822879552,0.25628032024968617,-0.11531491472485789,4,9
2017-09-18,XLF,1,0.011707687976695302,0.011639683268439338,0.006248650896295601,0.012544593461059053,0.010640806155436833,0.024873303868580665,0.009251791495956667,0.00804500606116405,-0.2572109461233886,-0.3447029294833206,0,9
2017-09-19,XLF,1,0.007581946167225739,0.007553347677225819,0.0053500045040615184,0.009639097165587349,0.013862594398208472,0.027974456362450884,0.011572187324777564,0.007581825143924527,0.32794294075945696,-0.07741596340181289,1,9
2017-09-20,XLF,1,0.0059403920399705434,0.005922817476694764,0.005138379673210933,0.009618466557101458,0.014563268977377364,0.029049810162773415,0.013454695149537791,0.005144406743635894,0.20793144808729136,0.12686751088150916,2,9
2017-09-21,XLF,0,0.0023624070730403623,0.00235962097651754,0.0037922127724482257,0.005854342720329861,0.010798886907935179,0.024511064435021268,0.00789268988694255,0.004735553715950177,-0.276864672677437,-0.13453562290171917,3,9
2017-09-22,XLF,0,-0.0011784196296521499,-0.0011791145120261248,0.0049313725232633075,0.006296154045183959,0.004344380080309129,0.01744865349423974,0.006703397667739876,0.002760240265753225,-0.1712729260079804,-0.24925069872676453,4,9
2017-09-25,XLF,0,-0.0011798099408456553,-0.0011805064644914154,0.004016915213223647,0.005126307336443001,0.0004725635230016234,0.01227174214838489,0.010236229637269592,0.0,-0.05984881791493524,-0.24952721153960455,0,9
2017-09-26,XLF,1,-0.000393675719503217,-0.0003937532301327984,0.003067667893230307,0.004455771995055897,-0.0010230182093644569,0.009126235510626302,0.006289302046118699,-0.001965453748408575,0.17690687021365403,-0.0829541449645933,1,9
2017-09-27,XLF,1,0.01220954760808679,0.012135612284560615,0.005693129880464484,0.005331898541016506,0.008792556164040066,0.01759201801061283,0.008945917947357473,-0.0003888884437666717,0.4081967913524598,0.25482749693522466,2,9
2017-09-28,XLF,1,0.001556669706501479,0.0015554593521325266,0.005704578520506079,0.005009429165764191,0.008146839456814492,0.0149844198071869,0.007367143077323127,-0.001938780249483263,-0.42780013683439244,-0.2688431043128854,3,9
2017-09-29,XLF,1,0.004661793491659738,0.004650960985272512,0.005430481572062761,0.004993024492823324,0.00944647521426889,0.01535197616391093,0.0062160003432338365,0.0046620373077099495,0.1331401498983269,-0.14410608720622753,4,9
2017-10-02,XLF,1,0.008507324611248146,0.008471341262550336,0.0051202100698267165,0.004550311750748853,0.012658186011159422,0.019905318522098314,0.010461079556392526,0.010461079556392526,0.2347452551192304,0.03858451482965419,0,10
2017-10-03,XLF,0,0.0034507003179804485,0.003444760312501849,0.004267559698184778,0.004373773297281871,0.010034511052047224,0.019755839848171197,0.006139671937492246,0.00422105190352446,-0.08926933717360819,-0.03440357526365967,1,10
2017-10-04,XLF,1,-0.004585197504414551,-0.004595741766520778,0.004809283830637701,0.004971893052707191,0.002694363765336494,0.012515524397692213,0.005363961210814126,-0.001915752631355481,-0.1826585578481531,-0.15779846488886717,2,10
2017-10-05,XLF,1,0.01036471079786061,0.01031136547218825,0.0057904981891146335,0.00555027735876154,0.008583745141758081,0.019601784225480756,0.015337408730844512,0.009202445238506708,0.5594316232136403,0.2852224924635809,3,10
2017-10-06,XLF,0,0.0011397449718497654,0.0011390959556445424,0.005974149003059718,0.005386521250857115,0.005955559391224163,0.017138840947789058,0.009473285554453757,-0.00151568810548744,0.07863807614707063,0.32043811709007164,4,10
2017-10-09,XLF,1,-0.0037949947927421457,-0.0038022140559794693,0.006070699569874905,0.005697432874680679,0.0008388643848835642,0.009965007865383235,0.008705508765032193,-0.006434522172711212,-0.5257075750100639,-0.36298969346666154,0,10
2017-10-10,XLF,0,0.004571393170276661,0.004560976087507385,0.006188806012470385,0.005553165992747252,0.003883042973492845,0.01077080628637117,0.0057056493212334835,0.0030429791144969227,0.14302078480673375,-0.2552500995841168,1,10
2017-10-11,XLF,0,-0.001896058193467054,-0.0018978579871724577,0.005613646515212505,0.004939603149285948,-7.59602064510645e-05,0.00646248441396069,0.005321220062292224,0.000380092325535049,-0.057893781841021674,-0.24807594146468404,2,10
2017-10-12,XLF,1,-0.007598895557164864,-0.007627914264228597,0.0046489035410823025,0.005873079772429751,-0.006163982060835016,-0.002634757073341709,0.011746853850401417,-0.010231093469480975,0.5951713552562181,0.1578725950422608,3,10
2017-10-13,XLF,1,0.0003830813046545867,0.00038300794774581703,0.004552158747581874,0.0057706521688155295,-0.004116041626139766,-0.0032802817055448408,0.012697188403701827,0.005386663750725163,0.2921270256414066,0.4145212035633179,4,10
2017-10-16,XLF,0,0.0065057735514857384,0.006484702347015148,0.0055663105004586655,0.0055123470371753434,0.001981079470694924,0.0023629881202447134,0.006500959035329421,0.00573612316322871,-0.3962068043483886,-0.12679204753664863,0,10
2017-10-17,XLF,1,-0.004943161899752191,-0.00495541973619984,0.005404781980111707,0.0057085968622035115,-0.0014501201043104484,-0.0025918544123531007,0.010988973659941196,-0.008336465268763426,-0.09896263633701341,-0.19612876146196567,1,10
2017-10-18,XLF,1,0.005349725199712774,0.0053354662515525675,0.006189730285943383,0.005683573519584601,0.003968492217420572,0.001751352350095381,0.006849326502006163,0.0011415060316995818,0.3793791386791108,0.0792299481426304,2,10
2017-10-19,XLF,1,0.0007601188911765533,0.0007598301471225533,0.004558664699599591,0.00464301379523605,0.0031239511197145298,0.002474652854468795,0.009954066635836553,0.008039780923637196,-0.3358121893049051,-0.24149311545114638,3,10
2017-10-20,XLF,0,0.011773914903272065,0.011705141661049634,0.0063037704074927385,0.0059537268629491925,0.011005876316965368,0.013159028668090267,0.005261156949916653,0.001127349816189225,0.6175717301768595,0.25436442498512113,4,10
2017-10-23,XLF,1,-0.000750786922063762,-0.0007510689037126816,0.006385582368754574,0.0057493185261343295,0.007799025644608326,0.010975748162229237,0.005253332045067822,-0.0011256577758453794,-0.22339071175633607,-0.05175493654483332,0,10
2017-10-24,XLF,0,0.007137624384399466,0.007112272108670936,0.005037841923258071,0.00595927297514702,0.010097387954397297,0.016493097120601652,0.0063646605062136295,0.003743930546514315,0.40647270589964,0.2636990186916852,1,10
2017-10-25,XLF,1,-0.00596812582501316,-0.0059860062652510315,0.006942190193888127,0.006356097747506732,0.00150314895589454,0.009163891172577987,0.015619192481485454,-0.008925242713488282,0.12070513490218615,0.3211084275493159,2,10
2017-10-26,XLF,0,0.005628495430650915,0.005612714637302396,0.0069626583288614026,0.005642859837214895,0.003594871955754364,0.012237471371271624,0.006355143039025993,0.0018691303574036216,-0.3906705411960061,-0.175978113069735,3,10
2017-10-27,XLF,0,-0.0007459703808385676,-0.0007462487551910257,0.005332534558201333,0.005702847886317621,0.0017957710883820255,0.009005197424265088,0.008224273396429614,0.00112152099609375,0.35526837920664756,0.1458120072344864,4,10
2017-10-30,XLF,0,-0.004107781975895786,-0.004116242088423316,0.005807721110592125,0.005854896471378914,-0.0026924567202550875,0.003461524892417467,0.007102823703088493,-0.0029906513534973716,-0.15057748207935884,-0.0386832310783336,0,10
2017-10-31,XLF,1,-0.002624756566867781,-0.002628207279895989,0.004455152012078969,0.005616262291459118,-0.003745415129987162,-0.0007889352504280023,0.007499091202374124,-0.002624660465840759,-0.17165965841250064,-0.20694250358995947,1,10
2017-11-01,XLF,1,0.0015039162960559516,0.0015027865465007118,0.003815673596835786,0.005464017653593441,-0.002172409493299665,-0.0005251991906214393,0.008236590074702944,-0.0026207299596993144,0.02584806521804528,-0.1677812903875271,2,11
2017-11-02,XLF,0,0.009384458147349894,0.009340697685763288,0.005299152620423689,0.0060277778220404685,0.0065130216666293705,0.006739139025346397,0.014623149176332199,0.008248943109304378,0.2486785804178202,0.005580666389581657,3,11
2017-11-03,XLF,0,-0.0040906452875068,-0.004099034863944695,0.005718950245602493,0.005242040365621599,0.0023957339177345105,0.002095662702409129,0.004477572212719482,-0.000746214588968493,-0.1704812097467039,-0.14274515704709712,4,11
2017-11-06,XLF,0,-0.0011202509469185884,-0.001120878897029165,0.005323149564582242,0.0052534121814547,0.0006734581165110942,0.0004863541192161591,0.005241459919398629,0.0014976007824200005,-0.20631089720904994,-0.30568606379735885,0,11
2017-11-07,XLF,0,-0.013831811919714387,-0.01392836277962406,0.008460770492785047,0.006374806051918794,-0.011540751485141665,-0.01176284654552573,0.02017186799751197,-0.014568595081363345,1.090401609887611,0.42473636740088616,1,11
2017-11-08,XLF,0,-0.004928170124528841,-0.004940353599557579,0.008353285986377142,0.0063036646026016965,-0.013528910969647145,-0.015157299263500179,0.006836320003697344,-0.00303835639718431,-0.20590824096522597,0.16151166297486452,2,11
2017-11-09,XLF,0,-0.003428694211079053,-0.003434585653566913,0.004878597449058103,0.005797021009913765,-0.011487534919593978,-0.016171707459356255,0.0138037044250269,0.003067481746168902,0.6935655717890086,0.7726338485967483,3,11
2017-11-10,XLF,1,-0.0030579950433987646,-0.003062680264267481,0.004973057507201705,0.005769810612570189,-0.009269180369679053,-0.016591333419796905,0.006493509332019997,-0.003819724228572927,-0.4373938695454498,0.0038513013565018017,4,11
2017-11-13,XLF,0,0.0015336445857689895,0.001532469753940724,0.005625915436060453,0.005883950974407931,-0.0029774274666208855,-0.013036252424494799,0.010802495594959213,0.0077160787943967215,-0.049434688477267286,-0.05011359191010001,0,11
2017-11-14,XLF,1,-0.000382480998155299,-0.00038255416266874676,0.0025895851803229846,0.005902986963202538,-0.0013002353371467379,-0.011583725712158266,0.007302095723096965,0.00345888358972096,0.06964522965962283,-0.010370279316896491,1,11
2017-11-15,XLF,1,0.0026808793565684663,0.0026772922092153095,0.002710319161365878,0.005988225386895057,0.0019136445090928156,-0.007205088111946867,0.015842343922238544,0.011592007501452069,0.2005570979154112,0.1380810512798183,2,11
2017-11-16,XLF,0,0.00038186099523951356,0.0003817881048848726,0.002174591799846505,0.0046626149313325855,0.002066103838280542,-0.004182540610972452,0.007224355116705807,-0.004182460311554893,-0.17403848670485877,-0.06416986834244054,3,11
2017-11-17,XLF,1,-0.0011456588723089967,-0.0011463156411046782,0.0015215943995441298,0.004652706612757867,0.0003057302555677932,-0.0029729650010387187,0.007290814681607809,0.0038373132585983478,-0.21826308853435628,-0.2678544992905266,4,11
2017-11-20,XLF,1,0.004587377886345223,0.004576887937082663,0.0023632641597507074,0.0051419464618204114,0.0036663666254728167,0.0033981707891450608,0.007249162178345036,0.0026707975817642036,-0.15990719788643903,-0.3866327071540425,0,11
2017-11-21,XLF,0,0.0030442866310591565,0.0030396621735850893,0.0022760422413346713,0.0031055248925354177,0.004803081989136704,0.006529658251145154,0.0037922024378909225,-0.0003792274768136357,0.02100339460269529,-0.3339140134252645,1,11
2017-11-22,XLF,0,-0.004931824035591226,-0.004944025613638381,0.0037196540551548145,0.003106159963281771,-0.0005334041466159567,0.0016421109886644025,0.007587282181659469,-0.004931755125384292,-0.13935684024418726,-0.39904602530927114,2,11
2017-11-24,XLF,0,-0.00038147469388938315,-0.00038154747387020294,0.003735559334758374,0.0028816091256099125,-0.0011430061007542403,0.0010306499157768378,0.006836247563566758,-0.0041777672111773965,-0.6068237756545669,-0.7187281637391443,4,11
2017-11-27,XLF,1,-0.0007626425277392768,-0.0007629334874934557,0.003703974111577599,0.002674311275107133,-0.002208897327946935,-0.00019083384646201296,0.006106864227211516,0.0,2.4788580817416306,0.00369942678794577,0,11
2017-11-28,XLF,1,0.025954082041813376,0.025622991401861306,0.012276446502197624,0.008520629434637194,0.01903088364341432,0.022791980807029377,0.02668702917101813,0.024780771249485713,1.0428418944703681,0.8894963425368749,1,11
2017-11-29,XLF,1,0.01711300570433516,0.016968227613511022,0.013396365085741917,0.009509529709459112,0.028825033763116625,0.03544897524600055,0.016580721188633834,0.007369225034534677,0.5645046065636308,1.5106322038444744,2,11
2017-11-30,XLF,1,0.0065839969220060635,0.006562417083542993,0.011618523171366274,0.00949964170059009,0.02564114551323904,0.03700359674635578,0.018129079092934697,-0.0021754701272065995,-0.0007307489400815159,1.2194085196383346,3,11
2017-12-01,XLF,1,0.002180419010310519,0.002178045346541868,0.0111079756163982,0.00941823717934394,0.01756221894001775,0.03384960906924017,0.02757613701960991,0.0007257060287097499,0.09522137033178368,1.104477681919814,4,12
2017-12-04,XLF,0,0.015228263959390809,0.015113477810035025,0.009314908983553319,0.009609172685788144,0.019516518111395875,0.04240352272404602,0.007132694593768766,-0.0014265661277205225,-0.32608243608543364,0.31047361182514566,0,12
2017-12-05,XLF,0,-0.005357040857126516,-0.005371441252528086,0.009300040276714844,0.010356204455739523,0.006942041201266624,0.03079441774784053,0.013157856359966327,-0.009601722962503032,-0.2215398856345997,-0.03372875585281121,1,12
2017-12-06,XLF,1,-0.00359083683107142,-0.0035972993608766046,0.00831152884507637,0.010761766892112409,0.0003603864912964383,0.02183596696911172,0.00864864040065456,0.0,-0.22401172622004417,-0.27220083115181426,2,12
2017-12-07,XLF,1,0.0032432785858371727,0.003238030502114686,0.008083439650302142,0.010202252109917879,0.0012947111437291436,0.019108299578966426,0.012931056335432468,0.0,-0.011170979334683251,-0.30439849786334006,3,12
2017-12-08,XLF,0,0.006106414986311037,0.006087846387689666,0.008252867681868717,0.009953103988935003,0.004302663961960551,0.01865666921166631,0.008220141029278415,0.0010722189827137496,-0.0775490352282161,-0.3888766112216101,4,12
2017-12-11,XLF,1,-0.002499267661474125,-0.0025023960444272575,0.004867382097046061,0.010111093199104554,0.0022238821483717697,0.009721299131282057,0.006783242597516007,-0.002499096545955764,-0.2131428903886432,-0.519630661350294,0,12
2017-12-12,XLF,0,0.010021477228277398,0.009971595209532946,0.005746744063891386,0.007663350543644815,0.00958781426921318,0.014925298825763766,0.013190761115762941,0.006060608945376933,0.6062770342711377,-0.2135631622686437,1,12
2017-12-13,XLF,0,-0.012402633993032874,-0.01248018857930333,0.008722298453910652,0.008109145716012626,-0.003789072659960979,0.0004305917927809322,0.014189415074576384,-0.011351532059661107,0.40016341303075076,0.1506104002754789,2,12
2017-12-14,XLF,1,-0.006458387585235759,-0.006479333202316528,0.00913817751395361,0.008327181582214821,-0.009160468712051784,-0.00663676560110249,0.012513421167751554,-0.010010682380073832,-0.20922830668832382,-0.022818092579511395,3,12
2017-12-15,XLF,1,0.008997860714688777,0.008957621165744278,0.009773406925082443,0.008735705960244344,0.0002621583240600689,0.0010116588962760797,0.013342980358504512,0.0028849594311822686,0.45285305963362354,0.48827683260540566,4,12
2017-12-18,XLF,0,0.008989537501223666,0.008949372141521028,0.010500032641134263,0.007806080718656068,0.007448386569826715,0.009322084975258216,0.007489336125698897,0.0007132150414433377,-0.4520465258110584,-0.14039690542605388,0,12
2017-12-19,XLF,0,-0.004276772318191235,-0.004285943868016506,0.009621523377583123,0.0077198661248328885,0.004218199911268261,0.004215359120524953,0.010630731550676504,-0.00992199809035331,-0.06379711303865332,-0.17159967531890852,1,12
2017-12-20,XLF,1,-0.0017895426072738196,-0.001791145751527612,0.007399477810280273,0.007626137353197874,0.001349824279805123,0.0014526564069496928,0.012424510939764955,-0.009939676460318448,0.21465564277284743,-0.007227913872548175,2,12
2017-12-21,XLF,0,0.008605283838221567,0.008568469431438519,0.006577444157268031,0.00798211634946282,0.005864210164153727,0.008554189777358223,0.007132626571351842,0.0032096377425373285,-0.3380697270247114,-0.32996462243422586,3,12
2017-12-22,XLF,0,-0.0028436906994739886,-0.0028477416694974167,0.006506867729992029,0.007913364196332347,0.0012852580006363912,0.005075455793333683,0.011697977115061063,-0.005671742382302184,-0.06728023675566686,-0.3639746017402905,4,12
2017-12-26,XLF,1,-0.002852038802353518,-0.002856113614544409,0.0052386025995086365,0.007929655480329336,-0.0009285254275862576,0.001637716696402336,0.009982131440735719,-0.0028520472685202875,-0.2164141114776048,-0.4944681846572824,1,12
2017-12-27,XLF,1,0.0010724938567163722,0.001071919146058864,0.00483897979247484,0.007221492382312819,-0.00028558383409216237,0.0030336259867238535,0.0035727181953360792,0.0003572786339267784,-0.12723486432849507,-0.5305622020639243,2,12
2017-12-28,XLF,0,0.003928556412589046,0.003920859786014308,0.0048564358735292594,0.005906194402044122,0.002067580875532604,0.005645378222728592,0.0042750566632718985,0.0014250415376641224,-0.043890418408619736,-0.4954520245629417,3,12
2017-12-29,XLF,1,-0.00711487863896898,-0.007140310087566437,0.004219838856568367,0.006005291287513802,-0.003499018646965446,-0.002751219189018328,0.010283720130549217,-0.010283720130549217,0.9612651396922114,0.029820283855861218,4,12
2018-01-02,XLF,1,0.0003586126921411026,0.0003585484059787092,0.0042196761200201365,0.00535669767528005,-0.0022154624040715554,-0.0027855682038955276,0.010679930061620465,-0.0060519784752754244,0.004826916175153739,0.1565268041439285,1,1
2018-01-03,XLF,1,0.005372071234926334,0.005357693130729757,0.004836753048231537,0.0048066705565240845,0.0024282611750463534,0.0025357394747875794,0.007508079977714639,0.003575272932594625,0.026518820768416163,0.19811783352524293,2,1
2018-01-04,XLF,1,0.009262682174476122,0.009220046611497779,0.0061838262831678155,0.005331933841187457,0.009334453123691633,0.010414469283646088,0.012752412900784762,0.003542344424062457,0.09385269091944282,0.29723410108285186,3,1
2018-01-05,XLF,0,0.0028237720381165676,0.002819792683288913,0.006133362625182124,0.005223789170154422,0.010025495073630486,0.011391878917070608,0.008778090028732118,-0.0024578544926030636,-0.3896974954616287,-0.1523099690016717,4,1
2018-01-08,XLF,1,-0.0014081066036055745,-0.0014090989173407564,0.004209816594032466,0.004723139142236141,0.005315169214794135,0.009105558305492645,0.005637767869750263,-0.0003523016853018487,0.16485081404072188,-0.008426962515612368,0,1
2018-01-09,XLF,1,0.007755192533537736,0.007725275602744386,0.004225354061207148,0.004981813911332985,0.00832365481124775,0.014981813917219755,0.010529983835404315,0.0035100169278029373,0.16194937641377471,0.13087616307021954,1,1
2018-01-10,XLF,1,0.008394118915033832,0.008359084219255575,0.004539089096007294,0.005053757451381616,0.011365922247352778,0.020386360359804234,0.011157656860802124,0.005230112166463385,0.2577311367265216,0.3316606299715221,2,1
2018-01-11,XLF,1,0.004856112033878812,0.00484435915534176,0.003987526638263961,0.005031303122341807,0.011734272862969464,0.021833376963905637,0.006563057998286746,0.000690796196476801,-0.344965046102652,-0.15035589954464834,3,1
2018-01-12,XLF,0,0.008974998564622139,0.008934962634969512,0.004284973429306206,0.005331775058470552,0.015001169948548831,0.026947380351043382,0.009951987700808339,0.003088543393033216,0.051362433518957085,-0.13517654243436028,4,1
2018-01-16,XLF,1,-0.002737055831987689,-0.0027408084182245496,0.004842208715919105,0.004427395080749199,0.006769301217132151,0.01969423754056998,0.018317534732443883,-0.01119402743657645,0.5170092618579849,0.2811132695656955,1,1
2018-01-17,XLF,0,0.00754714094765685,0.0075188037665703256,0.0048182678259797475,0.004285899172495307,0.008931619862332152,0.022205184039994164,0.01573729042166435,0.004789644173438091,-0.19613757663127296,0.032038572612669736,2,1
2018-01-18,XLF,1,-0.0013620806081156012,-0.0013630090831080466,0.005261295806289454,0.004740554616995612,0.004108029116046241,0.016355787081193007,0.006447188026329049,-0.004750573223970047,-0.09325011047282372,-0.05037903928379561,3,1
2018-01-19,XLF,1,0.007160182485866251,0.007134670089139483,0.0055096428160080115,0.004544000931030689,0.007366073512740767,0.01935895683932909,0.006116153447524517,0.0037377033371018,0.23311687520559454,0.17443404462044088,4,1
2018-01-22,XLF,1,0.00812469591452536,0.008091868262597668,0.005324490379840922,0.004672927034663763,0.011755310301416744,0.022805533730392513,0.009475488794407176,0.007783467191989007,-0.2282134376677568,-0.10888986403549461,0,1
2018-01-23,XLF,1,0.0010070090826979072,0.0010065023891865366,0.004360760472944941,0.004373210656725536,0.008252570570713269,0.0187968058456649,0.009761054340755837,0.0033658830209116293,0.2985583190559198,0.12173399706250265,1,1
2018-01-24,XLF,0,0.00670920820707277,0.006686801634098405,0.004228247504335994,0.004311317561996894,0.010641795029116441,0.020678771495888704,0.0103505662118707,0.0020033210154914915,0.09051624987677043,0.19046209752781507,2,1
2018-01-25,XLF,1,-0.0019992518315082863,-0.0020012530031268128,0.004446570526429081,0.004609154694345806,0.004426824358117809,0.014772631682086645,0.0092930231362725,-0.005974059171615613,-0.31560922692139637,-0.1561259116608995,3,1
2018-01-26,XLF,0,0.007345696962008708,0.007318848729231053,0.004478104143050721,0.0047363330838876075,0.007547512104935317,0.0180874208525188,0.00932092803302075,0.004327535179914273,-0.25431217624279834,-0.36064939428372966,4,1
2018-01-29,XLF,0,-0.003977741085888442,-0.003985673339917284,0.005081807720140586,0.005011189549292986,0.0017333383459117169,0.011239573445231965,0.009937039806346309,-0.0046373399973654705,0.211555891461654,-0.2202398618850352,0,1
2018-01-30,XLF,1,-0.012978248001072057,-0.013063201292079274,0.008402744101507206,0.0069397480496174325,-0.010277635419932651,-0.0035946159252269183,0.012068408021197082,-0.005698963349941057,0.6403672720449733,0.27969336131349887,1,1
2018-01-31,XLF,1,0.002696999675250389,0.002693369297579462,0.007642001295513902,0.0066537610165387385,-0.005816876395066117,-0.0021476015636339163,0.008406187018292653,0.0,-0.2646051734408448,-0.05024021941869239,2,1
2018-02-01,XLF,0,0.009415421012222147,0.009371372211945506,0.009122615302071794,0.0070411516118396335,0.0030742860860211163,0.004921044201863012,0.012803206093644647,0.01145553062978235,0.2286600208061893,0.14157691899117242,3,2
2018-02-02,XLF,0,-0.021985774832249283,-0.022231063891800407,0.01244581123043496,0.010167305436389234,-0.013639852476315495,-0.016580328843324388,0.023364512160557505,-0.02002665195113622,0.20159410234742103,0.34061722027093366,4,2
2018-02-05,XLF,1,-0.05040846348274264,-0.051723348408307945,0.023533693525174103,0.018247397654211902,-0.04950215618602272,-0.060171829836208945,0.056038939389332416,-0.02958581256571656,1.023253427469009,1.2884324141626018,0,2
2018-02-06,XLF,1,0.018292692679628075,0.01812739417015541,0.027849222289161202,0.01978298649122302,-0.023660410448711033,-0.03837677480234625,0.047356792181270944,0.042217313810317535,0.07530119056072326,1.1362817671793803,1,2
2018-02-07,XLF,0,0.0007043921588092417,0.0007041441910899948,0.027664407883482012,0.019487498515029567,-0.01395255952393104,-0.03245581099107875,0.020818636182470672,0.002469996275487905,-0.35411782167258676,0.3155758169363634,2,2
2018-02-08,XLF,1,-0.043998661741511236,-0.04499596607973988,0.029147039000967476,0.02292269105554817,-0.038243672427917375,-0.06615326953548706,0.04813776821169506,-0.04567811942656761,0.3171498567664466,0.553959900699492,3,2
2018-02-09,XLF,1,0.019145978201842828,0.018965000311923053,0.03370999014437954,0.024156174455338783,-0.00802746044192304,-0.040055376566996204,0.04098654962911512,0.003989866215784296,0.10522915195848315,0.5160892871267451,4,2
2018-02-12,XLF,1,0.014089460348391869,0.013991126473030135,0.026563711560689637,0.02517050308407289,0.004580868370422042,-0.01979958676843019,0.02288988976943456,0.003934213660709681,-0.44100962577146297,-0.18756326822929448,0,2
2018-02-13,XLF,1,0.004275090190653419,0.004265977953776368,0.025065144334737194,0.02526843783228428,0.010321865724808088,-0.010529978717563115,0.015048372575784476,0.010032271163608417,-0.4810988874237482,-0.5683756630181983,1,2
2018-02-14,XLF,1,0.02376751950821565,0.02348946911145333,0.027497361461393664,0.026793427621336185,0.031009059728574595,0.016125830343306058,0.028399046582978503,0.024494161597048668,0.3231647277213454,-0.43333163141002506,2,2
2018-02-15,XLF,0,0.005543751499757166,0.005528441466693845,0.008455107188582304,0.026626839815243893,0.02312783561759102,0.02536920662615616,0.015120227523748293,-0.00274913823564748,0.16724207341620811,-0.34255506135717584,3,2
2018-02-16,XLF,0,-0.001378508225449937,-0.0013794592420035556,0.009818725656623431,0.025783213339034883,0.01243694399352746,0.025332395647201578,0.01350413438301794,0.0034626171875232186,-0.29066829909221215,-0.5216431209704759,4,2
2018-02-20,XLF,1,-0.003105348019865506,-0.0031101796181500774,0.010677744058827595,0.019212640479079585,0.0035431914352848093,0.01850878890034524,0.014177034797043134,-0.001037368138532604,0.2258115441123849,-0.3554520466376726,1,2
2018-02-21,XLF,0,0.0013846339664811413,0.0013836762448313777,0.010859034798521157,0.01852053948138441,-0.00020726089995615204,0.01798105597298605,0.018339058349227357,0.0010380860567995231,-0.23451604760620992,-0.43506128381407005,2,2
2018-02-22,XLF,1,-0.00829593108552995,-0.008330533829361109,0.005151906321546085,0.01880925139218595,-0.007335058275825035,0.00854227057318413,0.01862065545443831,-0.01068963675663389,0.06783269177277096,-0.3514567281321842,3,2
2018-02-23,XLF,1,0.0149876646734044,0.014876459388773355,0.008722557249889643,0.010488521036789997,0.006845942676591443,0.016653212090458114,0.012161236036110787,0.01181376457526137,-0.13476966642648425,-0.35635893116386497,4,2
2018-02-26,XLF,0,0.015109833420480001,0.014996816905924693,0.010638043727569468,0.010038988831850655,0.017976314492879286,0.025285171527563266,0.014319811707687018,0.007841784617613666,0.3383785778625936,0.010469995892070427,0,2
2018-02-27,XLF,0,-0.009471998517994296,-0.009517143195664879,0.01199770528344383,0.01082957158478117,0.0056327580337587335,0.011329230200670448,0.017241387092537166,-0.01014196206336434,0.3197851397389895,0.36058832572236277,1,2
2018-02-28,XLF,0,-0.014002829091270153,-0.014101793644541338,0.014203852023389881,0.012276586767206043,-0.008040101143061196,-0.005168821569701554,0.022765887507521163,-0.019028184170419363,-0.10305406991688215,0.1723809458788883,2,2
2018-03-01,XLF,1,-0.01731925832419756,-0.017470991164286076,0.01593587499527092,0.01117698322027485,-0.02307178388231912,-0.020745058076077627,0.031163488643779318,-0.017659222172902084,0.26378483082444637,0.4177342492882783,3,3
2018-03-02,XLF,1,0.002467464807229147,0.002464425614316035,0.013344908108331662,0.010997737954062933,-0.016053219854451628,-0.016359523096827866,0.022364255108589887,0.009584680760824237,-0.04215822156257165,0.33048297533178195,4,3
2018-03-05,XLF,1,0.014065116174052594,0.013967120241333397,0.012960964841014654,0.012116301261410733,0.0027818940602546416,-0.002041330701159416,0.027994363385880495,0.021970264150219052,-0.2536877525597788,-0.025821986092307125,0,3
2018-03-06,XLF,0,0.004160561363448112,0.0041519301601709024,0.01317826983351555,0.012155043738886666,0.009199853459987528,0.0018680708370510946,0.01241381415005388,-0.0013793419147359915,-0.1561606796025926,-0.16625311254990516,1,3
2018-03-07,XLF,1,-0.0017263588425827647,-0.0017278507172644453,0.011441375598401428,0.012164249592615937,0.007176812503093544,0.0002076909267729743,0.013986000461364953,0.010839142021243996,-0.16515666554765096,-0.30037726885649385,2,3
2018-03-08,XLF,1,0.0031129431584584477,0.0031081079827242064,0.00583939231648451,0.011830427517326126,0.005896550868622841,0.0022463672799715173,0.012077308039968234,0.0006901469316630803,0.22327848168320874,-0.1487558494445792,3,3
2018-03-09,XLF,0,0.02413807075189589,0.02385135224658086,0.010339688496503548,0.013285089565094745,0.021250267128914757,0.024385272223548915,0.018082524358716646,0.013306083388034306,0.07465504005668966,-0.105307093933111,4,3
2018-03-12,XLF,0,-0.003367140367532717,-0.003372821942017712,0.011016315958154653,0.01253090716399392,0.012519605690858082,0.020795182580905847,0.008754216235787845,-0.0033670161246093307,-0.05149123465767447,-0.14670588380686378,0,3
2018-03-13,XLF,0,-0.011148531333682321,-0.011211141988611839,0.013291962155607708,0.012685040225530566,-0.0008874593123505692,0.009449635340326834,0.019166096140248487,-0.015803608506107972,-0.09143855786963284,-0.1904432194926552,1,3
2018-03-14,XLF,1,-0.011274298529987736,-0.011338335200967276,0.014617174295164714,0.01237502375921676,-0.012354027518617028,-0.002172096187058825,0.01870745728560801,-0.015646227566027838,0.21742041343779084,-0.0007152838717443544,2,3
2018-03-15,XLF,1,0.0003455411440116407,0.0003454814584191723,0.014535832762364757,0.010730261693135632,-0.011675497485711284,-0.003819491173518985,0.008605852205361246,-0.003442288356191096,-0.17156928642135238,-0.11829941765129204,3,3
2018-03-16,XLF,0,0.0008666736598212932,0.0008662983150569126,0.005974832676346696,0.010735734184281314,-0.00589860152409849,-0.0047886000974382,0.009685187851079812,-0.0013835699892710814,0.29138321995464844,0.1773634469019041,4,3
2018-03-19,XLF,1,-0.0072741241328937445,-0.007300709576175457,0.005977183464671753,0.010158076227776461,-0.007438275840786379,-0.011771001473612874,0.018730520879513324,-0.005896638111128099,-0.1490448479230787,0.015160535339734604,0,3
2018-03-20,XLF,0,0.002442397395706175,0.002439419590856584,0.00596852993152048,0.01009011564066358,-0.0020150989114409157,-0.008930308440214585,0.006604119952537052,-0.001390368956930252,-0.28763064531594595,-0.2586461183523828,1,3
2018-03-21,XLF,0,-0.0003478097343113662,-0.0003478702341457307,0.003765692241224322,0.010079217367970662,-0.0015642741000188032,-0.008983939969288035,0.016678232480343804,-0.0020848287650965017,0.4346277576622293,0.039174828332984246,2,3
2018-03-22,XLF,0,-0.03690835142088478,-0.037606701848289514,0.016447940492880685,0.015226513040457784,-0.030426357434279905,-0.041476549567351584,0.03140442103758419,-0.023994364908769644,0.5980120619837348,0.5563446498099809,3,3
2018-03-23,XLF,1,-0.030368459190372565,-0.030839134483267028,0.01798252228025914,0.013603573411961955,-0.046162429386610415,-0.06156994403313243,0.03466952206417963,-0.03141931464260289,0.04848738203129854,0.5345126352673846,4,3
2018-03-26,XLF,0,0.03243823516134259,0.031923223396742806,0.02796587808373939,0.01907028624302958,-0.008379949158407451,-0.024979051772334948,0.024488306335799317,0.01206140045118275,-0.05761595708341971,0.3699136390291806,0,3
2018-03-27,XLF,1,-0.01950174335030541,-0.019694411369045817,0.027923957023396548,0.019493137472302927,-0.016589561475925607,-0.03716605240149573,0.03491718104315215,-0.02267822363366933,-0.06319567413393545,0.22021232363766852,1,3
2018-03-28,XLF,1,0.0018418077847861536,0.0018401137365833264,0.028147825566272284,0.01961136213358221,-0.003808919423194612,-0.02976687858110949,0.02277733091567662,-0.0007347006215840538,0.0687210284748705,0.2518139485398809,2,3
2018-03-29,XLF,0,0.013602801908645823,0.013511114334947116,0.025211301856750086,0.020489855216207834,0.010408174647146495,-0.0120759214859123,0.020497784487474753,0.009150805373082145,-0.3080853942987376,-0.14757995477742758,3,3
2018-04-02,XLF,1,-0.022125667253442005,-0.022374111327570834,0.022927628691395193,0.021123298121994077,-0.012960554690684911,-0.027276892969452904,0.03808491679476873,-0.022125521113664698,0.27575741979756385,0.06706165200777447,0,4
2018-04-03,XLF,1,0.013724064155612004,0.013630742056693457,0.017432710155308104,0.02207338272008147,0.0032302071018235345,-0.009172503377341101,0.018429783098668984,0.00737194136108487,0.01071084222317542,0.04401204080070675,1,4
2018-04-04,XLF,1,0.010611381668661934,0.010555476100656769,0.01513761457397008,0.022506598975551524,0.01038941441610941,0.005387426596035638,0.0327869248551545,0.029061128249297002,-0.06430780038424488,-0.06616576775920946,2,4
2018-04-05,XLF,0,0.007965358480543694,0.007933802471870255,0.01521431553280931,0.02279598309412942,0.013690917011350612,0.016652299491424882,0.01040548642966315,-0.0010764508698282845,-0.35475279764528556,-0.39104758098746584,3,4
2018-04-06,XLF,1,-0.02406624713467609,-0.024360571035313416,0.01867173738753979,0.02095270867039904,-0.007814705998172577,-0.006036155426211276,0.02834304773514136,-0.012718036905809277,0.9507341614824707,0.18257103428375232,4,4
2018-04-09,XLF,1,0.005520619125685355,0.005505436361128435,0.015298846404886792,0.018392474451365135,-0.0049535039876323905,-0.002373640919464459,0.02196194685841804,0.0,-0.38282215519481255,-0.23471198041941155,0,4
2018-04-10,XLF,0,0.015007560783068863,0.014896061513364867,0.015537892290450597,0.015835658336854862,0.007045365773602041,0.012450399994211825,0.012247844012412882,-0.0010807163688094908,0.24103109464574657,-0.028001259269623602,1,4
2018-04-11,XLF,1,-0.01190060170357432,-0.011971980731485754,0.016037374708420135,0.014938835200672239,-0.00334649600861181,-0.0005106895659223731,0.010189253686673144,-0.002911205423533434,-0.2259640273445278,-0.21810558572206284,2,4
2018-04-12,XLF,0,0.01751821029895373,0.017366535274170758,0.01790625227301711,0.015830768621008157,0.013818130210444757,0.014482178050201355,0.017022792573871934,0.009779012837609681,0.20594769896800358,-0.026688701431398454,3,4
2018-04-13,XLF,1,-0.015064689765783235,-0.015179314855858106,0.015054923256723642,0.016205277215509385,-0.0035562683118620653,-0.0004005696656541602,0.03295536243105715,-0.026931263195395707,0.10767730936290776,0.05887676795017249,4,4
2018-04-16,XLF,0,0.0043703885043273605,0.004360866090837856,0.01500049698134717,0.014289627074426164,-0.0010863673466181556,0.001707243128323821,0.010137606015122747,-0.0014482590264995078,-0.36332215468754236,-0.2941393781210029,0,4
2018-04-17,XLF,0,0.0,0.0,0.013128238883399179,0.013725765735839501,1.7720920753028224e-07,0.0007984730365024895,0.013299814640265268,-0.008626878998953222,0.1370380162030398,-0.16518250390471745,1,4
2018-04-18,XLF,1,-0.004713925185668932,-0.0047250707710948525,0.01198189832394587,0.01338422393425325,-0.005074462974113958,-0.003304348310069205,0.013381585690346049,-0.00723323176672981,0.31616489425636596,0.10517764280171482,2,4
2018-04-19,XLF,1,0.015300515490825006,0.015184643047579272,0.011206802822717653,0.014084599971294338,0.010221668573582976,0.01183543227819972,0.016363664106889206,0.01345457597212358,0.13992709089684174,0.1988021110580529,3,4
2018-04-20,XLF,0,0.0003589408924069559,0.0003588764885358309,0.00756043186466731,0.011239991833942177,0.007516564070754406,0.009596202515067098,0.010028677861045143,-0.0014326975436259885,-0.3459536129862625,-0.16502537346790513,4,4
2018-04-23,XLF,0,-0.001075798837012143,-0.001076377923938665,0.007715742402213107,0.011245694167482393,0.00447252433090406,0.006578177238039107,0.008226021093257345,-0.003934145443660494,-0.08255355378671658,-0.22229308914713042,0,4
2018-04-24,XLF,0,-0.00646326016494736,-0.006484237467622389,0.00861780088013946,0.010507484112470326,-0.0026671041455635924,0.00028931988784908214,0.024642876216343472,-0.011785711560930525,0.5231805328173835,0.18098688648387218,1,4
2018-04-25,XLF,1,-0.0007229098679766288,-0.0007231712933140066,0.008166145393055315,0.009682762700344134,-0.004822919735063214,-0.0013363616462338523,0.015195372126210725,0.0003618027895319405,-0.2553981799867515,-0.11964631592395514,2,4
2018-04-26,XLF,1,0.0003615557309235573,0.0003614903854001206,0.0028433463628386533,0.007747646760127889,-0.002955933996296789,-0.00018083242322219917,0.010495802279664812,0.0010858012145041063,-0.35436422933672973,-0.40126646704229263,3,4
2018-04-27,XLF,0,0.0014460214892093592,0.0014449770069107082,0.0030554680555824497,0.005900835211229856,-0.00021676759314703808,0.000397062875627352,0.007243779736262255,0.003259693973137679,0.41035742254051555,-0.11945584710750357,4,4
2018-04-30,XLF,1,-0.009025226170004008,-0.00906620024355087,0.00459561580456668,0.006510930904971106,-0.006370903836237174,-0.008166044196361577,0.017284822986098815,-0.011523215324065876,-0.11558285225028186,-0.2169909331229869,0,4
2018-05-01,XLF,0,0.0003642710108338054,0.0003642046802569965,0.004267659568579557,0.0065147673493003554,-0.004495420184075338,-0.007374317675976627,0.011317980023743323,0.002555666169553618,0.11121122224512003,-0.12270552165577409,1,5
2018-05-02,XLF,0,-0.011289098355868,-0.011353303899186873,0.00602957199868075,0.007283128535668297,-0.01215250587124117,-0.017514720704318476,0.01315784703845092,-0.007675474676043534,-0.020315963806057047,-0.10432574489520308,2,5
2018-05-03,XLF,1,-0.008471301175135393,-0.008507386585038912,0.0058598494853540845,0.004801126178994296,-0.015217877149453884,-0.022477147380147278,0.022205787242957954,-0.0037009763055349393,0.5176633216157498,0.37888933131130065,3,5
2018-05-04,XLF,1,0.013001484780504668,0.012917690991538056,0.010028437253241942,0.007052656986841441,0.0007340521185157378,-0.007569632800465742,0.028026905589878564,0.019058304354250235,-0.4115034685610439,-0.17327645206266262,4,5
2018-05-07,XLF,1,0.0066004826168093444,0.006578794812430733,0.010148101817599606,0.007584771517635782,0.007339379833573023,0.0004372677738588848,0.010960877890457146,0.002922905416626045,-0.09123709815751335,-0.2349629500533731,0,5
2018-05-08,XLF,1,0.0069218775860024895,0.006898031368502977,0.010613378503086673,0.007774528787200939,0.012973772378875204,0.007472334420122628,0.013469270057590544,0.006188572280425944,0.294110149266684,0.037110465516840385,1,5
2018-05-09,XLF,1,0.014833568335807179,0.014724626965910481,0.00916536667803881,0.009078854694822539,0.021262697469116354,0.020928236939072642,0.016204564476830833,0.010082779066667089,-0.08176074268889422,-0.03082913135155063,2,5
2018-05-10,XLF,0,0.008199730910194436,0.008166295765142273,0.003761834470297413,0.009307577250423166,0.019540093215139942,0.026982066392827964,0.013571466718401228,0.01000002452305385,-0.05412282903895749,-0.09920160383431853,3,5
2018-05-11,XLF,0,-0.0007073166899715932,-0.0007075669564402531,0.005527853513161667,0.009353251578658503,0.011597944497984791,0.024172855647674574,0.008833922499637738,-0.001413392553252434,-0.375227708677661,-0.409898948556333,4,5
2018-05-14,XLF,0,-0.000707974563855962,-0.0007082252961958524,0.006581778578168668,0.008599075785321075,0.005196601183731886,0.020525964585975887,0.007057122601058181,-0.003528594951704506,0.20850003861898503,-0.2694850708865304,0,5
2018-05-15,XLF,1,-0.001770325028969122,-0.0017718939062119077,0.007290744275488165,0.00869428131644603,-0.0004963929201231565,0.01603892879546054,0.009219866022965829,-0.00035461803586112935,0.7465878841526352,0.25170416380492333,1,5
2018-05-16,XLF,0,0.0017734646378053665,0.0017718939062119077,0.0040404855202077795,0.007222120496318942,-7.09841764126029e-05,0.013857771254483175,0.007812475658614395,0.0028409063970008027,-0.4147940383271309,-0.24422331740805947,2,5
2018-05-17,XLF,0,-0.0021244844353155434,-0.002126744353715182,0.0015241905700824048,0.006216404575887654,-0.0014881661305126137,0.007147934368724407,0.009925582975280059,-0.001063409438867615,0.40911492610575606,0.12865557704164154,3,5
2018-05-18,XLF,1,-0.008161589507554856,-0.008195077614457258,0.0036655633004420837,0.006627934357838546,-0.0074571498599234065,-0.0034938232448027406,0.008871540003286759,-0.008161800558748909,-0.26190803720401856,-0.1514154809451692,4,5
2018-05-21,XLF,1,0.007155565390291718,0.007130085807276032,0.005626949299757196,0.006668424531509242,0.0002843772587997062,0.0011381560055516715,0.005691919030168541,0.0014229458310285922,-0.1087653797709981,-0.2295104120916961,0,5
2018-05-22,XLF,0,0.006749514374315035,0.0067268383796208475,0.006426750093159323,0.0066560548229458805,0.005963418020957789,0.005392419535411586,0.011714587249283018,0.006034791474388615,0.7822982403475458,0.3551999290103327,1,5
2018-05-23,XLF,0,-0.006351432611624519,-0.006371688775726803,0.007189062921152195,0.005588635762987341,0.00014207057759518804,-0.0013829617418033013,0.013499082270553919,0.0003552479224636684,-0.14899113195335478,0.14989129751035235,2,5
2018-05-24,XLF,0,-0.007812614021555864,-0.00784329238039616,0.007914639659623848,0.0053979829472381525,-0.005977059170546362,-0.007988668525745868,0.015318856781286973,-0.004631249097967461,-0.03832238122241127,0.10075900985345942,3,5
2018-05-25,XLF,0,-0.003220942895272194,-0.0032261412973446646,0.007177886408187081,0.0054311359686809125,-0.008473244964828819,-0.009742371097967162,0.006472503007280503,0.001438364483837226,-0.09093957248434503,-0.032392484498589225,4,5
2018-05-29,XLF,1,-0.03339333802001121,-0.033963627416145226,0.014872086249980336,0.011443867088284388,-0.033115464369590675,-0.038296648917923726,0.028404978610744445,-0.01966493176192621,2.217035294117647,1.5220176029149943,1,5
2018-05-30,XLF,0,0.018202095197603185,0.01803842023059632,0.01834353576924517,0.013561857970140874,-0.008895007976277292,-0.018055440211357743,0.01508461526153974,0.008462087551652096,-0.47937173884337514,0.284378454474717,2,5
2018-05-31,XLF,1,-0.00839126866502704,-0.008426673560379516,0.018361656080952308,0.013568709179322264,-0.010196794540990206,-0.02258359235145213,0.010603254264493251,-0.0062157248235040026,0.012806084712736476,0.21835424826021566,3,5
2018-06-01,XLF,1,0.011037750245225686,0.010977278851841188,0.019995872084823303,0.0143577342883774,0.00409241568766161,-0.009301282761728591,0.00836057943739525,-0.0010905374916722497,-0.05627192147183335,0.11345534682126956,4,6
2018-06-04,XLF,0,0.0032749400712646093,0.0032695891345113637,0.020200346095723798,0.014304841643900555,0.009446327945374478,-0.004693248083636692,0.005432800261295013,-0.001448783579973793,-0.2977295369933407,-0.23288848158542874,0,6
2018-06-05,XLF,1,-0.004352628587350971,-0.004362128852600566,0.010897873570399005,0.014011148662022122,0.0011670113764770118,-0.006514812633517164,0.00764195761715792,-0.0010916586534423826,0.01809855442350039,-0.2392711428768991,1,6
2018-06-06,XLF,1,0.018215250095397595,0.018051339878747186,0.010902173999538528,0.015258988807648024,0.015403800465857431,0.013011632528308281,0.014125294495727705,0.01231438410256382,0.37698680795078765,0.031610125962659996,2,6
2018-06-07,XLF,1,0.0032198693039868775,0.003214696625410962,0.008610080622733073,0.015205569578825488,0.012347451080502392,0.016715599260762604,0.011756320886847136,-0.0010687132035276234,0.05174467398321503,0.04969120286154216,3,6
2018-06-08,XLF,0,0.0014266624813041862,0.0014256457652783716,0.008351040706918765,0.014978866054580839,0.009418474753431605,0.017649499180246053,0.00892538371856986,0.002499096545955764,-0.2678186971446811,-0.2369278226101158,4,6
2018-06-11,XLF,0,-0.0021368263496504003,-0.0021391126205645428,0.008861419818036878,0.014952023089822814,0.004013198550895103,0.014849726732537594,0.008874689361835816,-0.005324800075400193,-0.008253446620865468,-0.2527942289709222,0,6
2018-06-12,XLF,0,-0.0024981043013252435,-0.002501229770124791,0.008493544475174091,0.009212637392120446,-0.0020707740389485085,0.008552076634289474,0.012811409447131588,-0.005338064643913287,0.17323899610309468,-0.0127377831253227,1,6
2018-06-13,XLF,0,-0.003577782695145859,-0.0035841982665707484,0.00289251080153133,0.007912152158840455,-0.0049305939842775315,0.003350658831484443,0.012875558731741366,-0.003934145443660494,0.10048417427391865,0.09571779829874072,2,6
2018-06-14,XLF,0,-0.009335970912497493,-0.009379824244638346,0.0038993230963675954,0.008049439545423006,-0.011040362790816327,-0.007482653290491026,0.015770628676474358,-0.011111092121180218,0.1561433028129593,0.2578988758682441,3,6
2018-06-15,XLF,0,-3.6314723849018016e-05,-3.631538324455619e-05,0.0034972244265285835,0.007324800956990051,-0.007582954810510745,-0.007907689154505904,0.016483475024421747,0.006227109195782146,-0.10260987746954431,0.12791551576908367,4,6
2018-06-18,XLF,0,-0.001819989348367801,-0.0018216475412162758,0.0035311897194371137,0.007281212487667338,-0.005947721317861698,-0.00960212363756252,0.011751733389780954,0.006977617967378524,-0.21396929367888984,-0.12221383236501537,0,6
2018-06-19,XLF,0,-0.0025529696634891685,-0.002556234047639716,0.003527561506020677,0.007185752403023491,-0.005026711334454093,-0.012196241779110495,0.010685369272261444,0.00773769331407525,0.007829465765906818,-0.12339951591602816,1,6
2018-06-20,XLF,0,-0.002559584876224319,-0.002562866214031345,0.003548720492779821,0.003334457455209931,-0.004314252302702326,-0.012765475448830443,0.012681173066385614,-0.011594191681209624,-0.14699082141285325,-0.2264227306770481,2,6
2018-06-21,XLF,0,-0.0029324916359607656,-0.0029367998140839013,0.0011591989343216964,0.0027901319471883104,-0.005266291574333115,-0.013092404224138043,0.012872393328250345,0.00036779068353859953,0.7554186433080572,0.33380365062958006,3,6
2018-06-22,XLF,0,-0.004779497183429293,-0.004790955504680561,0.001110419171620964,0.0024657446902233387,-0.0071157285268005355,-0.014631316125838345,0.013508610714801026,-0.011683085138919606,-0.18355279694750293,0.0631876301179286,4,6
2018-06-25,XLF,0,-0.010712687344964444,-0.010770481303036039,0.0034811511627024427,0.0033711353061969722,-0.013118941537646922,-0.021199866764114228,0.014842285981688604,-0.0063079803889179295,0.3153101349744418,0.32189620968267385,0,6
2018-06-26,XLF,0,-0.003360750942155044,-0.0033664109504125683,0.0033732391932033,0.0033370072780005487,-0.011627787917234844,-0.020409729309796454,0.011567144580873647,-0.00410442933337167,-0.3016653435893498,-0.0781878876453721,1,6
2018-06-27,XLF,1,-0.01236419630817831,-0.012441268936348227,0.004391281477021178,0.0042078068645449015,-0.017151316711890408,-0.02763270460918299,0.019865021485552907,-0.011993991422936397,0.38503718889547023,0.2422146066211195,2,6
2018-06-28,XLF,0,0.008725141063873565,0.00868729699118198,0.008317502901123897,0.005753750558983004,-0.004045371097133987,-0.015950670382290366,0.014795193018467418,0.00872532385852857,0.005705564205523261,0.23378091155663516,3,6
2018-06-29,XLF,1,0.0,0.0,0.008548556435996542,0.005756007778025513,-0.0004512260149915903,-0.012735412983254868,0.019316510263370695,-0.012258540964740054,-0.01775929151261446,0.18622622739594186,4,6
2018-07-02,XLF,0,0.004889226855284479,0.0048773134016011355,0.008113410411883787,0.006304262284998931,0.004889109822239446,-0.005323237348311194,0.014410282467690983,0.013272600037250077,-0.14189389746454628,-0.007095815100863989,0,7
2018-07-03,XLF,1,-0.008982099874731864,-0.009022682125804149,0.008966988783847595,0.006622704860991728,-0.002561387488544953,-0.011054664500092293,0.016797340334491553,-0.011571532762111272,-0.5360045194463074,-0.5254196019140926,1,7
2018-07-05,XLF,1,0.0022657728875932204,0.002263209894913576,0.006639425370933375,0.0068471597022941024,-0.0016551719960360423,-0.00606704011984005,0.008640102741745505,-0.0030052562428228126,0.32393921439686446,-0.36957562364245267,3,7
2018-07-06,XLF,1,0.004898437822310919,0.004886479511224451,0.005740741551348737,0.007256386062513149,0.002631670638939543,0.0007880993127482583,0.015489227731307821,0.0075557524793191016,0.015159152661150532,-0.3245159085216036,4,7
2018-07-09,XLF,0,0.022871940554800574,0.022614298835444302,0.011426132381513155,0.010567875400365712,0.02027067127672555,0.02287201690696916,0.01976869786850051,0.017530817980812827,0.7790335472932057,0.17845940621192846,0,7
2018-07-10,XLF,0,-0.003665736171269973,-0.003672471446975578,0.012102676596806486,0.00992879944706828,0.01304499329803055,0.01759626557972882,0.010622674589127051,-0.004395565393344904,-0.30207740505450154,-0.13668364423698443,1,7
2018-07-11,XLF,1,-0.004782526322368641,-0.004793999195542131,0.011128307103987684,0.010016373231956897,0.003934337512698116,0.011366441032487629,0.007399214127222197,0.0007398649614137665,-0.10216228448359954,-0.21111203862463424,2,7
2018-07-12,XLF,0,0.0018481656785960254,0.0018464599217655753,0.01114910410789773,0.008780708981245599,0.0016262315363766433,0.010439971155554506,0.011021280111251261,-0.004408484015864488,0.4096389468904065,0.1378355469430299,3,7
2018-07-13,XLF,1,-0.0044281169879597515,-0.0044379501369489205,0.011772903297447306,0.008780818383942617,-0.0050889340749897816,0.004504934049703646,0.013708741571783903,-0.0003705160787936398,-0.011250554897898835,0.15417915813360472,4,7
2018-07-16,XLF,1,0.01779083975774176,0.017634435090575273,0.009574725498167111,0.010141867132992336,0.011268897114729448,0.01907500691663566,0.016260112172683708,0.01478195219603428,-0.12993457205258552,0.04430512974759626,0,7
2018-07-17,XLF,1,0.001092697566204448,0.0010921010067521664,0.00917956287670156,0.010145601621710696,0.010067616798178136,0.01728160458228878,0.009457993126467761,0.0,-0.005550777610549673,0.05972628832310023,1,7
2018-07-18,XLF,0,0.01600589517240225,0.015879151474498254,0.009850635373504302,0.009972140077028456,0.019640890930661126,0.028047801698724895,0.015217393858296024,0.011956518809601621,0.0649884148736446,0.07056225473496114,2,7
2018-07-19,XLF,1,-0.015037720819525924,-0.01515193379157953,0.013892987983210823,0.011891047010453775,0.0013103271816525819,0.008985843735778154,0.0118747719623741,-0.010075591127061124,0.0449320917894338,0.07749452269416279,3,7
2018-07-20,XLF,1,0.001817584326304189,0.0018159345187194198,0.01331748502816662,0.011895287672095729,-0.001087308237855078,0.007530927449818092,0.010196605558344727,0.003641674610479943,-0.16518713642493899,-0.11633672444268806,4,7
2018-07-23,XLF,1,0.013787856631139572,0.01369366891290058,0.012394601615430774,0.010504470525187467,0.009174120618030468,0.018964066067741037,0.015602333581579331,0.013788137716941014,0.580926374502301,0.3779520770823648,0,7
2018-07-24,XLF,1,0.002863537211852174,0.0028594450992533993,0.012332574718095603,0.010283176917817233,0.008203862921406513,0.018760958400860117,0.008556141805560863,-0.001069475226838497,-0.2255073224708708,0.04621590489720662,1,7
2018-07-25,XLF,0,0.0021412442852326574,0.00213895508892481,0.010321287083842445,0.009920475710320977,0.009273242647620528,0.017133332668840096,0.009999956403459822,0.002857140132359096,-0.2999428197618704,-0.26536547225033147,2,7
2018-07-26,XLF,1,-0.0003561377838083857,-0.0003562012159301631,0.005573926368999338,0.00999259973080716,0.004868614618247502,0.013211078636468754,0.007815251024361416,-0.002841915623096251,-0.09368014263347002,-0.30553590697390576,3,7
2018-07-27,XLF,1,0.0021375091765141185,0.002135227953952157,0.005543635291504029,0.009617513909127856,0.0029235670688572135,0.011179394381487295,0.01069141661151148,0.002494643483838279,0.5764963751472909,0.09671674793562612,4,7
2018-07-30,XLF,0,0.0007110881709229133,0.0007108354675184891,0.0012985062317696359,0.00837715194718643,0.002136050186194449,0.009394787644917857,0.00888099479175242,0.0,-0.10570646751988144,-0.020339787484504712,0,7
2018-07-31,XLF,0,-0.007104728743254407,-0.007130087511341809,0.0038419503766345454,0.008915708679175327,-0.004487707328734825,0.0005729016044484503,0.012398171701918497,-0.009918483309854636,0.49626288865161206,0.3956252732408081,1,7
2018-08-01,XLF,1,0.0,0.0,0.003585526150571377,0.0073629162023748276,-0.003564981506058107,0.0005012658810372717,0.013864248440540726,-0.006398805659340201,-0.24204941769299682,0.049258046093573205,2,8
2018-08-02,XLF,1,0.0003577150429305842,0.0003576510781586606,0.0036276780597781053,0.005112611244746954,-0.0024261508021874434,-0.0007504642851506871,0.011883324388415573,0.006841866171300922,-0.40152138510997415,-0.34697054725696863,3,8
2018-08-03,XLF,1,0.005722501628920185,0.005706190314570758,0.0045781588804536455,0.005274616483298166,0.003354034541441342,0.0029604532860763033,0.007163351088572092,0.007163351088572092,-0.08965137605105045,-0.38814068540138746,4,8
2018-08-06,XLF,1,0.005334231129563438,0.0053200545105864805,0.005198351698656717,0.003587818045045086,0.007843094578614096,0.007125048357939701,0.008522719191002408,0.003906271695582822,0.09559727519967454,-0.27458946481995805,0,8
2018-08-07,XLF,1,0.004598283217878141,0.004587743411262224,0.0027924766919848465,0.003717809366263223,0.009239304068934029,0.010388296887807735,0.008112858523510342,0.0017636414951594723,0.1668449729401702,-0.1227210385609735,1,8
2018-08-08,XLF,0,0.002464953007160098,0.002461919993631323,0.002250791370361788,0.0037268221819547584,0.008001680864546445,0.01147542785945177,0.006346978184128815,0.0038786565809444846,0.0653102764937703,-0.0714968162199866,2,8
2018-08-09,XLF,0,-0.005971172972575656,-0.005989071712459104,0.004862034200857352,0.0043836692034540155,-0.00042383207574403503,0.0046148186618908404,0.005985918259767321,-0.003521140239892076,-0.3822271789907832,-0.41414927541437674,3,8
2018-08-10,XLF,0,-0.011660714911008174,-0.01172923422408223,0.0074468377663326245,0.0058507487326436985,-0.011031667188363237,-0.00653545176425907,0.008592902559821636,0.0014321162814773982,1.83745376015914,0.5980593401449548,4,8
2018-08-13,XLF,1,-0.009653298506887897,-0.009700193632048215,0.0072499672266152886,0.006485195278215244,-0.016614596831972417,-0.014550558191144924,0.012513421167751554,-0.009653148267548444,-0.10669568578679345,0.38005850831612586,0,8
2018-08-14,XLF,0,0.009386369572840003,0.009342591338538764,0.008822590997387301,0.007003435542396816,-0.004273464145836181,-0.005336144897074235,0.010431687895183095,0.00575539035263035,-0.4132919429942148,-0.12395410345403957,1,8
2018-08-15,XLF,1,-0.007868578186109199,-0.007899698804957112,0.008397024448285216,0.007439138445865454,-0.006945072982022182,-0.012424926630263733,0.009736695090953637,0.0003606285267550875,0.2753636134588515,0.13635245822181097,2,8
2018-08-16,XLF,1,0.013338367562235831,0.013250194726728726,0.011712687277954974,0.008679006750480164,0.007671427830598931,0.0002135788919703785,0.01148186886215468,0.00861140164661601,-0.11039472998917044,-0.011691892689973282,3,8
2018-08-17,XLF,1,0.00213423119715328,0.0021319569610076528,0.010184608948993128,0.008514894795901982,0.00837616927732121,0.0021699945674393817,0.006421633728782108,0.004994626693503372,-0.12801458386327025,-0.15224666968138223,4,8
2018-08-20,XLF,1,0.003195314156946516,0.003190219989424481,0.008080887163184388,0.008397942224729294,0.00755871877252301,0.005407988238967487,0.006389787173882825,0.0031948935869414124,-0.30420136549587784,-0.40051391873206255,0,8
2018-08-21,XLF,0,0.0038920142167631067,0.0038844599240306366,0.007526157305487099,0.00835781382330127,0.008531689549372556,0.009428783760837334,0.010254629012943734,0.0031824664215935063,0.5951446910031044,-0.05004559543356091,1,8
2018-08-22,XLF,0,-0.0035246617163697813,-0.0035308879710771457,0.00607823522025627,0.008370236223844611,0.0012041628537819982,0.006587186761966235,0.0053097210099211836,0.0007079808057936947,-0.4300521485189821,-0.43600166041533917,2,8
2018-08-23,XLF,1,-0.004598596196588867,-0.004609202267928936,0.003976236408833875,0.00828452068312225,-0.0036116741828619014,0.0025294430201536766,0.006723302636899339,-0.004246314163534828,0.1626633678948004,-0.3475057156254756,3,8
2018-08-24,XLF,1,0.003553469872225712,0.003547171215141365,0.004191887423535373,0.007359917918785807,-0.000566459048517931,0.005125085673177265,0.0038937593983337944,-0.00035399040289684733,-0.3054445067017546,-0.4816039839278322,4,8
2018-08-27,XLF,0,0.013456249526116792,0.013366518268364214,0.007241512498184898,0.007275893728811072,0.01030783934198154,0.015325632464574523,0.01340385028759924,0.009523825542526305,1.3682612341090894,0.2951234189701768,0,8
2018-08-28,XLF,0,-0.0010480227844481549,-0.0010485723443278694,0.007349800237746525,0.007050190440066983,0.0076837907320495,0.011999727681969441,0.00627172101192352,-0.003832773777957776,-0.44699882306786975,-0.25659555091340824,1,8
2018-08-29,XLF,0,-0.00035001690510472194,-0.0003500781753187354,0.006924740939603001,0.0062005686311323435,0.005134643867767963,0.008646453725538628,0.007694974193086125,-0.00034978065157270535,0.1771303396915922,-0.07326167600979938,2,8
2018-08-30,XLF,0,-0.007697418209078433,-0.007727196240352452,0.0077724160191797115,0.005864482148901503,-0.004143367750894855,1.7159202325700562e-07,0.008787345985792163,-0.0031634499182555315,0.2719011738835171,0.19920526225486324,3,8
2018-08-31,XLF,1,-0.0010580986312340723,-0.0010586588127772245,0.007753705219007778,0.005876782052657272,-0.005825488975340076,-0.0016211915519371844,0.006369437498865276,0.002476988473364511,-0.2116373621547657,-0.030168234439750252,4,8
2018-09-04,XLF,1,0.004941852634521293,0.004929681762093185,0.004488324279512045,0.005987977664479022,0.00014049232925872346,0.00257071371127382,0.01061192897781363,0.007074596828876084,0.26497751247515233,0.18278511660599528,1,9
2018-09-05,XLF,0,0.0007026737497588531,0.0007024269901472202,0.004555553618987677,0.005886503181685754,0.0015469376317633898,0.002851378633510704,0.007381338447843302,0.001405940495819454,-0.24145915226581627,-0.06376567151284707,2,9
2018-09-06,XLF,0,-0.004563007642461314,-0.004573449939463181,0.004856142168450702,0.005972690788318184,-0.0014786803720040487,-0.002040805381669286,0.00913884787027938,-0.0031634499182555315,0.1711455433776281,0.06299972543701271,3,9
2018-09-07,XLF,0,-0.0010580986312340723,-0.0010586588127772245,0.0034554930944695034,0.005748544607630983,-0.002324398766533675,-0.0037628113941038377,0.008092943313424292,-0.0031667893154920398,0.1386786471826742,0.17181792430920173,4,9
2018-09-10,XLF,1,-0.001058828994940142,-0.0010593899503659188,0.0034555380857208924,0.005677682088994432,-0.003170162821457323,-0.005027610946053751,0.005985918259767321,-0.003521140239892076,-0.3142930462855401,-0.21308861509044408,0,9
2018-09-11,XLF,0,0.0010599513021118945,0.0010593899503659188,0.0022272735298439835,0.003340523505596748,-0.0011284031258305127,-0.0029564155420794824,0.010276364820514907,0.0038979664432347147,0.0714400278007965,-0.10960397131090527,1,9
2018-09-12,XLF,0,-0.00917748093018611,-0.009219853456245097,0.004019278225378683,0.0042227188695262916,-0.007355563357298589,-0.010295505001472804,0.01200141734922436,-0.0091775584038838,0.4958085400995471,0.26489261965323396,2,9
2018-09-13,XLF,1,-0.0014249798502821154,-0.0014259960996065857,0.003950709347558144,0.0041945633707804065,-0.006451114243952838,-0.009785586142212921,0.01101639587828323,-0.00390898029100149,-0.062262058152674715,0.15281174252142704,3,9
2018-09-14,XLF,0,0.007135461150681088,0.007110124203569157,0.005852642226183177,0.004538312057435503,0.001348119705685935,-0.0022617454233400114,0.007125071788879675,0.005700030251215553,-0.2407024908231078,-0.10373815538704523,4,9
2018-09-17,XLF,1,-0.004250944242909616,-0.00426000519390346,0.006072474379025845,0.004695436305771735,-0.001562777439939378,-0.005730000158043036,0.008147344880123508,-0.004250759257194785,-0.21209042194957684,-0.2802262368516013,0,9
2018-09-18,XLF,1,0.004980371163595176,0.00496801013980086,0.006681079490742719,0.004700654891888232,0.003980348009436918,-1.5660014507368203e-08,0.00780699852095877,0.002484020371403687,0.35297068890548866,-0.008287426010962218,1,9
2018-09-19,XLF,1,0.016991116073595824,0.01684838160407587,0.00828727100463282,0.007344503396074467,0.01627159077733764,0.01612785875391065,0.02089975778090827,0.01771165455571208,1.075279627310084,0.8430756650527027,2,9
2018-09-20,XLF,0,0.008701547075154803,0.008663906809165844,0.007631882596479025,0.007452609897631104,0.018271054986687796,0.02272711305410935,0.006910810362821334,0.0013821357097640232,0.03975682908944589,0.7450999557924154,3,9
2018-09-21,XLF,0,-0.003881722860283876,-0.003889276299707589,0.008954659574634906,0.007640461533222095,0.009794584448594046,0.016828346554902174,0.01036266767372915,-0.007253920078997832,-0.17625118546759933,0.3732593656352401,4,9
2018-09-24,XLF,0,-0.011134402606849392,-0.011196854073443951,0.01094570667787966,0.008670058577067858,-0.004486018970196626,0.004635759553004659,0.012190887935591007,-0.010100975876921998,-0.25845927986400863,-0.01925634094367845,0,9
2018-09-25,XLF,0,-0.0038705229111322126,-0.0038780327692502503,0.011282444558886532,0.008799176222439704,-0.00962118547683466,0.0003755274919281515,0.008762705712692867,-0.00771122381381871,-0.3130284192384719,-0.32749293206993957,1,9
2018-09-26,XLF,0,-0.012009770613373494,-0.012082470567959636,0.008298383655722085,0.009179326824230423,-0.01716180890909358,-0.011722503773728854,0.017283942311282656,-0.013403917566209721,0.8288851002900097,0.1997715406972984,2,9
2018-09-27,XLF,0,-0.0035754176044615615,-0.0035818246865395587,0.004283116241463595,0.009244593780404533,-0.01387029084347391,-0.015130036978879824,0.009285722460065569,-0.00464282717023577,-0.04637565290662671,0.116328253577201,3,9
2018-09-28,XLF,1,-0.010405213297667082,-0.010459726003494207,0.004126716803424035,0.009384036817811768,-0.016054083509115746,-0.023565200330914138,0.008285286035301752,-0.006484160795809605,0.15589419086415202,0.2141972957096958,4,9
2018-10-01,XLF,0,0.003988166530925152,0.003980234876298283,0.006369716725649696,0.009510219446784611,-0.006957471446451757,-0.018643127489158196,0.010454182068186133,-0.0018024238454610294,-0.24979196417419935,-0.12575364402294664,0,10
2018-10-02,XLF,1,0.0,0.0,0.006789191196622288,0.00928881175698047,-0.0025216860702340638,-0.017127058050836808,0.009764935316046983,0.0014466877424669559,-0.0446394544178117,-0.18090101833834493,1,10
2018-10-03,XLF,1,0.009389881950066181,0.009346071047816373,0.007500913427975938,0.0077969380797226606,0.0069896041787034235,-0.00559273790568815,0.010046601035716966,0.00287046721553867,0.6710526039534321,0.3593142987135842,2,10
2018-10-04,XLF,0,0.006797767978459879,0.006774767330261167,0.00773725615681165,0.00751724105616946,0.011866246562703742,0.0037095520749921285,0.015390132317700925,0.007158155038223088,0.1898370929522537,0.5739621328186781,3,10
2018-10-05,XLF,1,-0.004974922306457574,-0.004987338429049526,0.005674976214679896,0.0075479365393266735,0.003800295632936379,0.0013592065463441383,0.01347037125484207,-0.00744413652208319,-0.3859745641008312,-0.022891730454583148,4,10
2018-10-08,XLF,0,0.0067853923534189065,0.006762475188287542,0.005924197611066624,0.007417269837037952,0.007001373213155082,0.008983758707572509,0.01361035340533119,0.009670503475138646,-0.026721147678280044,-0.06256361600801963,0,10
2018-10-09,XLF,0,-0.0039019460670870476,-0.003909578519389889,0.006720410947433953,0.007418727609436883,0.0002849721312381259,0.005874803555793173,0.011404191313732957,0.0007127747022214766,-0.1525119754606864,-0.22479348460286497,1,10
2018-10-10,XLF,0,-0.030982733378276728,-0.03147284823906116,0.015443977198205812,0.011761685628437848,-0.025569261542328636,-0.0226291186752533,0.03313146830376569,-0.030637713562573946,1.1183691765613437,0.5393782726469327,2,10
2018-10-11,XLF,1,-0.029768720538099203,-0.030220803470254687,0.01689878920159373,0.014564070539690256,-0.042645881247403095,-0.04669056959663753,0.03327170587484549,-0.02402956143672362,0.7580754376778958,1.2866713101210965,3,10
2018-10-12,XLF,0,0.0011363056236701752,0.0011356605170806944,0.017783188764444836,0.01457249490459071,-0.030518769975729,-0.041627490075074935,0.03311009737483397,-0.016741029376504884,-0.22782069124583915,0.6176989041451268,4,10
2018-10-15,XLF,1,-0.004540146917151211,-0.004550484686026035,0.015466723793594405,0.014289915515642763,-0.021423775184642224,-0.04118073682177026,0.012102862646013342,-0.004916833036662717,-0.4040845917945669,-0.07121746350357538,0,10
2018-10-16,XLF,1,0.016723549345218025,0.01658525056168214,0.020601781561996883,0.015835816642038078,0.004883456579174217,-0.021794885185770996,0.017365081003995496,0.00981503326267719,-0.0858808901606396,-0.17657627091153894,1,10
2018-10-17,XLF,0,0.010093601636565364,0.010043001446804478,0.017899444783713445,0.015900073259626106,0.01647740182552071,-0.008549481764560052,0.023604385744066404,0.012364178235401691,0.05769171902636905,-0.12895766048177548,2,10
2018-10-18,XLF,1,-0.016654537683618797,-0.01679478383341948,0.012958582550303674,0.015980597416459946,-0.0017283885691935508,-0.01941261600111932,0.021585407725748403,-0.011164910124272951,0.02810923581986624,-0.09153426593409164,3,10
2018-10-19,XLF,0,0.0037640592761012392,0.003756992931526426,0.01300087713998255,0.016255667179647694,0.00022525877132006933,-0.010866495563205514,0.017325766391381055,0.004519805750724541,-0.09903434264313515,-0.19534030766351773,4,10
2018-10-22,XLF,0,-0.02137246936150039,-0.021604167845025835,0.016724190062882078,0.016475729735920583,-0.019607766903875556,-0.024444861717457633,0.024719094702357183,-0.022471923757490988,-0.2033368516714823,-0.36039114364582436,0,10
2018-10-23,XLF,0,-0.008046239934078936,-0.008078785620449391,0.013298291133166112,0.016425809482041316,-0.021172194667388178,-0.02430767846453563,0.024247197756474617,0.012514653838224013,0.5976966807512218,-0.026649437580592572,1,10
2018-10-24,XLF,1,-0.025105931797912318,-0.025426461884769935,0.011558701650147366,0.01559488388922752,-0.032727731714152664,-0.04168868239821455,0.02746618883341468,-0.02359770217987441,0.04645233312913155,0.022339070069086864,2,10
2018-10-25,XLF,0,0.015451308454677237,0.015333152542783335,0.016995546131571414,0.014922264663533847,-0.010654139854487044,-0.024028218710266835,0.0201104186359389,0.010646630280632952,-0.2612046624858364,-0.1506627090003766,3,10
2018-10-26,XLF,1,-0.014436017016543845,-0.014541230109790249,0.016018143270071217,0.015267991187266414,-0.014205423002474515,-0.03381274243737575,0.019747235625054427,-0.0023696471826833232,0.5917981098683864,0.38881357863372257,4,10
2018-10-29,XLF,1,0.00870944202902968,0.008671733626723022,0.01664539513280082,0.015820563748832023,-0.0007842621662368376,-0.0222938393774208,0.02815804572922482,-0.0035197557161531024,-0.15057640823908647,0.1577295918246735,0,10
2018-10-30,XLF,1,0.01726857161624551,0.017121164421381785,0.01904465044470242,0.015897149339670222,0.016231595044192693,-0.002232547094728199,0.019516002483275525,0.01170957171090879,-0.15546305570104368,-0.03093905978978928,1,10
2018-10-31,XLF,1,0.013888687104880448,0.013793123112471939,0.013036752268361923,0.016285878048172314,0.022011316334343833,0.01451505690751187,0.018341667871058568,0.004203309515891304,0.13372969483468755,0.08053995485244081,2,10
2018-11-01,XLF,0,0.004566228412313134,0.004555834819027105,0.01241208742694991,0.01562805098030583,0.020565898131416738,0.019816827777486612,0.011005727185160987,0.0018975042253019528,-0.3351901395910263,-0.2652573766407692,3,11
2018-11-02,XLF,1,-0.0007577595276332394,-0.000758046772501686,0.0071915597840194415,0.015555209426631241,0.011037673815450955,0.020186971301086043,0.023630876383060283,-0.01050265147217124,0.1714223389888141,-0.13871727316800442,4,11
2018-11-05,XLF,1,0.015921427765248408,0.01579601128907049,0.007875836182753325,0.014562729374617686,0.01684633450880768,0.033631675745661616,0.014722513892720026,0.011702509196711008,-0.196187539536272,-0.30773919463471877,0,11
2018-11-06,XLF,1,0.005223996925455943,0.005210399189313097,0.006952572583098792,0.014066179453235723,0.014307415835260295,0.03484056329912022,0.01082901075771666,0.005974602065335164,-0.1310756347754396,-0.36659395228963365,1,11
2018-11-07,XLF,1,0.012991794531316936,0.012908125067221388,0.006764213245863815,0.009796304010156026,0.01972957797177921,0.04009465042830196,0.01845699509721986,0.007382826202027436,0.17603884659945224,-0.21813975001919106,2,11
2018-11-08,XLF,0,0.0029314610888828696,0.00292717273554155,0.006982832539462589,0.009517621836367816,0.015358426044408402,0.03627147478235537,0.017692574901751856,0.008846357754919121,-0.22104556031924893,-0.36985216302198465,3,11
2018-11-09,XLF,0,-0.009134130338632196,-0.009176102287486554,0.00981741712255871,0.00828101949626632,0.000590283135216696,0.01962556731901377,0.014652001088236746,-0.006593348090017356,0.006871374125028584,-0.3012017093313851,4,11
2018-11-12,XLF,1,-0.019911703837573236,-0.020112613251186406,0.012962456379292301,0.011859326247176205,-0.017738558561529394,-0.004792727841456679,0.024020681129294206,-0.017738342635241135,0.00179166524977048,-0.24280965961253664,0,11
2018-11-13,XLF,0,0.0056433018630859255,0.005627438089851111,0.013018711687087162,0.010984190280728176,-0.01065973297686773,-0.0022025607669748926,0.01465061522739113,0.004132182552030957,0.4812741988522451,0.1453382737856599,1,11
2018-11-14,XLF,1,-0.013467739676482293,-0.013559252256371668,0.010855413876430938,0.011407193075771153,-0.017291389445066918,-0.015971245507624188,0.03340755756082824,-0.021158117428528765,0.49345895051030775,0.6815709855782914,2,11
2018-11-15,XLF,1,0.014789444538580776,0.014681147169954833,0.01426841123115288,0.012249034717195567,0.0017969853404322667,-0.002757691319974831,0.028636883723033756,0.02176401997712784,-0.09854978508586021,0.44223724601700076,3,11
2018-11-16,XLF,0,0.0011211835300246609,0.0011205554731716916,0.014157321300276516,0.012226255749261538,0.005404325457113002,-0.003162713642672066,0.0165289451610058,0.006386178472368559,-0.14340411498116978,0.2213892033103806,4,11
2018-11-19,XLF,0,-0.0003732818942497884,-0.00037335158127893564,0.010264661933970635,0.011145133975519653,0.0035225247107930624,-0.003460660400236071,0.013447840748860542,0.0003735610276740108,-0.18662838137417204,-0.016678005149688202,0,11
2018-11-20,XLF,1,-0.022031362453998726,-0.022277677410381003,0.01420555054409111,0.01291303953315985,-0.01459851655859512,-0.02268819034485592,0.017755924652305178,-0.010577967002651626,0.5846120018994889,0.4437950645551687,1,11
2018-11-21,XLF,0,0.0007634990285987353,0.0007632077114863023,0.013224221701045043,0.011787238783110719,-0.012657373274122086,-0.017984326275057194,0.017463970734870864,-0.004935499899853335,-0.5315205587295224,-0.31273770506866194,2,11
2018-11-23,XLF,1,-0.00801188402156161,-0.00804415162946892,0.009858210977695155,0.011581830093136177,-0.014927465756365499,-0.02082603079351253,0.011123859285517583,-0.002685066959863297,-0.5011662347278786,-0.6459196215947816,4,11
2018-11-26,XLF,1,0.0203844713941832,0.020179489014276353,0.015399991298946035,0.013948363965552107,0.007136916245442215,0.00135889496181818,0.01408446613770113,0.009897229705034021,1.0686202958069955,-0.2708609322535558,0,11
2018-11-27,XLF,1,0.0007539632668898122,0.0007536791793714137,0.015435293063087982,0.012470328602396726,0.009659360564400199,0.0022273290511318766,0.00793047915796607,0.0026434930526553564,-0.05968849165218226,-0.3144208037825059,1,11
2018-11-28,XLF,0,0.01920871685668546,0.019026558445072617,0.012557243777571607,0.01382216438589036,0.02228919675119645,0.020207939520905605,0.024784073158532906,0.016147214372026392,0.30103255374218585,-0.09695566298358804,2,11
2018-11-29,XLF,1,-0.008499413761973273,-0.008535739758692706,0.014211532932206141,0.013311681840691359,0.008874180053874747,0.009785515563142777,0.010796757592610793,-0.0011169279956734573,-0.28857211288580265,-0.2946466836402958,3,11
2018-11-30,XLF,1,0.005218155148144943,0.0052045877539486085,0.012346690163790985,0.01259985299376007,0.006794204601629383,0.014253076636164375,0.013831807074145736,0.008224273396429614,0.040561926159018435,-0.20355618878904436,4,11
2018-12-03,XLF,0,0.00630294900540207,0.006283168495837543,0.010038467884899463,0.012718086060470106,0.008546821932927884,0.01930423922283686,0.01900579454732539,-0.008040980109477347,0.4379313835968588,0.17655035573284827,0,12
2018-12-04,XLF,0,-0.04347842315456396,-0.04445193223243793,0.024022118926672307,0.019085830827405472,-0.03105429488031697,-0.022001528801623094,0.043703715006510414,-0.038518552426938656,0.6977501312512724,0.8464349970768295,1,12
2018-12-06,XLF,0,-0.013867207547906046,-0.013964255504461676,0.020196849820056678,0.018338367256841195,-0.03396225656199159,-0.03341517711074915,0.02679276310721682,0.008668291094477714,0.21428777499896312,1.1323855367666709,3,12
2018-12-07,XLF,0,-0.019140449289835493,-0.019325999177042252,0.02044441376250189,0.0190564238885684,-0.03999065434330973,-0.04796197364976407,0.035630376460122376,-0.016836346505937575,-0.3559888066488921,0.2951132096769473,4,12
2018-12-10,XLF,0,-0.013938890208809673,-0.014036948824173834,0.0178027137019075,0.019282002388506116,-0.037100401588953225,-0.05679790865238876,0.031187552159425973,-0.009996001507880721,0.1658035508415956,0.3543982805662709,0,12
2018-12-11,XLF,1,-0.009693180761993991,-0.009740465446066882,0.013532840678183104,0.017162807128010136,-0.026597961062002184,-0.05873337243765697,0.03151172787376654,-0.02193854183309368,-0.08715825865441473,0.1702991528572857,1,12
2018-12-12,XLF,0,0.005709663182592362,0.005693424836765715,0.009496481122359386,0.01750264680732481,-0.010830425236062036,-0.04644068562432635,0.01930810661510841,-0.008045082784759626,-0.060225418760196825,0.04727223471654307,2,12
2018-12-13,XLF,0,-0.007299165777731487,-0.007325935029939945,0.00931245768974072,0.014864059649768158,-0.009147565732000484,-0.043862053732204975,0.01582155387555838,-0.006896554925954249,-0.22497115237196086,-0.19403325023870477,3,12
2018-12-14,XLF,0,-0.009804140293555696,-0.009852517333557742,0.00749815858844071,0.014856430280167905,-0.011902943873441263,-0.04356078848579947,0.016089083883289463,0.0,-0.006185959552540532,-0.22064976606779274,4,12
2018-12-17,XLF,0,-0.00990066807569201,-0.009950005609669965,0.006744169603005145,0.013872473052525695,-0.015586371324217252,-0.04180126652024796,0.024066386494832233,-0.004149393356301188,0.5142912731789815,0.10811273748542849,0,12
2018-12-18,XLF,0,-0.0037499915123271332,-0.0037570403580908796,0.006493101897084804,0.01275757234361822,-0.014345649298824314,-0.032923337746773806,0.02651198864250502,-0.009527736041905415,-0.1021581254867544,-0.03213182968784645,1,12
2018-12-19,XLF,0,-0.01254732995065988,-0.012626712419453678,0.0033135970343598493,0.006753370580052846,-0.01821370509953124,-0.035893811541235165,0.04065378409645396,-0.010477786823338912,0.42366804632116595,0.3514114765541081,2,12
2018-12-20,XLF,0,-0.00889426978302521,-0.008934059912315995,0.0032254075620228107,0.006570380037288249,-0.018126775432592446,-0.03580688846333313,0.02053034899341671,0.0008554516031477943,-0.17253929237766152,0.15153434398409704,3,12
2018-12-21,XLF,0,-0.019995851568987755,-0.02019847423360943,0.005948177792809123,0.0067219605486033545,-0.027081452334340894,-0.04653029062986225,0.04003445215247951,-0.018940965793347843,0.10732323586274695,0.232980901860683,4,12
2018-12-24,XLF,1,-0.021061852638671108,-0.021286817853730433,0.0073526839848965225,0.007619584575097689,-0.034872148332172004,-0.05755692998359507,0.02089814664907507,-0.008003570787356746,-0.39450373537053707,-0.22990227908149852,0,12
2018-12-26,XLF,1,0.04527123640070663,0.04427640810216138,0.027704254291614504,0.0189878723436802,0.012691707264833596,-0.010510589541402382,0.05721951893719162,0.04246753777159787,0.5070303974623951,0.14117803373568938,2,12
2018-12-27,XLF,0,0.012006960224779872,0.011935448534092785,0.027863331562218544,0.01945277827792616,0.02363921198892882,0.005239618526693635,0.03881383711958252,0.02921936621791986,-0.09366662505144108,0.022145637058356593,3,12
2018-12-28,XLF,1,-0.0004239872944770129,-0.00042407720250414727,0.027328380422345144,0.019428894262467505,0.020240338125407042,0.007983344195016562,0.01729227596978747,-0.005061110776817837,-0.22097444007958778,-0.21122136794954272,4,12
2018-12-31,XLF,1,0.00974981375425954,0.009702591013989625,0.02407111521789363,0.019640782343984947,0.021090363560846148,0.01898569482726331,0.016863390814057546,0.004215867806261942,-0.2608175154947583,-0.4106273059493585,0,12
2019-01-02,XLF,0,0.008396468863393292,0.008361414603355932,0.01756684735106445,0.019566906854487892,0.01478664819731823,0.026800499061525374,0.028547085466368697,0.02343422072859745,0.11534604166888163,-0.3153053431419419,2,1
2019-01-03,XLF,1,-0.022481225251695935,-0.022737780403430552,0.014184543673171152,0.020909370246147464,-0.00936625168768157,0.004927517006685811,0.02013420885755418,-0.015100696646282679,0.044240209706887024,-0.26493339413997263,3,1
2019-01-04,XLF,1,0.033219897264391784,0.03268003995616109,0.02007922467115007,0.0230044193336858,0.017873807158830246,0.0347844134493267,0.020519254118032137,0.015912943110130136,-0.016602844680562945,-0.22076152916315506,4,1
2019-01-07,XLF,1,0.0012365458988841116,0.0012357820056654312,0.01996618834194732,0.02261385210439725,0.013181028076006074,0.031510187302282056,0.018587392811099526,0.003304495418423933,-0.2548237580138122,-0.3749881594597029,0,1
2019-01-08,XLF,1,0.0008231656250503594,0.0008228270100385515,0.01994887243807733,0.020999427471405187,0.009886855790277815,0.02573826424475123,0.021215770932645223,-0.00815996577200266,0.87088047833579,0.21404238728289893,1,1
2019-01-09,XLF,1,0.004936551974103143,0.004924407154031307,0.01982824795815049,0.018663537140033083,0.011426800262699821,0.021662929369662853,0.01313088567108498,0.002462021496765373,-0.3226732153577607,-0.1656517042756367,2,1
2019-01-10,XLF,1,0.00040931371912256154,0.0004092299731137672,0.014144075344525851,0.013809939915812313,0.0038610760539230515,0.01731615159823119,0.01276250974090527,0.006175364877585757,-0.20326326119687865,-0.276386977658845,3,1
2019-01-11,XLF,1,0.0024546984030668906,0.002451690552180974,0.0018251210719187894,0.01358358443333051,0.004345164919122402,0.01600716393013779,0.015213772061169424,0.007401328430694385,-0.07544442273881613,-0.2736505097350954,4,1
2019-01-14,XLF,1,0.006938901081310123,0.006914937696376633,0.002781612919074074,0.013526682512403378,0.008173251758227584,0.018495564350740734,0.02143447868333508,0.01690024087155611,0.1256405465997652,-0.14692130058826502,0,1
2019-01-15,XLF,1,0.008917921060275003,0.008878391244280248,0.0034024221848406393,0.013493794295438828,0.012364879992867284,0.02305905314171497,0.017501030139058682,0.01302400076511308,0.1688559313661564,-0.007426453180257253,1,1
2019-01-16,XLF,1,0.02129349126962987,0.02106995259583533,0.008170897550075776,0.014488804326993515,0.025661673255250372,0.038865450810348534,0.018268430456615317,0.009531364901089053,0.23371734298006142,0.20427339638317332,2,1
2019-01-17,XLF,1,0.005507563235168655,0.005492452067192399,0.007252936409211237,0.010607404242013525,0.02207299687893749,0.03578233877629966,0.01895732812091807,0.009478664060459035,-0.2358253496733459,-0.06434998165484229,3,1
2019-01-18,XLF,0,0.017214367748625836,0.017067879268104047,0.0069068989911984105,0.007104497671507431,0.027343124460199597,0.04623557371378517,0.019425019597748023,0.01010101908289727,0.04713714760100629,-0.009884002543775638,4,1
2019-01-22,XLF,1,-0.011538514633729124,-0.011605599835366132,0.012747948344002032,0.00911482598339951,0.007290050915224056,0.028329028018976077,0.013188523798760668,-0.0031031777182029346,0.36389430173184345,0.2819824868674039,1,1
2019-01-23,XLF,1,0.0011672609986908,0.0011665802792379942,0.013116728650958323,0.009095015552723988,0.0018689435883161298,0.023712798652618217,0.015116255859737422,-0.002713166546286843,-0.4466910310765495,-0.23389536705906522,2,1
2019-01-24,XLF,1,0.0023319702954480714,0.0023292554724907433,0.010289431289632093,0.009157348249234282,0.0013200704513420813,0.02057773994164358,0.011700512930990874,0.005850293660282454,-0.42147168270103463,-0.5276022230963158,3,1
2019-01-25,XLF,0,0.008142737295101288,0.008109764083637394,0.010518972639680742,0.009007838063192705,0.006036258878834966,0.02257535300425073,0.01039662937629845,0.0011552055232469964,1.4763794814271538,0.1392110900052541,4,1
2019-01-28,XLF,0,-0.003076948459051043,-0.0030816919978762236,0.0073133670804711075,0.009426446583261852,0.0035620467842649717,0.013767203011928464,0.00932045353269114,0.006601944710444478,0.05946943300601837,0.16101402955517963,0,1
2019-01-29,XLF,1,-0.003472314280073996,-0.003478356754939682,0.004728694377390436,0.009839079463376938,-0.0009283481294989349,0.0056843792585830055,0.007333096687632533,-0.0030876080346270277,-0.5598752670233456,-0.4695193582795203,1,1
2019-01-30,XLF,0,0.005807270700544764,0.005790473503257232,0.005197260744407766,0.009737762221645,0.0029339088163173876,0.00725002343583836,0.015824000379261297,0.0027016478285008683,1.1084365585335285,0.11263042222450448,2,1
2019-01-31,XLF,1,-0.0015397428971377636,-0.001540929519451062,0.00540956745922562,0.0078054497200709585,0.0002312782743301156,0.003675664942796919,0.01009317649734826,0.00698758942455159,0.03132732357337997,0.16621679174391768,3,1
2019-02-01,XLF,1,0.004240527448347464,0.004231561749086676,0.004325346196451746,0.0077532759973847,0.0040856517708180995,0.006024459668846349,0.008468026067392106,0.0026943685934412167,-0.32959552650281543,-0.1994219911944496,4,2
2019-02-04,XLF,0,0.0042227053206658205,0.004213814720023468,0.0040872275246802555,0.005732219902856012,0.006463530815569607,0.009648750622538449,0.009593246551164482,0.0038373132585983478,-0.29258416180688396,-0.40240557220761275,0,2
2019-02-05,XLF,0,-0.0026757169587899865,-0.0026793030878176083,0.003835596279368332,0.0040927018641613005,0.0017663447180253922,0.005433820710256221,0.009156801964954851,-0.004578364596580832,0.2876047756278304,-0.16378462698752716,1,2
2019-02-06,XLF,0,-0.001149980182156396,-0.0011506419167357507,0.0033446514450987874,0.00417924860634009,0.0,0.0030020486068307317,0.008842808441407255,0.0019223082130167414,0.31840214452524496,0.08512825565529747,2,2
2019-02-07,XLF,0,-0.00997701758726488,-0.010027121564636587,0.005876523107806853,0.005454181480775114,-0.008912149022055615,-0.007043127442279307,0.01770589270892112,-0.006928418335156254,0.5597852658373235,0.5172105987735225,3,2
2019-02-08,XLF,1,-0.00503886562623479,-0.005051603517331582,0.005208212293418864,0.004839860950457097,-0.01101877714095112,-0.01079012156138015,0.01714733190468014,0.0003897205355145196,-0.316989590239279,0.052617151392490014,4,2
2019-02-11,XLF,1,0.0031166753984619433,0.0031118286336093703,0.004839217415119564,0.004976730297393368,-0.00479240277417603,-0.007056588964062693,0.006990229041831007,0.0,-0.03269648577427875,0.04582469125787525,0,2
2019-02-12,XLF,1,0.014757191675716319,0.014649363852151875,0.009396254806241129,0.006822942672225452,0.00958194470206819,0.006432202121470665,0.011565120697151352,0.007324542127881914,-0.2907690193295015,-0.2700953241598829,1,2
2019-02-13,XLF,0,0.0026792078295718724,0.002675625150010408,0.00940033875267506,0.006656720201297404,0.011192830911978868,0.0082742522864927,0.009142848423549108,-0.0019047328404017856,0.14064553121341716,-0.13542991685804617,2,2
2019-02-14,XLF,1,-0.012214006487829554,-0.012289210453596766,0.010087868703059055,0.007836232729251883,-0.0017743165393268034,-0.0038107957255366642,0.013461553133451022,-0.004615416893592248,0.10846039991063439,-0.008973937504941576,3,2
2019-02-15,XLF,1,0.021251877359384164,0.02102920548598819,0.012848793306132806,0.010351160345398222,0.013497861751045281,0.015874156172187348,0.021080917638654155,0.013031818727458525,-0.015731648684340405,-0.032536792588136576,4,2
2019-02-19,XLF,1,0.0015133616518661075,0.0015122176741444449,0.012955750274543891,0.010307260388420758,0.009457569320520776,0.016200722324364314,0.012547525980192292,0.006463881415418079,-0.4908725960307845,-0.5007470502340297,1,2
2019-02-20,XLF,0,0.006422729555469742,0.006402191720398243,0.011982223304952161,0.010326105095319242,0.012004429200819677,0.020572567968124345,0.009448224060850623,0.006802732857289085,0.15253704704566307,-0.4103017291736558,2,2
2019-02-21,XLF,0,-0.00525533907370479,-0.005269196941279475,0.01269369260663705,0.010550438705662453,0.004396715273562446,0.013500711602556725,0.010154210463116296,-0.0033847368210387654,0.694708296527331,0.010025313515822809,3,2
2019-02-22,XLF,1,-0.0015096941275458686,-0.0015108348639785163,0.010301992147006113,0.00982147555549697,-0.0015095621874889886,0.00942266910108791,0.008301860881301592,-0.001509468510465802,-0.4349258578418229,-0.35355992693357574,4,2
2019-02-25,XLF,0,0.0041574397899510895,0.0041488215155283115,0.004610998032557502,0.009453264029568196,0.0015832913518107894,0.010150994912524913,0.01053419037248194,-0.0003762313359872126,0.2844019632777477,-0.12443031908341795,0,2
2019-02-26,XLF,1,-0.0030109394280928292,-0.0030154814256238005,0.004933810278480125,0.009676257952679356,-0.0015830030928397631,0.004284068885122672,0.012509474382275336,0.004169848895035594,0.05390132965282435,-0.033582085507295134,1,2
2019-02-27,XLF,0,0.0037749993948203997,0.0037678919660155685,0.0041778799738537604,0.008758007454308407,0.0025639222501478987,0.006320264446238788,0.00869892350947813,0.005673207847974795,0.19301059739706172,0.13792480865137846,2,2
2019-02-28,XLF,1,-0.002632446426962032,-0.002635917406841326,0.0035244911928525038,0.008857979641081532,-0.0002260671607581255,0.0024571449031169923,0.005263134873710935,-0.0030075158856683617,-0.06361888374891878,0.07453810875854883,3,2
2019-03-01,XLF,0,0.006410123100771603,0.006389665638382613,0.004286169633884311,0.007578062822238711,0.004440723154867099,0.005803439678166766,0.012336445746020736,-0.0022429706894348716,1.0749449617053966,1.0371334284651006,4,3
2019-03-04,XLF,0,-0.006369295134891706,-0.006389665638382613,0.005273418140393134,0.00473053768522284,-0.0015811327550859788,-0.000941687259161883,0.023916341237782295,-0.00896860123562833,-0.07313812573118161,0.7592352969947698,0,3
2019-03-05,XLF,0,-0.003770893659049257,-0.0037780214028280135,0.005378628725596602,0.004878967247514436,-0.004821528238834638,-0.004521539114554551,0.013549138670923278,-0.005645450517618676,-0.47960956457156134,-0.11695411508583142,1,3
2019-03-06,XLF,0,-0.006434634999848421,-0.006455426502114836,0.005278686971214515,0.004634113053325206,-0.008685959317657588,-0.009471487386641941,0.010598057753101445,-0.006434522172711212,0.08254218284794113,-0.07609106343644234,2,3
2019-03-07,XLF,0,-0.01028557183567369,-0.01033883386472123,0.006313319727742077,0.0053144447076452,-0.014864240660067085,-0.01773223559671655,0.012237082198558132,-0.006500959035329421,0.45096608115591463,0.29615911382283944,3,3
2019-03-08,XLF,1,-0.0003850620846271857,-0.0003851362400686398,0.003663002684624169,0.0053370510747533595,-0.009836926822132885,-0.016288026384497223,0.012066931082053187,0.010899134818065747,-0.10851919689694212,0.08904358913234911,4,3
2019-03-11,XLF,1,0.010396888922373337,0.010343212993953799,0.007869207256042367,0.006380688437370586,0.002598360365253294,-0.004816511141898516,0.013026825579254829,0.005363961210814126,0.13465134774945198,0.16842720385032117,0,3
2019-03-12,XLF,1,0.0022865623530499146,0.0022839521475273017,0.008011849985786844,0.006436130791641065,0.005813179370047328,-0.0018216855638412133,0.0057077478923544134,0.0007609798284823318,-0.4865913629654187,-0.39662619325565185,1,3
2019-03-13,XLF,1,0.006844120955354249,0.0068208062780574785,0.007912298146853097,0.006739320226204821,0.010918608605892555,0.00542971225486677,0.009848493660558262,0.0030303001841675177,0.3166067568440183,-0.2059992282054739,2,3
2019-03-14,XLF,1,0.003776341970903152,0.0037692294920406155,0.004168930718050641,0.00680718619075313,0.01010866687140033,0.008996703375473647,0.009455370459541883,0.005294984372942919,-0.12031996263210132,-0.2987111158692404,3,3
2019-03-15,XLF,1,0.006995655648603716,0.006971299574789036,0.0031524922015236383,0.006868334770940392,0.01105851555035331,0.015762458754963404,0.010585964885460293,0.0068052322357341506,0.8589963813230606,0.3351063464666981,4,3
2019-03-18,XLF,0,0.01013889861003281,0.010087844773965848,0.0030646484496005544,0.007066823317414261,0.015194413935289086,0.024050739108530506,0.011244349086545872,0.008245851230811773,-0.3718873356907415,-0.10576417111473124,0,3
2019-03-19,XLF,0,-0.007806668098869984,-0.007837299656689112,0.00696771041780283,0.007530275318066171,0.0033041678020957477,0.014495314552167793,0.0177449003983221,-0.013308640042758457,0.023842276271182516,-0.09395161549952358,1,3
2019-03-20,XLF,0,-0.02060692231839112,-0.020822207656389313,0.012652356024539464,0.010096809492184375,-0.015850270982548542,-0.006498410176525415,0.019902320540727266,-0.01840029239805873,0.46260990066467844,0.26730705212945494,2,3
2019-03-21,XLF,0,-0.003060585124699977,-0.003065278293694629,0.012304145752714706,0.009509687038643355,-0.01600974887799156,-0.010336338397960443,0.015023089499325374,0.0038520949536373196,0.5929793821163887,0.8668686908229668,3,3
2019-03-22,XLF,0,-0.027628576241344516,-0.028017424303683924,0.014845876550251312,0.013121746383791908,-0.03378334980352016,-0.03585556903108322,0.025631062035421724,-0.015922324171344055,0.16148258432374685,0.9403543104910204,4,3
2019-03-25,XLF,1,-0.004340713018074593,-0.004350161264157215,0.010864182723241703,0.012399083733920822,-0.02556760919251322,-0.03682769516198969,0.01777956430006973,-0.0031608030578469237,-0.4022808907898592,0.14251814037508348,0,3
2019-03-26,XLF,0,0.011890421088370351,0.011820285445673484,0.015611097664441258,0.013227594181538673,-0.005066285902795675,-0.02300145652990071,0.012190305238780844,0.0039323783039583145,-0.2974383405916887,-0.2201261599845158,1,3
2019-03-27,XLF,1,-0.0043084934533347274,-0.004317801757386608,0.014149332751782793,0.012827592790297083,-0.003762229036434306,-0.02375318348479427,0.011778608264503656,-0.001963063934372827,0.42946952893700585,0.06555077368424733,2,3
2019-03-28,XLF,1,0.008654530764850232,0.008617294997964375,0.015552505855279921,0.013221547512478631,0.008178690933412724,-0.012250525200281581,0.011778533378414759,0.006674522217392069,-0.2878926451951589,-0.2568281702004779,3,3
2019-03-29,XLF,1,0.002730044252924335,0.0027263244507245155,0.007388476143566944,0.012928533423411603,0.007998052199782446,-0.006031109588244377,0.010440778965293631,-0.005800522905589638,-0.03561000051834062,-0.2624727066862893,4,3
2019-04-01,XLF,0,0.024503926092538153,0.02420852089302583,0.01077968033810079,0.015202287697268141,0.023787152811155066,0.0205345084395836,0.01736114049440213,0.016203706599448326,0.24387471533451177,-0.10687286510264515,0,4
2019-04-02,XLF,1,-0.0007592126871847071,-0.000759501035091148,0.011313174593798173,0.015065794412816457,0.01676575812811909,0.021223693425006962,0.00875521652944454,0.0019032826870686412,-0.34380726346836776,-0.41054366401000353,1,4
2019-04-03,XLF,1,0.003039571764619442,0.0030349616059397455,0.010015481280766412,0.013468524895237734,0.01219234252465462,0.023295476244984847,0.012452827309662441,-0.0037735993007443984,0.2689720601720875,-0.23682340387302125,2,4
2019-04-04,XLF,1,0.0060605565732088085,0.006042265266680946,0.010016571010555824,0.013466405581817007,0.01119317783899243,0.027505847699174968,0.010227290214586116,0.006060600368335035,0.045127030283927505,-0.13852792387208324,3,4
2019-04-05,XLF,1,0.0015061758374208534,0.0015050426922620375,0.010164376816004876,0.008631499193064213,0.005899391970317858,0.024061681550864966,0.006764385608685754,-0.00037580716469227536,-0.31795604545145273,-0.32129621428775335,4,4
2019-04-08,XLF,0,0.0011277692949276386,0.0011271338408551657,0.0025493460822493944,0.008140426471727875,0.004829866841594033,0.01972051022212029,0.006407842890841642,0.0037692601407066794,-0.0563728133560536,-0.3119130774657136,0,4
2019-04-09,XLF,1,-0.008261373247659298,-0.008295687510937455,0.005370012343914973,0.008832337280224723,-0.004147803615245804,0.007899881419261456,0.008298729213695353,-0.0037721758055957767,0.8845305446025487,0.26009603544748505,1,4
2019-04-10,XLF,1,0.0030292956685573635,0.0030247165976762247,0.005368892325966035,0.008412907746634495,-0.0018086137630430876,0.006841664311836526,0.009466111376161074,0.0030291527515436093,-0.26870068592429963,-0.032434595698456636,2,4
2019-04-11,XLF,1,0.0060398825083838314,0.006021715532260163,0.005363730078924317,0.008297650424967027,0.0035396523152173565,0.009049288787174259,0.009025940945502624,0.002256467303425093,0.28968521355843646,0.22303637827873235,3,4
2019-04-12,XLF,0,0.01838654484193425,0.01821955611754822,0.009626088133804661,0.009449194643066084,0.017851801263529143,0.022068311728839163,0.01590237761156508,0.00369816829642454,0.3604629852905714,0.5585067082329351,4,4
2019-04-15,XLF,1,-0.006263805596660066,-0.006283505534407929,0.010697752078672228,0.007334444837644575,0.008903203255604897,0.013262259570809842,0.009208103260133061,-0.00662984558765623,-0.526981741181364,-0.23099724425823098,0,4
2019-04-16,XLF,1,0.014089612730425083,0.013991276737901348,0.009650349963224817,0.008090085249505443,0.015973162744137515,0.023577780829352246,0.013688454401984828,0.011838686152247061,0.40127003477357204,0.04722103724419635,1,4
2019-04-17,XLF,0,0.0025596727542256392,0.002556402371472366,0.009701492241926636,0.008097014780837769,0.011584304380787502,0.02229530416979486,0.009471705439230068,-0.0010929211588952693,0.04885779788709543,0.0846104553542526,2,4
2019-04-18,XLF,0,-0.002917712672721562,-0.0029219774940441035,0.010691040175417946,0.008316677054692,0.0035237144357473937,0.016356895937972737,0.00548050863279066,-0.0010961156640705494,-0.10773192371757823,-0.028865229491468525,3,4
2019-04-22,XLF,1,-0.0029264099176815606,-0.0029307002273659677,0.00801960892252279,0.008516689786788658,-0.0002936213340454241,0.01090236681911172,0.006236246326727138,0.0,-0.25090816962151186,-0.2755266852703513,0,4
2019-04-23,XLF,0,0.006236473336472592,0.006217107013299028,0.007123134147646021,0.008579134029582108,0.0025584823944311275,0.014198012655654235,0.011743108066943807,0.006605515786267202,0.3795687631757625,-0.03477460999772264,1,4
2019-04-24,XLF,1,-0.0010938825057466017,-0.0010944812318784969,0.003969524148981214,0.007797847279926757,0.0010959304809854409,0.009393801698234228,0.008778338324019603,0.0021945671399970167,-0.27179757531294757,-0.26241004454083505,2,4
2019-04-25,XLF,1,0.0018249220748578487,0.0018232589276703237,0.0038808839289211717,0.007818869372711014,0.0027030994922565554,0.007672191840797593,0.013201272349096693,0.006600671146103182,0.1272516023207071,-0.16276616945354183,3,4
2019-04-26,XLF,1,0.009107671707843101,0.009066446984313803,0.0050088926654619365,0.007983959272819802,0.009181191789050303,0.012945345149537824,0.011293240704055517,0.009107467870730544,-0.06746563730146438,-0.18767210026037673,4,4
2019-04-29,XLF,1,0.010108219022050502,0.010057472659864342,0.004781008516519815,0.006629282647551083,0.014062105396218216,0.02005108082062046,0.014388475881575876,0.006474831299125378,0.48438038041894727,0.26256844787311073,0,4
2019-04-30,XLF,0,0.0014294251303179628,0.0014284044747343572,0.005007650076790259,0.005822765442265935,0.011187213524672446,0.017613837238251717,0.009992818512581218,0.0,-0.37056642095154047,-0.20328973089470692,1,4
2019-05-01,XLF,1,-0.008208317360606343,-0.008242191089113948,0.007368774842469613,0.005731096786442402,7.196508790552336e-05,0.007650745302719475,0.013190693117592365,-0.009269102624063002,0.7517776924405224,0.36243504231958434,2,5
2019-05-02,XLF,1,0.0010798687609214763,0.0010792861220623173,0.007402203764154999,0.005723007655486264,-0.001507174729718841,0.007277929306588993,0.011883324388415573,0.0018004766379673778,-0.25006216023363426,0.03809935778766471,3,5
2019-05-03,XLF,0,0.008985990155007118,0.008945856394012797,0.007376038189152703,0.005944052604134859,0.004796615182483643,0.01365014204819781,0.008231977279477836,0.00465279736155117,-0.32122951607618955,-0.2687148374867847,4,5
2019-05-06,XLF,0,-0.006768698124224204,-0.006791709658910516,0.006977188711026612,0.006447728651526751,-0.001289556792696489,0.004539942961350629,0.016316129689472162,0.010877419792981442,0.22885409651751942,-0.10738110608995055,0,5
2019-05-07,XLF,0,-0.016499146047843194,-0.016636772874643935,0.009690813852251371,0.008557151267392699,-0.01352702933562877,-0.011998529414337766,0.023895721482911723,-0.0072411570189150004,0.41333584213373475,0.24628856101112073,1,5
2019-05-08,XLF,0,-0.0021881653882979135,-0.0021905629202843002,0.009452089062827478,0.008579613136056924,-0.012630752784630772,-0.01401837177129539,0.012815832600297311,0.00183087313756761,-0.2635445026526523,-0.0911159625965533,2,5
2019-05-09,XLF,1,-0.0021932027110461716,-0.0021956113024423907,0.009202175661438165,0.008572867049987545,-0.011084636187924102,-0.015648736681765252,0.017018164266956827,0.009988847338373729,0.27599866227386327,0.13198541424857124,3,5
2019-05-10,XLF,0,0.006593511946597852,0.006571869826333732,0.008402993470476476,0.008291570749014985,-0.0002910495060459706,-0.008371794368618457,0.022836126996121163,0.012154693493285535,0.123703033383332,0.2184603260526219,4,5
2019-05-13,XLF,1,-0.029112235490533322,-0.02954440490043586,0.014107780785956653,0.011304784113117168,-0.02084571305095806,-0.0327026031388431,0.014853309097564174,-0.009283327039248177,-0.13381589066656585,0.06912629744323939,0,5
2019-05-14,XLF,0,0.007870877809235122,0.007840064032529792,0.014917467802915118,0.011861880277497162,-0.009284748271689902,-0.02107859582502203,0.015332900458869281,0.0056095594545325245,-0.04665180805094382,-0.007015723931329654,1,5
2019-05-15,XLF,1,-0.003718420050446425,-0.003725350559979912,0.014891657138883348,0.011771368015844167,-0.008805489791875454,-0.02115520592108522,0.015026281214114064,0.006386178472368559,-0.06367942532596416,-0.03569590133855949,2,5
2019-05-16,XLF,0,0.010078262036438579,0.010027815015983155,0.016237358041358438,0.01249040452990774,0.0029652156740229696,-0.008536968768838915,0.013020776973532912,0.006696440133767019,-0.08538432219022174,-0.10732914509885061,3,5
2019-05-17,XLF,1,-0.0066522319054785894,-0.006674456617600022,0.01562356167994569,0.011826743555967396,0.0007443847928503278,-0.0108194688065536,0.014557647492367046,0.0033593968706098587,0.39754549546939555,0.1814734473443953,4,5
2019-05-20,XLF,1,0.0011164270963062162,0.0011158043550292263,0.007206369063149674,0.011903430921988712,0.0001487778077895463,-0.0061675492730531856,0.009335324629945529,0.0048543374695068165,-0.2926767817704886,-0.16720378032892946,0,5
2019-05-21,XLF,0,0.010404967585115443,0.010351208496052422,0.007809319000253921,0.011669624457706635,0.00830673675554694,0.005026965866576472,0.006291638542333892,0.006291638542333892,-0.16921453740421533,-0.27656036663352257,1,5
2019-05-22,XLF,0,-0.0058844680634670965,-0.0059018497672584935,0.008269414161406531,0.011777225948602353,0.0005923451098304167,0.0003331239211237236,0.005914966799440699,-0.0007393179659554124,-0.29805651888395013,-0.4731702270181011,2,5
2019-05-23,XLF,1,-0.014058498601939973,-0.014158255350441351,0.009227491314328725,0.01247129271047061,-0.010470786309569657,-0.011351828306928935,0.013447911998341312,-0.004482661082607361,1.0037769255748503,0.0657103292866843,3,5
2019-05-24,XLF,0,0.007880064511210927,0.00784917895023396,0.010047572814759995,0.012579811916537278,-0.00252516696698446,-0.0012640825818385215,0.007476664035119743,0.0041121723495911216,-0.40998863656094875,-0.32564186074511037,4,5
2019-05-28,XLF,0,-0.011541188489405996,-0.01160830490717002,0.011191322266875421,0.00916905839592596,-0.01139391809141388,-0.012313286758150022,0.011575853821602226,-0.008588552788934643,0.1502746713753189,-0.18891774308869158,1,5
2019-05-29,XLF,0,-0.0018835102312430019,-0.0018852862671101533,0.008677367787809769,0.008691883908050578,-0.008159380445701303,-0.012741275244071537,0.01252847083501753,0.00607440571318256,0.12857293114672075,-0.057027143669125535,2,5
2019-05-30,XLF,0,-0.003396239592940997,-0.0034020199058901746,0.008692290540400457,0.008683034522814168,-0.0069189438698122885,-0.014699339881672713,0.0161896990389074,-0.005647576112439928,0.02369233714351915,-0.01498516219787549,3,5
2019-05-31,XLF,1,-0.01514573631292948,-0.01526160440420865,0.008996344725833338,0.008643856682539967,-0.017229707565969643,-0.025806205263240733,0.008055274042177353,-0.002301475513798903,0.21205082527090746,0.1813284717255974,4,5
2019-06-03,XLF,1,0.006535768243471463,0.006514502717613446,0.008530012910487708,0.009170045296722166,-0.005697099975304543,-0.01686150041573342,0.014247241009480265,0.008086291774112629,0.28563395264234903,0.5165091312435464,0,6
2019-06-04,XLF,1,0.027119844847429908,0.026758618244746568,0.015713611789329514,0.013159296180978296,0.01863760735640385,0.009876943467288957,0.018490557400685437,0.014716958099941039,-0.2822532382325401,0.08561742723783317,1,6
2019-06-05,XLF,1,0.006322366774362154,0.006302464456003243,0.015549934818148188,0.012860668754679333,0.02074702265745798,0.016758155669603703,0.013734255081607829,0.004454303248177842,0.025196680629377965,0.08764820469204193,2,6
2019-06-06,XLF,0,0.0036953804043449168,0.0036885692608654708,0.014987150094176276,0.012763600443513982,0.01875471548448293,0.020017229679302195,0.012929456424657685,0.0033247193794796624,-0.1996171649173707,-0.15208561712815427,3,6
2019-06-07,XLF,1,-0.0014725014935864644,-0.0014735866893431648,0.010929503344220194,0.011742401326963655,0.008853751321638681,0.016720590559998305,0.006259207557033306,-0.0014727175406270177,-0.11375530865256744,-0.21503028403228241,4,6
2019-06-10,XLF,1,0.00848055373901091,0.008444795865301113,0.010879276323010471,0.011778364036379708,0.008629544654381371,0.02346286785090479,0.009897307317415597,0.002565971153310344,0.12181589360697997,-0.132793368692263,0,6
2019-06-11,XLF,0,0.00036590637860167696,0.0003658394511880658,0.004103529324355447,0.010835938493826872,0.005512817469867759,0.02074339206180631,0.011999997225674715,-0.005090886896306818,-0.07572529624016355,-0.196764126596352,1,6
2019-06-12,XLF,1,-0.009868616349968828,-0.009917633901187717,0.0068003495838885545,0.011513892912955558,-0.004629679263025044,0.008450300399591937,0.012806384013836198,-0.00878155037644139,0.07564466904363143,-0.1302255241744268,2,6
2019-06-13,XLF,1,0.0033220308194115145,0.0033165250651827627,0.0067548225000292035,0.011341661496925308,-0.0014697515653326887,0.008908491645023275,0.007369225034534677,0.0014738731181622884,-0.158574296099387,-0.25115115593582205,3,6
2019-06-14,XLF,0,0.002207648058103695,0.0022052147836806313,0.006732186021183475,0.009435066076244903,-0.0001468680688038182,0.00654025334062025,0.012127891760730291,0.001102561104554673,-0.04177627337201806,-0.24692051470899345,4,6
2019-06-17,XLF,1,-0.00917740521397481,-0.009219777038716348,0.006384963709736253,0.010353688256012522,-0.006697896055115393,-0.005673246219155437,0.012853484662269002,-0.008813800042335715,0.37873308190996524,0.1006115164910717,0,6
2019-06-18,XLF,0,0.013337999632440312,0.013249831639852605,0.009687876789884515,0.007254472184874497,0.006624915707137413,0.005884427786556401,0.01968060799446083,0.01559599225898352,0.1282477990122397,0.23915676857767676,1,6
2019-06-19,XLF,1,-0.0018280988393061248,-0.0018297718512543248,0.008200850372047958,0.007137010727582615,0.003233888924390138,0.0031601121207507354,0.011678821141581586,-0.003649649009560481,0.256958652519389,0.5109261602870938,2,6
2019-06-20,XLF,0,0.0043958075642378525,0.004386174222726691,0.00827187305478456,0.007170781355681323,0.005869548856511475,0.006608082731153209,0.014936241749240848,-0.0010929211588952693,-0.12964374510697974,0.2711381838011162,3,6
2019-06-21,XLF,0,-0.0022361295289087257,-0.002238633399893608,0.008452165708829777,0.0072037471632832905,0.0027470837045775465,0.0034778993631285893,0.0109889833496145,-0.002930400217647349,0.29136798737935865,0.5183870146684688,4,6
2019-06-24,XLF,0,-0.004041280481913323,-0.004049468523440236,0.007130194616849164,0.006817598327862115,-0.0031913826217019325,-0.00020386124185689525,0.010305509232950308,-0.0022082983354399345,-0.2593983984029956,0.09574774821298693,0,6
2019-06-25,XLF,0,-0.003319613818498879,-0.0033251359607575637,0.0033591246794457824,0.006873849665666948,-0.0051004275297370505,-0.002782459487455813,0.009590565216828457,-0.0033198137425908196,-0.013008032609998832,0.04946371269066763,1,6
2019-06-26,XLF,1,-0.0018505060508661186,-0.0018522203523980707,0.003359843685700806,0.006113849645251601,-0.005538292592399352,-0.004691472388295814,0.009231905491297581,-0.004062060955002701,-0.3413824518047688,-0.3004746842482239,2,6
2019-06-27,XLF,1,0.008898735852888029,0.008859375435958938,0.0053306815073818304,0.006671249541190314,0.00383679289516925,0.00354410229517077,0.008127123132003183,0.005171754385915467,0.8907339099465785,0.24392418605955046,3,6
2019-06-28,XLF,1,0.014332920964913454,0.014231175705314403,0.008307869181840045,0.007964627481920401,0.015377792813815017,0.016061289581359883,0.016709080288705925,0.002542669563323869,0.2904197457778197,0.46147147326753335,4,6
2019-07-01,XLF,0,0.011956448621179838,0.011885534979934942,0.008090196286456342,0.007503612014783163,0.021355850193760517,0.024149881835966447,0.009670435160359722,0.00035817438590649714,-0.3617579478704672,-0.08120953411784304,0,7
2019-07-02,XLF,1,-0.002506067181743621,-0.002509212624329571,0.007860738777653866,0.006957363061128159,0.012575507722248691,0.019159222051062796,0.009680905832643524,-0.001075610611451259,0.15633097888346392,0.042112521754845034,1,7
2019-07-03,XLF,1,0.00789665445645693,0.00786563905227844,0.006459261773810698,0.006983377824913355,0.012402758891665533,0.023767693003950763,0.007871173787093495,0.004651132637497995,-0.581350173416121,-0.5342228369677763,2,7
2019-07-05,XLF,0,0.002848886792432559,0.0028448364053605957,0.006831814519064359,0.006974832068237921,0.008379277362421833,0.023404558573800083,0.008519693662341605,-0.0003549956994942107,0.7160941164560379,-0.18482552527960383,4,7
2019-07-08,XLF,1,-0.004971735156725998,-0.0049841353493498275,0.007036926125451864,0.007259484398215998,0.0003568809701492981,0.015364408354405779,0.006783242597516007,0.00035702352017564224,-0.3538668390560208,-0.42859558813459886,0,7
2019-07-09,XLF,0,0.0017845414224915146,0.0017829510202584942,0.004988770177231596,0.006861203807035472,0.0011412618611525982,0.01365010964522062,0.011139107946132307,0.008623779079270795,-0.014870638003248837,-0.40816999565997125,1,7
2019-07-10,XLF,1,-0.003562570657136832,-0.0035689317243083885,0.005193137521433226,0.0068884391257498815,-0.003207471662104111,0.006585739074836949,0.010683733542580166,-0.003917400664189333,0.41207068327682483,-0.14237748224617464,2,7
2019-07-11,XLF,1,0.005720492710895142,0.00570419282517598,0.0044936800404756635,0.006649039208193685,0.0021375578630249414,0.008135335363879781,0.007497357733141023,0.004284146051560243,0.11870909871549795,-0.06139378348190727,3,7
2019-07-12,XLF,0,0.006754369319053488,0.006731660763901193,0.005300585849781963,0.006515325338026181,0.007757514223186046,0.010923134304177129,0.007809702263353184,0.005324800075400193,-0.23950620301900627,-0.23653408428582823,4,7
2019-07-15,XLF,0,-0.005649717514124242,-0.005665737535677451,0.005501060647419697,0.006050502918726343,0.0010665069455415566,0.0032062903635636797,0.009530549187814864,-0.00600070867461218,-0.08883988698131462,-0.2106360197214986,0,7
2019-07-16,XLF,0,-0.002485906044399022,-0.0024890010391378503,0.0056792571193973514,0.005059592028774797,-0.0015640114278867578,0.00014232908041500458,0.00815312122299658,-0.0042537729804754025,0.6682259640656034,0.32303966430257525,1,7
2019-07-17,XLF,1,-0.008543851085675458,-0.00858055901563537,0.006817371497351006,0.005778365441180904,-0.00924934876766803,-0.008367422909785871,0.009646318684227903,-0.0050017645871114885,-0.25852600147607097,0.043986816847494836,2,7
2019-07-18,XLF,0,0.007540341456880428,0.007512055185344035,0.007287613852768043,0.005724970491470054,-0.0012813385731765825,-0.000819004230731113,0.011866232651683087,0.008989572269002141,0.3224860677759207,0.2933819671596156,3,7
2019-07-19,XLF,1,-0.004276685566755645,-0.0042858567439751916,0.006128751471139855,0.005766461343345352,-0.0028552196653496287,-0.0043121549167810524,0.00924280969209778,-0.006754306163434898,-0.3672929363508145,-0.1549272650129777,4,7
2019-07-22,XLF,1,0.002147720926078067,0.002145417870447641,0.0061770416597486085,0.00562776181364642,0.00042888485633651996,-0.0021025940022429968,0.007890936871478836,0.004304190919857217,-0.09050224108253657,-0.23228525994489135,0,7
2019-07-23,XLF,1,0.010356972805247944,0.010303706829559722,0.00789913120450156,0.006521404015137872,0.009347752035567147,0.007442709421649596,0.009618826530071421,0.007837592557711735,0.6979758875401469,0.23460779983197977,1,7
2019-07-24,XLF,0,0.010250958648651887,0.010198773898195235,0.006259146352212321,0.006943921467550496,0.014410414798178062,0.015563867840474144,0.01310665409965103,0.012398171701918497,-0.19717221834747367,-0.008302361696373217,2,7
2019-07-25,XLF,1,-0.006997920309561256,-0.007022520588262804,0.008029006576366612,0.007375056450319472,0.0050286458614638985,0.007561974307626507,0.010150539678860435,-0.006650351280614047,-0.060311979369992996,-0.05070292431735701,3,7
2019-07-26,XLF,0,0.010923181925780456,0.010863954882278204,0.007792212487309137,0.007844994709255043,0.010638244290034793,0.017231541009973483,0.011603372626905244,0.008790435840555583,-0.01572831213209913,-0.07216079736784775,4,7
2019-07-29,XLF,0,-0.007668130847988008,-0.007697682128996686,0.009779442684763287,0.008067244403486943,-0.00042129405182367297,0.00832300162543853,0.009776493898881751,-0.005935756980336727,0.0687309023030187,-0.028770779196222618,0,7
2019-07-30,XLF,0,-0.0028098614983153025,-0.002813816569674721,0.009183260854036075,0.00808398741850809,-0.003929435107503987,0.004422529056894664,0.0081415767163302,0.004955730607024336,-0.14543138525549926,-0.13114847737984692,1,7
2019-07-31,XLF,0,-0.004931304139668913,-0.004943503141109584,0.007630915631892164,0.007675945257928544,-0.006540910417642709,-0.0019430159036031291,0.01162380876367258,-0.004931292450097201,1.0987173770833265,0.6834141206986211,2,7
2019-08-01,XLF,0,-0.02265478959241174,-0.022915352185907345,0.012002530692269454,0.010452369565150266,-0.023760573356865766,-0.023000544867520678,0.030109826257630576,-0.021962413812906867,0.6744301810952558,1.428236059259266,3,8
2019-08-02,XLF,0,-0.0003623494019626694,-0.00036241506636969234,0.008790135275978416,0.010412796134540825,-0.01653369118162995,-0.022178142929886402,0.01850508848928227,0.0014514120574194997,-0.38841764350139796,0.37184970488250557,4,8
2019-08-05,XLF,1,-0.03333331501829628,-0.03390153272909169,0.014449451710560838,0.014426422709839416,-0.03703173673004123,-0.05033101328396905,0.02371253436177987,-0.011485715767738219,0.29516297072523634,0.583227850092982,0,8
2019-08-06,XLF,0,0.01611683528184127,0.01598833790097398,0.019368639388937705,0.015190152648166552,-0.012386277041062543,-0.030955184099623945,0.020111694618499376,0.009683434830089337,-0.37511619015549313,-0.025348062622823075,1,8
2019-08-07,XLF,1,-0.013279174479704614,-0.013368131108552728,0.019286301651692428,0.014519759991478611,-0.014733005273585675,-0.03752746125585704,0.02368425034136879,0.005639083322523829,0.5409224436336422,0.38567126007436947,2,8
2019-08-08,XLF,0,0.019065275026013184,0.018885810114396495,0.021696780082829204,0.016609236671301174,0.006646854546130676,-0.015209147793725397,0.014439144527664288,0.00925583109520579,-0.19065601678594757,0.06338389043571602,3,8
2019-08-09,XLF,0,-0.0033012682226389867,-0.0033067294311663886,0.021668972870615165,0.015788138134922254,0.0065201042982985236,-0.013040702706352492,0.01512356466917809,0.002213185709758814,-0.19309650549410984,-0.16866362353265596,4,8
2019-08-12,XLF,1,-0.0191388544100336,-0.019324373176149656,0.01715160322138753,0.016383505203026283,-0.01252404657528472,-0.02548726931767875,0.014152739765973654,-0.007448817880743188,0.05680079281999606,-0.14891501548608832,0,8
2019-08-13,XLF,0,0.01238266344201211,0.012306625324522535,0.016330161968506614,0.01743082163645529,0.0006675671374540837,-0.008307064072994752,0.02518797243178558,0.01428568253071602,0.271269370979774,0.018614093084562633,1,8
2019-08-14,XLF,1,-0.03706435578929412,-0.03776869785876569,0.022969228159539317,0.020174212300653523,-0.030886221386360657,-0.03702873285219699,0.021228255917607165,-0.015162988296268371,0.2741838382747983,0.24932406017394437,2,8
2019-08-15,XLF,1,0.0050040834855571426,0.004991604672492933,0.019840307043260383,0.01985926254151776,-0.01760832964521908,-0.02679907646728652,0.01378784381218424,0.0,-0.35368475017731593,-0.13569329803355323,3,8
2019-08-16,XLF,1,0.01761750702111553,0.017464117682454816,0.023124288248874473,0.021137883257576432,0.004233099506897986,-0.005836986426590807,0.015243888034272962,0.012576216714349171,-0.1857456158777907,-0.2777879219920686,4,8
2019-08-19,XLF,0,0.01016189266198686,0.010110607772479518,0.022094402507954806,0.01866911785820456,0.012983103415046049,0.003664721342332422,0.008895469799488027,-0.00518900637597391,-0.20957116144291854,-0.3859106617923538,0,8
2019-08-20,XLF,1,-0.013412836058440347,-0.013503600664905413,0.021964395299468243,0.01830133981495253,0.0031822611090650543,-0.007459013114051061,0.010865455315696207,-0.007868152402369514,0.059575379200317524,-0.3356201187783713,1,8
2019-08-21,XLF,1,0.004531701415765088,0.004521464173336653,0.011454884367421021,0.017966548798842703,0.0030165338350947035,-0.002400231869910896,0.006003746705529343,-0.0018761440066130963,0.10680815095381146,-0.21663889099640965,2,8
2019-08-22,XLF,0,0.006766764448184359,0.006743972657650588,0.011490555451456611,0.016872505120143266,0.0047271143842004815,0.006161554502911226,0.010471229956700903,0.0014959205635651756,-0.022639072884544698,-0.20272908731953354,3,8
2019-08-23,XLF,1,-0.02539194541365153,-0.025719884102112456,0.015281350912517809,0.018482710580472825,-0.017319266912616982,-0.015428726689129646,0.03271909869277398,-0.018427971730209807,0.9647331120562594,0.47921034505469184,4,8
2019-08-26,XLF,0,0.009578756659938126,0.009533171240271976,0.015152999595965807,0.018070407917360202,-0.0042322958850660175,-0.004871605507509313,0.009897229705034021,0.0030452958626581224,-0.6037407255815679,-0.3901452120184694,0,8
2019-08-27,XLF,1,-0.006072104920184951,-0.006090615117879672,0.014294082371782936,0.01748673332831129,-0.008104679237286194,-0.007954398183257716,0.01890359113715329,-0.009829876044697,0.5871252798057087,6.563755825328421e-05,1,8
2019-08-28,XLF,1,0.00916351142508609,0.009121781190860379,0.014966968000697745,0.0129530959851978,0.002275195671247454,-0.000567345500138372,0.016890542786773353,0.014587373483474745,-0.04370142033303348,0.032913792090613736,2,8
2019-08-29,XLF,1,0.015134441023475498,0.015021057932786963,0.016471422156723856,0.013611391161547689,0.017058344230108657,0.011803760791798679,0.01124856528692724,0.00599924435524572,-0.03956206237083193,0.0115610633571126,3,8
2019-08-30,XLF,0,0.0033544992026766085,0.003348885421007086,0.008042372226486518,0.012596546941643708,0.01416515415106634,0.013859644483565248,0.008895469799488027,-0.0022238497761445683,-0.18582127451157504,-0.16299782190823953,4,8
2019-09-03,XLF,1,-0.010401328493522266,-0.010455800359814749,0.010539662168119815,0.012682055498663579,0.0014283692768073397,0.004070472440941719,0.011985006954321501,-0.0022472423811425377,0.47918443825349466,0.18501751932656263,1,9
2019-09-04,XLF,1,0.00975981098259493,0.0097124916633482,0.009769817601306565,0.012204005160525916,0.005833081960226361,0.012267599974460142,0.006333832910859877,0.0022354495380506813,-0.2675374850826372,-0.13775221498696,2,9
2019-09-05,XLF,0,0.02044605114718112,0.020239836752451,0.011921708080880762,0.013582431136680196,0.01862841604850085,0.029670959829584342,0.015029319541506402,0.006231674194098029,0.5619093563192759,0.2868480311126884,3,9
2019-09-06,XLF,1,-0.00036438259209325974,-0.0003644489955614283,0.01149944320345924,0.013563522670324086,0.013668164648802827,0.02675381819012479,0.008005797562563881,-0.0014555680074605929,-0.48046014522313785,-0.32094611449360966,4,9
2019-09-09,XLF,1,0.015306331507229709,0.015190371400572111,0.012393904765076133,0.009856985308481545,0.022085368078844425,0.03564927866158718,0.014477004367711148,0.008324337914260706,0.9011828113783202,0.3380070439185121,0,9
2019-09-10,XLF,1,0.0035892682140121757,0.00358284216281346,0.008448871880105346,0.009837188246799801,0.015914536409565416,0.03318302146194396,0.01359567622160729,0.0003577216908866953,0.14369809005320233,0.40963751601610854,1,9
2019-09-11,XLF,1,0.005722383286555832,0.005706072645560667,0.008638204576436553,0.008891698559606871,0.012749344764414916,0.03173720936471325,0.015010724916558608,0.0050036204177107205,-0.3127955728713272,-0.029606296516785258,2,9
2019-09-12,XLF,1,0.005334431431704756,0.005320253749919512,0.005775182002584564,0.008878800438137855,0.012173362341212801,0.03028541504264104,0.015335177738494077,0.008202551167142235,0.36757003259774157,0.27819481612669383,3,9
2019-09-13,XLF,0,0.007782129494585677,0.007752004912844779,0.004586688292954973,0.008402510579079493,0.012437871309012749,0.03205949037989275,0.00842400045792435,0.0,-0.2281185417758761,-0.024389101697428806,4,9
2019-09-16,XLF,1,-0.00351005075201849,-0.0035162254333571674,0.004341293096852104,0.008912390741055726,0.00509808993852312,0.022989372247539164,0.0077876538301991155,0.004955730607024336,-0.3476542568983817,-0.3592664399087031,0,9
2019-09-17,XLF,1,0.001056648073008093,0.0010560902133724959,0.0045139543586760235,0.0072395447931816615,0.0028936037536622106,0.017543833521763474,0.008130064856593547,0.004595233529852938,0.11378551027972184,-0.26169992486713556,1,9
2019-09-18,XLF,0,0.003518620353830215,0.0035124444920020537,0.004318876588252036,0.007197369505333784,0.0035892009705393857,0.015235606226731813,0.012716376444466274,0.00741790871716283,0.40128655600360186,0.010254625395082151,2,9
2019-09-19,XLF,0,-0.004558114824598891,-0.0045685347053745495,0.0050861600945484794,0.0057820597282426875,-0.0018282611488084077,0.0072376722355560474,0.010175470720257675,-0.0038596705386513158,-0.26076806084978055,-0.2168476448175145,3,9
2019-09-20,XLF,1,-0.00587699920493856,-0.005894336726538718,0.003986671214678194,0.006408396028950794,-0.00582900763601113,-0.0014563452754555728,0.012018386058138196,-0.007423152528285258,0.9586890279910241,0.4106258250656649,4,9
2019-09-23,XLF,0,0.0017806767784565025,0.0017790932531140946,0.004142934071514382,0.0046777325336006485,-0.003239974598210571,-0.0011392412232503757,0.01145310267385834,0.006800237046430422,-0.5679350611605489,-0.35546366217777947,0,9
2019-09-24,XLF,1,-0.009598394094352147,-0.009644755581343034,0.005467558958856364,0.005753490142779679,-0.009889369503822687,-0.01087357370440345,0.017369719497363247,-0.012406894203471984,0.7210255866336566,0.14188605084769623,1,9
2019-09-25,XLF,0,0.00825565650452953,0.008221764975816281,0.007049515457635538,0.006072301702018867,0.0003133973811246804,-0.0031063316523901596,0.011819481475798704,0.0060888279308526005,-0.13161432832141573,-0.008876985530682058,2,9
2019-09-26,XLF,1,-0.004627973129165297,-0.004638715352769385,0.0070559206870779495,0.005992869845644966,-0.002283725492014832,-0.007132861139235835,0.005704094537040575,-0.003208561676856646,-0.008159583448502539,0.020366011816129515,3,9
2019-09-27,XLF,0,0.0039341015442695415,0.003926383203324502,0.007077040929428424,0.005499683391559781,0.0017128894577873588,-0.0022507256403422327,0.013125251231775737,-0.0042568583526069815,0.38185567010309285,0.36505018849983584,4,9
2019-09-30,XLF,0,-0.002493589990195,-0.0024967041637733445,0.007058572339726744,0.005456593642568691,0.00014298626868325393,-0.003867684447933062,0.006751973638191004,-0.004975102796197557,-0.5829228377271694,-0.4241503169355646,0,9
2019-10-01,XLF,0,-0.021071524712988676,-0.02129669807152057,0.011225606737530557,0.008325295167458982,-0.017773962468620397,-0.021844650822074207,0.02630642705991455,-0.025595426051725153,0.789930737062206,0.004431244213440433,1,10
2019-10-02,XLF,1,-0.020430710996417578,-0.020642304943151224,0.011237243636200768,0.00956987380769592,-0.029214145613069786,-0.03658484833975495,0.016886897516070497,-0.014317158330593795,0.42630260905118433,0.37982065900100626,2,10
2019-10-03,XLF,1,0.0040968215876504566,0.004088452464173553,0.012661036246389314,0.01004114527752826,-0.01813693344955547,-0.02815344735538261,0.019022690477150907,0.005594913148760888,0.0382254289323114,0.3407231559803441,3,10
2019-10-04,XLF,0,0.01854603866578919,0.018376158084125294,0.01686112961246537,0.012391920669225892,0.004536062327876289,-0.007912253592875396,0.018895896006178706,0.017413831691004147,-0.4983624783831123,-0.27699242264352597,4,10
2019-10-07,XLF,0,-0.005098280358637908,-0.005111320931826313,0.0168327152522423,0.012339627187509241,0.004411778153944335,-0.010073252062947735,0.0102376151879903,-0.0010969172295088518,-0.09274102395250783,-0.34531915135060764,0,10
2019-10-08,XLF,1,-0.01976563369080786,-0.019963586614059725,0.016524267739489562,0.013336178249053785,-0.010858999994490914,-0.025827531461783737,0.011090545120959753,-0.009981462404077284,0.6252488293173071,0.0671428500296265,1,10
2019-10-09,XLF,1,0.009335425972876177,0.009292120193790332,0.014615399027475327,0.01344911518924592,-0.002950769246817253,-0.012927121160881572,0.008534305592770675,0.0029684571963377207,-0.2479282239801096,-0.18524188554644272,2,10
2019-10-10,XLF,1,0.010359006762735268,0.010305719935318258,0.015159988702954564,0.014157708351614876,0.004783157980215558,-0.0003291788929881134,0.015129145447999941,0.007749043598399657,0.20328377390263896,-0.02173037787176002,3,10
2019-10-11,XLF,1,0.012449335636339764,0.01237247986888157,0.0137433496555132,0.0148125068890324,0.015871746555582655,0.013674475456159518,0.012617173192414143,-0.003244417928279703,0.4492573482563429,0.4043172014470966,4,10
2019-10-14,XLF,1,0.001446898001447261,0.0014458522531399787,0.013266429816293253,0.014832797766894886,0.014583113845302309,0.016296163556333676,0.007982558694399074,0.0047170199794773155,-0.5448556272037102,-0.36672350438569745,0,10
2019-10-15,XLF,0,0.014445506369187289,0.014342164074347075,0.0049678100489401215,0.013705638317982176,0.019452648230550373,0.028410390500974714,0.018671470400038463,0.008617585918521218,0.8182127802127244,0.1307532515783707,1,10
2019-10-16,XLF,1,-0.002491814358372424,-0.0024949240947687024,0.007366358131877196,0.011334028542213007,0.009657054529633058,0.021472247682160717,0.0074759374628664554,-0.0024919791542888183,-0.3152915237478159,-0.17788228440591913,2,10
2019-10-17,XLF,1,0.0007137034524462571,0.0007134488872524436,0.007605020695009287,0.011392181895748992,0.00509001101273765,0.018192464033863764,0.009939676460318448,-0.004614808676411772,-0.28212901836969007,-0.3510685286601467,3,10
2019-10-18,XLF,1,0.0024964111591332383,0.0024933003010403354,0.0064910254690378425,0.010180366519859868,0.0042872266099289735,0.018330708762741565,0.009299007059918854,0.005364861616258361,0.2658276482494939,-0.17827560699042733,4,10
2019-10-21,XLF,0,0.013874039981900843,0.013778676527786526,0.007833787600656046,0.010395557404289676,0.012361438258867707,0.028064338861334193,0.007054700537858852,0.005290991764088898,0.08937239195828606,-0.11775703474720756,0,10
2019-10-22,XLF,1,-0.0028070355886069542,-0.0028109827011921773,0.006810659534564065,0.00679599084170102,0.007158497746816872,0.019149354346811087,0.00984185163925381,-0.0010545056534616466,0.14220281161797144,0.02738232771179594,1,10
2019-10-23,XLF,0,0.004222329984723938,0.004213440962280046,0.006254838595533984,0.006707438095457038,0.00769713186867671,0.01794049757994176,0.006699595556012291,0.006346978184128815,-0.3928286694563988,-0.3571912385145233,2,10
2019-10-24,XLF,1,-0.0014014752760865834,-0.0014024582610878689,0.0065708417258064575,0.0067856968664306285,0.003026688897198815,0.012217646563752682,0.008050453344128957,-0.0024501118506102047,0.09322759134291903,-0.26511440814544895,3,10
2019-10-25,XLF,1,0.004912387908782678,0.004900361500805861,0.006587911943439568,0.0061699576015401296,0.004207676237395042,0.013625990366351148,0.017562346753042028,0.005971200575835734,-0.15355427014365275,-0.3006051093238087,4,10
2019-10-28,XLF,1,0.005237425647852234,0.005223758035442394,0.003826680963674264,0.0061433835828867255,0.007418371463303153,0.014983330936524153,0.006260880180027174,0.0013913361922554348,0.7685932326633769,0.19481322205341645,0,10
2019-10-29,XLF,0,0.0024313028728828456,0.0024283520380010692,0.0027304521834347075,0.004906569715281524,0.0067675748788738055,0.014696548234725437,0.010442020252019645,0.004524924127622007,-0.032861254256096206,0.20339337457050144,1,10
2019-10-30,XLF,0,-0.0006930051441011997,-0.000693245383164065,0.003079119117687021,0.004723892448371256,0.003968488061528497,0.011078370438938778,0.009702033289114922,-0.0006930165398713842,0.05465752887546138,0.24897144433775686,2,10
2019-10-31,XLF,1,-0.0048544748700919405,-0.004866296106002643,0.004231583338194291,0.005302750538545783,-0.0022945023970731837,0.0038473881359837314,0.009742543106311724,-0.0013917539491043194,0.11131221542380931,0.3087359052031444,3,10
2019-11-01,XLF,1,0.014634241958748406,0.014528194801095129,0.007338252329936623,0.006577911075564685,0.008939079726050458,0.014952411272216137,0.01002762819549321,0.0069156556850563785,-0.25518218872974097,-0.029208896461004774,4,11
2019-11-04,XLF,1,0.0085853311480113,0.00854868677920706,0.007697354396370082,0.005825717857797565,0.01352764996277056,0.020571409097913662,0.004426256624172256,0.0,-0.1177997413852202,-0.12993778625375796,0,11
2019-11-05,XLF,1,0.0037450849933429176,0.003738089622604246,0.007651824769245609,0.00545325017421797,0.012988726084089963,0.02063416973531229,0.007128343460539118,0.0006789021855134212,0.05887065872435304,-0.054678558988903836,1,11
2019-11-06,XLF,1,0.005088118824694288,0.005075218089916955,0.007130917941302133,0.0054696317071542405,0.012645132379682789,0.021970660659754948,0.0071282787168632155,0.005770539089512276,0.01679821642317947,-0.06029976465338471,2,11
2019-11-07,XLF,0,0.007425101558564906,0.007397671190481514,0.0042194525312937384,0.0052504305980517856,0.012207577346526,0.02478717980032452,0.009728309987347259,0.0013418623362621788,0.5365543468251539,0.35435891237292183,3,11
2019-11-08,XLF,0,-0.00033504662022088016,-0.0003351027608800017,0.0034904412068881754,0.0054786815465594696,0.006951483036919948,0.02024070515732146,0.007042286853468292,0.0006707061692942707,-0.12844152604691395,0.11791979593197754,4,11
2019-11-11,XLF,1,-0.0026809101500349097,-0.0026845102254093867,0.00410104633247593,0.005859264079540115,0.0016155918593601104,0.014142167911534553,0.006743049784886313,0.003371557045994111,-0.6338442782593181,-0.5630694512976033,0,11
2019-11-12,XLF,0,0.0013440945881035837,0.0013431921015669701,0.004081059988909827,0.0058879036861164335,0.0008060813610848427,0.012262712682569399,0.006718134112042411,0.0010076848785889644,1.2657442748091605,-0.0015745565968106057,1,11
2019-11-13,XLF,1,-0.006375988002565114,-0.006396401430846854,0.005118933451551108,0.0065456938140586035,-0.0054414543535038495,0.0031846389549770038,0.008792638627544928,0.0013527533290555057,-0.025653777054967852,-0.010340644921133957,2,11
2019-11-14,XLF,1,0.002026501240766976,0.0020244506570006315,0.003413748943565399,0.006007845016701593,-0.0022194808659784515,0.001924897264607095,0.006772799129324112,0.004740920636407235,0.06122486515815462,0.0763006060696505,3,11
2019-11-15,XLF,1,0.0026961254556654435,0.0026924974290425396,0.003848202850495364,0.0045164587576969634,0.0010766648533917511,0.002493475566359482,0.004702700285378305,-0.0006718326320500941,-0.3479626676834552,-0.2776540280322174,4,11
2019-11-18,XLF,1,0.002016964848633007,0.0020149335060053453,0.003785515606945469,0.003914356111176032,0.0027583818142997707,0.0030283123295216097,0.005378146131499475,0.0020167887711725315,-0.1547164169186298,-0.37149452650183046,0,11
2019-11-19,XLF,0,0.0020126879745798743,0.002010665231783726,0.003841182453658773,0.0038413635961146906,0.004303677101220371,0.00372994823902717,0.006024042934495531,-0.0003346158572297165,0.2095241838800339,-0.22302083793628047,1,11
2019-11-20,XLF,0,-0.004686935009907911,-0.00469795313075938,0.0030885601186349506,0.004016197135439205,-0.0012094124027501874,-0.001310077992424552,0.00974786582113314,-0.0006722842945772059,0.5183013821500184,0.16052503390075956,2,11
2019-11-21,XLF,1,-0.001009124460012556,-0.0010096339689011913,0.0030887610928218867,0.0031578520019942976,-0.0024183808236608595,-0.001814908195679421,0.008056386832572059,-0.00302115306552341,-0.20391485354081273,-0.01613433142993792,3,11
2019-11-22,XLF,1,0.007407672970891177,0.0073803709083986035,0.004454939480205339,0.0040310518867818,0.0038249240219700997,0.00530899809222074,0.007061230445106807,0.006052464914629473,-0.05371215319135203,-0.020762778357118483,4,11
2019-11-25,XLF,0,0.006349910505487388,0.0063298347650575515,0.005048109490430794,0.004297984110825279,0.008169689994872886,0.010504289016675994,0.0066755294293207625,0.005006726650957991,0.42333001846853247,0.28510962301320064,0,11
2019-11-26,XLF,1,-0.000996460631966456,-0.0009969574289154792,0.0052247149187350786,0.004351344270586185,0.0057507617438712355,0.008549665693672548,0.005978090386152256,-0.0009963695130312893,-0.33093517999125643,-0.11491954810358196,1,11
2019-11-27,XLF,0,0.003989603256001173,0.003981665893213027,0.003986338480909186,0.003580097615387405,0.00659959546926725,0.0105742452262787,0.004973462178022664,0.0013262903093408352,-0.07470715653922577,-0.15312430535947086,2,11
2019-11-29,XLF,0,-0.001655746831106586,-0.001657119094847559,0.004161570254822297,0.0037597222633703052,0.0019273562607169392,0.007283099876216781,0.0049767624939564764,0.00033179260399290216,-0.37301651280298465,-0.42723982156365103,4,11
2019-12-02,XLF,0,-0.006301829689603244,-0.006321770036243457,0.004982516364193571,0.0044793986547233605,-0.004651164589239198,0.00023361821947220918,0.010927149515539775,-0.007947075245154292,1.6963207537466185,0.4490294992001398,0,12
2019-12-03,XLF,1,-0.014018567537162796,-0.014117755730403303,0.006778897219375315,0.006413350596794848,-0.014873510575180382,-0.012898436704968375,0.009118556305239675,-0.0023640558386124138,0.27626946009559816,0.6591752674971305,1,12
2019-12-04,XLF,1,0.009478733848498289,0.009434092524592153,0.00908655001195821,0.00717792586439162,-0.0038082806208411535,-0.0033754585685302763,0.011836333617919815,0.008454514798110015,-0.3753900645624103,0.008764741760773465,2,12
2019-12-05,XLF,1,0.004694648700413584,0.0046836632058111505,0.009201688637925375,0.007131164597935975,0.002476012475204792,0.0005342550286508985,0.0060120341337678235,0.0006679542437646296,0.07512101048239095,0.089239669088923,3,12
2019-12-06,XLF,0,0.013351150310891846,0.013262809139093168,0.01135773652188136,0.008106882705964456,0.014434592665918622,0.011662725348533964,0.005942502224715258,0.00231098358231925,-0.09174001580112834,-0.019289888530382715,4,12
2019-12-09,XLF,1,-0.002305573915741266,-0.002308235843583528,0.010803766585737387,0.007998754224416371,0.00986866103275097,0.008087393200176596,0.004620442018929208,-0.00032997761666521674,-0.47006098801067353,-0.4627679763759499,0,12
2019-12-10,XLF,0,0.0003301796668386814,0.00033012516952846127,0.006422856244625985,0.007796988514778955,0.005108526534514102,0.00778296400849432,0.007613421269621195,0.002979151119344089,0.7275274534735869,-0.04160621463941183,1,12
2019-12-11,XLF,1,-0.002310494789471429,-0.002313168101133023,0.0065800644452999844,0.007838903541577923,6.601451155563431e-05,0.00495311353561223,0.0046219671646385,-0.0019808970444849857,-0.34451757262038274,-0.3568999944329895,2,12
2019-12-12,XLF,0,0.019517201819735597,0.019329183690161678,0.01008149316914202,0.009874877046566182,0.01381579431553992,0.02245960136302716,0.02180376073442814,0.01816977960829474,1.794076814399229,0.6361212729837649,3,12
2019-12-13,XLF,1,-0.003569099212621829,-0.0035754836428534276,0.0097110924573753,0.00997330563918138,0.007876608696066878,0.016921089315292237,0.014290308984274627,-0.0025983055757021014,-0.2965445179204267,0.07705044398177319,4,12
2019-12-16,XLF,1,0.003581883309521583,0.0035754836428534276,0.009358668974456977,0.009552518949492815,0.007980124806187705,0.01766549391299388,0.00742892600251011,-0.004521944243811405,-0.04613623568370251,0.042552302566298605,0,12
2019-12-17,XLF,0,0.00389360092415858,0.0038860404786307257,0.00919015107656179,0.00748936792693116,0.007686345125981431,0.016926883615064003,0.006809370647933254,0.003242554506321401,-0.3267566737594986,-0.2356268476058243,1,12
2019-12-18,XLF,0,-0.004201673061864808,-0.004210524893828005,0.009557815060401507,0.00775728801329016,-0.00032444575842760504,0.009369709010779381,0.007409840296425565,-0.007409840296425565,0.26422833924799183,-0.027128341129062594,2,12
2019-12-19,XLF,1,-0.0003246070243700938,-0.00032465972063455695,0.00382135635769169,0.007819028413095704,-0.0005192281586759995,0.006272861316123812,0.003893540982251137,-0.0006489441259478879,-0.05457564925012215,-0.061565217037919284,3,12
2019-12-20,XLF,0,0.0011749131376759259,0.0011742234673843832,0.003306364871104951,0.006885021996772507,-0.00016376051849631423,0.0058902174435711,0.007792200553998094,-0.0038960693135464486,1.6366488122142857,1.1632981903229846,4,12
2019-12-23,XLF,1,-0.0022816432080957627,-0.0022842501220803335,0.003118523773766855,0.006883525928144237,-0.002094483033756256,0.002039796280679962,0.0065019753397681755,-0.004876450501109964,-0.6069115956311077,-0.17998064148632265,0,12
2019-12-24,XLF,1,0.0022868610089847863,0.0022842501220803335,0.002614198409643517,0.006871819171588384,0.0008616178491174242,0.0025804697096658558,0.002934468613107546,0.0003260589780554161,-0.6783780890029796,-0.7213167280562295,1,12
2019-12-26,XLF,0,0.0055409637506573794,0.005525669083135565,0.0029343094588675555,0.006801120482993163,0.0051216699677845146,0.005595150386404013,0.004558818012725264,0.004558818012725264,0.2903076510851825,-0.6332773255850179,3,12
2019-12-27,XLF,0,-0.0025932133510760957,-0.0025965815530555325,0.0033850850722871627,0.003439967692257057,0.0016927445576764288,0.0026406634045146316,0.005177988653312469,-0.004207092633381231,0.22188870639909886,-0.4947632563043358,4,12
2019-12-30,XLF,1,-0.0029248019385124113,-0.0029290875300800323,0.0037555615920135278,0.0033635769255616903,-0.0012370083233995688,-0.000700672587988338,0.010029099562364995,-0.007440942846060366,-0.030802270128853504,-0.4698884301804136,0,12
2019-12-31,XLF,1,0.0032593205425617278,0.0032540204706617004,0.00372932175482097,0.003331225995599844,0.000910450799157525,0.0021773797862434385,0.005544686142857054,0.003913921716588894,-0.16106869012131164,-0.514032275341388,1,12
2020-01-02,XLF,0,0.009746544011576708,0.009699352837629238,0.005423324580032671,0.004369081646258184,0.008043522476306242,0.010968490851892332,0.009064444550922814,0.006150875293357512,0.826901273744149,-0.10649575138393674,3,1
2020-01-03,XLF,0,-0.010617698611531723,-0.01067446857526022,0.007610417939424494,0.0055296136346719245,-0.002012206760355406,-7.807468441878296e-05,0.009452379572818567,0.0022816067186417093,0.7807809785981492,0.5328075718251755,4,1
2020-01-06,XLF,0,-0.0006505336914801596,-0.0006507453803341612,0.007534082566312222,0.005534836954247296,-0.0024023932204007004,-0.0010079178265984812,0.009517588515344705,0.008532990966228286,-0.455721561572787,-0.14272466982169196,0,1
2020-01-07,XLF,1,-0.006508175904703428,-0.006529446419903273,0.008009084603034676,0.005918910165123589,-0.007928733025273305,-0.007025317736340186,0.0058707892603705085,-0.004240024834102348,0.41749027940234873,0.47689884598584653,1,1
2020-01-08,XLF,1,0.006550809726723283,0.006529446419903273,0.008558413686488181,0.006267950513608968,-0.0011052507153556101,-0.0009104475485948171,0.0111256596377498,0.0055628298188749,0.2104371963913949,0.7254849200921907,2,1
2020-01-09,XLF,0,0.006182976465330503,0.006163940292852388,0.007608741193253236,0.00651391028315268,0.0061174263612213675,0.00448313152141222,0.00484651421107194,-0.0009693274929230897,-0.42240433968636515,-0.05564654533307656,3,1
2020-01-10,XLF,1,-0.007438410771668291,-0.007466213707983282,0.006681268698660649,0.006752708564499126,-0.0009764184255640629,-0.00247013605805535,0.00969622298742204,-0.008080154999506518,0.20764619044009636,0.07601527470739233,4,1
2020-01-13,XLF,0,0.006842769197637155,0.006819463708143569,0.007404606593377191,0.0070789965804342915,0.0047475668442742425,0.003931497990481647,0.008127438170994051,0.004551345533378322,-0.17680269709667584,-0.13678379117856954,0,1
2020-01-14,XLF,0,-0.0019419879844091437,-0.0019438760879202377,0.006447378274518285,0.007033702225095625,0.0007787875285156787,0.001461290346234989,0.009061511006543687,-0.0019417303133687424,0.36425985832906727,0.11226818002597772,1,1
2020-01-15,XLF,1,-0.00551221740072505,-0.005527465731620662,0.006592447572550944,0.007202177752677555,-0.004350057483275438,-0.003703117581013826,0.007168498431890968,-0.0006516929754196897,0.10330961213985757,0.1405159891718204,2,1
2020-01-16,XLF,1,0.008803363350059268,0.008764839673779612,0.007309154396842842,0.007060266317088781,0.004284575608555219,0.005524924565049938,0.0061648454230687445,0.003893602868969232,-0.16916924160521785,-0.06680281888188111,3,1
2020-01-17,XLF,0,0.002908869918453405,0.002904647342985456,0.005964363746567029,0.006125164988477543,0.004987681202412109,0.007533022907256326,0.0061231237464776595,0.0,0.1270293810242713,0.08874289200047669,4,1
2020-01-21,XLF,1,-0.008379105272280474,-0.008414407312853367,0.00683610521194255,0.006796652959725303,-0.0025932688179239882,-0.001038957436692911,0.00809585514230285,-0.003562134261411649,0.06329567175175299,0.11596442994336709,1,1
2020-01-22,XLF,0,0.0029249413276339897,0.0029206720097256778,0.006982096731360811,0.006413564370711191,0.000194404959918959,0.0008107168463094006,0.003887296273762539,-0.0003239465050200587,-0.33640206897387137,-0.2341103981585767,2,1
2020-01-23,XLF,0,-0.0025923730515506893,-0.0025957390691440096,0.0064953512148294285,0.006197317870619111,-0.0031092632978786394,-0.001945606611495232,0.011726403954561116,0.0026058606422782018,0.5724982658537476,0.22107057819296316,3,1
2020-01-24,XLF,0,-0.012670465411898646,-0.012751420309882633,0.0069112478318922275,0.006985777768511835,-0.012221233096889828,-0.01289504526268892,0.01916206999170158,-0.012991280090452553,0.3680462849673689,0.534655670083761,4,1
2020-01-27,XLF,1,-0.015465461248456935,-0.015586298987564362,0.00747281966700923,0.008091403870127906,-0.0204293676166738,-0.025724373440195625,0.010406158322096688,0.004363852191049867,-0.14655264582544902,0.25474559423223164,0,1
2020-01-28,XLF,0,0.011697565425023093,0.01162967780694757,0.011179787438650262,0.008826999410261435,-0.005715514927397081,-0.01230147686996963,0.012300496436942122,0.006316507132298153,-0.3187835185616026,-0.1593318413380842,1,1
2020-01-29,XLF,1,-0.0016517693343620632,-0.0016531350093895725,0.010729046684329906,0.008827771281687574,-0.0031667120169740492,-0.011934029875272256,0.010207423687058674,-0.0049391347294639254,0.2016936239524314,0.0013984428609965516,2,1
2020-01-30,XLF,0,0.012574713387565994,0.01249630827620063,0.013146501584348665,0.009823495924858464,0.010568170916365416,0.0007196402152389592,0.023038414573646138,0.021702824773700575,0.24394243031517582,0.21681500039918955,3,1
2020-01-31,XLF,1,-0.020915193180654712,-0.021137014238837182,0.015300672168109365,0.011200904139451065,-0.007749907356175312,-0.017060360575268163,0.017468647878423563,-0.012524754983655519,0.15131419644600674,0.32382328665129667,4,1
2020-02-03,XLF,1,0.007009427574867333,0.006984975733185017,0.013866081134778486,0.011518202423592786,-0.0024466915116089227,-0.007369792304249723,0.01060655266871074,0.0,-0.31870730069133024,-0.10081205883643407,0,2
2020-02-04,XLF,1,0.009612085519328017,0.009566183334717593,0.013518800791004986,0.011938131108827169,0.005878024397092174,0.003194645378400862,0.009810308626848072,-0.003924160874191895,0.9735337904113204,0.6354681490002747,1,2
2020-02-05,XLF,0,0.020026307105713625,0.01982841824370185,0.01563557528228943,0.013655829485526967,0.020294199784372413,0.022577674496400135,0.009718209791167264,0.006478744740966678,-0.3555598164829773,0.004838426377497873,2,2
2020-02-06,XLF,0,-0.0012873910769966024,-0.0012882204768072114,0.015329277156264426,0.013626411182693882,0.016111091830713464,0.020421599852073147,0.009603109686528714,-0.006722121831345321,-0.2748747722018756,-0.26262368098169275,3,2
2020-02-07,XLF,1,-0.003545096452111429,-0.003551395197384455,0.00941221606875475,0.01290354790370114,0.006182779858417975,0.015035009327405646,0.007128947148520031,0.0019442470756872512,-0.24462266901340013,-0.406444696533251,4,2
2020-02-10,XLF,1,0.002910751832328362,0.002906523796734728,0.009519717839000602,0.011390445338381324,0.0036247753350424627,0.014359938627314994,0.006489317486042688,0.0061648454230687445,-0.3666148485660681,-0.596154424558164,0,2
2020-02-11,XLF,1,0.003547383320714914,0.0035411061970318514,0.009254364333421259,0.011036168114915406,0.0029004883851642127,0.015135748005409289,0.005467998567371983,0.0009649625763353557,0.5796588748399036,-0.35282990998646135,1,2
2020-02-12,XLF,0,0.0006426612986141222,0.0006424548802752561,0.0029438689578727886,0.010956243432962181,0.0030924369116316353,0.012748819669845757,0.00895136742808372,-0.004475744690659218,-0.036903426746769386,-0.35555463142080457,2,2
2020-02-13,XLF,1,-0.00032105540870930316,-0.0003211069580308923,0.002830530802811406,0.010459245282320973,0.002124757462987903,0.010681574997997156,0.008054123473783174,0.002899427918323205,-0.1559660587000542,-0.4163808881005421,3,2
2020-02-14,XLF,0,0.0012846340735548356,0.0012838096371936558,0.0015981200105665673,0.006839314407217766,0.0017996609104371508,0.008019999997225913,0.005466240328255309,0.0022507940181867836,-0.029812774894875327,-0.3746394225663059,4,2
2020-02-18,XLF,1,-0.008661806070983658,-0.008699537553044312,0.004672144003704867,0.007798254012742871,-0.006175076948781388,-0.0030648277981244476,0.01415703137508729,-0.005791515624763154,0.710532513292452,0.07701832039561962,1,2
2020-02-19,XLF,0,0.007443292521187805,0.007415727915850656,0.005756861046526732,0.007603767880949898,0.001157840375276109,0.002189266562562686,0.007739431452652331,0.0038696849725593364,-0.3210472108004204,-0.13673513769726464,2,2
2020-02-20,XLF,0,-0.0019275022189009228,-0.0019293622418192768,0.0058083024135093956,0.004366436119750605,-0.00032178560291085123,0.000257544527504594,0.013539654097227065,0.0016118386951226847,0.9632535594092804,0.6990553060400746,3,2
2020-02-21,XLF,0,-0.009655709163916337,-0.009702627789660578,0.0071151085824653,0.0053365414199554265,-0.007675528079330696,-0.008570778228354614,0.012613175571996395,-0.004851216628724288,0.015570779611594476,0.6472170298532756,4,2
2020-02-24,XLF,0,-0.03249920095186043,-0.033039028188991626,0.014774477634933506,0.011392698650674693,-0.031176896478521843,-0.03722399132090359,0.014429540811565344,-0.0010066704719766315,0.3780144812451838,0.9966712416076096,0,2
2020-02-25,XLF,0,-0.0339267078917157,-0.03451557590002796,0.018463903641653342,0.014532153787449027,-0.05082509588788098,-0.06307014624646057,0.0409670680062001,-0.034251189867201014,0.5872012649136902,1.501902263587397,1,2
2020-02-26,XLF,0,-0.007301968034996831,-0.007328757895726401,0.015015741209284283,0.014019369205827635,-0.04143175119265219,-0.062058712405210215,0.0231433526299471,-0.013816978077284579,-0.1503323440066746,0.8486055451337371,2,2
2020-02-27,XLF,0,-0.042731772391359946,-0.04367164716732841,0.015801571699112768,0.017222856516510125,-0.05875449864527715,-0.09075777370011584,0.03865425565721027,-0.02183251963821543,0.5106577123570104,1.2763369194703484,3,2
2020-02-28,XLF,1,-0.027076427262488045,-0.027449747941303393,0.013220765293723808,0.017141745270247116,-0.057092044407424436,-0.10181043183627037,0.033333374273898014,0.0071969900304185985,0.33808405127068997,1.4012061571574916,4,2
2020-03-02,XLF,0,0.05114695728434371,0.04988190827070893,0.03762355747169151,0.026990848109029426,0.004095461530513322,-0.045488659859379665,0.05968469177989998,0.04917422685077259,-0.33815899429095064,0.4047496408158313,0,3
2020-03-03,XLF,1,-0.03756713651066845,-0.038290967471873216,0.03818552085351605,0.02828652753749459,-0.020535990424517037,-0.06862405402236915,0.05814791111782951,-0.03445803915254024,1.0180465796854041,1.2829536494330105,1,3
2020-03-04,XLF,0,0.0330855118757547,0.03254996684283329,0.0435142818724765,0.03138001773456002,0.017501414120856484,-0.026551749792415813,0.03668378545868481,0.01944243148185944,-0.5150258259428906,0.017720033242292432,2,3
2020-03-05,XLF,0,-0.04821856289389004,-0.04941985342068689,0.04476657051918929,0.033275430050427275,-0.025279920795071353,-0.05824944178519276,0.029400851911171078,-0.015630817386529265,0.047084592630699085,0.00024333121586295192,3,3
2020-03-06,XLF,0,-0.03402678412748239,-0.03461917199405873,0.04569358938135408,0.03369177630905369,-0.051173625513042054,-0.07306640955471078,0.03207918676999536,0.011881157903387994,0.2329154950228649,0.13758673653872644,4,3
2020-03-09,XLF,1,-0.10724077759377681,-0.11343836222632664,0.04991162068194407,0.04400062411050371,-0.11930517292166676,-0.15103483847461607,0.059130378391431725,-0.00826089278511379,-0.16463146595469924,-0.09072801561040356,0,3
2020-03-10,XLF,0,0.0587463755709936,0.057085543668698335,0.06637385395611119,0.05117609463190948,-0.04733725928521326,-0.08546974695800891,0.055718469918108665,0.01173015372654119,0.11267112235094356,-0.01332545310122868,1,3
2020-03-11,XLF,0,-0.05424443000174317,-0.055771125982501335,0.06027686486956137,0.052415470245861975,-0.06239745721988066,-0.1159623358288353,0.04826993456352025,-0.024348556110188532,-0.015855195157094992,-0.061173803372889246,2,3
2020-03-12,XLF,1,-0.10814344462739889,-0.11444997169637672,0.06846699250629353,0.059108917943078904,-0.11985816045760389,-0.18973742286395223,0.09121297988056937,-0.027220615104433712,0.09884668319318468,0.01995836200641765,3,3
2020-03-13,XLF,0,0.13156594283519696,0.12360246352294046,0.10681826268928504,0.07759114209316338,0.017929733613968546,-0.07003954133244883,0.10000002612806391,0.05251139902108596,-0.003046380178087449,0.03724354845632516,4,3
2020-03-16,XLF,1,-0.13709327855566478,-0.1474486801317325,0.11380816851910586,0.08332864119632938,-0.09836808689434307,-0.17055879966298237,0.12454779327653213,0.027906924937109247,-0.3124289744926394,-0.27917778211304156,0,3
2020-03-17,XLF,0,0.054298582526593586,0.052875695131110234,0.11303563108835556,0.0874043282234041,-0.02119122613013391,-0.10334806128797547,0.08108106081573972,0.03046677740848218,0.1051268009860693,-0.12707686228446924,1,3
2020-03-18,XLF,1,-0.08488299223111606,-0.08870334453918405,0.11596412744705745,0.08723518799880794,-0.0726779746505718,-0.1481332427756591,0.0900762638563057,-0.023409623073929707,0.18611784118905828,0.02035125827218298,2,3
2020-03-19,XLF,0,0.021886204431864842,0.021650139625012166,0.10804646629446563,0.08867453623999934,-0.045370518109960734,-0.10222957370170993,0.09473117044001587,0.04364021579938307,-0.2716433056383586,-0.24372687531616422,3,3
2020-03-20,XLF,0,-0.03569583553324274,-0.036348510832836745,0.07764292411528313,0.08869307292582737,-0.040783055197576634,-0.10713425580478786,0.0630676094473616,-0.045913211978996456,0.4939585131676585,0.132081872635204,4,3
2020-03-23,XLF,1,-0.05818390814504404,-0.0599452550424191,0.05741858823192434,0.08498438939167412,-0.07711721894445367,-0.13875103976660697,0.06019525912168253,-0.04229938525245113,-0.08421771543370571,0.029077577131036758,0,3
2020-03-24,XLF,1,0.1240092225716034,0.11690195657271607,0.08292454919964622,0.09384750293995672,0.04766186818223472,-0.012212113596380969,0.07375730776554963,0.06093005626831656,0.09687584530802584,0.121370723508605,1,3
2020-03-25,XLF,1,0.027203925474350132,0.026840475475025105,0.0707137846290204,0.09356315237234632,0.060916889964268695,0.026190049965744144,0.09136048700843628,0.012413108618488593,0.02774184474279906,0.13955662152207093,2,3
2020-03-26,XLF,0,0.06277592489461514,0.06088428212024155,0.07388076075116244,0.08840199123462478,0.10200258582356181,0.08259386447241535,0.05759925183187636,0.04888674909687134,-0.2037175912061152,-0.07202977997575555,3,3
2020-03-27,XLF,1,-0.030456704352061048,-0.030930147588522416,0.07285205606280494,0.07800156873625808,0.0444423790984525,0.059392637869198905,0.05387209186686028,0.010581977088331064,-0.1575929509633236,-0.18829354999710757,4,3
2020-03-30,XLF,0,0.019038331616942017,0.018859370429009648,0.05731982376281811,0.06292976304419644,0.026071036819157678,0.07045470824345434,0.0442015334937295,0.01758549979965588,-0.384320656947128,-0.4836203784307008,0,3
2020-03-31,XLF,0,-0.02755710779386611,-0.027943927880993424,0.039401917021072506,0.06184156598308821,-0.011395981363317431,0.040819098922257435,0.038189599634825,-0.01838752505811973,0.24551838709485674,-0.33727437593064946,1,3
2020-04-01,XLF,1,-0.060999048705968395,-0.06293878668170194,0.04856546241193923,0.05849168406083024,-0.06423511080118138,-0.02521047143925026,0.028904650845409097,-0.008620693824204159,-0.05529593807675748,-0.33952170812022553,2,4
2020-04-02,XLF,0,0.025064066028254395,0.02475511407931208,0.03631886200737031,0.05860695648146981,-0.025576100586765516,-0.0037334031109440557,0.043232122459829846,0.03139478130574553,-0.136221506598472,-0.41119670014033494,3,4
2020-04-03,XLF,1,-0.01996005971942061,-0.02016195275965149,0.035494786902324486,0.057609972258928284,-0.03213078096296729,-0.027915128964870917,0.03929464807592727,-0.010579394850658449,0.0002894808789106751,-0.36190633584356147,4,4
2020-04-06,XLF,1,0.07179206504138991,0.06933207465634839,0.05156015566461016,0.05614023149699134,0.04104837870549227,0.024679887748717322,0.03637245244786727,0.02085346170350276,0.00872576116553958,-0.30755965372715266,0,4
2020-04-07,XLF,1,0.009976529022933,0.009927091991992487,0.04966698836244829,0.0423483424756672,0.046878230659820774,0.027847822514396547,0.043693661262111445,-0.042342364943826864,0.028048934218743327,-0.21954241015446596,1,4
2020-04-08,XLF,1,0.043743758621903606,0.04281401740160362,0.034574676047181535,0.04350253587006703,0.06498349505839651,0.06355430037476784,0.04587580049203938,0.028266942192222384,0.1275882335530627,-0.03160864514008033,2,4
2020-04-09,XLF,0,0.0536278742206735,0.05223932726693947,0.03665322600020491,0.04233453696289483,0.087239536851208,0.11148082697451245,0.0408432273376915,0.02678957798593035,0.8479902104160573,0.7512280290296942,3,4
2020-04-13,XLF,1,-0.03635608895775411,-0.03703343949736926,0.042683135546666195,0.042972884406700995,0.02028780745293779,0.06338767603271656,0.04290004388292987,-0.033461981860467664,-0.551989746052467,-0.1732550544535072,0,4
2020-04-14,XLF,0,0.004438783084998121,0.004428960742798527,0.03568088296120574,0.04279769392425332,0.010358106181207472,0.061992593310060906,0.040312107389599484,-0.019072411784917875,0.45190779074314236,0.1586047203663914,1,4
2020-04-15,XLF,0,-0.04330528422625335,-0.0442709397022667,0.04446393182795707,0.044443211033931736,-0.036750183696138916,0.012060649524653133,0.014726171263935802,-0.0036815428159839504,-0.3398912331416569,-0.21598471341858927,2,4
2020-04-16,XLF,1,-0.017551970579479215,-0.017707832901878273,0.03903313846599571,0.039098061402973304,-0.045845958096673134,-0.01363378475228727,0.026851847845504057,-0.015277773975835483,0.08546674647931707,-0.13803675686386063,3,4
2020-04-17,XLF,0,0.05265617281611701,0.05131665828992338,0.03865120580080567,0.0412600023547276,0.013397262052818881,0.02711125871787834,0.027149338059415204,0.013122126840408,0.2872106995454784,0.08205114754738307,4,4
2020-04-20,XLF,0,-0.0174182505656183,-0.01757173316893157,0.036018977503707625,0.04104916980360155,0.0005458726019766935,-0.0015882178410495662,0.02779045964232913,0.002277869490782249,-0.33411463089609084,-0.27116020245035766,0,4
2020-04-21,XLF,1,-0.032272656712597714,-0.032804901539691844,0.03751904579196669,0.03726886536591098,-0.019797277327574858,-0.03486085223775459,0.023441162765514244,-0.001875246522352597,0.2183224382059188,-0.11525101673485882,1,4
2020-04-22,XLF,0,0.010802944496049793,0.010745009562928232,0.03368792169283778,0.03729003476500718,-0.008020733737764463,-0.025582989056541217,0.01472625903884022,-0.009664016976368714,-0.33978340112760375,-0.39853738179085396,2,4
2020-04-23,XLF,1,-0.004182090656002169,-0.004190860055285128,0.03253231898739591,0.0342624500409473,-0.013624245162418114,-0.026307386995667592,0.021316079399795036,-0.006950862792427349,0.5100720302771335,-0.08214603739982196,3,4
2020-04-24,XLF,1,0.014465552031284856,0.014361924094891343,0.01952384446976394,0.02889375520587646,0.006667737450647415,-0.004806698233429496,0.023084026016728664,0.0036934406403337492,-0.5285028477757241,-0.4933205789560564,4,4
2020-04-27,XLF,1,0.03403897778797216,0.03347247149565202,0.024693990371994653,0.02948169403172095,0.036326911777441184,0.02930420552549373,0.030965406808991708,0.023679438954592246,2.235303160651938,0.5396336959644428,0,4
2020-04-28,XLF,1,0.01067567149565063,0.010619088863534909,0.013694085278338078,0.029647604360513915,0.033760793349607576,0.0398642306035899,0.028497402925754232,-0.018998296068934675,-0.5755264992676025,-0.2973163654857074,1,4
2020-04-29,XLF,0,0.02904953412793332,0.02863559381569436,0.015251542239762014,0.026334130812738665,0.04608501073443971,0.06166556187820893,0.02049528354708207,-0.001707981016098853,0.5083085229364315,0.04941449314261326,2,4
2020-04-30,XLF,0,-0.025235414693944302,-0.025559288106415945,0.02328582650887257,0.027259187191281474,0.007426270650034761,0.0277800854867023,0.020951529700274023,-0.005237840798079298,-0.19009225797980145,-0.1343015854999554,3,4
2020-05-01,XLF,0,-0.03203151169745333,-0.03255574564189345,0.030516017934621942,0.024614919313258175,-0.02759415109167429,-0.0036584772968858426,0.017977510945180828,-0.008539349845286166,-0.33855252468468977,-0.37890652083370224,4,5
2020-05-04,XLF,0,-0.009066127729528417,-0.009107475162665413,0.025304586753240342,0.02414101152557922,-0.031114193884549834,-0.012066734851711947,0.020670594677472346,0.004134136458219253,0.33683590742334335,-0.15730916387573424,0,5
2020-05-05,XLF,0,-0.0032019620334617915,-0.0032070992830099954,0.02382935013454195,0.021476463593590723,-0.026188558595027556,-0.017450305928056187,0.022111903181054725,-0.016696702817350195,0.29786038280334504,0.106395066439259,1,5
2020-05-06,XLF,1,-0.02156966247101233,-0.021805687803517326,0.011837746564456414,0.022506297334382513,-0.029320637353148493,-0.0377758088844623,0.03410641236045195,-0.030468398511487416,-0.021261305529536423,0.053813108646494134,2,5
2020-05-07,XLF,1,0.023451811219741936,0.023181042665651574,0.021058577255988017,0.023697017551211872,0.002296490023260711,-0.01694022391531036,0.026851847845504057,0.010185153216165027,-0.03764449688100113,0.03188794328460309,3,5
2020-05-08,XLF,0,0.021540309287453097,0.021311595375543835,0.019664599915558977,0.02420869909698875,0.02172730654152688,0.0017528971255238446,0.013938825050931955,0.00224825291923399,-0.31172174309982226,-0.2996622417981125,4,5
2020-05-11,XLF,0,-0.019291344667254684,-0.019479850954668088,0.021572312047464112,0.022357140711839456,0.002016812915088595,-0.014827157721254314,0.014103706660534458,-0.005459460163053147,0.302631797111679,0.0028474390827653018,0,5
2020-05-12,XLF,0,-0.026074745326994386,-0.02642071886644093,0.024672689552596265,0.022950909376244708,-0.019616656099924468,-0.03429169715119873,0.03462415500982697,-0.03006832913311138,0.1310630622112232,0.10261515845682423,1,5
2020-05-13,XLF,1,-0.029591685893786357,-0.03003835367855645,0.02627784461376087,0.020266084041534602,-0.042809573702265236,-0.05116201567835599,0.030317355336058376,-0.021316946941194754,0.39621431224046555,0.49500845036285424,2,5
2020-05-14,XLF,0,0.025653300336334395,0.02532977574060169,0.026905497364156376,0.022830169460137325,-0.012489745961059784,-0.019617124020388843,0.05517236325014474,0.04384243007124088,0.19476259178360422,0.6524386437413048,3,5
2020-05-15,XLF,1,-0.006606710033016938,-0.0066286309451650816,0.02238439466393796,0.02108398367552052,-0.007543625070258186,-0.021521907084517844,0.020485960450912125,0.002858478637286167,-0.32263974380102367,0.06381223626999599,4,5
2020-05-18,XLF,0,0.05130631938429553,0.05003350460060174,0.03480840606923372,0.027339197593677433,0.04072602314424345,0.027390780464958686,0.028401233809052122,0.013742521214338893,0.13179910364942726,0.15277456550230628,0,5
2020-05-19,XLF,1,-0.024400886448887826,-0.024703521259980654,0.03446598994041038,0.028544903603818422,0.01247451357145457,0.0032530545106861375,0.02409094030206854,-0.018636356700550426,-0.2875641903995676,-0.16854090175134984,1,5
2020-05-20,XLF,0,0.02223229261086823,0.02198875813740342,0.029554765914405604,0.028322309440624832,0.02147557614386786,0.021995883224879886,0.012300703798586773,0.005466921535937836,-0.11064489035381808,-0.2457812315757152,2,5
2020-05-21,XLF,0,-0.003171590901098198,-0.0031766310552128196,0.029435910246391007,0.02751175919695102,0.010657963275177096,0.01790603208676189,0.014999996532093395,0.0,-0.009180081979897836,-0.23973684551053354,3,5
2020-05-22,XLF,1,-0.0036364564277667766,-0.003643084408563091,0.02909870691107764,0.026575490390645752,-0.0010026447811292138,0.015943695459066154,0.014552055395858113,-0.0031832512757074645,-0.24740538126828449,-0.4237651107478857,4,5
2020-05-26,XLF,1,0.0520071275544316,0.05069988953442106,0.029357186782519314,0.030503581709473076,0.042118402163187074,0.06286862035115859,0.025054931640625,0.01362635015131353,1.8828160544905481,0.5355677532642571,1,5
2020-05-27,XLF,0,0.043364961119530365,0.042451029596560996,0.025727676171174052,0.030351801851248045,0.06356618897951205,0.09497996281227405,0.02324613791595283,-0.0012453585079070645,0.12156988699501237,0.5886879008204173,2,5
2020-05-28,XLF,0,-0.015793507158896603,-0.015919553497133254,0.03081748169783428,0.028470079431785783,0.03207820441998055,0.06307531157869661,0.03000409143137931,-0.026715972896364175,-0.16401335734011846,0.30300966847870203,3,5
2020-05-29,XLF,1,-0.011402026989104641,-0.011467528474625954,0.03219022064247866,0.0292007212618326,0.007922268281599809,0.040583268871433376,0.019230802148522307,0.0004273602155923471,-0.1439224885101993,0.14003401920554048,4,5
2020-06-01,XLF,1,0.011533532639540489,0.011467528474625954,0.030931315172332535,0.028584482010078453,0.004326173339686212,0.040421858003306,0.01914896863572141,0.007659587454288564,-0.39496602237578904,-0.2938891091139073,0,6
2020-06-02,XLF,1,0.008023382547160729,0.007991366351520757,0.023463182214806307,0.025066126753954806,0.005475848557852769,0.040812562614104486,0.014231902941580362,-0.00083710970807745,-0.0008818074011007759,-0.26801431925546104,1,6
2020-06-03,XLF,1,0.03728539085452032,0.03660709953743746,0.021161594250672853,0.023798764468147257,0.03685083470092021,0.06490035730568033,0.021721339956210714,0.014754123605730082,0.4764840373729382,0.050133974339375165,2,6
2020-06-04,XLF,1,0.021809545394856578,0.021575119615746097,0.017949596973056314,0.023782973980860222,0.045281862614821033,0.07321635427008477,0.03155334955351297,0.023462780736920215,0.25704012604527793,0.24087056566471743,3,6
2020-06-05,XLF,1,0.03715405046692832,0.03648047218437922,0.013797425186745853,0.02396556615729364,0.059345992935483594,0.09342446513093305,0.02539209438911179,-0.02016433538766219,0.39235624662439506,0.5575491941481432,4,6
2020-06-08,XLF,0,0.01905484080284303,0.01887557104841653,0.012568030718608928,0.02272798558495833,0.05350248022551196,0.09232024639255809,0.016122924506826657,0.002624660465840759,-0.40895912167956117,-0.12239998985767075,0,6
2020-06-09,XLF,0,-0.021316391553603542,-0.02154686698284536,0.02396365993862621,0.023186555429960634,0.01269248022358993,0.05562499494994455,0.018383743049244804,0.002297949618530282,0.1561014914369403,0.03209688556848089,1,6
2020-06-10,XLF,0,-0.03744740703904681,-0.038166572275665445,0.03162955627182068,0.025394153415622095,-0.028463434319608738,0.011484099317078833,0.038047646183756105,-0.031898536091624276,0.19406655600211553,0.24719055865690476,2,6
2020-06-11,XLF,1,-0.08177851569691952,-0.08531664915815407,0.0470784123799842,0.037196188374194784,-0.09272770758469184,-0.06917785528728293,0.05291668574015299,-0.036250034968058266,1.1030122987237583,1.284750606013651,3,6
2020-06-12,XLF,1,0.03026363172590396,0.029814722623075163,0.045163699401588014,0.03830672441380156,-0.04725738916059319,-0.04262593895388023,0.03491272532141719,-0.009559415932735122,-0.45305096247972043,0.20189467079769674,4,6
2020-06-15,XLF,1,0.013848113446966348,0.013753104449390818,0.044137028648440366,0.03837458494509288,-0.013716565801412006,-0.031236267772852933,0.05562801711922056,0.049978253241684444,-0.27476551513730274,-0.15990240751449414,0,6
2020-06-16,XLF,0,0.015728662398293958,0.015606248919589394,0.04674332709965743,0.03857043876373301,0.015308349952117828,-0.018635424105134413,0.04657643460212762,-0.02308916816595755,0.1692644601733544,-0.06489524738637387,1,6
2020-06-17,XLF,0,-0.01507765904265701,-0.015192482585888012,0.04471039168947585,0.0369901303210378,0.00851196741487481,-0.031146150838969433,0.01950432497685761,-0.017878932269206945,-0.47909523840353385,-0.5037570069412994,2,6
2020-06-18,XLF,0,-0.0012410422326513126,-0.001241812963301836,0.017357251196329936,0.03606367475957805,-0.001158489810611063,-0.027828069715368775,0.021312169760880816,0.00877555711636309,0.08674577288360097,-0.4428567345368656,3,6
2020-06-19,XLF,0,-0.00662799732949193,-0.006650060045577444,0.013258731261571143,0.03303155686377836,-0.009008963882505938,-0.025401288156040258,0.03658542731392981,-0.025203285756874305,0.6322433074918514,-0.05983595295410782,4,6
2020-06-22,XLF,1,-0.004951979288643438,-0.004964280966654133,0.011347878666449243,0.03165331417127296,-0.011475489555227258,-0.018746971203622675,0.01478034077747009,0.00126684032560245,-0.5202439544402171,-0.5347793663518217,0,6
2020-06-23,XLF,0,0.004638865733029629,0.004628139354745375,0.007256785418597437,0.03176459401000613,-0.0021934525793669835,-0.005202965733884901,0.017449110162816417,-0.010386373210206462,-0.014825942269374837,-0.5204445000090896,1,6
2020-06-24,XLF,1,-0.035264077408950434,-0.035900870439670385,0.015472167549310054,0.03154848730429139,-0.02894549112545397,-0.03199472080253196,0.025946431493530226,-0.02254362745579247,0.9106226532172499,-0.06414109848730432,2,6
2020-06-25,XLF,0,0.026544793615126183,0.026198593753344213,0.02229968135443925,0.01984509997731612,0.0001866121922713404,-0.008831943337377801,0.034061082632757506,0.030131028190030232,0.22159115470945223,0.31029516354658515,3,6
2020-06-26,XLF,1,-0.042814894553328986,-0.04375848361362511,0.028677993556997912,0.02194651414152755,-0.03239636686488667,-0.046867709372441224,0.03191029556171745,-0.026304467283461034,0.12476487833559724,0.4800096948741337,4,6
2020-06-29,XLF,1,0.011071681499404074,0.011010839106938342,0.03028502565811772,0.021704525566375494,-0.01424876900008909,-0.03150374753803853,0.015337440234458452,0.0004382221303931077,-0.44250079260013986,-0.1512202994472076,0,6
2020-06-30,XLF,0,0.013578584725172815,0.013487221866681942,0.031399472795521716,0.021488148454042347,0.005038085510986612,-0.013143078816272857,0.02686035788614363,0.018934404337769536,-0.12233185881045505,-0.208933211290509,1,6
2020-07-01,XLF,1,-0.00864299373462396,-0.008680561024167588,0.027015684717323813,0.021248323801043755,-0.003302090634916821,-0.017159041653102447,0.02065402525661185,-0.012908745267432194,-0.002519244688235278,-0.2152040044373832,2,7
2020-07-02,XLF,1,0.0013077703740178581,0.001306915987155488,0.02283877408480848,0.02130524988054397,0.0034073140627997045,-0.011566924221537711,0.0260128183584374,-0.020469144305682013,-0.15964218359247806,-0.33150279235732705,3,7
2020-07-06,XLF,0,0.019155642376985638,0.018974482888049593,0.011003274022953745,0.022494453448186336,0.015266046395234767,0.00918237121287735,0.016183950944421908,-0.002981247708216595,0.18547300553283796,-0.1639474107653126,0,7
2020-07-07,XLF,1,-0.020503864850896503,-0.020716987343862847,0.01615041949094232,0.023280600265409544,-0.006412733189881559,-0.008174759977300772,0.015503820570566686,-0.012489191074692416,-0.2731099338495513,-0.38878978958115173,1,7
2020-07-08,XLF,0,0.010466168284721578,0.01041177712760799,0.01559377897948348,0.02356680559262134,0.0037253597714381748,0.0050315202214699095,0.0170156801199932,0.010907504326693868,0.21079685649005153,-0.2659163932851806,2,7
2020-07-09,XLF,1,-0.021147789393202054,-0.02137460739078323,0.018185395761820475,0.021738759392013578,-0.015283039154921019,-0.014940822847088198,0.03108805345846946,-0.020725368972312974,0.34154443022201453,0.011476161047741629,3,7
2020-07-10,XLF,1,0.03439153685622709,0.03381336674852431,0.024631714950449256,0.022955020465187968,0.014267192890645042,0.019512520228187835,0.0361711377178906,0.03484777262990899,0.3270895133333427,0.3730932713186861,4,7
2020-07-13,XLF,1,0.004262549486635958,0.004253490556209272,0.023275358674619682,0.017433586789851574,0.017271146925315284,0.01951627927169186,0.020622885791159937,-0.008417540446667971,0.08520170350463685,0.5381005444060496,0,7
2020-07-14,XLF,1,0.005093510166885862,0.005080582124802113,0.019779970362814623,0.017280987343576592,0.015873158606710236,0.0209538679944834,0.021312873807012734,0.009377716508468921,-0.0001834377204545934,0.4644945994883116,1,7
2020-07-15,XLF,0,0.019847746880840234,0.019653348390756165,0.020662127586918114,0.017781765596601454,0.027397149448762592,0.03670308591303817,0.01525776656632571,-0.004123727070916559,-0.11619691163023105,0.24126567107881058,2,7
2020-07-16,XLF,0,0.0,0.0,0.014247372541383982,0.017279058662575224,0.014705796183014819,0.03134600941479371,0.022974069540144946,0.008771891386297446,-0.17538631078445877,0.004052862535840918,3,7
2020-07-17,XLF,0,-0.008281525675905677,-0.008316008019242371,0.010235740452560722,0.01778318258873826,0.0021758909717120023,0.0185421028649575,0.011570197126839469,-0.01033057818671051,-0.37019088492671925,-0.3643834905553921,4,7
2020-07-20,XLF,1,-0.004592998650244207,-0.00460357887762175,0.010959413744278374,0.017157824798362503,-0.004759213925664807,0.01201329201174195,0.009655732375441805,0.0008396497909283231,-0.14682394563840007,-0.44253115163309387,0,7
2020-07-21,XLF,0,0.01971481175897405,0.019522991887111818,0.01350773785607761,0.015982256312065533,0.009551492516790772,0.025954798897149578,0.01916670799255371,0.012916644414265951,0.15858660871818908,-0.3565201961748832,1,7
2020-07-22,XLF,1,0.0,0.0,0.010828148507257378,0.015998183956913426,0.008211676993116646,0.021042405989467605,0.009094638631559782,0.004960683308618227,-0.04417815806398184,-0.3775311165103282,2,7
2020-07-23,XLF,0,0.0008225976545710445,0.0008222595065472404,0.010808397338902657,0.013300293641947071,0.0075367672119055484,0.014849275838691778,0.011953792474967228,0.0028853954725393295,0.12329029151120463,-0.2793375624547114,3,7
2020-07-24,XLF,0,-0.0024660251729973215,-0.0024690708212014023,0.009749282162342875,0.009456430491992485,0.002395503102079255,0.008937790236534848,0.01190961000556695,-0.003285417759867239,-0.1737014710684529,-0.3549800616751758,4,7
2020-07-27,XLF,0,-0.008240579079766608,-0.008274720343444564,0.010535771771623828,0.010137635506554494,-0.0077499865640652255,-0.0014934077715844651,0.013245020564786776,-0.0037251719021650143,0.04399499582985822,-0.2576083583324713,0,7
2020-07-28,XLF,1,-0.002492750254269982,-0.0024958623290110005,0.0035440821244087537,0.010179957385075402,-0.00776922048417128,-0.0053440497998925585,0.00917436300678962,0.001251071193419631,-0.1785802202497898,-0.31041198840681883,1,7
2020-07-29,XLF,0,0.018742082883116185,0.018568614139661932,0.010296129007514258,0.00996136341277151,0.009575632357226915,0.011998249915185166,0.023362514892955724,0.02044221047787718,0.031695904779406536,-0.20471960457838256,2,7
2020-07-30,XLF,1,-0.01798850294207721,-0.018152262897914717,0.013454317852822473,0.011698985269325588,-0.006041567364263867,-0.005671269705281756,0.015000025431315104,0.0008333524068196615,0.47964463054511186,0.23228048778539567,3,7
2020-07-31,XLF,1,0.00041652848359885475,0.00041644175969102193,0.01351716791195574,0.011373169631357184,-0.003648576419669425,-0.005586428924586828,0.01457727522420879,0.0008330053133282836,-0.0718349612739052,0.13576904563119196,4,7
2020-08-03,XLF,0,0.0029129905856273286,0.002908756049999628,0.013126489258569322,0.011254724146341726,-0.0009947630505979799,-0.003761615315822864,0.013675998447245841,-0.001243215099056056,-0.14234604187493394,-0.032164218711193016,0,8
2020-08-04,XLF,1,-0.004149528570663308,-0.004158161755049239,0.01323563961247974,0.009226321718189066,-0.005057671643790784,-0.00662254841194454,0.007083336512247722,0.0,-0.2844835408228076,-0.2820572199069773,1,8
2020-08-05,XLF,0,0.01374993892134424,0.01365626619726834,0.011547800902231675,0.010384274761854103,0.009711043188747714,0.006952984885719493,0.010761598945526722,0.007036427043361708,0.13351910620919294,-0.16758856491186425,2,8
2020-08-06,XLF,1,-0.0004107870775938993,-0.0004108714737185437,0.006777930710304373,0.010382467925507432,0.006789283016689351,0.006580978156912609,0.01113403949540915,0.002886585353576031,-0.05006497287776779,-0.17621538790669444,3,8
2020-08-07,XLF,1,0.02138143561924144,0.021156059639602542,0.010581388650903144,0.012310903953388715,0.021465550822869384,0.02568335696495927,0.02933888303460734,0.026446254936840753,0.9115819226100244,0.4928208632886544,4,8
2020-08-10,XLF,1,0.007246607347527245,0.007220476850862134,0.010369330799836407,0.011787718746289927,0.021141312230120723,0.02907928840178764,0.009607677162378288,0.0016013177045784157,-0.2822418597597579,0.06551435530965533,0,8
2020-08-11,XLF,0,0.011590539881814355,0.011523884130775208,0.008055481041344957,0.01177495846756545,0.0220481119651168,0.03547027802963254,0.018438576601598568,-0.007061604817263803,0.6233479545999767,0.5868473331810138,1,8
2020-08-12,XLF,0,-0.002765589049512962,-0.00276942035641925,0.009713546404320105,0.01099528347074435,0.011785502662321257,0.029321898829423043,0.027562150058727235,-0.02018635299469652,-0.2028915950140051,0.20697774772322375,2,8
2020-08-13,XLF,1,-0.006339223951338235,-0.006359402152784188,0.011160652201029875,0.008922991689828104,-0.0007172113636790822,0.018394442508229414,0.013173650050169742,0.0011976322378933612,-0.40091268437380945,-0.24793222731844944,3,8
2020-08-14,XLF,0,0.003987301833365153,0.003979373613226311,0.007296250219694609,0.008818335796431705,0.0005563162897819218,0.017702752521481235,0.014823675699368833,0.008814151793778926,-0.19719213570870897,-0.36670316510680445,4,8
2020-08-17,XLF,0,-0.016680125305903237,-0.016820805161811503,0.010670790151307653,0.011136491165235036,-0.014095873695328609,-0.0019350034963411256,0.014348370193789357,-0.01315264733754962,0.8883611711326207,0.16863419694562265,0,8
2020-08-18,XLF,0,-0.006461862381788586,-0.006482830592446476,0.007483234754419565,0.011318442567212879,-0.014896671925621607,-0.010776883482882305,0.010492341472046684,-0.007263934632285438,-0.3351218233234077,-0.2309918358744556,1,8
2020-08-19,XLF,0,-0.0004064501543685761,-0.0004065327776214822,0.007779236054933517,0.010623112430684352,-0.01014404148668635,-0.01221172863168185,0.017010938323577324,-0.0040502381250168504,0.6857179071896344,0.22977253178139811,2,8
2020-08-20,XLF,0,-0.009353529597168841,-0.00939754855859709,0.008005044687655977,0.011130063882793235,-0.013685369167819816,-0.021608232168516595,0.008638382932375585,0.0020568138834897907,-0.23829184991110697,-0.08667657871311563,3,8
2020-08-21,XLF,1,-0.0020525333342585883,-0.0020546426676149032,0.006470808132265977,0.008282133784897925,-0.0087261608040754,-0.021533569220078763,0.012335573526879029,-0.00041119362694581717,-0.22456187302708497,-0.24975651023399847,4,8
2020-08-24,XLF,1,0.02385854797085485,0.023578380328344473,0.013196741936467147,0.011435886297705256,0.01384929265922108,0.002335701006037194,0.020449897112391275,0.017995853291584374,0.44305670283910237,0.06998402708368956,0,8
2020-08-25,XLF,0,0.002812341090588699,0.0028083938582943446,0.012498519083295405,0.010722573486982525,0.013727542775284096,0.0065733477914633465,0.014741069068132544,-0.005577740831447452,0.08284503900146833,0.20545944025482799,1,8
2020-08-26,XLF,1,-0.004807732193266245,-0.004819326514207578,0.012943001089609375,0.010772070927489002,0.006809309446004219,0.0033525352625083382,0.008433698300797463,-0.0024096171430352934,-0.4451788568873344,-0.2874139860926841,2,8
2020-08-27,XLF,1,0.016908183383824493,0.016766831165625717,0.012456918405712785,0.012054494311816355,0.01641713922583543,0.019576114948903767,0.022562428397578143,0.01772766073600604,1.1687201842945059,0.4407418583135423,3,8
2020-08-28,XLF,0,0.0039588891855664166,0.003951073404856675,0.011582733160795349,0.012053657776936845,0.011890520446212749,0.022869360758157598,0.011792497567268339,-0.0031446510230593496,-0.26019087053272527,0.019690761863740525,4,8
2020-08-31,XLF,1,-0.011829751232779517,-0.011900279513050727,0.010754165217744069,0.011350167765931445,-0.001434554035407487,0.009547497523557658,0.011049750787665732,-0.011049750787665732,0.06280989046300034,0.08630105749045525,0,8
2020-09-01,XLF,1,0.002793516303549959,0.0027896216883092073,0.010753554102142324,0.011022939549657662,1.34531873197119e-07,0.010210760678613262,0.014841513331548142,0.008022416893003328,-0.19561989322413365,-0.13790935928868875,1,9
2020-09-02,XLF,0,0.01432537235474629,0.014223733732270372,0.01137643447367044,0.011606628272280562,0.009105302465325371,0.020988538304850923,0.021098752744376188,0.014729256350457076,0.15216444912824922,0.017079672518510502,2,9
2020-09-03,XLF,1,-0.01529999626143963,-0.015418248931731604,0.0122004145679939,0.012467886125802605,-0.005073641192492873,0.0023962704017779224,0.04173165835784718,-0.02106080425246512,1.031807154286894,0.8601780075733747,3,9
2020-09-04,XLF,0,0.007569474469681259,0.007540969751262505,0.012680277978934985,0.012400018359095039,0.0030140670709704054,0.0060464935735329295,0.03131120032476437,-0.010176059855065388,0.1290578270523497,0.8371605617034645,4,9
2020-09-08,XLF,1,-0.02570179682813989,-0.02603785877725695,0.016671559739269405,0.013453290302493807,-0.019498679426745547,-0.018834919364096092,0.021964901130180195,-0.015974501248155495,-0.23777310754193082,0.32646831156113554,1,9
2020-09-09,XLF,0,0.01014621745819655,0.010095090135628038,0.01763570440330486,0.01387314062920479,-0.007654837684245908,-0.008603466391324144,0.014475295464552115,0.0008041234314512193,-0.3821858217731994,-0.17672928908774355,2,9
2020-09-10,XLF,1,-0.014061790346117986,-0.014161594037035208,0.015601889837239426,0.01450917718041907,-0.014140980380708768,-0.02137489968010553,0.026031222923688254,-0.017220601107392746,0.06104791174514346,-0.1593650003361613,3,9
2020-09-11,XLF,1,0.006927148911357595,0.006903266443512024,0.01597511328976911,0.013434787812338858,-0.004191325257007272,-0.012429735715728363,0.01383239030281604,0.005288818599272026,0.24804693480896267,0.0446881045325902,4,9
2020-09-14,XLF,0,0.013759927896619839,0.013666119639108132,0.01719471588975546,0.014259505250947959,0.011467452163137049,0.0024010817838528986,0.016446042615049155,0.004813434834168548,-0.2636142811575838,-0.2328469780747694,0,9
2020-09-15,XLF,1,-0.013573162163915242,-0.013666119639108132,0.013418136395729604,0.014414576254820219,-0.0028250300679165674,-0.009817852197555377,0.017131486001619043,-0.015537900042622782,-0.05019697771505849,-0.2671695674219755,1,9
2020-09-16,XLF,0,0.011331740537286583,0.011268017310339218,0.013636810258012003,0.014928460786931498,0.007661399428289251,0.0019647488913976385,0.022617179649206544,0.009289157516567396,0.2818825461876726,-0.08828757323101155,2,9
2020-09-17,XLF,0,-0.010404303365303846,-0.010458806503960805,0.012701150963633317,0.014239893687683344,-0.004348178428477234,-0.00542934647649862,0.01217035463298859,0.003245433060612136,-0.2380187347371776,-0.30417057818544146,3,9
2020-09-18,XLF,0,-0.002021909660522736,-0.002023956479314304,0.012391000275746212,0.013561242073669351,-0.006121224704434769,-0.005760865619057753,0.012131061462286248,-0.0020218050135889917,0.30364936980027135,-0.04115483076492776,4,9
2020-09-21,XLF,0,-0.02505581490879849,-0.025375055683213965,0.013575530318000349,0.01496156171826127,-0.023248174058650872,-0.025851722367431162,0.025384960171497863,-0.004161480591438394,0.17178060258770445,0.19563766940004057,0,9
2020-09-22,XLF,0,-0.008357784188723905,-0.008392906299252711,0.013230939187832264,0.01317655285058934,-0.02468520357974402,-0.030935297898669778,0.02387933283552095,-0.005865156768949931,0.1694738982094477,0.39855866333505996,1,9
2020-09-23,XLF,1,-0.022334345882245032,-0.022587534352409566,0.009737349568995347,0.013538344517309545,-0.033330905005204525,-0.04652851095825805,0.03153910758384413,-0.024390239989848864,-0.358070753238767,-0.10512706593943733,2,9
2020-09-24,XLF,1,0.0021549647068030975,0.0021526461007712605,0.012109894904344885,0.01348697673456631,-0.020268843861378838,-0.03991344062036162,0.02757429620394053,0.0017234346016887228,0.041077695389858615,-0.06989646826856533,3,9
2020-09-25,XLF,1,0.010322329085486137,0.010269417647963852,0.015274111455956819,0.013851607931139116,-0.0012757449441460622,-0.02563823942120036,0.023396837520093066,0.017764291541049276,-0.18554721715449563,-0.21232161694268537,4,9
2020-09-28,XLF,0,0.023840221633689707,0.023560480881963386,0.017620280138484268,0.015580361089527905,0.02149172216235451,0.0011745804786034153,0.016792595451509944,0.009655732375441805,0.3645044387375995,0.053546891715003264,0,9
2020-09-29,XLF,1,-0.012474210481615233,-0.01255266657989118,0.018258724351780786,0.015504399793667521,0.008578091056018033,-0.00790774549152673,0.016680551549875897,-0.00959130719878566,-0.15210458015874917,-0.11382449628544111,1,9
2020-09-30,XLF,1,0.013473771015439118,0.013383806965206357,0.01358479038353439,0.01574198233291306,0.01466993812970463,0.008760196830200906,0.018029362612080723,0.00922428972057463,0.25316802752259115,0.10206779945966926,2,9
2020-10-01,XLF,1,0.0016619393879284683,0.0016605598948751243,0.013634652353623327,0.01558029015221828,0.009040049794132754,0.012493521408760033,0.016963171126103523,-0.002482394114728638,-0.014477268844725666,0.054028367657664944,3,10
2020-10-02,XLF,1,0.007880504037087066,0.007849615039602131,0.013545677346741959,0.015881968634709975,0.010143030926147656,0.021523477979410455,0.02984451300957635,0.021437507436173977,-0.03646255441633306,0.012899551462418613,4,10
2020-10-05,XLF,0,0.016460792535986757,0.016326782300559284,0.011479768139300737,0.01419990909778075,0.021251912998341282,0.03498839787061825,0.01263764225900674,0.006930292357737106,-0.07032560547026023,-0.03772904728124238,0,10
2020-10-06,XLF,1,-0.010121591307315159,-0.01017316289877268,0.010576661896220594,0.014370222614225919,0.005097258188678344,0.021431061972734033,0.028904027208546637,-0.018466442685283493,0.5006339996978528,0.43500773546416927,1,10
2020-10-07,XLF,1,0.01676892353747328,0.01662987742199018,0.011250039598567085,0.011769156074771837,0.015356838532615269,0.03140673536056404,0.012155560508547983,0.007293367218396362,-0.39126451135627094,-0.12579675414568825,2,10
2020-10-08,XLF,1,0.013676984485233357,0.013584298684851781,0.011233431627419707,0.011806419789456495,0.02016055520983495,0.03712264072983751,0.01279998779296875,0.008000030517578124,0.07118992403633184,-0.06528416050319963,3,10
2020-10-09,XLF,1,0.0011902281046769492,0.0011895203447478409,0.01177552967173851,0.011971656065439802,0.013741572926123657,0.030974146919868994,0.01341752764564082,-0.0043409869648453215,-0.09739913923356747,-0.1644602543893794,4,10
2020-10-12,XLF,0,0.011097949274418317,0.011036818900735934,0.010983732046000968,0.01060846965336744,0.018363321301950508,0.03623368209600142,0.015073426494064597,0.011900085494011637,-0.11724029243767253,-0.24187883536463894,0,10
2020-10-13,XLF,0,-0.019208053818434045,-0.019394925312731903,0.014586743307993713,0.012027531383746074,-0.00572237153349564,0.011113468588683562,0.022414458827521383,-0.016122683542739158,0.3145212207770718,-0.01502042544902793,1,10
2020-10-14,XLF,1,-0.009592427853744923,-0.009638731537560119,0.013883418361364037,0.012486328568886713,-0.014633420528707086,-0.0014506713522346448,0.01517568477926706,-0.010383395342474185,-0.18873824485158452,-0.17709517563894484,2,10
2020-10-15,XLF,1,0.007667516992308165,0.007638270984933193,0.012536844589130338,0.012560016501412407,-0.005258521804021088,0.002730757534899597,0.019144575477011982,0.0171079466128828,-0.14995243169967865,-0.2709379548189269,3,10
2020-10-16,XLF,0,0.0008009346285184904,0.0008006140515419702,0.01251506237765345,0.01249014036711326,-0.0025544984010941185,0.0007609121695724141,0.011190998168426962,-0.0011990681893132675,-0.03683244790715989,-0.26797128879700516,4,10
2020-10-19,XLF,1,-0.015206083812616789,-0.015322881844843206,0.011169487390232973,0.0126756538704294,-0.010613512323991325,-0.014101414056021389,0.020733670627812017,-0.018740004576724124,0.07194865298875919,-0.19181334307917441,0,10
2020-10-20,XLF,0,0.008126850388214368,0.008094005370632207,0.010431432519651238,0.012414265691589177,-0.0008858988903364118,-0.007520537687088713,0.01372628769901069,0.0016148166103959046,0.5653748633371327,0.31740054290436204,1,10
2020-10-21,XLF,1,-0.005239860649843386,-0.0052536368643605336,0.009762090521811944,0.011315151862378985,-0.005319999662578123,-0.01200960531530293,0.01009285407266282,-0.0036334336263478687,-0.3415866817051768,-0.11615435222248072,2,10
2020-10-22,XLF,1,0.019854028744163088,0.019659507980749336,0.0132820690410005,0.012310162094634702,0.012795674044704608,0.0077270341058952585,0.021888970971112597,0.020267531351994734,-0.108230716452405,-0.18223085786097815,3,10
2020-10-23,XLF,0,0.0031784489970394514,0.0031734084060426326,0.013285861839379057,0.012348431201756022,0.013893337895326319,0.010849094866135056,0.014212420506746313,-0.0031583073015007666,0.14124641246412462,-0.05312552758475586,4,10
2020-10-26,XLF,0,-0.0225742180380355,-0.022832916386791968,0.015852003134671784,0.013562060651209067,-0.009551307366599704,-0.008676075430032903,0.019284835436193554,-0.008437086766663132,0.19786794758353343,0.11529896626234626,0,10
2020-10-27,XLF,0,-0.018233592325580417,-0.018401872982828138,0.017086987153115796,0.013437340772770416,-0.023062792078825778,-0.02365330271700805,0.018646169047373297,-0.017835449237814365,-0.1468441232173966,-0.01953763276143794,1,10
2020-10-28,XLF,1,-0.025587878814160137,-0.025920942463236063,0.019525689011623992,0.015137620837956651,-0.03977540749965469,-0.044129489827613555,0.01939295974440884,-0.004637382216996938,0.93754136531021,0.7496459588953721,2,10
2020-10-29,XLF,1,0.007623902432989382,0.007594987359642147,0.015385881005648326,0.015133660498206757,-0.02147079913923533,-0.032218622075093295,0.030148582058352396,0.010191154405181767,-0.31784567518924656,0.15009763152215116,3,10
2020-10-30,XLF,1,0.0029422710155875276,0.0029379510079041715,0.015331280385684569,0.015235356825208539,-0.0072397927658590655,-0.02488869142263983,0.018181831378925983,0.00887953468112316,0.08723263129551917,0.19165473151256784,4,10
2020-11-02,XLF,1,0.01886005441531724,0.01868440861216758,0.018494873107803986,0.0163464499945102,0.014607678843489014,-0.005278467222868177,0.018961293795605662,0.002060974302919509,-0.016393442622950838,0.12719675394469543,0,11
2020-11-03,XLF,0,0.022213211003591304,0.021970091357346178,0.01894011634495315,0.017774911084996427,0.03180542008110976,0.016651090688712955,0.01494349094560197,0.0036349011209986988,0.2256540162122329,0.3522084910092944,1,11
2020-11-04,XLF,1,-0.01167018244411433,-0.01173881350378414,0.01353323787150713,0.01811087535348321,0.011782084113904023,0.005280126893492776,0.03318310000023442,0.0061450069425615355,0.09473634106686113,0.3796202868937857,2,11
2020-11-05,XLF,0,0.024430016200543747,0.02413637616400255,0.015379496676926561,0.018725175156584478,0.024930745076840122,0.029881285548185144,0.023011694965292723,0.015744827712596988,-0.24548899624016274,-0.0007520616535992009,3,11
2020-11-06,XLF,1,-0.007949196769806766,-0.007980960074939425,0.017494788329453892,0.01885330814087344,0.0077518682671609,0.02290882413197859,0.017009505280707313,-0.01265829088137235,-0.07823203012330482,-0.10031688395422156,4,11
2020-11-09,XLF,1,0.08213152008384172,0.07893272579506183,0.037590700437804096,0.030816589542372264,0.06725148748130305,0.09645209272586652,0.028910329869518404,0.0011119602355271613,1.681102601857412,1.0771697016092294,0,11
2020-11-10,XLF,0,0.005183327272554772,0.0051699400719820154,0.038312012081501874,0.029330926898787295,0.053632505809522835,0.08922417674489957,0.017011799885276933,0.004067999233674747,-0.4731982219691373,0.0414667820412149,1,11
2020-11-11,XLF,0,-0.004051624504363693,-0.004059854572545429,0.03694289431231603,0.02697531046528097,0.029546161196171816,0.07008588922443293,0.01611723613018654,-0.009523748307664705,-0.24214920700001863,-0.18682550939015663,2,11
2020-11-12,XLF,1,-0.016641888305416574,-0.01678192030037895,0.04012644813404293,0.028649224934806032,0.0015066997323780473,0.040745370532549785,0.015724451167731572,-0.004492659528188629,-0.03579025673814673,-0.21771398273064502,3,11
2020-11-13,XLF,1,0.016547498544249972,0.016412080534409235,0.038588308880164436,0.028518059403578922,0.002447712633461663,0.04500120511892702,0.013785355058915327,0.007079006444763283,-0.28217643439421813,-0.4232159924297403,4,11
2020-11-16,XLF,0,0.022197444197355365,0.021954667052844545,0.01564297316374108,0.028614853587384005,0.020008763211145864,0.05466059182105898,0.013352542190883547,-0.0028870417303940936,0.5001865348487069,-0.1373902761825656,0,11
2020-11-17,XLF,0,-0.001447806044491351,-0.001448855128364901,0.015865642293687945,0.028768174238531195,0.015233873813617516,0.04223315205906619,0.01866765133890011,0.009882886558553789,-0.05738045861143548,-0.16976160520465966,1,11
2020-11-18,XLF,1,-0.009423622304410961,-0.009468305573476776,0.016652098952552163,0.028580731933832617,0.0035249506324499524,0.02172037548976613,0.022366553195934044,-0.014069242399315281,0.12403795872153922,-0.04712814136578691,2,11
2020-11-19,XLF,0,0.003293091105932122,0.003287680756012268,0.012980947827641242,0.02826502121001323,0.0007299182294016049,0.016496705202261763,0.01581464864765898,0.00845897527468731,-0.340655840309367,-0.3556482899246831,3,11
2020-11-20,XLF,1,-0.008752752670513786,-0.008791283005927575,0.012886035410471857,0.02831959919344085,-0.009114106551044499,-0.0006251371201099198,0.009897307317415597,-0.0036657030407876846,-0.15298507462686572,-0.438265434958659,4,11
2020-11-23,XLF,1,0.018763989259341418,0.018590117266966022,0.011502819448955521,0.01312902462207631,0.00903740302868572,0.015587862190634683,0.013803162318828732,0.005811835939754389,0.2975832213875276,-0.13625953194276952,0,11
2020-11-24,XLF,0,0.035030482538755514,0.03443087801190492,0.01905692575083444,0.016697647336622875,0.03630309285272171,0.045374880796983375,0.020944272310613046,0.01739438302417742,0.17568174588639018,0.05935149133507078,1,11
2020-11-25,XLF,0,-0.0034889217587134036,-0.0034950222397664987,0.01786490246674636,0.01666260091166727,0.023582699718869504,0.035983923031081666,0.01263160036321272,0.0021052444190309758,-0.25873683243909795,-0.18668618421194672,2,11
2020-11-27,XLF,0,-0.0031513396486192446,-0.0031563155760512274,0.018594366114130286,0.015137356805187066,0.012734824218482599,0.02572426303267039,0.00805320541096652,-0.0031512659058420232,-0.4031315397105605,-0.4811856438261338,4,11
2020-11-30,XLF,1,-0.020723656118192157,-0.02094140469766037,0.021743278268904882,0.016988783443572332,-0.01316726389997247,0.0014008220248178382,0.01943460254021102,-0.014840992495290601,1.68795309326494,0.32452825088750314,0,11
2020-12-01,XLF,1,0.015423222056122565,0.01530549312991969,0.021271790425545823,0.01626819116413836,-0.0023259580856248574,0.014368112731804938,0.009859112079500978,-0.003169019499886466,-0.25580564832152575,0.010782761515115036,1,12
2020-12-02,XLF,1,0.010950166195817568,0.010890647226843964,0.014222861246814858,0.016401353291211403,0.008883161868414424,0.021704933010520344,0.01591796093571945,0.012380628786781905,0.06484276135262479,0.0889853350651959,2,12
2020-12-03,XLF,1,0.00034950460292426655,0.000349443540418104,0.014103925275408,0.015806766910039016,0.008737969014680491,0.01734066796327971,0.011871513960673454,-0.00034917001029861726,-0.13755963794417436,-0.019937197363641745,3,12
2020-12-04,XLF,0,0.012224790640248617,0.012150671337723296,0.014751241186015477,0.01596562675939658,0.017413210533228973,0.02410053609637086,0.0079806194316604,0.005551694972461909,0.06349312028406562,0.03104009025520016,4,12
2020-12-07,XLF,0,-0.0069010835506071455,-0.006925006152472157,0.00934849745341044,0.015789631671732213,0.004047018083100928,0.01131502547911789,0.008677542680815959,-0.0010412627508840438,-0.343017200657901,-0.31547050185771097,0,12
2020-12-08,XLF,0,-0.00034748848118404396,-0.00034754886929588835,0.00812770857313641,0.015198091175348042,0.0004869337945865304,0.007141436672026824,0.011574883235944376,0.009119615110295394,-0.08671560078078977,-0.3487740703015568,1,12
2020-12-09,XLF,1,-0.0024331188148064564,-0.0024360836585781698,0.0070985913604450215,0.010605171684423848,-0.0025024084092374332,0.004550260619610169,0.012443850900587645,-0.007950208773249808,0.5046429644150054,0.007650714286167926,2,12
2020-12-10,XLF,0,0.0017422855447484231,0.0017407695259255007,0.007114666703395466,0.010532296357953051,-0.00159732541512414,0.005631691775527692,0.013693865985450304,0.009480353304193582,-0.13219905189369108,-0.11826684692055367,3,12
2020-12-11,XLF,0,-0.010087241979708894,-0.010138462948407145,0.00483378156358663,0.011031618115667705,-0.008086048768066068,-0.004477519430536647,0.010552273696408066,0.0010551804071354026,0.16751294847487674,-0.015213082209057593,4,12
2020-12-14,XLF,1,-0.01159524476528262,-0.011662993836440982,0.005958848431334504,0.009378201792736764,-0.015125137602582939,-0.016880566712550893,0.025312050567753666,-0.024618619558418372,-0.20560266963661666,-0.15889933511964027,0,12
2020-12-15,XLF,1,0.017063742678787408,0.016919792269240563,0.011518363272621901,0.009669669613872105,0.002804046713242414,-0.0011521381649598483,0.017636684066036648,0.009171083787772314,0.007866245114599657,-0.12267628254295293,1,12
2020-12-16,XLF,1,0.0017475461307152607,0.0017460209486013234,0.011545649114418702,0.009045473458712797,0.004838291402442074,0.0004536856440362502,0.0055826883553370555,0.0,0.44033032675201134,0.2690261604785358,2,12
2020-12-17,XLF,0,0.002791328046412689,0.0027874395246940686,0.01159975883406329,0.009083544918363943,0.007713851406862426,0.002861213481441638,0.0073145593353524255,0.0010449560293345048,-0.3073927931686894,-0.09831275336679013,3,12
2020-12-18,XLF,1,-0.008698500626627803,-0.008736553412025394,0.011311362974526316,0.008450087012699965,-0.0012618912267677862,-0.004159484316026196,0.015983355832049673,-0.010076473544418988,0.4562136953433962,0.3027789470554181,4,12
2020-12-21,XLF,0,0.013480002383935208,0.01338995547098687,0.010248985051854646,0.009447678512767729,0.006948208442911552,0.008932792440434767,0.02197422624481109,0.001743956642047211,0.38530601764262196,0.640644979944953,0,12
2020-12-22,XLF,1,-0.009749297133878287,-0.00979713269382243,0.009529320635407222,0.009979449202360838,-0.002747422289763324,-0.0002836869219079441,0.012526117370165736,-0.010438386898041198,-0.45528465749580693,-0.12604440501260705,1,12
2020-12-23,XLF,1,0.01652612670402842,0.016391056366905854,0.01216701486908417,0.01130049986887687,0.010876939099928817,0.014942249304625621,0.016427798089051378,0.010485817219871092,0.24489636773091283,0.07666232920344429,2,12
2020-12-24,XLF,1,0.00138355157022918,0.0013825953446451322,0.012185563017610099,0.011299587056477607,0.009709954834635548,0.015087142976009549,0.009320002214815656,-0.0006903193265116924,-0.694939770013705,-0.6536986646141275,3,12
2020-12-28,XLF,0,0.004836101005566196,0.004824444634915714,0.010428007527620829,0.010594033793150614,0.009298606194641179,0.017207606300468248,0.011320752247841473,-0.0020583007453709172,1.042486466305768,-0.26842069955231307,0,12
2020-12-29,XLF,1,-0.00343783528684094,-0.003443758221181703,0.009836271039243035,0.009634921092781962,0.003947837292578749,0.010142780067049495,0.008901069395104702,-0.0075316439661046964,-0.2808181618776048,-0.45604511827740934,1,12
2020-12-30,XLF,1,0.004484495047818671,0.004474469661258418,0.007367637476023615,0.008426331508305619,0.003722671807771416,0.012335326672292757,0.006531406865327287,0.0010313058263369897,-0.2961113229126954,-0.5966827240827504,2,12
2020-12-31,XLF,0,0.012362452392197909,0.012286661280992206,0.005766368947812415,0.008993429342224444,0.012153999324205245,0.021395665410536058,0.017881721428058422,0.013755145102465878,0.5790921181702744,-0.31425120192182043,3,12
2021-01-04,XLF,1,-0.013568501694015356,-0.013661395052639413,0.009847301934722951,0.010480990791166156,-0.0024698770646959245,0.0058176472921711575,0.026022320168738795,-0.017235560197766075,0.7944952799807923,0.20359875934466332,0,1
2021-01-05,XLF,1,0.004470400184698464,0.0044604376258416956,0.009812382354967057,0.0098276004597252,0.0011652970447881827,0.007276052294127533,0.01444788719308877,0.004815940526940004,-0.251047544614888,-0.04790496922363763,1,1
2021-01-06,XLF,1,0.04416292565187052,0.04321553633801534,0.021144900315321742,0.01617547823985948,0.03466985264129896,0.04534384311325157,0.03258311382059544,0.024521314444452845,1.899581459447504,1.5889630136566635,2,1
2021-01-07,XLF,0,0.014426367111177951,0.01432329717766434,0.020917865383953512,0.01531963963311496,0.03679386661397199,0.05141540565862246,0.012277901736605453,-0.00032310916430769654,-0.37076169454960106,0.5430292609286325,3,1
2021-01-08,XLF,1,-0.0006464553385766569,-0.0006466643809250883,0.021713066603841907,0.015290485007843777,0.026219744147730095,0.04360739655913637,0.018977167889746047,-0.005467998567371983,-0.1566036240319415,0.2964573809441331,4,1
2021-01-11,XLF,1,0.003234164764206904,0.003228946102326713,0.018216956294362582,0.015228080506036891,0.01644934038848045,0.039718459957911234,0.01894186504929487,0.013063344466593026,0.042825763271564066,0.2326541476591173,0,1
2021-01-12,XLF,0,0.010315734616809236,0.010262890532796387,0.017702640296595688,0.015238852817746586,0.012797176017755652,0.042581351529024536,0.012179459983154199,0.004487159814904046,0.06990938392377499,0.24372734897416004,1,1
2021-01-13,XLF,1,-0.0006378711377582613,-0.0006380746641063695,0.0067699173215790545,0.01503831532367665,0.006815084125970872,0.03390235317137713,0.009907301274272215,0.0009587337302373939,-0.0850898316338159,0.06815150074218557,2,1
2021-01-14,XLF,0,0.004469883329351276,0.004459923070629035,0.004518399727929165,0.015038680485939863,0.007945681029338347,0.030563143823500782,0.010506205836013196,0.0015918254474192983,-0.1004771214574679,-0.0970025307371758,3,1
2021-01-15,XLF,1,-0.01652889432136806,-0.016667020660720677,0.01012817553626566,0.016754665387343944,-0.008841577793641697,0.00870478127685459,0.015483917728547127,-0.0019354666433026714,0.37937698680281273,0.15651473501406432,4,1
2021-01-19,XLF,0,0.0025856186825525818,0.0025822817214016247,0.01008318559555353,0.015500502636992736,-0.006278820059815615,0.00495677124457683,0.011254031420471199,-0.002572344782147364,0.4179160719715651,0.5117148078782676,1,1
2021-01-20,XLF,0,-0.004190752448042123,-0.004199558261683389,0.008320597670420161,0.015869387845621846,-0.007582038467432439,-0.004672047321616413,0.01092545448004127,-0.007390791882466631,-0.42422827661783835,-0.15686278929120134,2,1
2021-01-21,XLF,0,-0.01068327024550797,-0.010740746096973286,0.008845973295659098,0.009170203393045242,-0.013366160890309398,-0.015495738526624558,0.01198577353982951,-0.010042156296187323,-0.22096979136779116,-0.2798224144725483,3,1
2021-01-22,XLF,0,-0.007199021590225008,-0.007225059586811522,0.0071409959456138,0.00791562467215826,-0.013333478708521196,-0.020690251029857998,0.008594985835808368,0.002975211655798037,-0.1323563725871464,-0.34671290384977427,4,1
2021-01-25,XLF,0,-0.00725087883699338,-0.007277294226260889,0.00499484394425972,0.00807080972215282,-0.0152356137326497,-0.02527415343528283,0.013981360302717299,0.0026631132246305498,0.8013472896013498,0.14898117609229855,0,1
2021-01-26,XLF,0,-0.007968170344424319,-0.00800008586567369,0.002315573180609836,0.007949348537791263,-0.015745375527925876,-0.02946042440966401,0.013888891516959666,-0.011904782178450757,-0.18759687653227752,-0.06485651370334988,1,1
2021-01-27,XLF,1,-0.029451204280168897,-0.029893598688194523,0.009576460808398858,0.009869003932566097,-0.0326884426006494,-0.05082972684111242,0.019002357617586233,-0.01594839919597519,0.5144546578121454,0.36226739459910773,2,1
2021-01-28,XLF,0,0.01862070178392483,0.018449459023794468,0.017036015804840782,0.0128315209717962,-0.007925839482309072,-0.027489711431220365,0.02042895665564968,0.005788221703652582,-0.25069593810076707,0.008347464030757923,3,1
2021-01-29,XLF,1,-0.019972936090312254,-0.02017509146446539,0.01806568052289793,0.012993429463034724,-0.01857757409720695,-0.03897226329446124,0.024439960729075946,-0.017311552524860923,0.24251141922239738,0.19833857187065473,4,1
2021-02-01,XLF,1,0.01312601320687845,0.013040613588121364,0.020719958915752523,0.014209464980252882,-0.0003409041477302477,-0.02112612353589005,0.011957648650357,0.002049862145679207,-0.4640042831203912,-0.33022551483223306,0,2
2021-02-02,XLF,1,0.024207374498512513,0.023919020272795244,0.02430423471468123,0.016918983284753518,0.022742765397745446,0.005859709976645533,0.017863184539354735,0.012470537185101853,0.293596265799549,-0.06940043615369784,1,2
2021-02-03,XLF,1,0.005659044942753155,0.005643092702587893,0.017242255362102957,0.017132258945078117,0.02012557083007871,0.01386040558448376,0.009333292643229166,0.006999969482421875,-0.1486795790870391,-0.19405323953604048,2,2
2021-02-04,XLF,1,0.022178074564798367,0.021935717860408932,0.017836304780383266,0.01840536808125946,0.03339799389374387,0.035234103266037486,0.019465528306948345,0.018805664957688133,0.36511585619285114,0.06428513926700097,3,2
2021-02-05,XLF,1,0.00032402496542305315,0.0003239724806713973,0.010300233334855373,0.01817647763152126,0.02048245820102501,0.033663602402783876,0.009967828364628875,-0.006752443384097632,-0.3900919415557438,-0.35146828017074794,4,2
2021-02-08,XLF,1,0.012949018631321252,0.01286589688392592,0.010300421025020727,0.01816312089408267,0.020481348382782594,0.0429651952450858,0.009680579110193236,0.009680579110193236,0.2676518840722897,-0.14984062661291453,0,2
2021-02-09,XLF,0,0.00031957877593447037,0.00031952772151422337,0.009333960639780741,0.01774220999213142,0.012486223632200977,0.03838366596364606,0.01025968866126816,0.003526729756955845,-0.3114325738417394,-0.3913301716538842,1,2
2021-02-10,XLF,0,0.0,0.0,0.010047918264617536,0.013318613668142468,0.005396346068277991,0.03052049605574858,0.011125250847272661,-0.005085818565426425,0.15869176694864762,-0.23184620652530652,2,2
2021-02-11,XLF,1,-0.0031946999994457714,-0.0031998139480813315,0.006254337623542807,0.01312378495802383,0.00012833729050032439,0.021644603156814046,0.014367840591448598,-0.003831383558557187,-0.17969593517671134,-0.32868376617884854,3,2
2021-02-12,XLF,1,0.010256420563220736,0.010204180376414573,0.007080168063044221,0.009596729597514274,0.006321555064935147,0.02350969046308493,0.013153668476373568,0.011228757799584226,0.19938576286059018,-0.12087260832662394,4,2
2021-02-16,XLF,1,0.017131789505179906,0.016986695204913804,0.008497386482861186,0.009886676248427335,0.018553749801825337,0.03189669589938027,0.016017535147271396,0.006909586044246414,0.8637900490700725,0.5349100332521592,1,2
2021-02-17,XLF,0,0.0049906484426642805,0.004978236435571937,0.008115756785074216,0.008346314881308494,0.01768786812258405,0.029820653159766453,0.012828471583488519,0.008135236034996864,-0.15238481100677692,0.28389007380453046,2,2
2021-02-18,XLF,1,-0.005896993726870248,-0.005914449653199316,0.009488429541506228,0.009306793719088926,0.007042599048834308,0.01782699397240539,0.013441710167313053,0.0012503597519504712,-0.25260457584984675,-0.03837011393182477,3,2
2021-02-19,XLF,1,0.011863949087082881,0.011794124166736086,0.008732789945991285,0.007743254421458374,0.011295557328452333,0.024919350118940198,0.00992554833016487,0.005272895784582258,0.20300875007192154,0.17867118114292624,4,2
2021-02-22,XLF,1,0.009256372595745521,0.009213794920471141,0.008669945125643078,0.007674919181374899,0.013132632875835215,0.028486957064659757,0.016718294993262866,0.0126934940277547,0.21280384387566276,0.3491462424661982,0,2
2021-02-23,XLF,1,0.0061144251548928,0.006095807908037987,0.006798236494991448,0.0072573022378749205,0.013988241924461908,0.029531430232231815,0.01153615919725981,-0.0009107097919716021,0.43077679121252466,0.7656591596537989,1,2
2021-02-24,XLF,0,0.019446997677447175,0.019260321135013747,0.009274979661104582,0.008306760284053041,0.02530414855619445,0.042216830237483016,0.021237887815027917,0.017900490563600702,-0.3003326569943836,0.16467961190404679,2,2
2021-02-25,XLF,0,-0.018181997157548202,-0.018349320958308546,0.014231510249803426,0.011416274048360568,0.0010939867471675413,0.01808054787665947,0.029272669645183522,-0.026020138263038155,0.39679639276006573,0.4869872046329655,3,2
2021-02-26,XLF,1,-0.019125591864608493,-0.019310851939405627,0.01729440529226969,0.01361448159670332,-0.01745530702362086,-0.004805037113116417,0.02432359582255267,-0.01763447938949997,0.11841166121050795,0.49175471294641304,4,2
2021-03-01,XLF,0,0.031259517915093626,0.03078088811758617,0.02243294719616259,0.016143178033162283,0.00951328806120122,0.020645582777209848,0.020085204965096564,0.013998754593076522,-0.3444523435658746,-0.06187807039519655,0,3
2021-03-02,XLF,1,-0.003601366849483756,-0.003607867382972696,0.02261353506004204,0.015838345952444436,0.004113205096241357,0.013430962247523492,0.009014515107027022,-0.0024037866373717467,-0.2604455938464907,-0.2850276315716076,1,3
2021-03-03,XLF,0,0.007831468702425015,0.0078009619231500515,0.020899590234455343,0.015891198312376318,0.012528109925693531,0.017516201282611776,0.020101954159542006,0.00390030741903068,0.4512113149418848,0.019951866261488815,2,3
2021-03-04,XLF,1,-0.011356910980183876,-0.011421893160050267,0.019629140663261834,0.016352188291024704,0.0001814424045498697,0.0027585044022513383,0.03266407514165079,-0.008690353914065854,0.39660085164808656,0.3202809720671249,3,3
2021-03-05,XLF,1,0.019044963393953562,0.018865878285707627,0.017104728791964653,0.016915556774358353,0.010673590504897357,0.017844952573355277,0.03032106053121815,0.002080847089603657,0.07884570208011299,0.32921506970243897,4,3
2021-03-08,XLF,0,0.01275537078605149,0.012674706257226998,0.012318022559387035,0.017070266344320937,0.018556936460396578,0.026396232563920652,0.02237933323673028,0.0053003624861133105,-0.17165264712286754,0.0690588682463249,0,3
2021-03-09,XLF,1,-0.009079853522823145,-0.009121326630194826,0.013458039269652075,0.017571423821695138,0.005528587201174773,0.01427130472241589,0.02391501029923243,-0.0011809005636674345,0.29475293301611916,0.3477352853765192,1,3
2021-03-10,XLF,0,0.020395875412190012,0.020190665148958953,0.015419894170594839,0.01767298097284905,0.019612397023592854,0.031957138454909995,0.021182735661918403,0.015592784734477892,-0.3749665172668536,-0.1646016193680191,2,3
2021-03-11,XLF,1,-0.002896761397747971,-0.002900965131150457,0.013310838214381225,0.01624095703087385,0.008674272073820433,0.02443529849926529,0.01601628522471333,0.0023295869540464506,-0.30523698192831106,-0.3909259636820306,3,3
2021-03-12,XLF,0,0.010168483869861022,0.010117132653708172,0.012004645716263147,0.013987052494274732,0.012639838049712138,0.027330500019398407,0.008328573178317708,-0.0014359344485571307,0.3383020854614889,-0.14926924393405094,4,3
2021-03-15,XLF,0,-0.005752226939497951,-0.005768834715299764,0.012352760601360455,0.011696682053086646,0.004299448743095624,0.017662519382928066,0.018911169586130504,-0.009455639444886152,-0.15103778293162673,-0.2688558196075139,0,3
2021-03-16,XLF,1,-0.010413681913233108,-0.01046828369995323,0.012677303935324446,0.012352463481819485,-0.008348405007855497,0.004079573029662775,0.014248377062033035,-0.00523408864118684,0.16489961339225823,-0.1666079105303614,1,3
2021-03-17,XLF,1,0.006723353368342622,0.006700852426302806,0.008625299326440173,0.012309896993956567,-0.0012179683938516872,0.007931200592869558,0.016250655063019995,-0.0005803963521485956,-0.049314568317560536,-0.199296793391868,2,3
2021-03-18,XLF,0,0.0052266460994701,0.0052130345924985555,0.008808598516933034,0.011237349205292617,0.0028389642770110246,0.008653272173146709,0.02270770033739072,-0.0048865185159194255,0.5095837542212389,0.21575206179494066,3,3
2021-03-19,XLF,0,-0.011554177209091132,-0.01162144536873777,0.008628645323293264,0.011036432260606705,-0.005579419100154248,-0.004480093786697004,0.015138296386110014,-0.0037844908061904934,0.01882294537726037,0.2556706287243873,4,3
2021-03-22,XLF,0,-0.012885463987933665,-0.01296920168954907,0.009690044212283115,0.011123933563392464,-0.0138598419424113,-0.016274906623369834,0.01123598673992269,-0.005617936972898955,-0.30798645829632376,-0.10555746096541219,0,3
2021-03-23,XLF,1,-0.013975666743829995,-0.014074245925224105,0.010335524340207255,0.011615591455615746,-0.022487855680698665,-0.028543412545247837,0.018546183853572224,-0.00807659154349063,0.03331788190216889,-0.015314631618926433,1,3
2021-03-24,XLF,1,0.003618840260380729,0.0036123080126628793,0.009492002142735585,0.0090249409358022,-0.013085117070932295,-0.0219112462842167,0.015568875269684236,-0.003592896440110969,-0.10057650347307501,-0.10190690504456301,2,3
2021-03-25,XLF,1,0.016826880989434523,0.016686877394008537,0.013476944883683757,0.011025751596726302,0.007268756619763339,-0.004200130297474458,0.02675885251239576,0.017438420334470746,-0.044580638949699436,-0.15349711777659414,3,3
2021-03-26,XLF,0,0.015661969191022473,0.015540586307722926,0.014881127959865128,0.011767135104545426,0.021214640411039376,0.012130429881696436,0.014039179921503591,0.00526470641724935,-0.1115547655313005,-0.2325316427877676,4,3
2021-03-29,XLF,1,-0.008728687103474408,-0.008767005233680347,0.013938405223700524,0.011946741749268339,0.009660865173658495,0.004323462269868017,0.01681911198258454,0.005311310369358154,0.3346584876505907,0.004326937607249892,0,3
2021-03-30,XLF,0,0.007044426165213835,0.007019730107091338,0.010372519298692727,0.011682811311121555,0.009889916102840957,0.010650667188442098,0.007591303247604927,0.0017518649136062955,-0.23358754378094615,-0.21672266650947414,1,3
2021-03-31,XLF,1,-0.007577901560730238,-0.00760675973882341,0.012286007378866847,0.011751706575809262,-0.002285451356063284,0.0036957828853152463,0.010222028962062592,-0.005549136451291142,-0.07040540687930141,-0.2582315966711275,2,3
2021-04-01,XLF,1,0.012334663807010982,0.01225921165905497,0.011296942548852,0.01234555520024614,0.006305775016646642,0.016067768313317465,0.013823565314797795,0.013823565314797795,0.010790346961083941,-0.19786961783038193,3,4
2021-04-05,XLF,0,0.007833053120027023,0.0078025340276197674,0.009655994764240484,0.011827557479262963,0.012001953257371634,0.022005242777681566,0.008036704307421677,-0.0028702202549693713,0.0019462140719401777,-0.1334861660819715,0,4
2021-04-06,XLF,1,-0.0020151055040115162,-0.002017138560782783,0.008101281438691271,0.010756997211131424,0.0064444364488673855,0.016834758192751487,0.008078551506832942,0.00028846859715002713,-0.20184898060848766,-0.27588119328041405,1,4
2021-04-07,XLF,1,0.00490322038501767,0.004891238749716642,0.007923291611847252,0.008927884037451268,0.008276727906490589,0.01681045406806403,0.009203327311224327,0.002013220992310593,-0.06473650597046698,-0.28283144012295125,2,4
2021-04-08,XLF,1,0.00028724228531373797,0.0002872010391468116,0.00575989494813869,0.009046121471463966,0.0039177842594539936,0.012463352797616123,0.012100206857487259,0.004033402285829086,0.03276186731779984,-0.2256816597749851,3,4
2021-04-09,XLF,1,0.008608524161640041,0.008571682103695188,0.004655193724814358,0.008146197698807856,0.008608524161640041,0.017307462201974433,0.00797944651123705,0.001709927986038795,0.005166877883358234,-0.18962238834811485,4,4
2021-04-12,XLF,0,0.004267021760425704,0.004257943837707945,0.0041524870084612905,0.007028299891261446,0.009667492439135783,0.01890587738227567,0.004826859107053269,0.0022713802834963335,0.10718672836045529,-0.08550583707636816,0,4
2021-04-13,XLF,1,-0.009348339787768833,-0.009392309761548034,0.006867134557625818,0.007142025885930267,-0.001484816064359129,0.006765445224385269,0.010256428091214524,-0.003703625614508631,-0.10092381091694702,-0.12017073808854739,1,4
2021-04-14,XLF,0,0.006005081039315963,0.0059871223996990075,0.007010073009486897,0.0070779818546046445,0.002564721856079144,0.010280741049244924,0.01720179058909401,0.008600895294547006,0.10298641582542567,-0.005588659748448244,2,4
2021-04-15,XLF,1,-0.0008523929823863741,-0.0008527564758589179,0.007096215174021712,0.006286065037690323,2.1313208109496884e-07,0.006240932792283216,0.01361314705290821,-0.0031195916304715783,0.259119987836234,0.2399248493825461,3,4
2021-04-16,XLF,0,0.0071122160296841486,0.0070870435057375225,0.0067573911144651055,0.0056252552374005385,0.005681904979643715,0.010706703408129403,0.008178147442678954,-0.0016919785714270346,-0.2950030189155335,-0.1005823633600621,4,4
2021-04-19,XLF,0,-0.002825101536822805,-0.0028290996680295777,0.0067591081388679135,0.005549625996472049,0.002840751484330939,0.006242543278216051,0.008759575547822442,-0.002543095624189687,-0.20307446881942548,-0.24755824476039145,0,4
2021-04-20,XLF,1,-0.018696620623743,-0.018873612000772422,0.010341400705522804,0.008489972125289402,-0.014060376944817099,-0.012486355871708099,0.01681391137139616,-0.012824188115777638,0.6112927182145687,0.18693120162732568,1,4
2021-04-21,XLF,0,0.013856597745229182,0.013761472825926102,0.012252197137421266,0.009484663151516828,-5.708198346243698e-05,0.00039867715250352376,0.02114725803166707,0.01738118384022651,-0.20999767060805097,-0.06457453228726617,2,4
2021-04-22,XLF,1,-0.011104780157231486,-0.011166898530425406,0.013193459944944131,0.010214675431870407,-0.008790521272857177,-0.010372239929904659,0.013112966794736674,-0.009977259707795075,0.09907258064516133,0.01924904376456915,3,4
2021-04-23,XLF,1,0.018716041470405953,0.018543051491378915,0.015993404053939415,0.011600015798179337,0.009876276425969888,0.007489394462516286,0.024762471111054483,0.018715851841242248,0.1565308911472283,0.15107314394684557,4,4
2021-04-26,XLF,1,0.003957071922058519,0.003949263305686568,0.015982644185402614,0.011589873964226465,0.012600615134874094,0.01084279956251355,0.010419570525870706,0.00028167098572920717,-0.13259922637233656,6.857236899193708e-06,0,4
2021-04-27,XLF,1,0.007882598922380746,0.007851693543063476,0.011418484203881817,0.011207526102950753,0.01387697417817968,0.01641006529253808,0.01012079839029855,0.006466110323576846,0.1623485418185724,0.13409701926089812,1,4
2021-04-28,XLF,1,0.00391076539930002,0.0039031382351950583,0.010695097452689232,0.011152210545407397,0.013136392105868921,0.01818800353902894,0.005843046535805775,0.0,-0.29655827453571515,-0.18719505641761602,2,4
2021-04-29,XLF,0,0.017807297505118447,0.01765060502812421,0.007313829496213928,0.01210583493265956,0.020533279827928075,0.03213780022459933,0.011595857799212543,0.009939276593557606,0.3578611024916345,0.1212826478087976,3,4
2021-04-30,XLF,1,-0.008748043446328846,-0.008786532210390607,0.009534304274159165,0.012686770684851394,0.006662799083685833,0.020632012250305642,0.008521098116883872,-0.003298591068135126,-0.09536367941037205,0.0031788749558807616,4,4
2021-05-03,XLF,1,0.004964553008873551,0.004952270251078694,0.009518391135358668,0.012563691961820904,0.0065188513460570086,0.02241819514768184,0.009297242423439536,-0.0035548555974867437,-0.24177019587673443,-0.24306663734410272,0,5
2021-05-04,XLF,1,0.007957817195664907,0.007926320753350424,0.009523821018796468,0.009943385426881455,0.009343024239014008,0.02454647853267322,0.019018705896504357,0.012403549561204654,1.0091574047116665,0.465168921995055,1,5
2021-05-05,XLF,1,0.008167848713157566,0.008134672367343665,0.009572321532957034,0.009595515073465741,0.01152750707026673,0.0274408711818801,0.00895760084122151,0.005157400269327567,-0.41807029311454935,-0.1460180231056688,2,5
2021-05-06,XLF,1,0.014852921804816122,0.014743697368263753,0.008716511354968641,0.008033075356447025,0.02097375746347807,0.03452072590136179,0.01694462245680866,0.010758513248942135,0.11240636439716378,-0.04944507145136934,3,5
2021-05-07,XLF,0,0.005321773364796778,0.005307662769046928,0.003970495078016397,0.007100458479781561,0.017999423654548652,0.033200065069465934,0.01965005416561844,0.016958202625620596,0.49116952707988615,0.37468154881889837,4,5
2021-05-10,XLF,0,-0.0007937318429021012,-0.0007940470148071199,0.005644843472395916,0.007447927898784246,0.010060686261941232,0.02612211898641914,0.0142179333159171,-0.0060558068722605714,-0.12807215472161226,0.1673527199056688,0,5
2021-05-11,XLF,0,-0.01774840333718186,-0.017907795029167062,0.012370029704865886,0.010545027221453914,-0.009721091337590027,0.004415411722419549,0.020604776017445734,-0.007760158124667413,0.46826561781718845,0.6078114528896552,1,5
2021-05-12,XLF,1,-0.010248185384367892,-0.010301059589512995,0.01279400145212102,0.011409238634265689,-0.018139012455768544,-0.007920382729505016,0.025689031627281304,-0.017928771423476222,0.18360155553970636,0.6979391708751597,2,5
2021-05-13,XLF,1,0.01607630583482389,0.01594845050424709,0.013195652404219771,0.011155664479058577,-0.0008038496457675182,0.006097598634563273,0.026805238113373507,0.01996716397198034,-0.31691040619168864,0.12415099477108593,3,5
2021-05-14,XLF,1,0.0158219473700012,0.01569808514687754,0.015227531922020034,0.011235686013358085,0.014461676688301228,0.01756839600112059,0.013866678873697916,0.01013336181640625,-0.32941901182071276,-0.24731606861426048,4,5
2021-05-17,XLF,0,0.0018478471778304861,0.0018461420085058577,0.015211968272464916,0.011262630198212232,0.015248716795776884,0.015330248294480153,0.010063588056319725,0.005031844540572934,-0.09974314495810499,-0.3303249118429562,0,5
2021-05-18,XLF,0,-0.013965774021684085,-0.014064213036393713,0.01408981877495275,0.01249964314512119,-0.000747776752862972,-0.000694410737688167,0.017141290679543283,-0.013185654645138574,-0.001919423826117539,-0.3007122118547424,1,5
2021-05-19,XLF,1,-0.006146119004853512,-0.006165084142189414,0.013302588731776411,0.012525914764728462,-0.009481494159504278,-0.007260473602548667,0.01676125719793328,0.005406783973157073,0.5775474451105729,0.05796236334659044,2,5
2021-05-20,XLF,1,0.0005376236987748584,0.0005374792309313925,0.011024175876480247,0.011477719202017561,-0.008526469507894707,-0.005744766888957864,0.013959743832581795,-0.0010738500812709731,-0.06854699806052489,-0.03993420149188032,3,5
2021-05-21,XLF,1,0.00994349036320652,0.009894379152461497,0.008989986046213901,0.011844602160130781,0.0029356568060867616,0.004678481936158274,0.011777264976464462,0.005888683541460327,-0.2409108333713298,-0.24722215104792844,4,5
2021-05-24,XLF,0,0.0047899504292736594,0.004778515118558424,0.009357304147356351,0.011958576694675663,0.00876265146359545,0.00946385121270188,0.00794910502698034,0.0005298527338915217,-0.3512924274142776,-0.48837798507292474,0,5
2021-05-25,XLF,1,-0.010063630254312672,-0.010114610903252164,0.008077451204714892,0.010883405632630874,-0.0011757326642822807,-0.0014958326785975418,0.02036489328483156,-0.011372660395604573,0.32909573519527013,-0.26316275787278665,1,5
2021-05-26,XLF,1,0.00294268025405775,0.002938359045732586,0.007395214883446928,0.01016311308393617,0.00016002210374699288,-0.0006664186073386258,0.011727042146609022,-0.0007995410162812944,-0.003973588537487194,-0.1728159558948319,2,5
2021-05-27,XLF,1,0.011469635357405972,0.011404357755798955,0.008521732133859098,0.009549015255366052,0.007813637086554914,0.009100968974887547,0.01083795473347136,0.0023789673152155894,0.030765325022861667,-0.0948153584396505,3,5
2021-05-28,XLF,1,0.001846227400424949,0.0018445252173742155,0.007805563610131122,0.008179987111839211,0.0074786125970993655,0.010668136163094921,0.009976399753031152,-0.002625320916789225,-0.013181869588710593,-0.09525169008090317,4,5
2021-06-01,XLF,1,0.006054120402947838,0.006035867847751675,0.007930033464603753,0.008373135771963672,0.011111119919568146,0.01605699942862171,0.009382346113447728,-0.003909244601437695,-0.0905208200687635,-0.16820727374621525,1,6
2021-06-02,XLF,1,0.0015695145884382367,0.001568284187669633,0.004143202945314389,0.0065933713961914536,0.007898631742075057,0.015330423483371991,0.008085586125645621,-0.001564981039442318,0.05115553601581602,-0.11999566767097936,2,6
2021-06-03,XLF,1,0.0023512893222044084,0.00234852936692187,0.004216433615571942,0.005895328273267281,0.005608507192162326,0.014542467976564888,0.014674988491430176,0.005503120684286316,0.461938061938062,0.3132861409453793,3,6
2021-06-04,XLF,0,0.0026064273072099464,0.0026030364662648076,0.0018176442867438502,0.005829631950975991,0.005331240233323209,0.013809214913454548,0.009630373490851279,0.001301485011475865,-0.5034230786752312,-0.2938329945571222,4,6
2021-06-07,XLF,0,-0.006498641914963743,-0.00651985002085631,0.0046440889835095344,0.006077103238197191,-0.0024012519882787853,0.005524899264857552,0.009862373876382023,-0.008045615583053674,0.37249778906384745,-0.01145049970886769,0,6
2021-06-08,XLF,0,-0.002616656216303581,-0.0026200856449110077,0.003953638174244793,0.00611083460485209,-0.00449189546506501,0.001944857542753864,0.013417578499116779,0.002893991455117892,0.27661502922319237,0.20289949271725782,1,6
2021-06-09,XLF,0,-0.009443540361379732,-0.00948841331849426,0.005328780644927865,0.005988395371415539,-0.011207570673992029,-0.008507350178846629,0.00948118511398078,-0.005530758293876954,-0.14600703279948568,0.022065692514037227,2,6
2021-06-10,XLF,1,-0.011652815943793637,-0.01172124209448766,0.00566638246164755,0.0071382011171198185,-0.017325950029481896,-0.019623396355791578,0.023371831587535075,-0.019958038332095827,0.31879625860183136,0.29851016209071357,3,6
2021-06-11,XLF,0,0.006431243970848266,0.006410651763193442,0.007111735461551249,0.006337783473172265,-0.006243830949754781,-0.012384398070639846,0.005349044295379799,0.004546723359659744,-0.2484179598516053,-0.025538896637690045,4,6
2021-06-14,XLF,1,-0.01038371245976788,-0.010437999328477332,0.007548544218649816,0.006896749370315933,-0.01106803513873722,-0.02052761596197339,0.016004226387264103,-0.008535702725915998,0.25228927646245247,0.18780712584770187,0,6
2021-06-15,XLF,0,0.0018831438581718984,0.0018813729656583789,0.008221426785878467,0.006457005435266384,-0.0045444191792526345,-0.016142379308979216,0.011565365832337592,0.0016138077675772076,0.013863917460593456,0.16173128980107632,1,6
2021-06-16,XLF,0,-0.0010740276640914814,-0.001074604845112237,0.00784035952913289,0.006321140688332339,-0.002627532191699422,-0.014386846473108283,0.01912713105879947,0.002155221803790753,0.6556744506003107,0.7369630812213948,2,6
2021-06-17,XLF,0,-0.029569754726383457,-0.03001575399627221,0.014267297134142097,0.010248380221941609,-0.02574614851360224,-0.03774384484465232,0.03797802065058189,-0.03450122857943896,0.1494660497568887,0.8359943622921038,3,6
2021-06-18,XLF,1,-0.024099455331926145,-0.02439459871614158,0.01385387657720278,0.011184128989249389,-0.03711568251709085,-0.05275298718787391,0.015721543797962832,-0.01094888830272633,0.8529611437242921,1.6393344256661853,4,6
2021-06-21,XLF,1,0.023339068136096097,0.023070876957080877,0.021390814719996643,0.015123690765905022,-0.008585389990259928,-0.024962065844956194,0.015519166432643304,0.013261885973915177,-0.5035842175066313,0.21713363601998226,0,6
2021-06-22,XLF,1,0.0016706977599003636,0.0016693036968873365,0.02137168185001572,0.015281347241702893,-0.0007323898555632313,-0.01800145972433287,0.013337024724939566,-0.0005557226126954688,-0.5260410057062452,-0.419058115064873,1,6
2021-06-23,XLF,1,0.0019462421345575187,0.0019443506591163562,0.021585448224854174,0.015361614570411096,0.006880731394821815,-0.011852125857206297,0.007222175598144531,0.0011111365424262153,0.1296140584924983,-0.3502483908498788,2,6
2021-06-24,XLF,1,0.01248630027946973,0.012408989318839936,0.01761321950535793,0.015937595680155136,0.016429016106171312,0.0023625470275994154,0.013793103448275862,0.006620735957704741,-0.10712362433438893,-0.4112357252139067,3,6
2021-06-25,XLF,0,0.012057837173811592,0.011985720589718252,0.008974092237109512,0.016351942998493664,0.018252941822892943,0.01579329703683552,0.015267108885894169,0.006815703323882563,0.32373762307068943,-0.23779833735585953,4,6
2021-06-28,XLF,0,-0.007311051925318113,-0.007337908646096292,0.008282285156617062,0.016187708253844066,0.006645076773269087,0.009375546168932658,0.01193702168809562,-0.005425956582412155,0.2358290087078898,-0.08221483327243129,0,6
2021-06-29,XLF,1,-0.0035459024003283712,-0.0035522040132578425,0.008975398284020686,0.016176257543301938,1.3618092475908838e-07,0.007358081165564911,0.01682493778989371,-0.008683845537984137,-0.13095243179071525,-0.2124187955881871,1,6
2021-06-30,XLF,1,0.004379918400400973,0.0043703544737803135,0.008961357175895428,0.016280450269033315,0.000818394697518654,0.012784639459535896,0.009884696003596415,0.007413522002697312,-0.30527000288282624,-0.4210678184679122,2,6
2021-07-01,XLF,0,0.007903820876857148,0.007872749300031234,0.008010983152398133,0.012901122741141064,0.0060393794608091245,0.017916639664991685,0.008679134908991998,0.0029834720243627454,-0.1367116124119102,-0.45478594500955283,3,7
2021-07-02,XLF,0,-0.0010816834083396953,-0.0010822688500504718,0.006099696584991103,0.00902248039123815,0.004896491795224778,0.011666646306265127,0.00621956584865926,-0.0010816905360330551,-0.2621068615562766,-0.47804702298216617,4,7
2021-07-06,XLF,1,-0.01570122502077842,-0.015825794908122415,0.009068921716131646,0.008735998428931054,-0.009264489444022916,-0.005443438029040126,0.020352782389576156,-0.01329709319021127,0.8219176561158321,0.031902521076048185,1,7
2021-07-07,XLF,0,0.00137513158724345,0.001374186959694601,0.009073197349030494,0.008735031508783239,-0.0072528119569431615,-0.005272976569581034,0.011898182413886427,0.007470959112440051,-0.111288300934682,-0.08518123290613167,2,7
2021-07-08,XLF,1,-0.02004916850528604,-0.02025288052034302,0.01185531633511752,0.01101281220202004,-0.02176875820400248,-0.02425676401392296,0.014792145322604342,-0.004186478320213104,0.7163240534801163,0.48624371133171707,3,7
2021-07-09,XLF,1,0.028867511141521307,0.028458693597772644,0.019210724359458375,0.014036491725699339,0.007962645659991496,0.0033069198206487904,0.018508236321122896,0.01408835112664763,-0.060434818510418986,0.3240756676872534,4,7
2021-07-12,XLF,0,0.009806639582845111,0.009758866567472602,0.01985066687950489,0.013850729380376424,0.017121249753797363,0.012758478191833955,0.022197794500835543,0.015894710596839626,-0.10763255441446418,0.1681692464277198,0,7
2021-07-13,XLF,0,-0.010790572423707512,-0.010849212874536107,0.01892641571180952,0.014109060831454693,0.004437246022777952,0.0018028901488020832,0.012990515083230085,-0.007577877894795091,-0.2935059901450915,-0.1332405696779776,1,7
2021-07-14,XLF,1,-0.004635651158912735,-0.004646429111196948,0.019153014388749452,0.014144654492541677,-0.0007117141419693551,-0.002759371028363322,0.022622018591477305,-0.005178485522500736,0.5656171165702106,0.33469231676006084,2,7
2021-07-15,XLF,0,0.0032876108657209357,0.0032822184885779038,0.015308580306868323,0.01411131526484085,-0.002560265699803832,0.0007105728905001385,0.019645796803085196,0.013281669904339129,-0.22482396919837955,0.012186912242605707,3,7
2021-07-16,XLF,0,-0.013653906326767329,-0.013747978186138265,0.009749663706554054,0.014396221763470876,-0.013006973709877245,-0.010627890301690313,0.02091824039763217,-0.018744971900677764,0.04044455477827835,0.015891007251700007,4,7
2021-07-19,XLF,1,-0.027961974560950065,-0.028360354464829207,0.011609545241873282,0.016507040874294044,-0.030217420075221768,-0.033447776307358956,0.02004514740757813,-0.008752048972874937,0.6020491197581226,0.4611192156107442,0,7
2021-07-20,XLF,1,0.024779219564746713,0.024477193842830314,0.019675313681508634,0.018428098037735652,-0.0023844007043775095,-0.008460139305568659,0.034787602832034754,0.025948099667260933,-0.2149152738290272,0.10855787254718563,1,7
2021-07-21,XLF,0,0.017231438705419544,0.017084661191456796,0.02172170441048691,0.019306605088670683,0.014243563020638117,0.008097675614406219,0.014888257348077607,0.009098373647436365,-0.1509263008276257,-0.08212905655722569,2,7
2021-07-22,XLF,1,-0.010928801441663527,-0.010988959497290285,0.022228804228968297,0.01841287205863239,0.00549967439471688,-0.004345658796003793,0.013984154624622087,-0.007403357519231429,-0.4115498124218424,-0.4248531344357702,3,7
2021-07-23,XLF,1,0.0016574282572221488,0.001656056238813708,0.021274547313943574,0.015754224227362962,0.006383494432377068,-0.0014595532928288746,0.01340633895198418,-0.007934361739556261,0.04178248513131755,-0.3659160724251469,4,7
2021-07-26,XLF,0,0.005791571563871889,0.005774864887519993,0.013872048243002867,0.015493796751070993,0.004627873747049094,0.00598574884216263,0.010223895015816923,0.007737015877847886,-0.30927002276504134,-0.5316857138326054,0,7
2021-07-27,XLF,0,-0.0002741740025073991,-0.00027421159507046156,0.01020290791360107,0.015147858157274811,0.0017034692827804232,0.006292813381189921,0.016579123981460508,0.007460637413907107,0.5352181445896991,-0.27368527728141856,1,7
2021-07-28,XLF,1,-0.0013715870784968276,-0.0013725285650396657,0.006173131588881592,0.015083169370873674,0.0013749945814509612,0.0051623008579404495,0.013118325778481292,-0.004919385198828714,0.10053759579772437,-0.15878331948891244,2,7
2021-07-29,XLF,0,0.01098628715163108,0.010926376298109108,0.00506376000490688,0.015469336154471998,0.008990858577131666,0.015672541649745186,0.013096849174682734,0.004365616391560911,-0.03435240816440677,-0.16720147561040077,3,7
2021-07-30,XLF,1,-0.007878618128423609,-0.00790981842509364,0.007206720122212454,0.01497696696269489,-0.00038337546196876016,0.0065595189899358974,0.01498227324372726,-0.005175664163646048,0.264300988072655,0.06095886152282626,4,7
2021-08-02,XLF,1,0.00027425275206272026,0.0002742151516512692,0.006786013470181141,0.011001614882164796,-0.0004375846561148755,0.0029103928296216885,0.019309194333250165,-0.006527105669810308,-0.09154094755589837,0.05433877156757627,0,8
2021-08-03,XLF,0,0.011223349396627835,0.011160834923761076,0.008301582491000286,0.008769063992954365,0.008132689528127957,0.011500496470040922,0.023731662580556343,0.0076377190524358545,-0.11389601575124131,-0.002860684341524755,1,8
2021-08-04,XLF,1,-0.00839192764299479,-0.008427338115022831,0.009637339327403151,0.007722985398226531,-0.0015264926583009597,0.002929654490188671,0.016124628317230598,0.0010932198786698997,0.24133024738200026,0.2605170714886347,2,8
2021-08-05,XLF,1,0.013104339464966142,0.013019220421362387,0.010202660693498539,0.00764560729983204,0.009906102162452024,0.0135470185648916,0.007053774604589973,0.006782419855136719,-0.28995690248039985,-0.10900338508811269,3,8
2021-08-06,XLF,1,0.020210089304655288,0.02000857599381556,0.01130652326993489,0.009452608856251545,0.022856299463893448,0.029531902931644982,0.012813656005541393,0.010678097588227351,0.5626530205928724,0.32463728187650065,4,8
2021-08-09,XLF,1,0.002641078716409506,0.0026375971966476897,0.010984643423627684,0.009452368455856055,0.01769426711524824,0.028085411162723117,0.01428195969092983,0.0039671437644432095,-0.17329935779342642,0.04135707203068928,0,8
2021-08-10,XLF,1,0.010537470054884146,0.010482337881521975,0.010934708996580101,0.009520592412617192,0.020647020192026133,0.03360008635859568,0.015291374278621947,0.011336680772900102,-0.14803938719916032,-0.11648191016181653,1,8
2021-08-11,XLF,1,0.011470035201720075,0.011404753065970663,0.00628101370694218,0.00941110807247529,0.02056893183667241,0.03876608292740613,0.013517037724548523,0.00857806097962454,0.18247798686790162,0.0325555740317891,2,8
2021-08-12,XLF,0,0.0018042869524634852,0.0018026611820372018,0.007513189553940034,0.009363641817884355,0.013030977134319333,0.03493257536067507,0.008238921049615324,0.0007723681559995101,-0.07867551749872348,-0.0549995663715519,3,8
2021-08-13,XLF,0,-0.007460754887101628,-0.007488725527078799,0.007686896318439646,0.009298009630316774,0.0017136851181311918,0.021607813720776026,0.011825168802798987,-0.008226212911876966,-0.033415308393767496,-0.06818564298288232,4,8
2021-08-16,XLF,0,-0.002592112512060374,-0.00259547785251657,0.008221553114661021,0.009519952191869616,-0.0035735161116314806,0.013725206030987147,0.013827256821769152,0.003913323872061847,0.11455247787692802,0.03760905454472363,0,8
2021-08-17,XLF,0,-0.0070164506507410795,-0.007041181691252785,0.007803032273749355,0.009985258909092624,-0.009795666600030395,0.0032558315007549243,0.017530040490485014,-0.00026169900342783777,0.09170662212206171,0.10822691685507202,1,8
2021-08-18,XLF,0,-0.012300562717517893,-0.012376840793355104,0.005343205793225881,0.010559451686683208,-0.016572879553486186,-0.01196436257972533,0.016290139889935062,-0.008407768872251847,-0.24543449560047925,-0.1405168016943491,2,8
2021-08-19,XLF,1,-0.007419304912088864,-0.007446964851383964,0.003437789349593736,0.010378887315843905,-0.016643154688732897,-0.020192653423785956,0.013929826741425056,0.0034823800439737597,0.23794702455600958,0.03740798969399828,3,8
2021-08-20,XLF,1,0.00614001111093887,0.006121238048069966,0.006936474798722728,0.008210643430845167,-0.0059605268575770864,-0.013738054555397228,0.011478919265484402,0.006139870471370727,-0.30764501759552954,-0.24295562330774612,4,8
2021-08-23,XLF,1,0.008224935000597178,0.00819129455714318,0.009087348769292828,0.008621514529925373,0.004759343673272687,-0.005730176230161144,0.007391731029610731,0.003167870340578539,-0.15018909335488784,-0.3278210148508729,0,8
2021-08-24,XLF,1,0.0060527578984115316,0.006034513541426367,0.009330564074677835,0.00812270828297942,0.010734018640663923,0.0006282597941540402,0.007354840597357347,0.004202780370231052,0.3079035247887696,-0.11417832388553739,1,8
2021-08-25,XLF,0,0.011770699299774146,0.011701963472167343,0.007295186267005267,0.008171565633850282,0.017573347080082957,0.012724431723610152,0.017479732244689978,0.009131188557302064,0.2714499181204597,0.12751665215242314,2,8
2021-08-26,XLF,1,-0.004911670737575813,-0.004923772635580637,0.006242095278447618,0.008256800459502505,0.0071173544963811786,0.008753859939110153,0.011583031676029776,-0.009266327150414158,-0.19665044003941146,-0.08105511166869916,3,8
2021-08-27,XLF,0,0.013249679415445081,0.01316267013387451,0.007176844657351121,0.009006004933168133,0.013513324252427239,0.020995690514372667,0.012454580457545904,0.011935627232622292,0.0006963878776540255,-0.07027829051971668,4,8
2021-08-30,XLF,0,-0.014102291546639889,-0.014202673723388237,0.011668907875138735,0.010190728001653507,-0.0031111694379247767,0.006676356280784113,0.015633024172099743,-0.014607885395624283,-0.21849804342124735,-0.24057516089188546,0,8
2021-08-31,XLF,0,-0.0013007076802885598,-0.001301554334769417,0.011558174644151334,0.009911887432770352,-0.005284630810371671,0.004867128919863628,0.011192095931002628,-0.0005204748573509676,0.6572093100526639,0.26663956102059116,1,8
2021-09-01,XLF,1,-0.005728991404083894,-0.005745465023617946,0.010004113267139366,0.009154880909912361,-0.008414750425711714,-0.0020388063006585577,0.010408574621453587,-0.00650533432252744,-0.11829289320357206,0.10439215889151443,2,9
2021-09-02,XLF,0,0.003404952539789008,0.003399168814045783,0.01020448636767218,0.008648785483594032,-0.004107253275826728,-0.0008606530555768099,0.007577760963117849,0.0010452290318493825,-0.32664714095351577,-0.21837199965473908,3,9
2021-09-03,XLF,0,-0.006264460411382622,-0.006284164476833443,0.006502049211747494,0.008918974071198568,-0.00553764852711458,-0.008102767483627926,0.008891216989128613,-0.004445658372925945,0.17682319369164,-0.08246022568095024,4,9
2021-09-07,XLF,0,-0.0060416269205539885,-0.006059951392171303,0.004215842480113841,0.008781869018983571,-0.008385663611369276,-0.013684286791219802,0.009424099559202752,-0.009424099559202752,0.12532893320898197,0.004994101747230806,1,9
2021-09-08,XLF,1,-0.0023785562488948253,-0.002381389507410958,0.004121839350476641,0.008494935232530263,-0.007362684569096056,-0.014797658363132737,0.01006625346000621,0.0,-0.1706239210096162,-0.155326273241,2,9
2021-09-09,XLF,0,0.0029142019713170875,0.0029099639164544833,0.004676864424344664,0.007377010289809954,-0.0027918149854775365,-0.009807561198592052,0.014588940069690571,0.004244027696927671,0.027582792961483804,-0.09810232049548373,3,9
2021-09-10,XLF,1,-0.007395896385620215,-0.0074233816298270305,0.004216764279925085,0.007522020882613606,-0.006345929573157827,-0.014786064582499425,0.014184421325350291,-0.012870971045375358,0.17741838963525924,0.05943446034009692,4,9
2021-09-13,XLF,0,0.011442139337202173,0.011377173159268672,0.007678655930809728,0.007115879155855216,0.005342646636710802,-0.0009200789630382511,0.008718574099363545,0.0042272088206689075,0.025585443641122696,0.08116659143179761,0,9
2021-09-14,XLF,1,-0.01341733258354516,-0.01350815833149177,0.009541799342358033,0.006994533626786056,-0.006359250007326622,-0.011857632813673913,0.023597213570640714,-0.01678026743288673,0.13165647850574747,0.17450551575724904,1,9
2021-09-15,XLF,0,0.009600155475623984,0.00955436680205013,0.010774114596924973,0.007978405088764436,0.002595347827218264,-0.0009497868375448748,0.013607314366579587,0.010138769283788544,-0.20361676877466028,-0.030989381227442436,2,9
2021-09-16,XLF,0,-0.0029057340753465555,-0.0029099639164544833,0.01077984247014446,0.00785669230905196,0.0002648817891695021,-0.0027211650828834477,0.016052547254060443,-0.006578947368421052,0.1720834834058722,0.1398488818276642,3,9
2021-09-17,XLF,0,-0.004503247550129874,-0.004513417713372547,0.010390182276020241,0.007749662231439353,-0.0042395585892286425,-0.0052938591828211035,0.012201566980466828,-0.0031829954762952997,0.9466762999000709,0.9417915532610284,4,9
2021-09-20,XLF,0,-0.023197458204487376,-0.023470754023269702,0.012268203967570855,0.01025531879244684,-0.02058210828868967,-0.024853631150057676,0.018037710977310006,-0.0010932198786698997,0.14486089421019144,0.9487557526556516,0,9
2021-09-21,XLF,1,-0.0013679584668249145,-0.0013688949761765379,0.01184015987352304,0.010237573441215706,-0.017507581558081187,-0.02312028753247819,0.013866186472531275,-0.00761280012479184,-0.5175436380630005,-0.07241078973867487,1,9
2021-09-22,XLF,1,0.016712565229034526,0.01657444705907407,0.014154866948751324,0.012016849229257888,0.0020779709929372725,-0.0055238535146510115,0.013257518287531161,0.004058482943575713,0.2729244114002478,0.12211127186444615,2,9
2021-09-23,XLF,1,0.02452162689567361,0.02422579818184234,0.018783587412459144,0.014522556086849955,0.024256815154849898,0.017980623856131084,0.02108355724020762,0.014678388554646173,0.23063765900342426,0.2859837708686932,3,9
2021-09-24,XLF,1,0.005260162027017179,0.0052463756991549815,0.018385504102469922,0.01426369067463876,0.02521446898395907,0.021142631840048498,0.010792309273429234,0.006054212478929547,-0.3306023257433326,-0.1523958003244329,4,9
2021-09-27,XLF,0,0.013605656704592795,0.013513930814855524,0.010067071767023216,0.014434591642580305,0.027095872272181465,0.03256998803695499,0.00933601615231405,0.004668057540590762,0.22320096700169145,0.004143161171001886,0,9
2021-09-28,XLF,1,-0.016520616568520996,-0.016658603821666507,0.015704308895689217,0.014840810997895443,0.0016297908270523909,0.013453897844159846,0.02272133394833385,-0.01626648787920066,0.6354029713663694,0.5118320531470695,1,9
2021-09-29,XLF,0,0.0007874056694940901,0.0007870958282865104,0.015286373215511786,0.014607124385001872,-0.0029288112123820875,0.013084530043122156,0.009157468941458472,-0.0023547919862215772,-0.48121581609252784,-0.23200080552734637,2,9
2021-09-30,XLF,1,-0.015735398232004538,-0.015860513842379742,0.01324925158976504,0.01554495364431763,-0.01609674721901022,-0.0027050359144069613,0.021903525058931356,-0.02138200071579042,0.46984012429208644,0.07790559121083973,3,9
2021-10-01,XLF,0,0.016520162340936784,0.016385188951959062,0.015643070175828687,0.016279117341966277,0.0005246611412810243,0.011802299132689598,0.024448528908622542,0.01381877339898032,-0.03921614090696446,0.05509060547888045,4,10
2021-10-04,XLF,1,-0.008650324351999306,-0.008687955579743889,0.013761513473220561,0.014301271110883949,-0.0033205902375198493,-0.00031730250493966494,0.021790544177729437,-0.007088486654818972,-0.009529555391516675,0.08608793407201687,0,10
2021-10-05,XLF,1,0.019566322560337968,0.01937736292365022,0.015391692166359402,0.015021408640229906,0.013722993451124932,0.013722971450239596,0.02073493299649188,0.012073567390885135,-0.19655681950103698,-0.1410556766869483,1,10
2021-10-06,XLF,1,0.0010377066234028565,0.0010371685780747875,0.01538514484873648,0.014544000516841874,0.012273326207599577,0.010815412135239733,0.018319831973613195,0.010206736430070237,0.13106867124284682,-0.03594657208266794,2,10
2021-10-07,XLF,1,0.005958435527845474,0.005940754251276381,0.011511385112406469,0.01270804040262237,0.011408684038344497,0.014685998906764697,0.011794946132562099,-0.004358927408854167,-0.15945361551527537,-0.16620319068598666,3,10
2021-10-08,XLF,0,0.004892970977025124,0.004881039299606371,0.010175650142284299,0.012698688102343885,0.011771972563173971,0.017523667884440597,0.012091619079453757,0.0038590565989406584,-0.2755968597782932,-0.386922809044022,4,10
2021-10-11,XLF,0,-0.00999492552625314,-0.010045210135580795,0.010620143236823061,0.012524201748545566,-0.0025305740842269664,0.007642653181749948,0.020199460577820797,-0.01227306404360635,0.31446739623130227,-0.18370002649243533,0,10
2021-10-12,XLF,0,-0.0031061963327649877,-0.003111030573923923,0.006514870544725019,0.011235659442858564,-0.0053721341601136174,0.0034395524243124864,0.00933127509760206,-0.001814502493494844,0.15329380491563271,0.0020804301735826147,1,10
2021-10-13,XLF,1,-0.005713080339730059,-0.005729462407724206,0.006872939232421813,0.01144365005185373,-0.009468284111011194,-0.0027089494455079244,0.020779200962611606,-0.005454521674614448,0.23198246300469694,0.18929479477044198,2,10
2021-10-14,XLF,1,0.01671467050266151,0.016576517724391948,0.010535024837328726,0.010924471560905894,0.006567378355888831,0.010276583799373684,0.015237606766200838,0.005423529903206001,-0.28030749558630386,-0.11271731103598182,3,10
2021-10-15,XLF,1,0.014898647527464837,0.014788752855198872,0.012356908127120711,0.010723598751902055,0.01898188168501691,0.02172233299407944,0.013482542884289494,0.005087686116899361,0.12559569117519542,0.019700928275227847,4,10
2021-10-18,XLF,1,0.0002531365742337588,0.00025310454057692056,0.010457858848572605,0.00993796741866654,0.014582137694106878,0.017507809081197312,0.010905409633469804,0.0022825298476114074,-0.035924678699767676,0.0067240435507498475,0,10
2021-10-19,XLF,1,0.009868470183451938,0.009820094831689108,0.009642682737792906,0.008694413638392913,0.01728194024976104,0.023989843656454735,0.009068025275395674,0.005289649381283981,-0.4125197335592149,-0.3832360782266634,1,10
2021-10-20,XLF,0,0.00801752851823112,0.007985558900990064,0.006481128983319929,0.008756421789979485,0.015395919328035523,0.027900918861845092,0.012550200755145366,0.009789141268944104,0.3502626758477265,-0.1370650258290137,2,10
2021-10-21,XLF,1,-0.004225383182498876,-0.004234335340449924,0.007673399380838841,0.009111469299984961,0.005370656136915564,0.020350976278081134,0.011437167707820375,-0.003978116423570617,-0.2149665772707532,-0.29784234430585654,3,10
2021-10-22,XLF,0,0.013979274721377388,0.013882465829318402,0.007406101221696362,0.009735140642424006,0.013776773261313435,0.03041547490788754,0.011925454465498836,0.009192520046826476,0.18223659446326534,-0.17459489484885826,4,10
2021-10-25,XLF,1,-0.0012310960952049976,-0.0012318545165266315,0.007696950175723465,0.008663906362821336,0.007249645192494603,0.024107051769826304,0.007367368076305934,-0.003683730878736848,-0.20109893820764047,-0.3165991849370793,0,10
2021-10-26,XLF,0,0.0007395681365680584,0.0007392947908173575,0.007414485362326517,0.008346321691932645,0.004552791317948168,0.019485863712718654,0.007868200374510055,-0.0017211629696523795,0.25560520515684915,-0.11083795925200479,1,10
2021-10-27,XLF,1,-0.016502476927052867,-0.016640159638200647,0.010922275860276514,0.010381713821446035,-0.010556022008200494,-0.001450352986390735,0.01876548484519676,-0.014074066538869598,0.5016627832322198,0.3633675382319044,2,10
2021-10-28,XLF,0,0.012271363682411884,0.012196680851816133,0.012280713933809426,0.009871568432818367,-0.00019797212830141575,0.007050817806134813,0.009478604439302782,0.008231429660798338,-0.28635777708388377,-0.011227210121262043,3,10
2021-10-29,XLF,1,-0.0039585926551582995,-0.0039664486222994455,0.010314775343247722,0.00930201505726388,-0.002379004098266968,0.0011935050684110937,0.00914254807819196,-0.005189100391291594,-0.0555258870993075,-0.031047590590673746,4,10
2021-11-01,XLF,1,0.0004965343583218651,0.0004964111259284643,0.010364742573967627,0.009297482810828945,-0.00044700235956607326,-0.0001989264854754813,0.012580220145854297,-0.006413471395134689,-0.1090040862871805,-0.09759517842224608,0,11
2021-11-02,XLF,1,0.002482874325917317,0.002479797086005764,0.010482966410274809,0.00888225179986917,0.0031300989387796907,0.0011155802407991633,0.008443013377774667,0.002731577082223634,-0.16177027394557353,-0.24057005560540023,1,11
2021-11-03,XLF,0,0.0037150362830133954,0.003708152579259494,0.0059461378626326855,0.008615909238661986,0.0038641585933243405,0.004087894355893074,0.012670860527465062,0.006956491411102484,0.36613141286644946,0.0418184835038371,2,11
2021-11-04,XLF,1,-0.013076865104664215,-0.013163120093590663,0.006809923889648773,0.00958685886756381,-0.007197675421183547,-0.008895115553414268,0.019564162818983738,-0.009410625509252151,0.12417456015349226,0.1348146030956563,3,11
2021-11-05,XLF,1,0.0004998649208955985,0.000499740030043494,0.006792386925835646,0.008238849045439152,-0.005516632313579128,-0.00692330451578127,0.014881009259912772,-0.0074404573246823974,0.19856378560761567,0.30963853294810395,4,11
2021-11-08,XLF,0,0.00549721096323208,0.005482156445749897,0.007437812376705389,0.008528920411682368,0.00014902577095288194,-0.0006457879494062846,0.009684613489326378,-0.0007449411213277382,-0.43205976535565604,-0.25577171739588267,0,11
2021-11-09,XLF,0,-0.005467156848665833,-0.005482156445749897,0.007575690839401169,0.00863099269154618,-0.0035357532834682237,-0.004675707024614839,0.009992544043887984,-0.00024977071791403997,0.4733299659816337,0.0797845354812885,1,11
2021-11-10,XLF,1,-0.0017491688379573933,-0.001750700420026785,0.0069560622773027145,0.006838144255586014,-0.0023972967381901134,-0.006466093429380537,0.008754434537914494,-0.0007503446633405585,0.25350265590536214,0.35882899334881224,2,11
2021-11-11,XLF,1,0.0027535250027819203,0.0027497409974550635,0.004199097784284036,0.005478566203654953,4.997594971811736e-05,-0.0028376092037429856,0.008747775276279533,0.0012497639054111402,-0.4820191415781505,-0.27484013171430655,3,11
2021-11-12,XLF,0,0.002246847628265103,0.002244327240711552,0.004290851241890905,0.005442520302811774,0.0016467566351834328,-0.0003234497070545572,0.009222306623510763,0.0007478214056056844,0.2474609480611598,-0.08935633494879625,4,11
2021-11-15,XLF,0,0.0,0.0,0.003339069116096401,0.00543711236181241,0.0020966955374479568,1.7477202240989698e-07,0.0072032023750044655,-0.0027321609597649858,-0.2329928503676808,-0.28928041091699086,0,11
2021-11-16,XLF,0,-0.000996405968196279,-0.0009969027106220274,0.0019790034131156415,0.005349160820774657,0.0006486273943313581,-0.000323988181452739,0.008706429539269034,-0.0022388097233784665,0.08372034267363904,-0.23188879087074044,1,11
2021-11-17,XLF,0,-0.01146855386396195,-0.011534824903719265,0.005788064537758688,0.006075643094225926,-0.009344509017564118,-0.009616637805044181,0.012734040730299755,-0.00998745864672826,0.6428840933143147,0.23113886758726454,2,11
2021-11-18,XLF,0,-0.005044127396046427,-0.005056891948751918,0.005395018686599836,0.004889522656392437,-0.01132785814155468,-0.01325666142048354,0.012597632081134163,-0.0060468095760534265,-0.19730493752473988,0.0003932683626073352,3,11
2021-11-19,XLF,1,-0.010899859386017341,-0.010959698072786406,0.005370220173805838,0.005670876697307513,-0.01653397382447308,-0.021564717570289327,0.013551489926507338,-0.0023012056042788593,0.6715034391639005,0.6194330797671885,4,11
2021-11-22,XLF,1,0.014095231486236814,0.013996817412192275,0.010421969234556005,0.007406475289070113,0.00025269145405193427,-0.006103658401488743,0.01871517062810523,0.0007586944512460668,0.14066194346914274,0.6631826713336377,0,11
2021-11-23,XLF,0,0.01566848263412024,0.015546999290004582,0.01340568143473263,0.00903398475991388,0.015514435794580228,0.009038334918815227,0.014059787786763126,0.009038332390274064,-0.24881840962938206,0.21688033301197418,1,11
2021-11-24,XLF,0,-0.002239374601954891,-0.002241885750895012,0.011901900470482648,0.009048625907544915,0.010941340520515652,0.006399707483618178,0.007728684963264399,-0.0002493676409440743,-0.3436817862896939,-0.16798334743695065,2,11
2021-11-26,XLF,1,-0.033166876706087756,-0.033729369988854785,0.020083016241999437,0.013864017985051318,-0.019225745446352804,-0.0238190114273773,0.017507633568667937,-0.0018022578411229667,0.8928886942190482,0.4412250871088017,4,11
2021-11-29,XLF,0,0.003094979128321018,0.003090199539697025,0.01973267780321902,0.01390344679008186,-0.015542754025483219,-0.01768129503852689,0.019377922299229435,-0.008414120876683933,0.0369227189177459,0.38946503585930947,0,11
2021-11-30,XLF,0,-0.023913513715462464,-0.02420408349849179,0.02001892944367974,0.015298392284378085,-0.031187753122378203,-0.0358385177060222,0.01769912383091736,-0.011972907506395227,0.528858434247603,0.8317098790588748,1,11
2021-12-01,XLF,1,-0.011064334332710368,-0.011125999356666139,0.015027856609362534,0.015301314855257825,-0.02876955909879708,-0.04024134817314429,0.03468806926060149,-0.028216415284740035,-0.15929911424441112,0.3939083770821836,2,12
2021-12-02,XLF,0,0.029834702710738403,0.029398306557693044,0.02472845463742842,0.018949018501925773,0.007715419697045922,-0.009099188832856209,0.02955922274812044,0.020321997101273016,-0.03796206833976645,0.26404901308276885,3,12
2021-12-03,XLF,1,-0.016295998923764543,-0.016430239097257715,0.021167321016884507,0.019453239429254424,-0.004867226298826077,-0.021686189456138094,0.027899815463645866,-0.017566528578104326,-0.009158166490613406,0.17071039873438543,4,12
2021-12-06,XLF,1,0.015251235380999262,0.015136104407956541,0.022775462874504833,0.02009346589522815,0.011792427777988834,-0.005716995970460381,0.016826241087478027,-0.0005177441680212643,-0.28259012823863794,-0.1579484149405499,0,12
2021-12-07,XLF,0,0.01787121839555761,0.017713405602930887,0.019853478434210047,0.02043853233337998,0.02269195549838754,0.012756207126403574,0.013824907745563803,0.006144338334141491,0.6563558750713603,0.34048277601723886,1,12
2021-12-08,XLF,0,-0.005343748450798214,-0.005358077344014944,0.018673374646120212,0.019657238986991662,0.00908664013390914,0.010207926425459757,0.012461797242435655,-0.0058494288916946125,-0.5407406765937364,-0.3782080646108712,2,12
2021-12-09,XLF,1,-0.0020462180446062517,-0.0020483144089831207,0.014426307581978057,0.019657724524469775,0.005205344887842411,0.010988651273765138,0.011568142552387363,0.0028276810113007215,-0.1416490047743677,-0.46946335393852756,3,12
2021-12-10,XLF,0,0.0010252068189955388,0.0010246816533898695,0.010518786689658357,0.01645944234388496,0.0009740713057184713,0.011291292649808549,0.012474584870024482,-0.0058553856767824776,-0.14543145925735534,-0.5258466123682183,4,12
2021-12-13,XLF,1,-0.010755496690701749,-0.010813755154281512,0.010825226002548077,0.016827370896401173,-0.009893434648423627,0.0010884161896589362,0.012063686646503079,-0.008470175156881386,0.139896506250498,-0.4354483152506108,0,12
2021-12-14,XLF,1,0.005953810101880563,0.005936156211799215,0.006324246282508491,0.0147396182873607,-0.001746936737227367,0.004705420771426327,0.01581541652004264,0.007518820788745288,0.16668696299303165,-0.27737762768152785,1,12
2021-12-15,XLF,1,0.0028308661817446623,0.0028268668260578167,0.006375543371666684,0.013959070238765203,0.0016965135478435034,0.0038382195928083895,0.015657100222948302,0.00025672834870407013,0.36127798911362663,0.02899573088534524,2,12
2021-12-16,XLF,0,0.012573662092191906,0.012495270035855377,0.008532996134996224,0.011176372834125751,0.011950526488188062,0.01436978222908536,0.013191285690452496,0.001014736615560172,0.010389791110814395,0.08225533563990273,3,12
2021-12-17,XLF,0,-0.022047653123869915,-0.022294335209956717,0.013938629882786898,0.012318298262126577,-0.008020173569004307,-0.009420695349434571,0.022959222152102294,-0.015561239757124458,0.3723871011262483,0.48419829394039704,4,12
2021-12-20,XLF,1,-0.019423956858802938,-0.019615080880087454,0.015684698003577566,0.01289406712147333,-0.02332373691768097,-0.02673905386434705,0.017191258986255085,-0.003967244655665824,-0.12710231182619525,0.2656872159092174,0,12
2021-12-21,XLF,1,0.020711591158566023,0.020500022450389732,0.01905737155658994,0.013400226894361052,-0.001880121707640292,-0.0048514308847532606,0.014984218746208117,0.0105151866865063,-0.3234825902163597,-0.06334424107899139,1,12
2021-12-22,XLF,1,0.004682761553307158,0.0046718315339253635,0.01916982860500687,0.013468257819819071,0.003649583605372042,0.0005432197735701916,0.009913932949707304,0.0075657992949826735,-0.1381219014391022,-0.1883261843506685,2,12
2021-12-23,XLF,1,0.005178533572127719,0.005165171079374087,0.018147645485802718,0.013578339717933713,0.011221888670108537,0.005735002679994272,0.009526234048176561,-0.0005149448425617283,-0.2141815233377664,-0.3553671294392131,3,12
2021-12-27,XLF,1,0.010303920685737156,0.010251197158398284,0.014740517290927442,0.013962245225359191,0.017327178686956435,0.015161220281254328,0.012326645073559298,0.007190616432176414,-0.07519721025262882,-0.4010931451600869,0,12
2021-12-28,XLF,0,0.0005100987507189458,0.0005099686945770898,0.007771281478189771,0.013349313133540396,0.009570928067132778,0.013595426989460035,0.008940032571569662,0.0022988543826339006,-0.05717283632749448,-0.4255350732773744,1,12
2021-12-29,XLF,0,-0.0012742826376059835,-0.0012750952261111337,0.004514427877685868,0.013314747126308302,0.004408212348035567,0.010958195520389014,0.007375404826504036,-0.0033062326837288024,-0.20275024078554815,-0.522193483965443,2,12
2021-12-30,XLF,0,-0.0017862928725750349,-0.001787890196163655,0.0051140889280099485,0.013339822346634231,5.103786442450797e-05,0.008278899618458624,0.013482542884289494,-0.00483343766900365,0.10823373418537408,-0.4300187366344489,3,12
2021-12-31,XLF,1,-0.0017892794031353354,-0.0017908820755643262,0.005180079386245681,0.012706589438480152,-0.002910839117928443,0.0070506338839018134,0.0069159951698742105,0.00025610454146343274,-0.05288626113775419,-0.4127040882042299,4,12
2022-01-03,XLF,1,0.012291878138679602,0.012216946414130625,0.006056388762636012,0.010719026414176769,0.007749905955114933,0.016482743667933564,0.009151006836686062,0.004829654956076195,0.7504649481714378,0.14029956511055097,0,1
2022-01-04,XLF,0,0.02630922326560725,0.02596908853902713,0.012484513690233076,0.009836744723322787,0.027296716935199417,0.035477307865128704,0.018254551427773685,0.014503575694264857,0.48764343161389134,0.7402448295802835,1,1
2022-01-05,XLF,1,-0.011584989039365667,-0.011652617851647395,0.014781559856221675,0.010312506140092503,0.010737498978274918,0.01916327049496913,0.02039817790777395,-0.014499881359067275,0.02800423661437379,0.7141307417787293,2,1
2022-01-06,XLF,1,0.014713279446177063,0.01460608928356777,0.014816520045793294,0.01083039253650602,0.017555295635993007,0.028746263215938317,0.014067119654116545,0.00419541379626862,-0.2433292610672133,0.2740664750294872,3,1
2022-01-07,XLF,0,0.011796456903417019,0.011727421093936652,0.013785056759690694,0.011023487195654429,0.018756786898956213,0.034734063739857435,0.015448776041530249,0.009563496844596077,0.07726781371047653,0.30585128387552807,4,1
2022-01-10,XLF,1,-0.0034003695125411904,-0.00340616390807158,0.015060797010415634,0.011271005500725488,0.007811075827955927,0.026545697215181185,0.02075791947904292,-0.009654876247464925,0.18387727042477753,0.4331146026435728,0,1
2022-01-11,XLF,1,0.008773927003154158,0.008735659778617233,0.01113540559318134,0.011242476611479047,0.012574594344290757,0.0300119378429049,0.014813030738974848,0.005099540624487614,-0.17541021461559358,0.12344718514079744,1,1
2022-01-12,XLF,0,0.000724635811202079,0.0007243733894384263,0.007616609764892018,0.011127708796380295,0.006805857885128663,0.02506974804490958,0.010602376547204443,-0.0019277549651731927,-0.15065487437053482,-0.0870473247840926,2,1
2022-01-13,XLF,0,-0.003862553974840255,-0.003870032901160947,0.007137317050129998,0.01129899097752443,0.00014556426026790525,0.015730913681720082,0.013982686534605916,-0.005303790335848784,0.0019200707516979776,-0.11894504534926953,3,1
2022-01-14,XLF,0,-0.010421792153179288,-0.01047647931971074,0.007056909029653132,0.012202677907824394,-0.008643684759103376,0.0007598719848247448,0.013054157616156126,0.0056651075265483205,0.570579330850413,0.2697744217816107,4,1
2022-01-18,XLF,0,-0.022287457360272933,-0.022539575832611458,0.011738597131646353,0.01445213896995623,-0.025485687164408022,-0.022478956944835593,0.022929000830561895,-0.015779171170520443,0.0171466250901271,0.22877439258626175,1,1
2022-01-19,XLF,0,-0.016783618046114612,-0.016926058995761828,0.009333793991284589,0.012366321183188669,-0.031724848894665536,-0.03576863186337209,0.025360527767429048,-0.024117384168646415,0.04178526464768373,0.2580809382265783,2,1
2022-01-20,XLF,0,-0.0063695807461948695,-0.006389953080530475,0.0075681907447418244,0.012081657602212583,-0.026265990923661553,-0.0393143135394145,0.024136197871135343,-0.009146356828482452,-0.06584580884465385,0.16835913434297067,3,1
2022-01-21,XLF,1,-0.020512729763587423,-0.020726037867380587,0.006740630871795651,0.011560743543592194,-0.03144018614593047,-0.05321338019115163,0.023429450150284734,-0.016477842099230647,0.46816619767412915,0.5772428910954235,4,1
2022-01-24,XLF,1,0.002879702570536269,0.00287556417009327,0.010634836767409846,0.010289492877802462,-0.016077587357469225,-0.043708251439833146,0.04182204732378771,0.02051146614237783,0.4345444106440015,0.9794073104293715,0,1
2022-01-25,XLF,1,0.004176543095364416,0.004167845547961679,0.011188341016601789,0.010857608301736819,-0.0045540098578937815,-0.03353832957111158,0.039334784489248,0.01557550517295291,-0.4243984598586016,0.1085478560367561,1,1
2022-01-26,XLF,0,0.0025992556652689736,0.002595883442511049,0.010422132453061306,0.010046040547181728,0.001558019084352491,-0.02411254396287521,0.028284867353684923,-0.008228328615232502,0.0956925955862944,0.15420984413915173,2,1
2022-01-27,XLF,1,-0.009074501980786964,-0.009115926066280533,0.010678907039533087,0.00968169358131562,-0.0034938864645096546,-0.02507471968636732,0.03518230560350051,-0.01848991862860551,-0.1423211038413228,-0.05106208171687854,3,1
2022-01-28,XLF,1,0.013082366294433045,0.012997531234999471,0.007884315300770543,0.011743026605246896,0.00681268615645525,-0.0058793906094433135,0.029944822663169744,0.017073851617794386,-0.12836547761776373,-0.196290141983676,4,1
2022-01-31,XLF,1,0.008780791600622173,0.008742464647307546,0.008340312645371753,0.01253239561172075,0.011707311384481223,0.007427943361415501,0.0226267598081123,0.015864774986936274,-0.2634702383340689,-0.3943760730869861,0,1
2022-02-01,XLF,1,0.013824875584007579,0.013730183728855039,0.009457842292890954,0.011980441368973978,0.019724920506360988,0.02219918684901656,0.020199460577820797,0.012528710205129466,0.09977034740700264,-0.3214117459218686,1,2
2022-02-02,XLF,0,0.006818177338588249,0.006795038683570898,0.009282727120541345,0.010727886896654914,0.019849545943351865,0.02752427189656803,0.015411742481924041,0.007326859207028758,-0.2778898322794362,-0.4888704911552092,2,2
2022-02-03,XLF,1,-0.011035920422840961,-0.011097267961215351,0.010119054306128895,0.011204929652970968,0.0023895794402009063,0.015059718882004303,0.01580534516980475,-0.010787764641029911,0.08633765921962544,-0.42610480798173755,3,2
2022-02-04,XLF,1,0.01699219340111635,0.016849440931864468,0.010896016032748009,0.009253852673417884,0.012319506556015991,0.027283133830335204,0.024303774290446993,0.015189834787875792,0.5350632436805651,-0.07710146908242943,4,2
2022-02-07,XLF,1,0.002992505367577891,0.0029880367361063698,0.01097680163008396,0.009251178809751303,0.009436802840289138,0.025340268372052943,0.01394772981341143,0.001743454350284397,-0.322422241761406,-0.2744321521437194,0,2
2022-02-08,XLF,1,0.013923359321193596,0.013827319789010861,0.010994609821589158,0.009668687760835189,0.01746502327695376,0.033530076721967284,0.011851840549045138,0.006913550106095679,0.07988556338028174,-0.17027791751144594,1,2
2022-02-09,XLF,0,0.006375797516146697,0.006355558101881709,0.01098753442307592,0.009599364204463156,0.01800870007466271,0.033649038456265545,0.009999996278344131,0.0009756320860327744,0.1859430229861634,0.04359955761036627,2,2
2022-02-10,XLF,0,-0.008771890312182729,-0.00881058982011007,0.010130963947506112,0.009545952812602676,0.002859756906383515,0.01827290832394768,0.02154225461410297,-0.004161522039052416,-0.0036219378330294427,0.08029954425906971,3,2
2022-02-11,XLF,0,-0.01401181147447117,-0.014110903634286132,0.011365420502743548,0.011121503337249544,-0.011240890317545826,0.0005239012982496405,0.02885331703220498,-0.01085076781720008,0.15911199391027164,0.2558001757992674,4,2
2022-02-14,XLF,1,-0.0112191733133985,-0.011282582953560105,0.012207570603834029,0.011858003753750944,-0.019627218895013065,-0.012179594352540013,0.022449431473088782,-0.010725874371143494,-0.08261889003473455,0.12880885552201193,0,2
2022-02-15,XLF,1,0.013615931339875376,0.013524067482049151,0.012102982139600342,0.011834207755192259,-0.003420948883397501,-0.0002236225924123758,0.010214246478485069,0.001494802546172663,-0.2248551486543925,-0.1121716160306706,1,2
2022-02-16,XLF,0,0.0007458819376906511,0.0007456039060023123,0.011268789137429371,0.011689784182546504,0.0013438805581291735,-0.00037288131094981303,0.011499977111816407,0.005749988555908203,-0.257411669636866,-0.3348712897232923,2,2
2022-02-17,XLF,0,-0.024856760369364794,-0.025170906333188636,0.014754158151816459,0.013877959883409074,-0.016446778373248483,-0.024735731569756836,0.02059783136240648,-0.014569249209918827,0.43574260119313646,-0.05787892616195933,3,2
2022-02-18,XLF,0,-0.00025508903141246986,-0.0002551215721537936,0.014432724532925954,0.012474095821423527,-0.012289783503840135,-0.022846798018323233,0.013523827452641636,0.0007655676204513335,-0.19102893357560258,-0.19960971840670838,4,2
2022-02-22,XLF,0,-0.005099311618069868,-0.005112357476387608,0.013960982655283564,0.012365703644358045,-0.01414851646403803,-0.024914347665111913,0.018186549244867796,-0.0005123067954569927,0.2698482741313144,0.002928360466654789,1,2
2022-02-23,XLF,0,-0.0174270912830643,-0.017580730646467924,0.011273947359180914,0.01155880497898791,-0.02213837604550639,-0.03602953930102759,0.030272159377677434,-0.02467568524080967,0.05682010945376881,0.04737488711346205,2,2
2022-02-24,XLF,1,-0.011997806482747841,-0.012070361077571867,0.009750455822221915,0.01079191038417308,-0.02214877358899947,-0.039967532282628726,0.03237121048876079,0.02185059023359284,1.2296422927919366,1.078854114193081,3,2
2022-02-25,XLF,0,0.03220698535220934,0.03169921415021193,0.019427335554292897,0.016634443657313862,0.010022782166375643,-0.005063700853729536,0.02832420143721942,0.02543921790804729,-0.30717026021889116,0.3765561177232237,4,2
2022-02-28,XLF,0,-0.014833849392742793,-0.014944971215507419,0.02044599581413171,0.016692282223838423,-0.001348175325117662,-0.0158406161001583,0.01702912122243014,0.00916956525041485,0.08315687637386748,0.432525595156773,0,2
2022-03-01,XLF,1,-0.03686385497441391,-0.03756050124145904,0.025423316831384917,0.01964788401516261,-0.028490560841725188,-0.045879993457421,0.03695936542638514,-0.02752301467263499,0.20958236084127635,0.6076023777638013,1,3
2022-03-02,XLF,0,0.02587600260388845,0.025546884283102145,0.029255305439209775,0.021349737761372087,-0.0018881477574733685,-0.01577443620572383,0.023790414148050432,0.017375074272390597,-0.3210102784949308,0.049028373640513045,2,3
2022-03-03,XLF,0,-0.0031527940490445605,-0.0031577745753401665,0.028695359468935245,0.021263494047607467,-0.005348032897524502,-0.013032811999551419,0.021187585220767,-0.007585689746267249,-0.18404898931193836,-0.17428261580569082,3,3
2022-03-04,XLF,0,-0.01871391404640399,-0.018891235067610257,0.023204892826831434,0.020728670135782085,-0.014297093503816471,-0.026437593664821124,0.012878978705146218,-0.0010732738136849474,0.47185925178520294,0.1533990792550528,4,3
2022-03-07,XLF,0,-0.03652962443866403,-0.037213538293361825,0.026269004750068985,0.022864886264637025,-0.036788400921114905,-0.05371177399021432,0.029276276739590913,-0.027649782451606392,0.09576683055707957,0.17643683579323644,0,3
2022-03-08,XLF,1,-0.005854533398154671,-0.005871738363035117,0.022934042359851897,0.02285308658711657,-0.03496432828516738,-0.05083844886222422,0.03275948016330971,-0.009994464346931143,-0.009747841807831725,0.10429752061350572,1,3
2022-03-09,XLF,0,0.036735700112031644,0.036077027053841526,0.02705057533995323,0.026663330347484995,0.00642441343308886,-0.012368909375874648,0.015739431217744584,0.0032565197164473813,-0.2279824217900187,-0.16710955666968874,2,3
2022-03-10,XLF,0,-0.00838516791337085,-0.008420521201392805,0.02703813064199473,0.0265568424013248,0.004989224182103902,-0.0174480591543833,0.01787682934454773,0.008250803961074141,-0.1935279159208444,-0.2799434802233618,3,3
2022-03-11,XLF,1,-0.00709222321828773,-0.007117492581568463,0.026218080873671105,0.023508807399006626,0.002423362550844299,-0.017305277847287415,0.02244451126640627,-0.01568410014973048,0.07325084244968005,-0.20942501953061454,4,3
2022-03-14,XLF,1,0.012637250585703752,0.012558066945683066,0.019409006722399025,0.024074531921814975,0.009586287955896555,-0.000407003417674634,0.020838983541672237,-0.0024357280305704362,-0.07577336101119703,-0.2408806078885214,0,3
2022-03-15,XLF,1,0.014107930246958444,0.01400933959040529,0.018493168503581545,0.021648690774382858,0.01427285571368464,0.012926028704730363,0.014235798705707937,0.004029049898556511,-0.2697066494574445,-0.39512566191519716,1,3
2022-03-16,XLF,1,0.028089725879109073,0.027702445207691717,0.01548042605008082,0.021941093914350836,0.034566426629809355,0.04033576892529367,0.019809825354174384,0.01505545920853396,0.6787532776241736,0.01682903735269825,2,3
2022-03-17,XLF,1,0.012489970460292987,0.012412614231266161,0.012534661642784134,0.022154118366452064,0.034950386082704954,0.050570897847542096,0.025124289648642512,0.018319831973613195,-0.3303297642964522,-0.30799145262601824,3,3
2022-03-18,XLF,0,0.0023130991791553424,0.002310428083462046,0.009209054485062504,0.020850219805560243,0.023192288263454985,0.0479926245895923,0.014652947878292922,0.002570654760889097,0.41320726868315183,0.0061056073350374,4,3
2022-03-21,XLF,1,-0.0009781308852042647,-0.0009786095673862683,0.011430952479255841,0.015303600465588174,0.01104096231707663,0.038340717622542986,0.013582746619148822,-0.005381831932574298,-0.43129489631721163,-0.37496062521289075,0,3
2022-03-22,XLF,0,0.016232879261594668,0.01610253476291046,0.011604075004305736,0.014594129471778584,0.01577971423320612,0.04424703227348159,0.011968357538252612,0.004328957651226711,0.30375667861093425,-0.12197840363501178,1,3
2022-03-23,XLF,1,-0.018508886795156276,-0.01868231960631217,0.013617233814082783,0.014053952888640862,-0.005223475977036984,0.01983175413795668,0.015054865355003878,-0.012248011203276649,-0.3097385718333713,-0.35042781415489843,2,3
2022-03-24,XLF,1,0.008008017002302914,0.007976122992849444,0.012908643700328399,0.013239932071032372,0.001396041005144344,0.021264424671214144,0.009235521153905813,0.0010261907644201283,-0.27812949367148676,-0.4993572768748532,3,3
2022-03-25,XLF,0,0.012814228710156028,0.012732821193525368,0.01390725633001371,0.012400721210733474,0.010741856262705296,0.025595362644474706,0.013026776542935365,0.009450802489501545,0.5979849777295663,-0.1610820023269387,4,3
2022-03-28,XLF,1,-0.002783644627857851,-0.0027875261714638278,0.014075464997522508,0.012811576052848283,0.004844391483155963,0.015640724453750865,0.01218272902657256,0.0002537644960910973,-0.0792399579537203,-0.19096650050762287,0,3
2022-03-29,XLF,0,0.0022838849468558298,0.002281280845854994,0.012074960285317316,0.012645544768681363,0.006831235944269487,0.012051045023957263,0.01855096202286638,-0.009776871286431841,0.5184781394517548,0.19367761083938495,1,3
2022-03-30,XLF,0,-0.007088814470679106,-0.007114059491570401,0.008008165826424224,0.010533137875849946,-0.0028983438659246907,0.00246303280512028,0.013417690615110759,-0.007088576691060127,-0.30254117342419884,-0.1052272855536599,2,3
2022-03-31,XLF,0,-0.022947405015125377,-0.02321479524104486,0.013145264023396535,0.012557301100601747,-0.022299367065110043,-0.019442267192423923,0.0260403498964763,-0.021700242886275853,0.4053196583504377,0.23792380609410757,3,3
2022-04-01,XLF,0,-0.0026096188341908633,-0.0026130298249702477,0.009706743435411329,0.01250652530779253,-0.0183387393213974,-0.02042701384979939,0.018403293177170037,-0.00933127509760206,0.027062606199977246,0.3051853182889612,4,4
2022-04-04,XLF,0,-0.004448002322875344,-0.004457924117582834,0.009569470335273878,0.012536755664450745,-0.015829573819606035,-0.02288085370086035,0.015211167448397792,-0.0020981334595761656,0.9629858599145018,1.1956526821026037,0,4
2022-04-05,XLF,0,-0.006307399079194975,-0.006327374761466054,0.008162096604331561,0.010822487461478937,-0.013411921666387272,-0.02496261414340073,0.015567285721216299,-0.002374674115156345,-0.5818278878197396,-0.07444445524735577,1,4
2022-04-06,XLF,0,-0.006876550129638059,-0.006900302552929283,0.008172988100893253,0.009672787294463032,-0.011582021289924693,-0.028762140163663963,0.007997847253656836,0.0010664067533263683,-0.005886154717202885,-0.10019551192796805,2,4
2022-04-07,XLF,1,-0.001065339902929452,-0.0010659077808417017,0.002449649159660936,0.008922383376709284,-0.00840656075463675,-0.025992709033226147,0.018923216306244543,-0.000266581452783514,-0.04456336605468603,-0.17092418340999815,3,4
2022-04-08,XLF,0,0.010130758954373542,0.01007978678464827,0.006999019214276834,0.008388097377422582,0.0033896886444715335,-0.011943248821527086,0.013276686192933127,0.0061072634935799945,-0.1626073867459965,-0.3014598378069189,4,4
2022-04-11,XLF,0,-0.004486633893849401,-0.004496729042505532,0.007002813094709487,0.008374071925115675,0.0006367282381223305,-0.012022278278614129,0.013231013175089856,-0.001852333768943015,0.21855154088775364,-0.16147797257448926,0,4
2022-04-12,XLF,0,-0.010869651296995353,-0.01092915755772772,0.007978991173091645,0.00824988143035156,-0.007607207383942605,-0.017123314657651934,0.02361367530052761,-0.010082177428064007,0.2347714267343921,0.03658571378560582,1,4
2022-04-13,XLF,0,0.0,0.0,0.007650676926902122,0.008416052217237254,-0.006338565183595768,-0.01215285094702201,0.011904828255017473,0.009469759131173776,-0.14535061905456192,-0.1275910404558439,2,4
2022-04-14,XLF,1,-0.011256927823195206,-0.01132076657280523,0.008850079740575098,0.00614298432225529,-0.014268859071442486,-0.01956086527975376,0.016384652641736806,-0.009132424302132224,0.19320191624771965,0.03792635807991451,3,4
2022-04-18,XLF,1,0.00596397720497488,0.005946263089086745,0.007336355758040213,0.006878571517195514,-0.004239275229442119,-0.010795342320409351,0.017184867867980673,0.012274979945784682,-0.23044692329912675,-0.18184208220138465,0,4
2022-04-19,XLF,1,0.013742474134930127,0.013648902631943738,0.010818051570072562,0.008615902554230954,0.009986979122608819,0.003949514711833357,0.012899746144756745,0.011018539572692386,-0.2128841822690356,-0.24774454358374876,1,4
2022-04-20,XLF,0,0.00691117221695281,0.0068873995347957795,0.009377061775887683,0.008741724138357089,0.013864191064658415,0.010699194417630009,0.009496191289912062,-0.0007913157324616249,0.31591966107165126,-0.0073406840101069015,2,4
2022-04-21,XLF,0,-0.015839265563638016,-0.015966047265282945,0.012745037001306666,0.009928934044033376,-0.002034438494252666,-0.004592456635700182,0.029103320086911886,-0.022548521869797798,0.006631183216865066,0.0007637000640328129,3,4
2022-04-22,XLF,1,-0.029774764821825728,-0.03022703322462572,0.018285480443332353,0.013545654578681319,-0.02800175785414072,-0.030762648413705906,0.029553961258583582,-0.028210720508352976,0.3304259601695332,0.28508586364979926,4,4
2022-04-25,XLF,0,0.001658752652397677,0.0016573784416573645,0.017805877582339275,0.012841724916027192,-0.02176264264009986,-0.024817053945501932,0.027320869010821425,0.010036259299454807,0.24903206055959415,0.48339457281525355,0,4
2022-04-26,XLF,0,-0.02511714134238341,-0.025437960168821494,0.01617097231598464,0.014418439091586313,-0.034339362428328246,-0.04312953349265192,0.025125670953284548,-0.013958682419314678,-0.1087098764891764,0.2665834069060613,1,4
2022-04-27,XLF,1,-0.0008494516159566201,-0.0008498126044229615,0.014088551834878973,0.014425971698510998,-0.02129902649421833,-0.03868156460798955,0.013892874173721117,0.0005670671251513793,0.0017862075315349113,0.24108119748982304,2,4
2022-04-28,XLF,0,0.012751911238701563,0.012671290276074387,0.018315611009377765,0.015486481213052298,-0.00027937853339510266,-0.022241321437418415,0.021037867262237366,0.002524548351633536,-0.23189098440008338,-0.05424339622584573,3,4
2022-04-29,XLF,1,-0.03441570864885457,-0.0350218776087492,0.01974029992683452,0.018162596648432377,-0.02563682787623911,-0.04970410296685357,0.035433022296775925,-0.029527643734751537,0.19067804722399484,0.11584237302554756,4,4
2022-05-02,XLF,1,0.00028979654124738907,0.0002897545583406824,0.019560816806537946,0.017815369438315753,-0.015851424643342438,-0.042600461474924356,0.027401234874895087,-0.004326441277865336,0.39898729360312046,0.44912051766438665,0,5
2022-05-03,XLF,1,0.013035999396392661,0.012951762045169346,0.01937081060215291,0.017724862885394176,-0.0010284385828822629,-0.022938728501130212,0.019562725489389136,0.006041510624579887,-0.2922406923554336,-0.0184783687170339,1,5
2022-05-04,XLF,0,0.03059776609136655,0.03013898932897252,0.02426003591271693,0.021076295083468415,0.02514510777264589,0.01216060876432734,0.033970844081567225,0.028832491333896117,0.1880824885684398,0.11693514529905835,2,5
2022-05-05,XLF,0,-0.029134237511984185,-0.029567066913040563,0.02766970526798917,0.02223961553239999,-0.00045691757521637566,-0.010967142594483281,0.03172367454526976,-0.017686616291670777,0.15147804713030033,0.2148813802846623,3,5
2022-05-06,XLF,0,-0.007145056601090438,-0.0071707047627400655,0.022329426856300134,0.0206575181724427,-0.008901094931898723,-0.014048567391093059,0.01893830348090867,-0.0031562926964251743,-0.01792393012832627,0.15680704063474948,4,5
2022-05-09,XLF,0,-0.023891684887742404,-0.024181720128088724,0.025110420744693364,0.021467080638699648,-0.029201242926621407,-0.03122586851513587,0.021301416179904102,-0.01050483237650516,-0.13455725565284304,0.007572022869450912,0,5
2022-05-10,XLF,0,-0.008847059703730342,-0.008886427300078381,0.023398389483369322,0.020483889357617767,-0.030238418309562753,-0.03508275789171522,0.03652834469344639,-0.017825850046507646,0.25206813558217367,0.22405135087317074,1,5
2022-05-11,XLF,0,-0.009223524553229834,-0.009266324637527745,0.010120074881070794,0.020477393287980823,-0.02374682972540687,-0.03848944655736797,0.03209514954179423,-0.010401256254006,0.02445594583440225,0.21445455263708557,2,5
2022-05-12,XLF,1,-0.007507614153939524,-0.007535938141845833,0.007080294794493588,0.01943590029289094,-0.019927803807462063,-0.03823787934601397,0.028770464862791625,0.000908503297425657,0.037127468646846795,0.1917504632854976,3,5
2022-05-13,XLF,0,0.01452361261724211,0.014419155140758644,0.01375870364708455,0.018052443100027873,0.0014934378385373925,-0.021479057226722942,0.01733936675114501,0.0023915699411898,-0.43977337645806236,-0.32489173009711947,4,5
2022-05-16,XLF,1,-0.008350548647564349,-0.008385609801940141,0.01030853140006503,0.018098553335224296,-0.0029385232699639108,-0.026040480426115842,0.016766393203900127,-0.004491063443894829,-0.13076978334129763,-0.38138381172316915,0,5
2022-05-17,XLF,0,0.026766616766688234,0.026414657572308542,0.01647735618835609,0.019928712754372867,0.02050568657501528,0.002466369706614069,0.015634294104368764,0.007079582683390719,0.12929959649456912,-0.29272132831249154,1,5
2022-05-18,XLF,0,-0.02753346859509065,-0.027919619089550984,0.021276111865090135,0.017638618685588768,-0.0069987558490844926,-0.01693703719237616,0.023654619878159786,-0.018332316306308237,0.181675583406115,-0.15131980269027756,2,5
2022-05-19,XLF,0,-0.006626655747239862,-0.006648709512904638,0.02120628044976304,0.016007646233832412,-0.013165834940496945,-0.017604532424949193,0.015877876572936545,0.0070228867858420805,-0.03707493204701717,-0.15421078285646583,3,5
2022-05-20,XLF,1,-0.0018193821929712861,-0.0018210392789734797,0.019556349179254345,0.01604586192010941,-0.011352169690040492,-0.014046672716261144,0.03462817096001035,-0.008732337353870441,0.09030638067036323,-0.05400663029695618,4,5
2022-05-23,XLF,0,0.03250309930819251,0.03198604759982171,0.024848194484342574,0.018490488830733252,0.01626499729130204,0.017756034225014927,0.025633401785642208,0.013114827165784474,0.0026248772193484537,-0.0425414671790465,0,5
2022-05-24,XLF,1,-0.0020593694568518117,-0.00206149287389934,0.021563152096414788,0.01823663200141172,0.01550806802203164,0.014718213904391986,0.023971516325752333,0.003847210710143301,-0.004068331600359687,-0.010435317879571082,1,5
2022-05-25,XLF,1,0.007959820588419708,0.007928308327363354,0.015746296532218818,0.017966798274953084,0.017559495914709844,0.020079295209366466,0.01950354150224897,0.010342744460488067,-0.07292298051140855,-0.03602356616507163,2,5
2022-05-26,XLF,1,0.023106347508824232,0.02284343807550071,0.015400268857444433,0.018614549096568612,0.028823654720798286,0.03767436626354681,0.016493046069863043,0.012152724312965433,-0.29628244446106666,-0.25878384303081126,3,5
2022-05-27,XLF,0,0.01686662310276521,0.0167259610742736,0.013359094941879595,0.01875014792774647,0.030118693129485008,0.0488293247743985,0.016225439154385995,0.012524868013976146,-0.1366193468127992,-0.34064118614084515,4,5
2022-05-31,XLF,0,-0.0028111448156028507,-0.002815103503894356,0.01143477823119164,0.01835405239598917,0.018492062799193798,0.03907913801667595,0.018424080169196104,0.005385556915544675,0.4768629239099458,-0.039382287705886476,1,5
2022-06-01,XLF,1,-0.01606994282950791,-0.01620046456748314,0.015645209456241822,0.018130998035833318,-0.0034834448592241385,0.020110012241649766,0.02543814298213788,-0.013566973650232812,-0.24910117337589865,-0.2631384089240685,2,6
2022-06-02,XLF,0,0.01375373264177937,0.01366000845479265,0.016053454799240842,0.015000097840745602,0.00340344909487289,0.02759246358070455,0.021471514269894472,0.01288293040389049,-0.06800034537769517,-0.2817523489158801,3,6
2022-06-03,XLF,1,-0.014415029177844652,-0.014519935079133628,0.015379815188409997,0.015929648224680792,-0.010443235093153147,0.007250470175378831,0.010556317829917174,-0.005135529503391707,-0.19047881644744535,-0.3846087288390815,4,6
2022-06-06,XLF,1,0.002867694007649524,0.002863590017309292,0.01240683718703613,0.015751731411494274,-0.004214452829817694,0.004192508700181952,0.01592722911607844,-0.0054038289969722195,-0.10544586559998259,-0.4044017838773971,0,6
2022-06-07,XLF,0,0.007721113167713511,0.007691457923289402,0.013374365902269845,0.012826282070956681,0.004790239133464214,0.008326592784984044,0.016412315068735396,0.014684772328034093,-0.024313424470599698,-0.3657724971136287,1,6
2022-06-08,XLF,0,-0.017594022783817054,-0.017750637307907713,0.013807534548887317,0.014439548674881576,-0.011309359647359685,-0.011394014022902965,0.0165855875353544,-0.010008643883350772,0.19419694424845613,-0.1781344637660297,2,6
2022-06-09,XLF,0,-0.025129828622436068,-0.025450974412017935,0.013993823468829207,0.016588777478655684,-0.027097188010388185,-0.035025071894807525,0.025159019254402126,-0.0240023651563055,0.2996800150581149,0.12236623177837624,3,6
2022-06-10,XLF,0,-0.03614829015724963,-0.03681782416827817,0.018594846813303114,0.01751083328342315,-0.049442011049796064,-0.06334598416618742,0.019382173857540354,-0.014839541843543117,0.4923212464623423,0.5909299010779121,4,6
2022-06-13,XLF,0,-0.029818483444455812,-0.030272094521797577,0.017011363002620006,0.016612665906712745,-0.05903397473083616,-0.08066070956625127,0.023021055060362682,-0.004730357075403491,0.4026666343176859,0.9763975832383263,0,6
2022-06-14,XLF,1,-0.008554976430087624,-0.00859178029541141,0.01073289535651951,0.016366178695300278,-0.04457996911611484,-0.07729045697339498,0.027137917193384382,-0.01262226607097684,-0.27360661739622605,0.4067522889067625,1,6
2022-06-15,XLF,0,0.01118561620671965,0.011123519830173123,0.019107651949569527,0.017875671270394758,-0.015985496098882224,-0.05791272177705775,0.03130928984321196,0.0006324652082306494,0.16227335624575012,0.5238210864614643,2,6
2022-06-16,XLF,1,-0.02528446853897326,-0.025609613159354616,0.019122817421136005,0.016408093891103447,-0.023185061361646664,-0.06914970482329041,0.013870977586315524,-0.005161285400390625,0.14773363624360902,0.5953621165156926,3,6
2022-06-17,XLF,1,0.002918145830334007,0.0029138963079340385,0.017636215792389078,0.017199146992364484,-0.010303458852601532,-0.05519756473718285,0.021028842739814074,0.0006470546057070389,0.15965330702063207,0.6416661203229881,4,6
2022-06-21,XLF,0,0.01995712714000475,0.01976059419711973,0.01763804603834896,0.019510423184735077,0.009530272427867859,-0.02616030410266168,0.012392735880452936,-0.002859871450638974,-0.5034467070927511,-0.21271761146708823,1,6
2022-06-22,XLF,0,-0.0022306962087503823,-0.002233187917724866,0.017085312126988942,0.018740452291597962,0.006074905157795074,-0.016912686781971442,0.01998713185312752,0.009348775109580314,-0.17273506952457385,-0.362541415539239,2,6
2022-06-23,XLF,1,-0.003832609295632672,-0.0038399725623432523,0.01621276574778331,0.018713393691687362,0.004040153128620938,-0.01059517494425588,0.022661956150706233,-0.004468541014661989,0.44369199638602885,-0.1161791109602156,3,6
2022-06-24,XLF,0,0.03687093388543805,0.03620746044596235,0.017389381705812328,0.022845665005518122,0.030028303139402857,0.02990698999840724,0.035121279847996734,0.032567064741454384,-0.055654812116702645,-0.18181636459721917,4,6
2022-06-27,XLF,0,-0.0034015570400330875,-0.0034073554880835744,0.01830528383473836,0.019787132901279716,0.017040016283315307,0.026820674056347693,0.015648920501545486,-0.011046351907518348,-0.27858749444565756,-0.3891892569771638,0,6
2022-06-28,XLF,0,-0.009928639403973483,-0.009978257041113547,0.018895680792584236,0.017328097266562707,0.0035852977751791304,0.014952897640962526,0.030098264769737454,-0.019963190984755387,-0.10127887090219456,-0.40354561081723017,1,6
2022-06-29,XLF,0,-0.005640913620600263,-0.005656883659226786,0.019212923592490605,0.017158847977116892,-0.004705235770961047,0.007286420500663748,0.013775846170961854,-0.00657485874483205,0.5192569930687543,-0.07949919162313224,2,6
2022-06-30,XLF,1,-0.008824361909415379,-0.00886352716680694,0.019766326821752812,0.017143313880855045,-0.015094569690749848,-0.0015317512581204396,0.028178007482083565,0.007044547676204388,0.1672177653761191,0.09404008151433585,3,6
2022-07-01,XLF,0,0.013672570262924788,0.013579944011728351,0.009577129624011806,0.01504146389402449,0.0012563774450335963,0.008267366613361915,0.02679426291440799,0.016905861972816603,0.02674970084056838,0.16307031643509085,4,7
2022-07-05,XLF,0,-0.003450447236692855,-0.0034564137584922605,0.009577890902359585,0.01522400569950156,0.0006930228160342278,0.0016079278070673109,0.024537937487467448,0.012428339943510143,-0.33336092843727205,-0.14003786137463992,1,7
2022-07-06,XLF,1,-0.002518098936196256,-0.002521274679666785,0.008742596172716319,0.014113312623992421,-0.0004415413650322719,-0.001889715871497999,0.01766565803827092,-0.0003154646259039599,-0.06859370391642472,-0.1853450806938034,2,7
2022-07-07,XLF,0,0.014515636707252755,0.014411293380576229,0.010698970179957532,0.014660842520099308,0.011387969691903699,0.009926548804149782,0.00969966777757593,0.005945007723687958,-0.3100223533749846,-0.4233079353946646,3,7
2022-07-08,XLF,0,-0.0021772702481385187,-0.00217964394708714,0.009223479779152364,0.014587469407442401,0.005201506217987983,0.004918153811315884,0.012096754632271604,-0.004962774165082435,-0.12252076533585343,-0.45578952296240816,4,7
2022-07-11,XLF,0,-0.0081047222945968,-0.008137744099064648,0.00864255705235507,0.008698704058120182,-0.0025703383167491323,-0.001600112325419123,0.010344885109747586,-0.002507834628925319,0.051685694820075456,-0.38761170106191145,0,7
2022-07-12,XLF,0,-0.006285323042848012,-0.006305158845691494,0.00898332166257986,0.00881264316755676,-0.007906578615461624,-0.005972864025641456,0.020266032252794358,0.001266653439644767,0.2501840382406926,-0.22028901401484124,1,7
2022-07-13,XLF,0,-0.00885531544518936,-0.008894756767213075,0.009685816054610627,0.008709578382048493,-0.01452748601557241,-0.013006708969287462,0.019181536475389317,0.0019181414522154603,0.3462510795320719,0.030794839533439644,2,7
2022-07-14,XLF,1,-0.01914496237783292,-0.019330600343821835,0.006277428506052614,0.010281947365154111,-0.02474635236122036,-0.02887486834388142,0.015309423507307133,0.0013028992568298921,0.12326016298093379,0.17366719023924748,3,7
2022-07-15,XLF,0,0.03383234642966859,0.033272622156313325,0.02049462049599887,0.015283274427006,0.010171685908780592,0.002934982561661137,0.027581741327313992,0.01924311660029485,0.03232650829060102,0.25137146916182096,4,7
2022-07-18,XLF,1,-0.003776055841951953,-0.0037832031388806975,0.020246977128748574,0.014678622809615743,0.007381920618573901,-0.00015796652338584405,0.02885511381894521,-0.01768537706856785,-0.3516937076489266,-0.11717100970729277,0,7
2022-07-19,XLF,1,0.030006424952600197,0.029565040040147927,0.023971952437703337,0.01749796879816029,0.031113727184514106,0.027119003275027254,0.02244386758910671,0.01652115801264748,0.04903857094094888,-0.05009213881467567,1,7
2022-07-20,XLF,1,0.0036797592211008645,0.003673005470185675,0.022591781643485926,0.01740015819967257,0.02589015847092413,0.02753267798831316,0.010756062660445294,0.005838925057261488,-0.050786334056399096,-0.07783437385500702,2,7
2022-07-21,XLF,0,0.006416000504405606,0.006395505590045758,0.016804278928054733,0.01700773248689101,0.018426770873981146,0.03156691665010336,0.01685046713680318,0.009191153268087672,0.053342578237599136,-0.04565118828330006,3,7
2022-07-22,XLF,1,-0.005767948636916875,-0.005784647495722162,0.014281619153790554,0.017156093290766165,0.006515456464490699,0.023469451232454475,0.020006056800018407,-0.0072749823054253,-0.3653831930535627,-0.3895845787891241,4,7
2022-07-25,XLF,0,0.006412144577594425,0.0063916742378054,0.013204379497819602,0.016797698785064125,0.004939268807175878,0.02637552913827146,0.01183609652862557,0.0003034391897328496,-0.040475968486317626,-0.40603080983862094,0,7
2022-07-26,XLF,1,-0.013956266955145291,-0.014054571362244417,0.008969378122557797,0.01746385474652128,-0.00842078148812253,0.009285408899666114,0.017378156182316015,-0.009146318415812014,0.06714765195774786,-0.34754933084807105,1,7
2022-07-27,XLF,1,0.01538447665671061,0.015267335504812518,0.011539051017920394,0.01733506382453876,0.005178103329452233,0.01955681665003528,0.019613832935905722,0.011339225245883126,0.7003391785353861,0.12788219966372827,2,7
2022-07-28,XLF,1,0.0072729143054208745,0.00724659420302709,0.011632633197124728,0.015057784135116508,0.010641603721572634,0.019100506636128722,0.02270663117523632,0.00635794450290901,-0.08573940362182375,0.07672223369686049,3,7
2022-07-29,XLF,0,0.014139691645470132,0.014040658644519866,0.011771301258642924,0.012339111600558637,0.018983279988523005,0.02743079819067118,0.015906326054954997,0.011704663662077352,-0.05492671069394206,0.07679371075058561,4,7
2022-08-01,XLF,0,-0.00830611036215656,-0.008340798311667896,0.013332531730885526,0.012811250929738834,0.007656268027547597,0.013429683168283857,0.012578561743715404,0.0011979909032207058,-0.09277708914368354,-0.013395476165802944,0,8
2022-08-02,XLF,1,-0.011067955928343753,-0.011129661477863984,0.012452781843695958,0.010459893044978111,-0.00684926356192983,0.0008477584645028013,0.014126877494329837,-0.006311965181342588,0.04769535997813912,0.04469550280453838,1,8
2022-08-03,XLF,0,0.015123878662760104,0.01501065299011195,0.012390916686924163,0.011324810067917546,0.00479030968685934,0.013437982940849968,0.015610940748283014,0.007505253368150795,-0.2578864289032763,-0.199279451468506,2,8
2022-08-04,XLF,1,-0.0032776589962366653,-0.003283042286763571,0.012471502044590636,0.011373327774058301,0.00023916538219226346,0.008562990138941906,0.006859515377565165,-0.0023858639806100057,-0.10284130639321398,-0.24614471211081823,3,8
2022-08-05,XLF,0,0.007174888601742646,0.007149271548537062,0.010982030580178574,0.011176986055178582,0.007536302923360827,0.012928445408682432,0.018285275314563865,0.009892026688243643,0.4023659705049416,0.029856645786503266,4,8
2022-08-08,XLF,1,-0.000593632922941123,-0.000593809192728223,0.010037097738117473,0.011151219478255496,0.005494840232050935,0.010170719742731649,0.012080137419023381,-0.007955228894770662,-0.2908971340943546,-0.2690023658560803,0,8
2022-08-09,XLF,1,0.005048846802505835,0.005036144113501617,0.007186262841587831,0.009606252872468595,0.005885393681888784,0.011205596316547828,0.007708335006198177,0.003261209956846307,0.08438145027924704,-0.207480431735932,1,8
2022-08-10,XLF,1,0.022458844736401584,0.022210358478230052,0.010032421686037048,0.010725703136055753,0.02215665521054322,0.0289963308939849,0.010746410938286996,0.0049375012326025765,0.7167573622348196,0.35832813598012603,2,8
2022-08-11,XLF,1,0.01184955692976386,0.01177990065409329,0.008661188633695457,0.010938600453784555,0.02482284620907005,0.03573743103587401,0.01002286633658391,0.0025773240924144326,0.03569192787550146,0.3819391890520647,3,8
2022-08-12,XLF,0,0.015710185170867863,0.015588057648462605,0.008999803964649866,0.01109055261445032,0.029650493053669846,0.0462826798104774,0.016202378905049605,0.010801622081263243,-0.2259200769604045,0.07718849310362197,4,8
2022-08-15,XLF,1,-0.00028157964348585196,-0.0002816192944772311,0.00890075566937843,0.010245827612158231,0.018274434297972375,0.0395039969014237,0.014772739957186526,0.009943138253837537,-0.30256280536591673,-0.2263531576143032,0,8
2022-08-16,XLF,0,0.0073136296484748176,0.0072870147480581515,0.008576640620649167,0.008256499208200024,0.014275085503591578,0.03875376477433656,0.016388862420391503,0.011867815509638821,0.6281952219506426,0.24261665326792814,1,8
2022-08-17,XLF,1,-0.005026572419333686,-0.00503924812923362,0.008532824422963206,0.008781227317141191,0.0033227076315749393,0.02736357106101117,0.011581916094336382,0.0064971619300125925,-0.1971584085538295,-0.019611031756051722,2,8
2022-08-18,XLF,0,0.0011226211415824583,0.0011219914736768644,0.007998889052594119,0.008362853395642408,0.0007293085783319775,0.021975060651812983,0.008146093481946516,0.0019662836467564462,-0.5184812111707582,-0.515696003101254,3,8
2022-08-19,XLF,0,-0.01990460832311669,-0.02010537360879905,0.010246930661148866,0.011792864648066236,-0.015876567831697663,-0.001998329567265422,0.017484459895438995,-0.014100395175107088,1.103656474301963,0.021221401154899677,4,8
2022-08-22,XLF,0,-0.0220249935528114,-0.022271165053844744,0.012889460416150975,0.014345124517229574,-0.03012578350568551,-0.02542601707018166,0.010449944916658556,-0.007547231653770333,0.09594967160304169,0.07841436897550036,0,8
2022-08-23,XLF,1,-0.004094779401803028,-0.0041031859675140225,0.010320126234785908,0.014394076978959676,-0.024355180137981325,-0.029997345650855434,0.01024896846792605,-0.002928324578333548,-0.3685428727441653,-0.312620876878582,1,8
2022-08-24,XLF,1,0.005286209170066503,0.005272286211265964,0.012383324490978499,0.012397227177135204,-0.011265190919942936,-0.023840786209471387,0.012356633212779628,0.007060837067318349,-0.1102133884013079,-0.34021798563308414,2,8
2022-08-25,XLF,0,0.01548348876554928,0.015364842689526537,0.016110428435085002,0.012860497215874006,0.009350082683371896,-0.008019215427912618,0.01690967475089637,0.01341105232374569,0.2765856630339132,-0.09854155655616692,3,8
2022-08-26,XLF,0,-0.02991921782498319,-0.03037593035954389,0.018814389325787863,0.014414967676122735,-0.013746580649806495,-0.032618782071598185,0.03523344450336652,-0.03408761477829681,0.44798618317892935,0.29706097990859304,4,8
2022-08-29,XLF,0,-0.0071175577872675255,-0.007143008437914933,0.016936261611327875,0.014317324883523757,-0.01668231369283668,-0.03376615956217932,0.01314617344961682,0.00029872486311768,-0.08784847739768664,0.1461509133815826,0,8
2022-08-30,XLF,0,-0.005376268265355311,-0.005390772404371802,0.016946378902324553,0.013559511218594852,-0.01764107688057215,-0.031948476454542685,0.017862527123928374,-0.008633549098242594,0.2006933909916524,0.37360292286792474,1,8
2022-08-31,XLF,1,-0.007507652313490931,-0.007535976590052229,0.016075155529061507,0.013538877875346423,-0.018180807973570356,-0.03195573997121626,0.01762773023811369,-0.012548609749759515,-0.050214111538617656,0.27693788188255564,2,8
2022-09-01,XLF,0,0.0030256419382606037,0.003021073895546067,0.012251669419904415,0.013684654004726972,-0.005699002343129034,-0.021806596118984833,0.020966345931493786,0.007292667261609528,0.02103187974311127,0.20820953812049492,3,9
2022-09-02,XLF,0,-0.00784324607592124,-0.007874166112176173,0.0045662451603206465,0.01295397001300859,-0.008561096977288574,-0.023514250286728378,0.0322100170108427,-0.019087366923604115,0.0641355905488541,0.2499150259810774,4,9
2022-09-06,XLF,1,-0.0024320415659813133,-0.002435003782868428,0.0044939640017399515,0.011681589936181295,-0.0069611381123325655,-0.021881613643757958,0.0199636969145839,-0.0075620081553285584,0.06175362426172448,0.2931836625738631,1,9
2022-09-07,XLF,1,0.019810869935770636,0.01961718847186633,0.011405191113804197,0.013905654770232041,0.011731977224548107,-0.0007466539223727198,0.026291673323824774,0.022928768602626555,-0.23659080456262493,-0.04449692925654203,2,9
2022-09-08,XLF,1,0.017633126283720157,0.017479466418722556,0.012223377130109445,0.01508866433668664,0.023383136055006304,0.017420211087189275,0.027635870941541515,0.02282962753475683,0.449358992661965,0.2798416413148552,3,9
2022-09-09,XLF,1,0.009104176328185165,0.00906298314610332,0.012150829560908051,0.014463267115007204,0.025243192035483863,0.027911545226085632,0.007602401474570079,0.004678358007099575,-0.18584776865658414,0.0041985881916135614,4,9
2022-09-12,XLF,0,0.00814892235566056,0.00811589916883726,0.008835671146413529,0.010487426957627903,0.02291508979621648,0.0334436328121166,0.011594247126924818,0.004057953323143116,0.015546699381277618,0.010628678674086789,0,9
2022-09-13,XLF,0,-0.03724009584981758,-0.03795121898590992,0.023337545115305093,0.016332149474305065,-0.018309181143710607,-0.0046558678030271805,0.024734987492151,-0.01796232705525807,0.44799092676604024,0.37747358457379,1,9
2022-09-14,XLF,1,-0.00299848574517092,-0.003002990210189349,0.021507581314998348,0.016266687460182117,-0.02004124513923944,-0.0074922727221946595,0.018851020425867254,-0.005086719876103375,-0.354415549368455,-0.1053761753949033,2,9
2022-09-15,XLF,0,0.003308339763206769,0.003302879247392365,0.019226373405668618,0.01607266181101734,-0.012784007670577968,-0.005129328975746139,0.017723044048121334,0.0021027243286006947,0.21460905559577093,0.06742641437415897,3,9
2022-09-16,XLF,1,-0.008992821006874596,-0.00903350048754481,0.017809122627398415,0.01635551632391379,-0.014076052764595559,-0.01381134516626592,0.012412953756119916,0.0009083437815004153,0.13095293056051038,0.1723131766110324,4,9
2022-09-19,XLF,0,0.011341785536026938,0.011277949707842794,0.01855461363439732,0.016477592871264265,0.004324540924592002,-0.0042449592487815435,0.023999962439903846,0.023384563739483173,-0.3228954248487289,-0.1944506867767387,0,9
2022-09-20,XLF,0,-0.014732402502087072,-0.014842002119649589,0.010214356993223131,0.0172662224410595,-0.00804246285073551,-0.019301468399757327,0.017884211050919557,-0.00666872414397978,0.15626147530651058,-0.060938531775026394,1,9
2022-09-21,XLF,0,-0.02075061728334049,-0.02096893679977585,0.013135535590376649,0.01699793427477431,-0.022792925698956745,-0.03620508372381748,0.031231012540730685,-0.026986034020668997,0.17659076258010686,0.07006901564281276,2,9
2022-09-22,XLF,0,-0.016827828153184732,-0.01697102478544954,0.01265974497688546,0.01567519930097185,-0.02957126048679104,-0.04576943100262765,0.022388038456798376,-0.018967680760130626,0.053478122494692304,0.12356810832073517,3,9
2022-09-23,XLF,0,-0.01584769386411755,-0.015974611249066406,0.012893451272819855,0.014794465404774974,-0.034034277137444335,-0.05191600577791666,0.022727243587532316,-0.006081963362665433,0.08607156856184095,0.18101477323668025,4,9
2022-09-26,XLF,0,-0.015780987533271507,-0.015906833050673086,0.002336003680565322,0.013509445689954545,-0.03303373344541882,-0.055635605846319436,0.024983791868530825,-0.008436087977168256,-0.120267248816042,0.021977871397721227,0,9
2022-09-27,XLF,1,-0.004254115709217965,-0.004263190204564893,0.006179392275945879,0.010257335442580914,-0.02267482436114776,-0.05160678586784029,0.02727267097554073,-0.012012952631490947,0.2133432860313349,0.24036818418292438,1,9
2022-09-28,XLF,0,0.01971756284906223,0.019525689784940514,0.015592755693074674,0.01359619436153418,0.003427823321781487,-0.026700386147715638,0.02522930992352482,0.01671036111508649,-0.23984172956140815,-0.07016469988209784,2,9
2022-09-29,XLF,0,-0.012568518783359073,-0.012648170723918106,0.014999255857831014,0.013275083714187794,-0.0033179350369727523,-0.03119830681520197,0.018241024495947413,-0.0019544420781724644,-0.09175134035023769,-0.1454914159243983,3,9
2022-09-30,XLF,1,-0.00913836584703176,-0.009180376849343919,0.014145508898015063,0.013276531768354183,-0.007972792162406206,-0.03231972224998725,0.024788004979262406,-0.009784710976959403,-0.09258719541328242,-0.19858124006251965,4,9
2022-10-03,XLF,1,0.027009172099751177,0.02665086187027077,0.017969483928858207,0.016363089538633194,0.014709700763822164,0.000449190482748163,0.03392044751151967,0.016960223755759837,0.23962005354843985,-0.02826679742503424,0,10
2022-10-04,XLF,0,0.03720347828345383,0.03652812820881035,0.02218955457479118,0.020984849479753247,0.03953720810680772,0.03910302400869092,0.02368913759526351,0.02147821568076743,0.13498038699318915,0.0778770168418661,1,10
2022-10-05,XLF,0,-0.0077304382751848255,-0.0077604730010056855,0.023307544724586574,0.02001321272330999,0.02451951328774271,0.03107030222003404,0.016959827667697217,0.007851758756341604,-0.21846195300308002,-0.14399718155310937,2,10
2022-10-06,XLF,0,-0.014023106009752984,-0.014122358741054608,0.02361914867308275,0.019766535848622372,0.003743380193471868,0.016317588670175853,0.017549400688462603,-0.008461311784856334,-0.16876801670226116,-0.2618657683789426,3,10
2022-10-07,XLF,0,-0.023704271896755724,-0.023989738358523027,0.026746705857725248,0.020624207952982067,-0.023333865341615745,-0.007263256289526399,0.023596931017721312,-0.014987283531747867,0.04789460192004702,-0.1914077502453735,4,10
2022-10-10,XLF,0,-0.004532105686782972,-0.004542406813407229,0.023399999116856463,0.01998450541881332,-0.025109389009471683,-0.012365505570283042,0.019961392462779528,-0.00998066552712921,-0.14757824890670057,-0.2804182394811313,0,10
2022-10-11,XLF,0,-0.012682898631485529,-0.01276401316509057,0.007316404479167872,0.020394795722243966,-0.02523595043602711,-0.02467230802839493,0.02094930648052775,-0.006219267805365275,0.6262217163199695,0.19856244469958528,1,10
2022-10-12,XLF,1,-0.0023055114018921685,-0.002308173185272544,0.008511566040614454,0.01917631905487839,-0.016111058809467504,-0.024602154982544477,0.016792894790539276,-0.00263417588065085,-0.042952972225912545,0.1411763509792836,2,10
2022-10-13,XLF,0,0.04126753272446626,0.040438752507903075,0.024753014343986343,0.023110260604220556,0.02515760343831741,0.012715083133001848,0.06839624884678669,0.06266848353189552,0.7214315756323848,0.7899813216193101,3,10
2022-10-14,XLF,1,-0.016804120085016527,-0.01694691122425951,0.023276665061186107,0.02368270490273453,0.007145071955893201,-0.006376462803912908,0.039283409950965194,-0.0254556717068145,-0.26718307875805936,0.2500503001998047,4,10
2022-10-17,XLF,1,0.02515318786864773,0.02484205300276532,0.02522111989168073,0.023474511334020662,0.02554995543509908,0.016629274780765257,0.013261764296878843,0.0037891013244178385,-0.22442758622955017,-0.03076629727898572,0,10
2022-10-18,XLF,0,0.016042903007925657,0.015915575634745327,0.022792625042645523,0.02076431199362244,0.02912130343357555,0.033071115581296384,0.022378895344560612,-0.009809923522450874,0.019662362194052818,-0.0008582326632229353,1,10
2022-10-19,XLF,0,-0.01640866521833939,-0.01654477837628132,0.025785463858133177,0.02130087531201174,0.0027776690397791626,0.017160836387287715,0.02186136017901676,-0.007807620125732515,-0.2688434436051812,-0.25938789484590086,2,10
2022-10-20,XLF,1,-0.01605287297505431,-0.016183116071762704,0.020532605108090064,0.02145003082871306,-0.011572699343173842,0.002051595404313211,0.027733979623769615,-0.014812458875987953,0.2249266454011709,-0.10856901890583459,3,10
2022-10-21,XLF,1,0.029750287420489796,0.029316333450779997,0.022393412200459307,0.021821443023522867,0.010294274029919004,0.027580785665756835,0.03508773103938818,0.026794202073941974,0.2634912021964364,0.08567991159509414,4,10
2022-10-24,XLF,1,0.013358167464981419,0.013269733816478002,0.020648030816660126,0.021746228367340678,0.018483702377845912,0.03512821822071577,0.015132849360814389,0.00741191648711397,-0.2637330166846219,-0.21489394555265673,0,10
2022-10-25,XLF,1,0.011955954601122531,0.011885046796694887,0.020194220441191336,0.020750653449053504,0.026111279180286884,0.03876892755912231,0.02095532478237711,0.01725724331055526,-0.153722094263807,-0.3134370010707861,1,10
2022-10-26,XLF,1,0.0024233989676176737,0.0024204672718299847,0.016782892388720133,0.02052730248806496,0.020225616087622855,0.032191542862229694,0.013288994823256588,-0.0006040609300810131,0.11963959081363051,-0.21501998274006706,2,10
2022-10-27,XLF,1,0.008159825636572915,0.008126714259455436,0.010210268540547362,0.017148930657850187,0.015401652455366177,0.034739598444665676,0.012874260045844892,-0.0011976321467036563,0.08471249944096737,-0.06796507146425435,3,10
2022-10-28,XLF,0,0.02488008009670062,0.024575610718310603,0.008277686424310532,0.016088767482970338,0.02814711078686627,0.05012604111931984,0.025112111612223317,0.022122506633524608,-0.11667822721077215,-0.12851733116642905,4,10
2022-10-31,XLF,1,-0.006142328502187766,-0.006161270205845781,0.011525949518325238,0.01583958871745362,0.013541653482346483,0.036702489835661156,0.008242530739923225,0.0002943279709719179,0.10055928810888126,-0.024214613483939273,0,10
2022-11-01,XLF,0,0.002649019090787519,0.0026455166237537853,0.011530431305938758,0.015534205420833176,0.00984079418399264,0.03386569927056171,0.01255108949919347,-0.005545786223508535,-0.02838303753636129,-0.030179261736877572,1,11
2022-11-02,XLF,0,-0.012621289186125595,-0.012701614242685011,0.014425241575113976,0.014978074619924432,-0.006145129026524199,0.015056958787668107,0.029117584228515625,-0.01058825324563419,0.4902596152117926,0.3675263215559317,2,11
2022-11-03,XLF,1,-0.010106950445966434,-0.0101583724427452,0.01520568452454848,0.014105175152319965,-0.015841070779918254,-0.0013493924722461914,0.01444911272119961,0.0024081280378631083,-0.2965499536524936,-0.03278039184285353,3,11
2022-11-04,XLF,1,0.01831796146578224,0.018152208717898688,0.012542400712696035,0.012360491746105852,0.0038481825489724564,0.01172518337598527,0.01953818446602819,0.0038484627830984285,0.02443170267536332,0.021490683381506948,4,11
2022-11-07,XLF,1,0.010026777716297675,0.009976843092109,0.013142344864350813,0.012162100954301062,0.012295283988907668,0.016924000038254006,0.009660475191122923,0.002634664900172968,-0.2812942312841896,-0.24736279155011676,0,11
2022-11-08,XLF,0,0.005839330112011654,0.005822347304010211,0.013279513744665631,0.011922287367793076,0.01592445127275144,0.01850749149518549,0.015469900912509925,0.005545897569026705,0.15899042923723306,-0.1296386185077828,1,11
2022-11-09,XLF,1,-0.016836147448103578,-0.01697948650797887,0.014537036618920059,0.013691159956154556,-0.0025328407166218536,-0.0009441232969215063,0.016072449369984153,-0.010228003399561767,0.2091470625380314,0.04168861259684031,2,11
2022-11-10,XLF,1,0.05048741810365698,0.049254264176130214,0.024404355852193412,0.020509306274067978,0.033941768961416985,0.04266794604664592,0.023495692234172996,0.01948424858009104,0.6065465197430577,0.5708004089604584,3,11
2022-11-11,XLF,0,0.008150606066330557,0.008117569268587754,0.02433301453801543,0.019515215589986593,0.030628700976856882,0.04601655950675454,0.011185618846653537,0.0030760798521996756,-0.31918342378656483,0.0459876237022514,4,11
2022-11-14,XLF,1,-0.014218060301543822,-0.014320105330642985,0.02698007272500868,0.02018215062660356,0.009535774923842943,0.027011265582409738,0.013139429689435442,-0.011462114681721265,-0.17521882277362888,-0.13319398515859826,0,11
2022-11-15,XLF,0,0.0022625706416372626,0.002260014883013639,0.02705540023466812,0.020185753856397357,0.006132285831062179,0.025255392256930076,0.022383861205651345,-0.008394041344955031,0.5209998236967373,0.26404670067368174,1,11
2022-11-16,XLF,0,-0.004797008847280626,-0.0048085514222377945,0.02497406691219802,0.01960765814444764,-0.006590894669536995,0.015548452491478182,0.010163659352470721,-0.004234831138787353,-0.43164002691943715,-0.23968758418369474,2,11
2022-11-17,XLF,1,-0.0053867866164131195,-0.005401347666492917,0.008464587696300306,0.01925964210570834,-0.009151387516242337,0.004927404045797834,0.009753303116320907,0.00631099302499141,0.08688862914125006,-0.16371329481068442,3,11
2022-11-18,XLF,1,0.008266776979619639,0.008232794334979587,0.008502228145730335,0.018765624983788785,0.0018695384916331825,0.009014759431324348,0.01462719139876421,-0.005063299832314274,0.10497970980398752,-0.07076175802415174,4,11
2022-11-21,XLF,1,0.0031098541141174607,0.0031050285198195304,0.005761310996236912,0.018661531020320806,0.0043024683107371064,0.00861355876048231,0.007644407137501693,0.004530007044013528,-0.37572803722684345,-0.4123887682801727,0,11
2022-11-22,XLF,1,0.010146732303017991,0.010095599809060829,0.007198586222671137,0.01876612650874581,0.012200722743711756,0.014837595631989053,0.0058873818320728894,0.004765965583664753,0.2010239171122452,-0.2853009825501851,1,11
2022-11-23,XLF,1,0.004185036359791061,0.004176303451671526,0.006018832485022835,0.017276257576992613,0.012319839212916461,0.013003711946801388,0.008384657965147866,0.005869281898674473,-0.05629717770423526,-0.30155960644818136,2,11
2022-11-25,XLF,0,0.0033341658622636494,0.0033286198553841295,0.003197813255032742,0.007547404408631967,0.00984377943371939,0.01486729787805019,0.005550951143922191,0.0022204228078036236,-0.5964272537423567,-0.671810195512744,4,11
2022-11-28,XLF,1,-0.017169465283191188,-0.017318569712325704,0.010409706826457222,0.009147862371309672,-0.008160403381601067,-0.001491048769006631,0.017543889467898064,-0.011695855492340809,2.0352460835219457,0.03184337836178286,0,11
2022-11-29,XLF,1,0.00591687825402909,0.0058994422738019026,0.010643791017795463,0.008074699224753006,-0.0035171258911316228,0.00345712411199961,0.010437205188203385,0.007052186025941017,-0.0791599164829252,-0.03078981937804781,1,11
2022-11-30,XLF,0,0.01708707437271162,0.01694273225356202,0.01239692586217686,0.009559284761396551,0.010857583971814355,0.018113576197202885,0.03309958638625023,0.01851331891060383,0.8611541588333926,0.7993917799723369,2,11
2022-12-01,XLF,0,-0.0057835903489590335,-0.005800380075519307,0.012884515379079762,0.009647296671986095,0.004396012773087987,0.009874955574610045,0.018361248364588446,-0.01068794701031348,-0.007668026003719741,0.6568658928798834,3,12
2022-12-02,XLF,0,-0.004709083298451211,-0.004720205963314683,0.012971639641062295,0.00958895108608451,0.0006684607760867323,0.0027350515432464917,0.00979838919821303,0.005879033518927818,-0.30390353109481827,0.13785502019331286,4,12
2022-12-05,XLF,0,-0.02477043842617843,-0.025082387929743266,0.0155412367870478,0.012581907216282348,-0.021666279242734676,-0.021201689033992,0.024397160692785826,-0.01738639749124283,0.31911183129833787,0.4443407358883864,0,12
2022-12-06,XLF,0,-0.008847283254040161,-0.00888665284582979,0.014944819831389095,0.01272946183641093,-0.025040924358545658,-0.027824638234003607,0.02142857142857143,-0.0077142987932477675,-0.1554211452754578,0.15586206189582885,1,12
2022-12-07,XLF,1,-0.004030945536825148,-0.004039091696305341,0.008663215417989723,0.011986585861808568,-0.01950227983515429,-0.02834352953749375,0.013587777352697158,0.0,-0.16243775248214054,-0.051804026931889124,2,12
2022-12-08,XLF,0,0.0008672783228296232,0.0008669024542911075,0.009832768472944179,0.011795279913701459,-0.010348219972547978,-0.023743784709201576,0.010377648446327296,-0.002017863868415482,0.2336145531939675,0.11730893906612039,3,12
2022-12-09,XLF,1,-0.0025996973647246513,-0.0026030824459826185,0.010067697971902215,0.011542462128319034,-0.004956526461103561,-0.021923967071814765,0.00869815083969236,0.0011596723364339406,-0.12264355409444883,-0.08472048510333652,4,12
2022-12-12,XLF,1,0.013322001248124105,0.013234043708665766,0.008354297340687543,0.011819628284044243,0.00859007114395638,-0.007488370192345384,0.01852386118034796,0.012735237369680609,0.7749745631713856,0.49607586455702735,0,12
2022-12-13,XLF,0,0.002572206468981264,0.0025689040077843117,0.0068433231480296034,0.011636905072280192,0.009148081889304382,-0.0031823866633218234,0.029247994627546365,-0.022841216155189102,-0.23303968946230513,0.09297225457952996,1,12
2022-12-14,XLF,0,-0.012542942871956453,-0.012622269605037761,0.009332789574849988,0.009978959354718932,-0.0037961906464437645,-0.010992166585686358,0.024006862311893952,-0.010002922893077606,-0.017497619432616518,0.08218217079191992,2,12
2022-12-15,XLF,0,-0.01963053668391701,-0.01982577498168059,0.012867115843427507,0.011055978928594617,-0.019630571062072888,-0.024446354182335872,0.014662757254357537,-0.004105554132346509,0.2860925553761444,0.35904887969932076,3,12
2022-12-16,XLF,0,-0.007655870861197345,-0.007685327480881465,0.012949995146636644,0.011055925431128728,-0.022451644752980005,-0.02567351274904006,0.012202376965221993,0.0029762587309455297,-0.15229325708338248,0.11099246968587351,4,12
2022-12-19,XLF,1,-0.00268730839268283,-0.002690925687860002,0.008602641498207228,0.008972959570464921,-0.017207139787718484,-0.02425615191568764,0.016467156485955863,0.0,-0.371733650009309,-0.2806256671489793,0,12
2022-12-20,XLF,1,0.004191481252873608,0.004182721464455863,0.009114851062529784,0.009155720255445742,-0.005352960704769316,-0.017371563986333438,0.010736672336947568,0.0002983041036268864,0.21330172358557054,-0.1277584783985567,1,12
2022-12-21,XLF,0,0.015503865274018258,0.01538490830778727,0.013114889758572286,0.01080411213636795,0.012254135351383422,-0.001216893418471754,0.009450670084346944,0.005906696967935363,-0.3108783093930433,-0.39137598183500777,2,12
2022-12-22,XLF,1,-0.008808141227967692,-0.008847162207763049,0.010016193109074666,0.01106180843436996,0.003268771430535944,-0.008140429001252114,0.01950354150224897,-0.0023641202923744497,-0.18241847366219532,-0.48123330045763935,3,12
2022-12-23,XLF,0,0.005628173453247509,0.005612394461952608,0.009167559138938663,0.011301878337066914,0.006164467609445223,-0.0014878334624404133,0.012744525304816796,0.006224038945637627,-0.33153160893728206,-0.6356759264974766,4,12
2022-12-27,XLF,0,-0.00029476142458306764,-0.00029480487527022703,0.00886937484887705,0.01014416366911125,0.002658681259812612,0.0006664014980495292,0.008818319606814829,-0.002351611698359938,0.49572334980895283,-0.3945400262796178,1,12
2022-12-28,XLF,1,-0.0035354532300237995,-0.0035417177143473033,0.009324528284750375,0.00999616548388546,-0.002536339319055392,0.00019961690143555089,0.009117687449735753,-0.005294126622817095,-0.047107350856017915,-0.37699786987519324,2,12
2022-12-29,XLF,0,0.013897045386187967,0.01380136686443656,0.008739108883908327,0.01066121709792172,0.009955263132757297,0.014501900434592763,0.012647067799287684,0.008529438691980699,0.09137490725596531,-0.2675848196650238,3,12
2022-12-30,XLF,1,-0.0026245539543212626,-0.0026280041341619764,0.007247611164001277,0.008347315591245989,0.004700451148460516,0.010489087645231931,0.01028208811412534,0.004700347917415169,-0.07093170874617827,-0.22194716876678888,4,12
2023-01-03,XLF,1,0.00350833929155292,0.0035021994255588496,0.0070874486575100435,0.007731122172927595,0.006038318589876468,0.011553578462688119,0.017997065839015794,-0.0037736158268851664,0.5118432063778264,0.26469756695407964,1,1
2023-01-04,XLF,0,0.016025850710528644,0.01589879244533199,0.009122882514552294,0.008562079072611544,0.016618017980520428,0.023330822251842243,0.015863838076380213,0.005768698399257438,0.19447809286965367,0.4746835422143445,2,1
2023-01-05,XLF,1,-0.007456290818420697,-0.007484227912839092,0.010194368713841927,0.009342615036048912,0.004411122451124516,0.012521135844792974,0.010935282535690198,-0.0040287594143435254,0.020515208431741705,0.5042452160885935,3,1
2023-01-06,XLF,0,0.02224789001267813,0.022004016198540644,0.01250595696709258,0.010502165079327056,0.020302195550267133,0.031065963152083542,0.02554544203351831,0.015499452157356918,-0.09555628190419363,0.3174170641100771,4,1
2023-01-09,XLF,1,-0.0036740634322701693,-0.0036808293807553127,0.012701321801362846,0.009923686015925129,0.010434273222926338,0.022836315473186097,0.015211293395136443,-0.007042253521126761,0.1818325139401935,0.4498507944980974,0,1
2023-01-10,XLF,1,0.005673591607335382,0.005657557405559288,0.012626265753912765,0.009924335075430888,0.00962639268751242,0.024181731038205756,0.011651033345051685,0.007388523625378286,-0.2886082755620134,-0.019768253382937306,1,1
2023-01-11,XLF,1,0.009308732065358871,0.009265672830680138,0.011690436548509119,0.009886637327195788,0.013769952042702593,0.028249470323732373,0.008722497203378315,0.006752894135820822,-0.07642000132703664,-0.11080454125805606,2,1
2023-01-12,XLF,1,0.001956562468862888,0.0019546508935208706,0.009732767723418037,0.009483318055225707,0.008665842150554992,0.024285791509525367,0.012256334894277635,-0.0013928426081477256,0.7692622451561315,0.44389652003563707,3,1
2023-01-13,XLF,0,0.0075311543018459215,0.007502936744579802,0.0051573434619741855,0.009091394408990249,0.012048014827909626,0.026632047535437353,0.025713474515579787,0.020627283267200414,0.1638083838255442,0.5274133589381655,4,1
2023-01-17,XLF,0,-0.006644258091266564,-0.006666429436722687,0.00632421968495824,0.00955526499976816,0.0017870203881922286,0.014964355230125737,0.007771268076138946,-0.004163133951251492,-0.008733193873263212,0.3838613605785919,1,1
2023-01-18,XLF,0,-0.018673586797323782,-0.01885013958992099,0.011527599518581353,0.012128860522346225,-0.015600624411065245,-0.0064899531248425735,0.020179406237243805,-0.013172679839774163,-0.17831761169909954,0.0991600258100862,2,1
2023-01-19,XLF,1,-0.01164429148246704,-0.011712617165209327,0.010464418389556704,0.011886975940629561,-0.021702441305483378,-0.017864691579425385,0.012075853469992655,0.0005750563101105494,0.1392453392434767,0.21129785576546456,3,1
2023-01-20,XLF,1,0.01580456896078264,0.01568097726894857,0.014122724523823588,0.012552900642537565,-0.0034393193070777484,-0.004421686428316196,0.0180514964433688,0.01289389480136577,-0.30798682349863904,-0.1563268955494107,4,1
2023-01-23,XLF,1,0.011598060479015793,0.011531318531305068,0.014953771313171162,0.011020180543102743,0.010169285616159263,0.006048423134438208,0.018089298200310414,0.010740453418482952,0.063009536948885,-0.10985168447927351,0,1
2023-01-24,XLF,1,0.0005594591924478198,0.0005593027534986916,0.014729178698523878,0.010896010604622784,0.011305834135228121,0.005112607131227076,0.017927153388546356,0.0022408407464368646,-0.23698755258648851,-0.300900429088944,1,1
2023-01-25,XLF,1,0.007825575121180206,0.00779511412154843,0.010780318486507219,0.011007250494098954,0.014345975170611203,0.01124536013373878,0.0171976484172072,0.01663377875057753,0.1201508730540144,-0.22290789773316233,2,1
2023-01-26,XLF,0,0.005269194100413044,0.005255360470620918,0.005841303762389873,0.010771119442776842,0.011439898074302457,0.015235669009163733,0.011065048658229099,0.00276620940249497,-0.2213933388284055,-0.39240897761278226,3,1
2023-01-27,XLF,0,0.0,0.0,0.004906536839775641,0.010776812319231995,0.00638548463412536,0.01409961276618299,0.008563468288959729,0.0013811943648281548,0.028159042485690122,-0.34071238199168363,4,1
2023-01-30,XLF,1,-0.004965626894994135,-0.004977996586061018,0.004971823564397844,0.010680389976077596,-0.000332590610087502,0.009205123176765362,0.008874195710888273,0.0002772690280763189,0.026231510293171834,-0.26973962328780576,0,1
2023-01-31,XLF,0,0.013584818184515735,0.013493371799473852,0.007139845092788214,0.011203370820121065,0.008885769765859974,0.02097251416667878,0.016602060992091522,0.011621527137127708,-0.041554043361291315,-0.23836014314214515,1,1
2023-02-01,XLF,1,0.0,0.0,0.007042579291115474,0.008652355071576351,0.006109335041619923,0.01713788009098005,0.021558943820201026,0.0105030697874503,0.6979899016250524,0.30069703642524415,2,2
2023-02-02,XLF,0,0.0027352045322599494,0.002731470667383107,0.006908357592517808,0.00679549329547005,0.006589791547216395,0.014669327732332427,0.011969599061393487,-0.002720306819560349,-0.18108975917321912,0.11911810708874282,3,2
2023-02-03,XLF,0,-0.0019097058916824894,-0.0019115317048599145,0.007114995123285674,0.005997935348056354,0.0027952332051393025,0.00926776746814828,0.01484742731333811,0.0060489751763576445,0.024881671349148426,0.14445453368947425,4,2
2023-02-06,XLF,1,-0.00027316431163249,-0.00027320162779931323,0.006240561033187432,0.005350214918337556,-0.0002733622026752647,0.006715044434102202,0.007971437795847433,0.005497546923239129,-0.25214691229289765,-0.1142277253945666,0,2
2023-02-07,XLF,0,0.011481865909634958,0.01141644954566301,0.005340219772105822,0.006030949036677108,0.008779217552449481,0.014866524108436252,0.02090790008620062,0.017881748367655815,0.022523052897724494,-0.09095166277572331,1,2
2023-02-08,XLF,0,-0.0059461737350229305,-0.00596392261967571,0.00653797278748316,0.006458900876926791,0.0015793589522530294,0.006843561459465519,0.011434744736719935,0.0013612642984939891,0.04712049817427011,-0.03777101369934721,2,2
2023-02-09,XLF,1,-0.011147349728378164,-0.011209947062340575,0.008411662968215314,0.007532109351087603,-0.008018793347954523,-0.00470700839124516,0.020308691952403982,-0.015163860510787237,0.28285222323508563,0.18685521226372792,3,2
2023-02-10,XLF,1,0.003299459195371446,0.003294027923441245,0.008675797694112072,0.007586850477345098,-0.0042026168961876165,-0.0020784784086818053,0.012434395689845178,0.008289667398229849,-0.3659112647080055,-0.24199261001514993,4,2
2023-02-13,XLF,0,0.011509964573273246,0.011444228860652661,0.01022129599918595,0.008000817523147224,0.005448057337449352,0.007094058150590277,0.01288733767402006,0.012064672661957794,0.14586483284653617,-0.13286176348171252,0,2
2023-02-14,XLF,1,-0.005418318805846201,-0.005433051135591782,0.008950961289770432,0.007253382604206172,0.0015826607429543227,0.0012275148756557552,0.016286707012301983,-0.0035288020514870227,0.04086745940575609,-0.10523658107084544,1,2
2023-02-15,XLF,0,0.0010895235406138681,0.0010889304405998779,0.00863257577747904,0.007254335658247858,0.002838038344207261,0.0017992406033848773,0.010983018835513848,0.009061006250573461,-0.14959746818074704,-0.18953807650180643,2,2
2023-02-16,XLF,1,-0.010068219288892788,-0.010119246600411635,0.008295269420947871,0.007923282541369942,-0.007312927186719498,-0.007529546181856639,0.009615342292561698,-0.000549463102342245,0.205861101367941,-0.0007426321732673102,3,2
2023-02-17,XLF,0,0.0002749623143465385,0.00027492451913735394,0.008110249198288903,0.007917508742391093,-0.006497794278940594,-0.006714720408270591,0.009668465932172366,0.005248580737697101,0.04394239523431387,0.06567080773190193,4,2
2023-02-21,XLF,0,-0.020609980953644635,-0.020825330651741414,0.008881136936094722,0.01014550074514649,-0.020179232406137948,-0.024683872178569266,0.018015562441558376,-0.01219518899878581,0.014917887533505425,0.06839791642285031,1,2
2023-02-22,XLF,1,-0.001122233845985754,-0.0011228640219020924,0.009265433613821605,0.008916608782767512,-0.015268742974349325,-0.022031606526462855,0.010381563923152901,-0.0011223601630858033,-0.14715087357104417,-0.08361593120423272,2,2
2023-02-23,XLF,1,0.0008426210022973724,0.0008422661965177269,0.009218160221728658,0.008994320263410734,-0.008294317551612806,-0.018105598771966824,0.017342627465308128,-0.0033566134792941435,0.36350643163411145,0.22138513960652206,3,2
2023-02-24,XLF,0,0.0008419115899096496,0.0008415573811415555,0.00934522689496757,0.008597951859775622,-0.0034652850564995674,-0.015352354550410396,0.014439471705465622,0.009626278469014657,0.15050427786276832,0.38759183798985597,4,2
2023-02-27,XLF,1,-0.0002804011236806625,-0.0002804404434262331,0.00928549917075416,0.008428603402650088,0.0003928259303505044,-0.01333998277073789,0.01305911042196655,-0.009447072429321846,-0.3502378284762151,-0.10743198751601091,0,2
2023-02-28,XLF,0,0.0019635841319105563,0.0019616588205173535,0.00118364731393567,0.00713236845606645,0.0019073359502150833,-0.008135925490686535,0.00812327477114221,0.0005602369001749311,0.027374418119919364,-0.08383106042343036,1,2
2023-03-01,XLF,0,-0.003359386546412768,-0.003365041954750403,0.0020395205812627905,0.00709238260366127,-0.0014584580749283926,-0.008411683665068281,0.008436423663523117,0.0011247778201752207,0.007958464744831195,-0.07462427944680028,2,3
2023-03-02,XLF,1,-0.004775756567414136,-0.004787196931606008,0.002847889676945879,0.0069538506937591995,-0.0051109473917422266,-0.009505501431075758,0.012998104184892204,0.0011302886752533826,0.17113597618807996,0.054308765951465166,3,3
2023-03-03,XLF,1,0.015806334049619508,0.015682714893839655,0.008221419431945867,0.008847716417981122,0.008745048483002504,0.007248757521073124,0.014056789549895747,0.011807758989204954,-0.13828222041096927,-0.08826059332657754,4,3
2023-03-06,XLF,0,0.000833601846445875,0.000833254593393562,0.008163435191231212,0.008858711169425673,0.007496244922127859,0.009133349573214877,0.009164172353136532,0.00027775997491473605,-0.09006817440075432,-0.1569568120636725,0,3
2023-03-07,XLF,0,-0.02581923985122947,-0.02615840719008844,0.014927353649595038,0.010193498545277986,-0.015045266273064795,-0.015404559434364695,0.025633830721397636,-0.02229031069003825,0.7868626519788384,0.4365051246733753,1,3
2023-03-08,XLF,0,-0.003704886082980585,-0.00371176617197877,0.014927554416905485,0.010215363683973288,-0.015155922156445456,-0.017287602272267,0.013124191417486029,-0.0025677647516958533,-0.054718573202191645,0.2897385999800175,2,3
2023-03-09,XLF,0,-0.04061761186289159,-0.041465547246407386,0.022406451345665504,0.015881506205868,-0.04498858715282039,-0.051631451604741696,0.04171463846248817,-0.03509774064776328,1.105935277613384,1.333027007164286,3,3
2023-03-10,XLF,0,-0.01818734769470709,-0.018354770595331527,0.016811694570797005,0.016120686292185018,-0.04572856841934525,-0.061636267114032584,0.03589750789233786,-0.006636537272294804,0.5551464169510356,1.8871507721427165,4,3
2023-03-13,XLF,1,-0.03947756541612868,-0.04027793985330641,0.015431295351653882,0.01865197199382381,-0.05947061187857283,-0.08823608096847668,0.02991180254233476,-0.004093232593777323,-0.0036231144495927348,1.3334895874048907,0,3
2023-03-14,XLF,0,0.020233794187839438,0.02003181101966156,0.025619572667653707,0.020901871854142096,-0.024073112208861103,-0.060443792384001216,0.029841584358533218,-0.017356872477946716,-0.22806130656960255,0.5879090090725441,1,3
2023-03-15,XLF,1,-0.02664999794882994,-0.027011547139519365,0.02483098990663015,0.021383313125228377,-0.029237189580488154,-0.07418862859718223,0.018494955987444585,0.0015943633956449197,0.03215457926636511,0.45912293067932985,2,3
2023-03-16,XLF,0,0.019102021051525808,0.01892186802346707,0.027244953667385594,0.023533923271332052,-0.0012481389840472978,-0.04689605183980716,0.04615386214246842,0.0259614595764977,0.012535259197640647,0.3365812355384947,3,3
2023-03-17,XLF,1,-0.032177392967138285,-0.03270646569666891,0.029081381050703552,0.022595020136144384,-0.021478238984041997,-0.063595738257331,0.02554397632698176,-0.023021115210116322,0.02142015316753887,0.23717855413396838,4,3
2023-03-20,XLF,1,0.011126712259599714,0.011065265774845123,0.02564034994902547,0.02359106174158338,-0.008678638879245804,-0.03954580674236219,0.013517865478573237,0.0032185510927566917,-0.4487849570709693,-0.34487949778599347,0,3
2023-03-21,XLF,0,0.025344749727565175,0.025028897237974856,0.026807352994343236,0.026068727847157493,0.01742095717578107,-0.006148742950418895,0.0072146002396390975,0.002509407961481608,0.5374407205725316,-0.04436005694301126,1,3
2023-03-22,XLF,0,-0.023154039444676422,-0.02342630512699584,0.025992930364715772,0.026394651545876953,-0.00591566028881807,-0.018269815883644402,0.02659569769931734,-0.02315393592979429,-0.4143695556138437,-0.44809068557437504,2,3
2023-03-23,XLF,0,-0.0067262401533336735,-0.0067489632579924574,0.023727440324865675,0.0241723535806102,-0.007279651807006182,-0.01756893489856337,0.025895123023069466,-0.008631727999895608,0.21351590665658926,-0.31649803234370055,3,3
2023-03-24,XLF,1,-0.0006450029764650811,-0.0006452110803749633,0.018308853955018998,0.0239099312501495,-0.00895424341333384,-0.012642896756408839,0.02056810595418465,0.011753203402391228,-0.06977610988960292,-0.3129026946870308,4,3
2023-03-27,XLF,0,0.013875448485968223,0.013780065756658466,0.01871852007966443,0.021240280820672655,0.003192889972144064,0.0012287222748592619,0.011104072854907531,-0.003172600888877701,-0.19872068452905345,-0.3924704826190982,0,3
2023-03-28,XLF,1,-0.00031826131834733484,-0.00031831197422915736,0.013386691027396286,0.020028198395886203,0.006408235276504248,0.0031497164118430288,0.00956026617056961,0.000956044851748011,-0.2999219784569326,-0.5355535220910892,1,3
2023-03-29,XLF,0,0.014645000160934174,0.014538797779692025,0.009565276771543278,0.01859180837685769,0.016911277931982216,0.015845187103495917,0.008503891351654774,0.0037795539916031006,0.2132870793692896,-0.38310479973784983,2,3
2023-03-30,XLF,1,-0.0021964982414571788,-0.0021989140819607123,0.008421893255545914,0.01762333512934713,0.009587843137045526,0.01378163538826005,0.015576265308998812,-0.009345771069191957,-0.13587498465881198,-0.404328777488443,3,3
2023-03-31,XLF,1,0.011006415514329904,0.01094628572970402,0.008048167497335567,0.013729359067458105,0.013236734356211421,0.02063498158638888,0.009380839316909141,0.005315884492682831,0.08816134322495595,-0.2667861814083051,4,3
2023-04-03,XLF,0,0.0018661467932525877,0.0018644077045859575,0.007399283414204867,0.013528259618648786,0.010097799398948615,0.019174754200402155,0.009962630929808737,0.002801997371754256,0.04444022971628092,-0.20548585307627854,0,4
2023-04-04,XLF,0,-0.009313851106790949,-0.009357496232201612,0.009739429765526126,0.011570926461169981,-0.002438421135770308,0.009842073543286478,0.019820358361794903,-0.011768382079311204,-0.10298456461675143,-0.2005398265663585,1,4
2023-04-05,XLF,1,-0.0012534968358302034,-0.0012542831201276528,0.0073784314689942215,0.008344553488325588,-0.0036888614184223956,0.006505813607441846,0.009472662972461006,0.006315148798788933,0.2617802186798668,0.026442829564092163,2,4
2023-04-06,XLF,1,0.00376521018654552,0.0037581395254635552,0.007411976119543174,0.007750800124430786,-0.0011241484482051867,0.007178319348308593,0.00848785146017104,0.0056586076138888325,-0.36578780753312756,-0.29182907410710746,3,4
2023-04-10,XLF,1,0.0021883841478105293,0.002185993122906904,0.005226316697640564,0.007648042671521094,0.0016247192395388854,0.005993405185061862,0.008471931303851403,0.005961736085796333,-0.24105129439670536,-0.40687010015778136,0,4
2023-04-11,XLF,0,0.008733485659320639,0.008695569374403078,0.006711263722489611,0.007014050090359947,0.009552331641421885,0.011858187218807048,0.011201014847172352,0.006222799213987192,0.9323027737655327,0.16462753266189556,1,4
2023-04-12,XLF,1,-0.002164514491587277,-0.002166860438915119,0.004361696925210608,0.007131842291104835,0.005108049698046013,0.006958507646061207,0.014769216684194711,-0.007076908991887019,0.1805366463498328,0.3161303503763988,2,4
2023-04-13,XLF,1,0.008986779396589206,0.008946638606333934,0.004694585924285584,0.006251402002483088,0.009800333751237345,0.013824960628954885,0.01579442928988036,0.008361735834879966,-0.08006027106266245,0.19493846659669178,3,4
2023-04-14,XLF,1,0.009827783828598058,0.00977980525371036,0.0052690919622243315,0.006472457070704994,0.014126059710110273,0.020357354139628248,0.013069917484275679,-0.0006079166211569825,0.11487387767440982,0.2794227523145807,4,4
2023-04-17,XLF,1,0.01155727976013532,0.011491004554345707,0.005453265055138357,0.006546644771147753,0.018308723488208667,0.028606743026666992,0.016737651456016286,0.012172784654654975,0.06732009522613147,0.3124679044361296,0,4
2023-04-18,XLF,1,0.0030065457828605258,0.0030020351627504382,0.005696084300121163,0.006526484528624151,0.015030667342781134,0.028043050336871156,0.010501003747170166,0.0009000533347983236,-0.28940614836100165,-0.06436142608271,1,4
2023-04-19,XLF,0,0.002398206880824816,0.0023953357721286928,0.004174805651158956,0.004782787391032357,0.01027195867439823,0.02567251647062263,0.008405847125583928,0.0039026492962622498,-0.20256728778467914,-0.24466900925287116,2,4
2023-04-20,XLF,0,-0.0029902423199030803,-0.0029947220269708197,0.00592883566733893,0.005047391321662782,0.0025260790667696043,0.01801547171596951,0.006622553058969109,0.0036122494724648226,-0.004739240455027827,-0.22039568909875795,3,4
2023-04-21,XLF,0,-0.003599437122587923,-0.0036059306831792703,0.006097987059248473,0.005670367523536098,-0.0031208503221351602,0.01055580727434835,0.006919360127028035,-0.000601698458295457,0.05734529851012171,-0.18343785145389147,4,4
2023-04-24,XLF,0,-0.002408494127103422,-0.0024113992146119756,0.003158580366151864,0.00599222959753028,-0.0048050434963153865,0.004820719698298337,0.007831274565012494,-0.0018072702383186102,-0.21111565772054397,-0.3619387722720927,0,4
2023-04-25,XLF,0,-0.017199550194049062,-0.017349180657205032,0.007348313803880919,0.00848802875390089,-0.017259106632235066,-0.013149941756504746,0.013058010968441924,-0.010932299028706032,0.7859871484277268,0.12940707493672265,1,4
2023-04-26,XLF,1,-0.009517928080414073,-0.00956351303804448,0.006304606751888937,0.009066558940809826,-0.019631678760515525,-0.02251309308945204,0.01662564418528201,-0.006773436693465464,-0.07243786976183197,0.06684508265494005,2,4
2023-04-27,XLF,1,0.016119036089758954,0.015990503799085065,0.012347482234404447,0.010075877121227707,-0.00042686097595134864,-0.007418598020949463,0.01420627144220881,0.012353233415286097,-0.14541884768538815,-0.06599311756008552,3,4
2023-04-28,XLF,0,0.01189753135843219,0.011827312140395119,0.014083188087215478,0.010302478709437414,0.011774121249350289,0.0035094496340619674,0.01992647293570434,0.016860798745242885,0.1767265532729294,0.12321279423321418,4,4
2023-05-01,XLF,0,-0.0027131725632431047,-0.0027168598869962146,0.014095668108507748,0.009632888736104907,0.009398393379533854,0.0013320255938904513,0.01172577899367914,-0.005411800948949002,-0.4148102427347171,-0.2874118481446293,0,5
2023-05-02,XLF,0,-0.02267245248849825,-0.02293342466992332,0.015842039204839457,0.011777922184546609,-0.012040122566891354,-0.018309913796315747,0.028224591309321,-0.018816355615448425,1.3816986222480954,0.6021599147049708,1,5
2023-05-03,XLF,0,-0.011444526216615625,-0.011510518792434699,0.016110689870864912,0.011877063348417056,-0.021552849379122052,-0.025163999195236264,0.018535634659230384,-0.012666044514702024,-0.13738177871050916,0.3098962797232716,2,5
2023-05-04,XLF,1,-0.012828430284035353,-0.012911425155794909,0.01297419632531263,0.012146844062676928,-0.026775226724395362,-0.03238661097422679,0.018623742010870442,-0.00410356902976403,0.15895518750076176,0.414295846063897,3,5
2023-05-05,XLF,1,0.024722602184943154,0.024421943948229607,0.018054041489847135,0.015470074940919407,0.002480588071770873,-0.00575082332501986,0.011225463479179984,0.00810733204566979,-0.27678944642636505,-0.0021616439593395986,4,5
2023-05-08,XLF,0,0.001546515757277156,0.0015453211332947525,0.018287173600705534,0.015526098369784035,0.008408564945714181,-0.001880379909943053,0.008612697439341793,-0.003998685331578877,-0.3761545927436504,-0.37924744540636124,0,5
2023-05-09,XLF,0,-0.00370596840148929,-0.0037128525158554027,0.015184647571498136,0.01463957812881518,0.005109666229699439,-0.004628224797817104,0.009956431266370322,0.0037336320523831297,-0.13365148177930053,-0.4326638139784774,1,5
2023-05-10,XLF,0,-0.00557966156515366,-0.005595286023308166,0.014314165339143052,0.014432283241831139,-0.0012453388764498419,-0.009632028143280458,0.02279031877568782,-0.012011067908422832,0.33527821308707906,-0.22076007984313972,2,5
2023-05-11,XLF,0,-0.001558630200194977,-0.001559846127864084,0.012382544926021423,0.013205650462262573,-0.005773545648068201,-0.008880819061902967,0.010665058622553226,0.004705132449152376,-0.0758800285094734,-0.26590622864956737,3,5
2023-05-12,XLF,1,-0.004058602127048783,-0.0040668606054876655,0.002760512485365656,0.012236939354292157,-0.007158354656482069,-0.0090089641860438,0.017059587958288703,-0.010545969051968503,-0.011996773244088876,-0.2470785951669976,4,5
2023-05-15,XLF,0,0.008150408524542074,0.00811737332384821,0.005501782371119231,0.012815566206329142,0.0023062988892432745,0.001931583931692904,0.01001256606194085,0.006257846328807339,-0.08397925688908503,-0.31210548109530345,0,5
2023-05-16,XLF,1,-0.009328269015097312,-0.009372049795142612,0.0065736796247529245,0.011088138071689117,-0.004561577619964785,-0.005959172087738551,0.010903379774402833,-0.007476569320182887,-0.05923483445503408,-0.2865637939586262,1,5
2023-05-17,XLF,1,0.02008798803803047,0.019888886358142788,0.011624697759624119,0.012330926417867647,0.012776696648053143,0.012303540015806247,0.017128596281721625,0.012145729748840622,0.49861401857791265,0.11718902120088726,2,5
2023-05-18,XLF,0,0.007384629599685777,0.007357496718164214,0.011500964230071686,0.011289315328520453,0.015760831508838447,0.016013070118939154,0.01417999703902339,0.009247936635570924,-0.09795851239245779,0.09628543994318228,3,5
2023-05-19,XLF,1,-0.004276321743269307,-0.004285491357914228,0.011541559771110325,0.008746107986868437,0.007043023500162615,0.010821320112448962,0.014320457354543454,-0.006703266994174276,-0.0497152666785059,0.08365901958761834,4,5
2023-05-22,XLF,0,0.001840510049297972,0.0018388183860413854,0.011373207539700714,0.008749142474262958,0.005789519462264581,0.011803304305994189,0.009782931940714168,-0.0015285612491588657,-0.12076625412068398,-0.049680481582984326,0,5
2023-05-23,XLF,0,-0.011635006010772053,-0.011703222341061359,0.012033143180567462,0.009536376377335875,-0.00847775096149972,-3.099586822230549e-05,0.013222641424444537,-0.007380125310222744,0.19642239742448897,0.10000839000932271,1,5
2023-05-24,XLF,0,-0.013011101925487267,-0.0130964877633728,0.008707362552672274,0.010288301203001816,-0.01751570743394759,-0.01236861779710774,0.008739037805744285,-0.0056179868923957755,0.10406895767601831,0.19302196294597507,2,5
2023-05-25,XLF,1,-0.0003139288128086726,-0.0003139780987733154,0.006639438831640032,0.01028348666367874,-0.01240310175686321,-0.012127453381827191,0.009439875096875364,0.0022026335214534406,-0.10623740900694478,0.052896160113188095,3,5
2023-05-26,XLF,0,0.008163266588893103,0.00813012735563401,0.0090836273705455,0.010538776881746514,-0.0013063024767058229,-0.004711459667868567,0.010024993318005628,0.00595239766928212,0.06058969391894653,0.0947493508884385,4,5
2023-05-30,XLF,0,-0.0003116093563358957,-0.0003116579166193567,0.008845300748727133,0.010209210334045257,0.0018725037875335637,-0.004836508786300486,0.010572144098292033,-0.0018657143524782663,0.3104700903062263,0.3519243507958889,1,5
2023-05-31,XLF,1,-0.01059172156715149,-0.010648213099166526,0.008612352411262039,0.01034250338043011,-0.0055109960398680435,-0.015071650854694862,0.014102186308093888,-0.0047007088451126505,0.1686928437578259,0.4561361679125371,2,5
2023-06-01,XLF,1,0.010705107080696719,0.010648213099166526,0.008395096002622613,0.008563337342704617,0.0036267054198921844,-0.00329147293631471,0.014088880653304518,0.00500932803344417,-0.2811451219854614,0.042656771265153326,3,6
2023-06-02,XLF,0,0.021806980840778145,0.02157260979646658,0.012163363441664153,0.011029932970962456,0.01945673227131306,0.018254052722881386,0.015735832271962374,0.012033304272896452,0.3517332258847037,0.34174914744019835,4,6
2023-06-05,XLF,1,-0.005182869236555865,-0.005196346892104131,0.012993513505969737,0.011074789379762463,0.010905346159680196,0.012882238228107967,0.010962259703984605,-0.006394612773962112,-0.18496218417742794,0.06434645623002289,0,6
2023-06-06,XLF,1,0.01256514256436514,0.012486856264111168,0.013372960587255792,0.011755376789275757,0.01768009823484018,0.024400886399861044,0.01564412102466986,0.01349700803684202,-0.13724293772660012,-0.10127226186128147,1,6
2023-06-07,XLF,0,0.003934594933221458,0.003926874658719548,0.010076882323717949,0.010860706050640156,0.012886318148197073,0.025601411498543447,0.0111884714241452,0.0030238426079194822,0.048252339622070206,-0.06921412928000836,2,6
2023-06-08,XLF,1,-0.0009047127446504266,-0.0009051222442306717,0.010827907779145886,0.009494113191573507,0.005582976923451666,0.020634206409022138,0.00937681626487152,0.0024197826084197266,-0.2518388762686441,-0.289500533052905,3,6
2023-06-09,XLF,0,0.0003022869968565267,0.0003022413173479066,0.00667412925742935,0.009465051422489783,0.003754870910203323,0.016871460947586403,0.006952827373195918,0.002116072882393397,-0.06176022856386443,-0.3232541296442647,4,6
2023-06-12,XLF,1,-0.00030219564704203616,-0.0003022413173479066,0.005606325010369728,0.009434676650890548,0.0003620055061530625,0.013362468531079363,0.01145271442495911,-0.0012055730910015684,-0.010772536351798978,-0.3162251463895257,0,6
2023-06-13,XLF,0,0.006035470394873066,0.006017329897791246,0.003019631195295247,0.009385398818693493,0.004580177408251895,0.01562759519962542,0.012382961034556017,0.0069465278766688,0.368418550476598,-0.04123443065591614,1,6
2023-06-14,XLF,1,-0.0038995503405696574,-0.003907173411150655,0.003617021608179699,0.008432487792693892,0.000421643479149969,0.007218141273673373,0.014661930141041076,-0.006283635427239268,0.24190956781545303,0.2172380732465946,2,6
2023-06-15,XLF,0,0.013249262015943009,0.013162258192379372,0.006708533962586154,0.008675187819560929,0.010571275455107276,0.015787835606472456,0.019939573348564464,0.016616407163517755,-0.08660836360966095,0.10336533841460893,3,6
2023-06-16,XLF,0,-0.0020803683265706585,-0.002082535298679744,0.007031749050254897,0.00646771090325345,0.0058710734712754675,0.011293456224318765,0.008579908937079727,-0.006508799141173936,-0.04557078814282811,0.08965742110046859,4,6
2023-06-20,XLF,0,-0.007478003819574974,-0.007506104267960723,0.0083760741167117,0.00679787525205201,-0.002779348315897656,0.0016228202415231596,0.008732337353870441,-0.0009033056345641677,0.01648579754558166,0.11470535903391665,1,6
2023-06-21,XLF,0,-0.0012060190912377422,-0.0012067469175023326,0.007938074840937781,0.005768767611421897,-0.003676074203256663,-0.0003322910621050834,0.00906342147704624,0.0012084869296479898,-0.29034332943328245,-0.1906637270295849,2,6
2023-06-22,XLF,0,-0.007845462402370718,-0.00787639996173306,0.008559351484062214,0.006233660190340218,-0.010411820486455947,-0.007750611997653034,0.009673508981605041,-0.006045971942833974,0.07569034353140047,-0.1098206181558401,3,6
2023-06-23,XLF,0,-0.004257521141827203,-0.004266610192019904,0.0030330412232634617,0.0063520913214170464,-0.010098360521389238,-0.011223339483362071,0.010113331460472524,0.0033711494560461665,-0.08168518997156893,-0.18115675988862867,4,6
2023-06-26,XLF,1,-0.0021385017424253583,-0.0021407916024385187,0.003021183304366809,0.006354134253098792,-0.007654656200631771,-0.012347741684018976,0.011012444502220494,-0.0006118219211955162,-0.27586294244798704,-0.39549090533156805,0,6
2023-06-27,XLF,0,0.00795851261256919,0.00792701067970647,0.005869973632888041,0.006961735812448114,0.0017644282134094968,-0.004300995605778346,0.008860400842753234,0.006110625289846483,0.33503185208505815,-0.1942728514278932,1,6
2023-06-28,XLF,1,-0.002429140437374744,-0.002432095585623628,0.0058802512611732475,0.006630625929396277,0.0010972810446865378,-0.005694265793866449,0.006080898955638167,-0.0012162029878277636,0.06740110806711286,-0.12059297466444652,2,6
2023-06-29,XLF,1,0.017351166058277023,0.017202353491307498,0.009201269430988175,0.008688589565527375,0.015126441095214771,0.010462113524178474,0.013325215645341754,0.012113800897528245,0.29478605249950895,0.1658371477450724,3,6
2023-06-30,XLF,1,0.00867795965703233,0.008640522594103306,0.008322778212406925,0.008077876651786466,0.017937241860938702,0.018583141767874345,0.008026059689807501,0.002080847089603657,-0.05706009985043503,0.11988537526366372,4,6
2023-07-03,XLF,0,0.005636247649149384,0.005620423436976996,0.007083185407543123,0.008155712021822165,0.016126274820325026,0.022871467599162587,0.010086032685313833,0.005636382277262299,-0.5726761136045289,-0.48158555464491537,0,7
2023-07-05,XLF,0,-0.0020649731660488113,-0.0020671081627838817,0.008225670200570075,0.007663812993428569,0.008586273266537159,0.0187612263427559,0.009495539690792193,0.003857598373059952,1.08237139272271,0.1122426384250852,2,7
2023-07-06,XLF,1,-0.008572254357735454,-0.008609207462617174,0.009968052849032332,0.008328038519472284,-0.0041567226568079985,0.008812929238278366,0.009836120374338354,-0.00029801257110487845,0.15005171773165027,0.244927104947406,3,7
2023-07-07,XLF,1,0.0014906597562867052,0.0014895498259144269,0.0067398645600355925,0.007696779279731504,-0.00367810651715883,0.008163739820897353,0.014071777980060783,0.00568858137811072,-0.2689397577736834,-0.07683388870633745,4,7
2023-07-10,XLF,1,0.004465560325707774,0.004455619295057556,0.005733579712395058,0.007375594341713681,0.0005930100982647346,0.00963547834324796,0.010714304366080165,0.0041667622233237415,-0.1861613021705829,-0.2311528870132361,0,7
2023-07-11,XLF,1,0.011855417564674564,0.0117856926395703,0.007585635240246627,0.007608296377539512,0.011016320871460206,0.017130918827236608,0.011517997123993207,0.00826930815858505,0.23813402606551604,-0.06911525314599742,1,7
2023-07-12,XLF,1,0.006443843024803497,0.006423170228980979,0.007558573961812908,0.007545213741082496,0.014347107887699329,0.01934236354188057,0.009587392036968652,-0.0017431017369397039,0.3793614385709121,0.24222641048182236,2,7
2023-07-13,XLF,0,0.003492646440399705,0.003486561315497738,0.0039510821810917135,0.007183378397692208,0.012271795218902204,0.017979986135226556,0.005231046381109433,0.002034283497082993,-0.13088772397198467,0.0688218697150007,3,7
2023-07-14,XLF,1,-0.0066706989349863965,-0.00669304748955879,0.006745068042467503,0.006536036825952581,0.0016376353321700954,0.008717499264021988,0.015548543698384746,-0.013820891119004607,0.17548456630666665,0.25611246943765287,4,7
2023-07-17,XLF,1,0.009635130110334345,0.00958900826752318,0.007228957704550743,0.006643094073636638,0.006344235024192679,0.015833792062281082,0.013738708952975407,0.010815631583865469,-0.1889230264527566,0.03574871702602467,0,7
2023-07-18,XLF,1,0.011278335459099065,0.011215209229499923,0.007094526309622802,0.007152413274889536,0.012801348341057395,0.024071782660731955,0.011252146317523911,0.008944067358793191,0.2227675666145521,0.17781333024316592,1,7
2023-07-19,XLF,1,0.0042893383310071975,0.00428016534069986,0.007037646531863849,0.006917478106811812,0.012687472853237791,0.024593798432051894,0.008578759696552134,0.004289325305852096,-0.03309952333293753,0.12265558449743708,2,7
2023-07-20,XLF,0,0.007403091145516294,0.007375822763772355,0.007127624246830759,0.005436348683776543,0.014916773793522076,0.026667793579164156,0.009697665124648439,0.00912720143439575,-0.0001820183421856747,0.12305095241884012,3,7
2023-07-21,XLF,1,-0.003391502889925957,-0.0033972670723696474,0.005788931568968793,0.006012023141727206,0.005647284139354225,0.01825132490960346,0.008182870394040805,-0.005079015579874371,-0.32847789609905353,-0.24047125181815088,4,7
2023-07-24,XLF,0,0.009642316900829728,0.009596126447846576,0.0057901093339726185,0.006192527933476004,0.00947070728114352,0.02257699421307069,0.012471616834839173,0.009070286448309121,0.05500772479479488,-0.2085971869498583,0,7
2023-07-25,XLF,1,-0.006460499476106163,-0.006481458823516917,0.006947087885760694,0.006753579104795288,0.0006790206657207865,0.012393786051384081,0.006760610661036531,-0.0036620019187389966,0.12132582864290176,-0.11792648697356967,1,7
2023-07-26,XLF,0,0.005937230165600882,0.005919674269240449,0.007102611518901113,0.006731458200476574,0.0040070153531654995,0.014860686549375002,0.011604863463429656,0.007076138891684198,-0.016011110313485344,-0.10836421898212711,2,7
2023-07-27,XLF,1,-0.01264751267675246,-0.01272817329097764,0.009108343814030504,0.008452520981438207,-0.007290572132248818,0.00017088484098048973,0.01658224585518904,-0.01264757559811834,0.2366556580346646,0.09275207013401054,3,7
2023-07-28,XLF,1,0.0019924459520668236,0.00199046366426181,0.009129903854373421,0.007902364427140627,-0.00497518716275791,-0.0005395775766837696,0.011578645839561438,-0.0059305022699118635,-0.2643376413570274,-0.1647708991463701,4,7
2023-07-31,XLF,0,0.003693303293183181,0.0036864997950178946,0.007799896144921751,0.007543890228735929,0.00022650905734922233,0.0010200203371615313,0.00737165631297779,0.0017012013754541377,-0.11706921385325708,-0.24316730267015718,0,7
2023-08-01,XLF,0,0.0,0.0,0.0072905876881203925,0.006841880786024505,0.000453098165655641,2.256454423310572e-08,0.006239399636294672,0.00198535203782847,-0.07498864708142661,-0.2594308925127018,1,8
2023-08-02,XLF,1,-0.008491489161741916,-0.008527747258563867,0.007104834481495942,0.007343984094494831,-0.0049427004677454756,-0.008238811950266656,0.009420440418412302,0.0,0.8475545971911194,0.35563961296890567,2,8
2023-08-03,XLF,0,0.0005707654093858316,0.000570602584763158,0.004718115863731837,0.006856344132208411,-0.00392197971562136,-0.0067447420235323685,0.011774837765810014,0.006605386107183572,-0.34875050588874945,-0.08222409775291584,3,8
2023-08-04,XLF,1,-0.003993988546851179,-0.004001985820222043,0.004703862292188171,0.006883113823695143,-0.006262362725734438,-0.009729589572871067,0.013706440204512213,-0.003141079637741015,0.13602895020965677,0.02612681826042329,4,8
2023-08-07,XLF,0,0.014036157406376537,0.013938562724946202,0.008433515203000178,0.007724985982510547,0.007284457441551817,0.004739992666244586,0.009678341652442541,0.007685751481764976,-0.0849935213298817,-0.06326357158110141,0,8
2023-08-08,XLF,0,-0.009039609729732723,-0.009080714905775444,0.009454353022581553,0.007983478277820507,-0.00039885257306704336,-0.0035222736177581426,0.012593086969096256,0.004006960785587475,0.12486676952713371,0.050624554599634,1,8
2023-08-09,XLF,1,-0.007411418852769747,-0.007439019877206299,0.009261728197746068,0.007847704942265867,-0.00661851912172684,-0.008767692958110973,0.010838592505153812,-0.006845455478208624,0.028168182355025495,0.07215932723920981,2,8
2023-08-10,XLF,1,0.0008613112582447346,0.0008609405425556993,0.009276261787701617,0.006946909103676933,-0.004627078603731349,-0.0071225188346010215,0.014285714285714285,-0.004285757882254464,-0.005396275082105828,0.08451240282515515,3,8
2023-08-11,XLF,0,0.002008568642355879,0.0020065541653861985,0.009197719645385087,0.006947625421836082,-0.0026847563252984097,-0.004333997174844395,0.009211274593074272,0.005181245877431389,-0.27767701292735747,-0.2055410356573607,4,8
2023-08-14,XLF,0,-0.002004542381386254,-0.0020065541653861985,0.004920754909727357,0.006771724689055397,-0.001547154806772033,-0.004968034282197498,0.006605386107183572,0.0008615387581790857,-0.1360856435805471,-0.30390241317226585,0,8
2023-08-15,XLF,0,-0.018364546344395882,-0.018535268006627525,0.008319738770210255,0.008607388620639837,-0.014972792756334674,-0.02010782252859411,0.012442137965541231,-0.010127380639771949,1.4174553500071507,0.5427861210695222,1,8
2023-08-16,XLF,0,-0.0014614656835786333,-0.0014625346661985006,0.00831091757942104,0.008410470009202593,-0.01265968532437911,-0.0190955121962062,0.008784750326678819,0.0002927766057528983,-0.41595139206675935,-0.06019416279683121,2,8
2023-08-17,XLF,0,-0.004976465988023038,-0.004988889829911525,0.00789331290349986,0.008369743213473283,-0.012664742020599529,-0.020997103675556517,0.012547426303823325,-0.008170375709272653,0.1382002889785947,0.05101950988699011,3,8
2023-08-18,XLF,0,-0.00029411457732930746,-0.0002941578375041942,0.007439221200326309,0.008404326534767427,-0.007535334570703767,-0.018656379787826527,0.010666684751157408,0.006814801251446759,0.06948232448816127,0.10980646833018137,4,8
2023-08-21,XLF,0,-0.0011773909499844804,-0.0011780846192421812,0.007542644905743508,0.00610869365773817,-0.003406217682148771,-0.01566133940208214,0.012635918912738377,-0.002644729821225994,-0.20929270680372003,-0.12053066014302538,0,8
2023-08-22,XLF,1,-0.009428351574633398,-0.009473079845929266,0.0037798107760700674,0.006144146986603759,-0.009370063786058203,-0.02079574254172767,0.012371192170960457,-0.009720230445912819,0.33504393607834526,0.15563867168399925,1,8
2023-08-23,XLF,0,0.009815561486776092,0.009767701788164995,0.007143711588471968,0.007431589035864983,0.001593046570682377,-0.008672317388624617,0.00979804077693875,0.008016640597303662,-0.29890107342406047,-0.17189200379652758,2,8
2023-08-24,XLF,1,-0.0035344729104559436,-0.003540733917092087,0.006981004722913411,0.007339975958630538,-0.0010039457473800528,-0.009225261844429844,0.014159277894719312,-0.0020648876599837825,0.18334352937286091,-0.013818430747455257,3,8
2023-08-25,XLF,1,0.004729503393895884,0.004718354431602734,0.007440652368199594,0.007590046089891831,0.0036615515128339826,-0.0018206819865631552,0.012069468138912921,0.0005887682380029629,0.1274923221805846,0.0739444070763342,4,8
2023-08-28,XLF,1,0.005589936027734055,0.005574370315950983,0.007763039412625621,0.00803111763383031,0.007843448188271429,0.005737931475808589,0.006744854912849266,0.0023460948573180104,-0.13487676963952888,-0.09764202353943607,0,8
2023-08-29,XLF,1,0.009069667529489456,0.00902878510235805,0.005313200885872353,0.0062808081927718746,0.01179308631148146,0.014024161792388856,0.011713074905012368,0.009956080158012238,0.24320088926323513,0.1641806981387295,1,8
2023-08-30,XLF,0,0.0005797015692623475,0.0005795336072162982,0.004865324540015868,0.006230916932866609,0.009064224116690722,0.013569009027411427,0.007817036786536218,-0.0008686332715368591,-0.2210981626619164,-0.09378495506983242,2,8
2023-08-31,XLF,1,-0.003766916647108043,-0.0037740293451999918,0.004947219196769025,0.006111806505385914,0.00204022747605781,0.008595689059711864,0.008090111943341883,-0.006645464841960655,-0.17160405800017164,-0.22817595902232002,3,8
2023-09-01,XLF,0,0.009016674645289546,0.00897626714700106,0.005598483029781019,0.006558818012646943,0.006966463689785485,0.015574549078545497,0.006938359719884983,0.002890964836078853,0.46700500362503883,0.13159689775552308,4,9
2023-09-05,XLF,0,-0.010089279425331887,-0.010140521157782523,0.008295354695366694,0.0075782497355464445,-0.004118131302784822,0.00415223735822412,0.013275586268851924,-0.008946648185844557,-0.0599721976740506,0.04557413521195097,1,9
2023-09-06,XLF,0,-0.0005825820841209861,-0.0005827518510019836,0.006951066941273112,0.006660760730127056,-0.00371588708759385,0.0015172445207314311,0.009343056783188869,0.002043786710196168,-0.07612859114841641,-0.014107628776401038,2,9
2023-09-07,XLF,1,-0.002622160361883008,-0.0026256042459595896,0.006920201091797697,0.0062018137793864204,-0.0047103313246965595,-0.0019244177932438156,0.0073142187761228074,0.001462821434000269,0.3352638424794241,0.25605215061149766,3,9
2023-09-08,XLF,1,0.0020448328436486474,0.0020427450186537577,0.006955099300055707,0.006012729733360719,-0.0022108907035912617,-0.0012522041069482626,0.007005191930166763,0.0011675691035338506,-0.166100527789791,0.03666191148046005,4,9
2023-09-11,XLF,1,0.0046648140355574075,0.004653967508837731,0.005618712457227036,0.006008779435989824,0.0037868069772959423,0.002035446801094132,0.007835184705078286,0.0,-0.2707825622847475,-0.2209043825826399,0,9
2023-09-12,XLF,0,0.006674339517882766,0.0066521647272526074,0.003774266972201257,0.006102049240834907,0.008430215615099046,0.007229683640637807,0.015384579609851153,0.0069665561234969735,0.6784060818018927,0.2611326307095103,1,9
2023-09-13,XLF,1,0.0,0.0,0.003681065891348283,0.005495649834697598,0.006265557229793384,0.006645148066138473,0.009469097010218573,-0.004591100557175692,-0.3418745577514851,-0.1447249184017707,2,9
2023-09-14,XLF,0,0.009224510309838063,0.00918222436047289,0.0036521023100281325,0.006136116314750157,0.010973096630001011,0.014459076111206448,0.008588693075773014,0.0022902380663755136,1.0529990717270565,0.617970680924373,3,9
2023-09-15,XLF,1,-0.005141417443179197,-0.005154680008294665,0.005706661126245091,0.006279831984952147,0.0027060599135146912,0.007929075016071652,0.008050678660771398,0.0014376956156645208,-0.21139064177025368,0.20528620666948827,4,9
2023-09-18,XLF,0,0.002739864612395726,0.0027361180252158945,0.005637907959315611,0.005713056180816441,0.0027661444067004215,0.010002559137062716,0.00866298665340684,0.004042719761199738,-0.37338658924096824,-0.22929892598527724,0,9
2023-09-19,XLF,0,-0.0011505411343849525,-0.0011512035149485733,0.005336691515818795,0.004383461589469958,0.0004907179924655836,0.007252302017177525,0.010344845351840607,-0.0020114855275534605,0.11257998625946208,-0.137414318632337,1,9
2023-09-20,XLF,0,-0.006910170074257205,-0.006934155860591762,0.00647688988584881,0.005125105811510223,-0.006161647169355633,-0.0006434056463389126,0.013773301671527077,-0.010329894158291664,-0.12446798789352276,-0.23739260532763917,2,9
2023-09-21,XLF,0,-0.016526785194478366,-0.016664876088688274,0.00725375936895424,0.007526332745749607,-0.017295883995970485,-0.01671032176439602,0.013092836104862114,-0.013092836104862114,0.5213897147194635,0.1589073385844375,3,9
2023-09-22,XLF,1,-0.007665044605227211,-0.007694572042484804,0.0073189647065934685,0.007792073117335069,-0.019059303072603062,-0.022866810886206013,0.010008835453932113,-0.009125739244957232,-0.13335883400930915,-0.0003814962566129898,4,9
2023-09-25,XLF,0,0.00237684688701556,0.0023740266544103328,0.007212830829495044,0.007625726739757318,-0.010789165143926582,-0.01893051537017776,0.00833577785129313,0.004465660172596028,-0.03709913812748422,-0.06258881267912864,0,9
2023-09-26,XLF,0,-0.013337399632833424,-0.013427141590126368,0.007233981469971553,0.007825214112621276,-0.0156712423072759,-0.02849670743576238,0.01224245526615571,-0.005971954401783396,0.15006090922905613,0.08428304650715446,1,9
2023-09-27,XLF,1,-0.0015016079972277607,-0.0015027365404112203,0.00788947066967249,0.007761775163258052,-0.00982993574020985,-0.026273880870766098,0.012881973978919969,-0.004194109801337475,0.06921850563408949,0.11390233538364947,2,9
2023-09-28,XLF,0,0.0072199187957608935,0.007193979958090235,0.008114046210974677,0.007406068739798504,-5.9781510195255905e-05,-0.015279628732688288,0.010219421337836213,0.006311965181342588,0.28924107947788635,0.44275455550202625,3,9
2023-09-29,XLF,0,-0.009259220847689487,-0.009302353891757598,0.008390357116243946,0.007589429791458264,-0.006410287651195112,-0.02005965082041139,0.01783586459593465,-0.013971499085334462,-0.16935766466943547,0.19553913872239104,4,9
2023-10-02,XLF,0,-0.008441495205992133,-0.008477326415126996,0.008078393885337048,0.007235845324470092,-0.009755054444844147,-0.022904943226840446,0.013006663258132108,-0.005142225546908832,-0.06639929626091312,0.07508348406466814,0,10
2023-10-03,XLF,1,-0.015810233998123202,-0.015936548895444602,0.008758587297000362,0.007721085129098137,-0.019981922723433132,-0.03156326604547077,0.017720685135023152,-0.010999102211627006,0.07236386183754595,0.11215626146635715,1,10
2023-10-04,XLF,1,0.007414337008341931,0.007386985921951084,0.01052127861337311,0.008965163633553807,-0.008935052817226063,-0.018864508516952316,0.01297103056788211,0.007103135721104405,-0.24159798041638791,-0.17137143642852337,2,10
2023-10-05,XLF,1,0.004599855749497284,0.004589308743808029,0.009882616840351594,0.008572522945563715,6.05660612773562e-08,-0.01089939765132475,0.011377580771110778,0.0073800080071104454,0.03168726330476379,-0.13313156270077886,3,10
2023-10-06,XLF,1,0.00854702148847375,0.008510702499700429,0.010812966784968504,0.009195174049694282,0.00934814724189903,-0.0005746989705498473,0.022072386397270913,0.012875597712912329,0.3054979979617367,0.10312900604562159,4,10
2023-10-09,XLF,1,0.0006053320747871904,0.0006051489352301154,0.009921876739934388,0.009122126701052178,0.008911173317989851,0.002091515562095303,0.012828404462752815,0.009773966964536949,0.13575839194343842,0.20080462276706923,0,10
2023-10-10,XLF,1,0.007259170319318109,0.0072329493609242235,0.003187489209991432,0.008586437041125416,0.010499213904639593,0.009335298304781858,0.010856356975598476,0.004221935774808618,-0.2712397754924539,-0.12246076722951871,1,10
2023-10-11,XLF,0,0.0015016340891553792,0.0015005077640974918,0.003469869502643031,0.008578137486772374,0.00749189181387222,0.01051407659934167,0.012874260045844892,-0.0014970972896234528,-0.2010799358117622,-0.27968258510173116,2,10
2023-10-12,XLF,1,-0.00629696651382905,-0.006316876031182694,0.005937867217838416,0.00844159192690779,-0.0011454908402296349,0.0051864829613108565,0.016143524759665524,-0.009267604371312245,0.17469731217689044,-0.11525222386871303,3,10
2023-10-13,XLF,1,0.002112329770833643,0.00211010193902883,0.004849253087041022,0.007955524211097971,-6.024362560430596e-05,0.007187593338666698,0.01889058761439231,-0.004197882940146882,0.26726075939720695,0.1203721365808963,4,10
2023-10-16,XLF,1,0.010539326449548803,0.010484174916777445,0.006411824087993442,0.007942464406497445,0.007445056525423599,0.01573870198734917,0.009862577408372588,0.0029887116423970893,-0.14328050242606238,-0.03249356276823567,0,10
2023-10-17,XLF,0,0.004767384553097109,0.004756056564343414,0.006088973317950898,0.004875255899003585,0.009701810004738354,0.01642803875343879,0.016162738799650293,0.009278700230674437,-0.08037192937816551,-0.08899355182173263,1,10
2023-10-18,XLF,0,-0.017200683129336758,-0.01735033342014969,0.010798063307626338,0.008139756688157538,-0.006416161683652777,-0.002648547251416722,0.015201256269094096,-0.012220562048752855,0.11966311430833954,0.005154881999153815,2,10
2023-10-19,XLF,0,-0.013276586236561916,-0.013365508036573992,0.012003073251946323,0.009298810191721952,-0.017014171046116577,-0.015712246589946854,0.017533191785162903,-0.011487335159652222,0.41996629890865567,0.3540797380256855,3,10
2023-10-20,XLF,0,-0.015290589090485418,-0.015408695640390047,0.012788299472509793,0.009861616193339879,-0.02613106536969989,-0.028305712365704783,0.01774248563537117,-0.01498922864344155,-0.10103936318001927,0.20293580633796093,4,10
2023-10-23,XLF,1,-0.006211171704184393,-0.006230541277971735,0.008964542238308386,0.00985655595310338,-0.022960337738748837,-0.03124226576713096,0.012138228572425878,-0.004046095978634846,-0.06688105898904062,0.1349749290865223,0,10
2023-10-24,XLF,0,0.006874996822269441,0.006851471793068775,0.009809470264945278,0.009811865989773983,-0.007148959440174463,-0.021382450501043482,0.009953333736753864,0.002177284339096314,-0.35928046256999624,-0.25939202545582796,1,10
2023-10-25,XLF,0,-0.0037246114092219784,-0.003731565046063423,0.00879944928676576,0.009668912718203738,-0.004466133201611711,-0.021311713696875678,0.00965736411299015,0.0,0.6535966503838102,0.16794182539693492,2,10
2023-10-26,XLF,0,-0.0021805808758891265,-0.002182961804201522,0.0079680889731019,0.009636980267125008,-0.0024914818982165743,-0.020129721680258617,0.011867556381451136,0.000312252385704726,-0.05391618177552027,0.07517791068323532,3,10
2023-10-27,XLF,1,-0.01810793298387292,-0.01827388805724306,0.008990705920451298,0.010448558766071276,-0.015957398265587397,-0.032664808626852615,0.020943987925570832,-0.016880244202634957,0.30352156528286534,0.35012196084279856,4,10
2023-10-30,XLF,1,0.017805878668552877,0.017649211014191035,0.013329953286190833,0.011838948635357673,0.0015017094728710934,-0.010724189747194912,0.015787811771249938,0.010735656596785355,-0.3295933465923323,-0.10050245626716814,0,10
2023-10-31,XLF,1,0.01093417866187596,0.010874832737768347,0.013952255201944755,0.012524984096965695,0.011566152819419973,0.004313963270518029,0.011225463479179984,0.009042747685904937,-0.16186826357086126,-0.24488898699483108,1,10
2023-11-01,XLF,1,0.006489426676155707,0.006468461001453374,0.013844889751035646,0.011987547522548127,0.015147695366805491,0.012622725811919144,0.010795876267310277,0.0046268209238392475,0.26099814616773154,-0.056178115860640476,2,11
2023-11-02,XLF,1,0.023641654650826238,0.023366518741652964,0.01607183499926958,0.01359283706844405,0.03073040855223641,0.03450433851133505,0.016732560235255534,0.01429879026394526,-0.08397905111843917,-0.10400882216000817,3,11
2023-11-03,XLF,0,0.013197114981189806,0.013110791708630387,0.006577295772321534,0.012502557105629485,0.029501354680882885,0.04304323327882553,0.008615481347138926,0.003565030672274098,0.2400889976168885,0.1134652848893225,4,11
2023-11-06,XLF,0,-0.002960239817134447,-0.0029646299931451736,0.009710069587496453,0.012221458895270263,0.016110560392303297,0.03458872636780064,0.012400300625635149,-0.005609643717175385,-0.3095441767443917,-0.2082414483594096,0,11
2023-11-07,XLF,1,-0.0014845733389244886,-0.0014856764097852526,0.010997588573679114,0.012378816285786836,0.0068862274559797765,0.028597679804528875,0.005658088634565654,0.0014889587353836213,-0.32408367549513917,-0.45594313037499523,1,11
2023-11-08,XLF,0,0.0011891884620636173,0.0011884819375360678,0.011400737921752632,0.012116949825255465,0.0014870103832231862,0.02489936033939233,0.0071386581228943,0.0014871873482758579,0.09925661394942065,-0.3653600773371286,2,11
2023-11-09,XLF,1,-0.004157923053850099,-0.004166591252055429,0.007020387897613933,0.012259764436958878,-0.003803015847380853,0.01599893449497891,0.01065721205923193,-0.007400829160278724,0.13826253571925817,-0.24304030757563733,3,11
2023-11-10,XLF,0,0.011333233761201544,0.011269493801932207,0.006225730296339013,0.009383821044368785,0.006709451705856351,0.01991098361006083,0.013356989212977762,0.006530164133895539,0.023575426804051558,-0.15453374157567168,4,11
2023-11-13,XLF,1,-0.0014745040692801803,-0.0014755922201921123,0.006034879538394615,0.009027561007909966,0.004151874828034918,0.0127718042507321,0.006214829203397756,0.0020716097344659185,-0.1940129914841191,-0.2829439311479559,0,11
2023-11-14,XLF,1,0.01890140526162698,0.018724993191995942,0.009663626356038997,0.009857149218705659,0.017879356160815485,0.025351479726509973,0.014314866208657814,0.007887831182425779,0.91674815460704,0.32982623889225526,1,11
2023-11-15,XLF,1,0.005507178863401796,0.005492069800708599,0.009409858279098146,0.009861799073977693,0.017361709896819066,0.024542924007694422,0.0069444927352426905,0.003761494451746013,-0.35538517357536337,-0.10607119770195206,2,11
2023-11-16,XLF,1,0.0040357802577133395,0.0040276583414153855,0.007763224342761277,0.0077743592541574666,0.013737706512287007,0.024170806484842267,0.0054612998479165,0.001149781962480222,-0.050791138336352404,-0.11955547522670673,3,11
2023-11-17,XLF,1,0.005167775539119734,0.005154468412913449,0.007519877007317446,0.00715587048066621,0.012493349174659718,0.025753565553298108,0.004290661607755271,0.0014301841638993016,-0.05678079614718945,-0.10435684303372139,4,11
2023-11-20,XLF,0,0.003999232865458335,0.003991257191017006,0.006396412219593093,0.00677460756922642,0.00901385597423543,0.025439277997948873,0.009725405076995564,0.005434852585297659,0.18985451284620614,0.07587669953367149,0,11
2023-11-21,XLF,1,-0.0005689948604185036,-0.0005691567994254854,0.0024403425046326446,0.0066934187241407045,0.004805372046597922,0.0203905797158912,0.004273547931618886,0.000854774794826879,-0.26819344837389436,-0.2123111298433612,1,11
2023-11-22,XLF,1,0.00398500567906801,0.003977086575413846,0.002233518300757578,0.006602489031034146,0.005473472845394678,0.019717808213457255,0.005396155400434882,0.00170410039338728,0.19913361211183878,-0.06236728246646994,2,11
2023-11-24,XLF,0,0.0031188248645950267,0.0031139714190731027,0.002197798895066948,0.005882870981016251,0.005456384940461412,0.017456074684935263,0.005103495969367343,0.003118815109835051,-0.5975298907063742,-0.5982608234059099,4,11
2023-11-27,XLF,0,-0.0033915517184718302,-0.003397316067082823,0.0032872660063723966,0.006072655189924614,0.0006244214321238228,0.010083826279193797,0.0039716138907358155,0.00028364032718306736,1.659148726126742,0.06870513236049036,0,11
2023-11-28,XLF,1,-0.0002834973374996608,-0.0002835375304663934,0.0029949295416643014,0.005965661396077805,-0.00022672071047324938,0.005792475395810515,0.005962495093532648,0.0008517540674939281,0.12314875631835975,0.16132040316517848,1,11
2023-11-29,XLF,1,0.007091919937191937,0.007066890540969872,0.004041924952881019,0.0032485307591151335,0.0047548246841611075,0.010043504729835284,0.010183893235953334,0.004243324819058164,-0.06809172805007968,0.14173098345498913,2,11
2023-11-30,XLF,1,0.011267702617158593,0.011204694915619928,0.005813224456907861,0.004153566844639001,0.012465446194548813,0.01791997958831848,0.012085449214352525,0.00899380771096304,0.018640539353310892,0.15461752685561603,3,11
2023-12-01,XLF,0,0.007520734303460008,0.007492594580742917,0.006057758455321107,0.004350434639494536,0.015554649548360056,0.02169358396371379,0.011997776321011882,0.009207533899343295,0.3731963733276191,0.5017109233713715,4,12
2023-12-04,XLF,0,-0.001105679018901351,-0.0011062907328951432,0.005365566314243662,0.004576258682887673,0.009499919015440783,0.017345341949831505,0.009733100604262489,0.004727530255026734,-0.19312392232131015,0.177110001533755,0,12
2023-12-05,XLF,0,-0.004982161377831584,-0.004994613720767926,0.006736349375639067,0.005228806507578657,0.0005565984997331075,0.010001615008650155,0.006662905627970436,-0.0019433563002393347,-0.04485986278785303,0.11722983079909954,1,12
2023-12-06,XLF,1,-0.005006997212374187,-0.005019574222516976,0.007463222357518589,0.0056661434245278185,-0.005947160674706797,0.003140854601487497,0.015490941492571207,-0.010511785672905182,-0.09857532984568818,-0.016078191949301157,2,12
2023-12-07,XLF,1,0.004752627091172634,0.004741369015238028,0.005700561468853196,0.005703785916757748,-0.0014447779282387163,0.006018134936895514,0.005298344212914995,0.002230842582147898,-0.2685639359727764,-0.26681765104371447,3,12
2023-12-08,XLF,1,0.005286744703042023,0.005272818928046874,0.005035593594054383,0.005795792729930642,0.004057459715216538,0.009217955770882691,0.009192144911735985,0.0064066722133850175,0.2749310004644754,-0.1151604084961182,4,12
2023-12-11,XLF,1,0.0060889544424556075,0.00607049166744611,0.005700144235595918,0.005565802550689609,0.008937459700860684,0.012280971979349964,0.00774761438919877,0.005810710791899078,-0.06164435117468714,-0.161098340269067,0,12
2023-12-12,XLF,1,0.007152743943011242,0.0071272844016845305,0.004925848111272353,0.005565769360498308,0.012444709270116094,0.015674864209852535,0.009055928342311935,0.004665257685217744,0.19508626470767543,0.008214445036359486,1,12
2023-12-13,XLF,1,0.01611595335218441,0.01598746995940603,0.0046923636302821274,0.006760856029920408,0.020688252631094972,0.027198808726867307,0.018842229970833502,0.015838390168539412,0.5300826672609187,0.4621558235437644,2,12
2023-12-14,XLF,0,0.009946000355652407,0.009896864429460361,0.004392407082256716,0.006630046388110499,0.02170117777817482,0.03265341907243702,0.009066670735677084,0.0018666585286458333,0.1733088841706294,0.5947313955715274,3,12
2023-12-15,XLF,1,-0.005855681053129058,-0.005872892777228245,0.008022151128221577,0.007286953042216222,0.009023095316099461,0.023287631557443733,0.006709608461134059,0.002415463141228269,0.035601212579842834,0.5836031704903539,4,12
2023-12-18,XLF,1,0.0033364431537681316,0.003330889576676821,0.008166811266981315,0.007126281175285577,0.006275131379149812,0.022933423930277863,0.004551490653021046,-0.0016063604028075356,-0.3727598048701589,-0.011374631746496333,0,12
2023-12-19,XLF,0,0.007508533362870384,0.007480484641909424,0.008179391592286252,0.006506333059378421,0.0076293397673541374,0.025558384031725945,0.011000903060734136,0.008049348896588338,-0.2515310586176728,-0.24806064920892434,1,12
2023-12-20,XLF,1,-0.01783312482546251,-0.01799405107852481,0.01136950645697572,0.009333459934727903,-0.009719729089574414,0.003690681103518667,0.0176140866269159,-0.015212161095668166,0.6298778799717002,0.1782323967934536,2,12
2023-12-21,XLF,1,0.009755844908540645,0.00970856391558117,0.01132573008793207,0.009531144339966673,0.0006121853841136726,0.009372349052193085,0.009444206040170428,0.0053965715280929385,-0.480573060278528,-0.3899901213782727,3,12
2023-12-22,XLF,1,0.0021471137481727798,0.0021448119936127163,0.010959993184260382,0.009541252906320971,0.0018243741780610279,0.007750405516840697,0.007760260203805082,-0.0008027503386220194,0.10207032868012011,-0.32340474322019497,4,12
2023-12-26,XLF,1,0.0040172657403099166,0.004009218074171095,0.01100069570606609,0.009509343824636791,0.004770659142445011,0.008209592188582748,0.006689858366217277,0.0032112055127634137,-0.41190977007325746,-0.5899086481372704,1,12
2023-12-27,XLF,1,0.0032008060524715276,0.003195694377527758,0.010533978256125981,0.009428410027344193,0.007770635578086216,0.008236236227716853,0.00695007049695176,0.005346184543042399,0.829887428802081,-0.24154943191957645,2,12
2023-12-28,XLF,0,0.0029248595210698003,0.0029205904417399786,0.0030627088108421,0.008278502018149567,0.006296133714386087,0.009282413854457605,0.0069240566395696165,0.004527349856103115,-0.2246513565843974,-0.3652061324278132,3,12
2023-12-29,XLF,1,-0.003181707500655828,-0.0031867798940714565,0.002875733996423913,0.007895449176162738,0.0012779983544255469,0.005492528112983175,0.007425053993495491,-0.002917014399951444,0.19402165323217946,-0.1653168825400544,4,12
2024-01-02,XLF,0,0.004255607394435534,0.004246577905529847,0.0030825469614834855,0.007619169772260751,0.0032947565728782546,0.00817006461798031,0.009333292643229166,0.00693328857421875,0.03751369203429711,-0.03276342333487281,1,1
2024-01-03,XLF,1,-0.00847462501360774,-0.008510738826932762,0.005443517550049411,0.008214549415228459,-0.004943385456072091,-0.0007739713848000651,0.007182773521353222,-0.003990463561319761,0.4962091611672659,0.4318379043135838,2,1
2024-01-04,XLF,1,0.00400653566922049,0.003998530879047557,0.005581572430927168,0.007949726637424173,-0.0008504556258184248,0.003175894244825006,0.00984825485467699,0.0005323518212971189,-0.21328103349037497,0.11154182219704212,3,1
2024-01-05,XLF,1,0.004256317771444973,0.004247285272014345,0.005789487067705232,0.004904290172126791,0.003242272789569789,0.00516560788851983,0.010109099935427192,0.004256447107279252,0.21537115016718955,0.3848615379295206,4,1
2024-01-08,XLF,0,0.0063576266729317155,0.006337502215297164,0.005976607837328795,0.004423748614603628,0.007531926599578576,0.00959365473368301,0.011917292591233248,0.006091190867517356,-0.12828773552303896,0.1655415174400614,0,1
2024-01-09,XLF,1,-0.0063174626041740956,-0.006337502215297164,0.00682480217665558,0.005134737207493883,0.0012199994449311191,0.002123681462414151,0.004498496026113161,-0.001058505280715883,-0.07059641979318798,0.06420253120071684,1,1
2024-01-10,XLF,0,0.0015894328188221785,0.0015881710073455402,0.004935901682923613,0.005038202530494147,0.0008470482795570611,0.0028645795584902878,0.007163716306753492,0.0031839413890822326,0.020843137093023545,0.028384071253760634,2,1
2024-01-11,XLF,0,-0.003702895675697482,-0.0037097683650366697,0.0053322277317590745,0.005153746307467887,-0.0032810663655842287,-0.001007887665810836,0.011652607546736358,-0.002383478723211878,0.322087584747476,0.30047775357970474,3,1
2024-01-12,XLF,0,-0.0018583290364017069,-0.0018600578719678573,0.004922634738521229,0.005091386876133592,-0.004342923054961534,-0.0025468822684936443,0.014266867563985628,-0.0066050200813331785,-0.15719922109963602,0.05136527235498356,4,1
2024-01-16,XLF,0,-0.0069147056429698095,-0.006938722999367375,0.0034720080234497664,0.005449818138752783,-0.007812048823432338,-0.008760309568562996,0.007510697115483005,0.0016094789499922642,0.06552006948291833,0.0821984387992396,1,1
2024-01-17,XLF,1,-0.0018745407105594802,-0.001876299860740005,0.0031003772937883154,0.005170540838889268,-0.007139288541501032,-0.009329797350052904,0.011345169199133068,0.006753106345453086,-0.1209342878745564,-0.06558447701943948,2,1
2024-01-18,XLF,1,0.0016100089241282145,0.0016087142491993944,0.0031072549709134927,0.004561889328353631,-0.002991052259761373,-0.007444617098677941,0.011284206210925489,0.0029554166239622835,0.08650192814838342,0.027254231923860228,3,1
2024-01-19,XLF,1,0.01607262293210887,0.015944825865656043,0.008743617337359531,0.006846639189133984,0.011628506546350836,0.007597483393220417,0.016813478718734145,0.012276463023398437,0.4125244562568793,0.37540271785652934,4,1
2024-01-22,XLF,1,0.0047454619691558175,0.004734237759870474,0.008625024215712936,0.006874798277252198,0.013671505422783392,0.011411772100829554,0.007350978686668539,0.0005250842132725225,-0.12772120092161088,0.18066776360675352,0,1
2024-01-23,XLF,1,0.0015744187162172185,0.0015731806184229313,0.006919248796881652,0.006620032408220631,0.010804394788986427,0.012520482028570479,0.00498824995130227,0.002100236703516702,-0.10753287747352824,0.03680291139986713,1,1
2024-01-24,XLF,1,0.0039299112718147455,0.003922209342517302,0.006027430688817204,0.006230434492910741,0.009164668448597757,0.014964952547827703,0.00626135800429539,-0.0002609479716321091,-0.04929143561306226,-0.030892738730991853,2,1
2024-01-25,XLF,1,0.004958181700521536,0.004945930397071585,0.005649337025022577,0.006325130919056446,0.007904113433321758,0.018109705943424093,0.0072783667900220925,0.0010396958554956628,0.15277370353947095,0.0846572620159205,3,1
2024-01-26,XLF,1,0.0036354855380376083,0.0036288931333854357,0.0013442038702635,0.00602748104978886,0.0077701986988436555,0.019170465534920522,0.008062454281920706,0.005201580207307214,-0.23816719204320846,-0.1548234231312383,4,1
2024-01-29,XLF,1,0.0025872668749844507,0.002583925661875597,0.0012978501478891674,0.005823609956606775,0.007016626203036447,0.018718090118325703,0.009083791466641743,0.005709868353832835,0.14384700234592263,-0.03922225363753018,0,1
2024-01-30,XLF,0,0.012645238447288598,0.012565955091290437,0.004054642117474573,0.005379302628553099,0.014110756710407069,0.026472778775699313,0.013147674903226277,0.011600947468895811,-0.021421327610717245,-0.05813839990308889,1,1
2024-01-31,XLF,1,-0.01223243621287362,-0.012307868236856034,0.009043587194037963,0.007447302501861222,-0.0005672532301829181,0.009979957605460443,0.018130722350336692,-0.010214543601571039,0.5216739572465896,0.3533989435485232,2,1
2024-02-01,XLF,1,0.0015480156873739492,0.0015468187461862293,0.008922547897796267,0.007449494698937439,-0.0006178265821289441,0.007631277022793093,0.015507844285807107,0.0033600690806303195,-0.03550118651462664,0.2503495604948063,3,2
2024-02-02,XLF,0,0.004121559717249035,0.0041130893560876736,0.008952367854993723,0.00612968865931866,0.0017990255677344802,0.009034231706991802,0.012664815090702343,0.007495500796610174,-0.026277629969611804,0.21185538334304987,4,2
2024-02-05,XLF,1,-0.005900518117499032,-0.005917994956708306,0.00953582269182674,0.006647485355285007,-0.00411210773272086,0.0014213419553097406,0.0077399187319851254,-0.0002579546430900781,-0.3953987154086218,-0.24589460941425922,0,2
2024-02-06,XLF,1,0.0020646555848571335,0.002062527112719703,0.00682767035833155,0.006648372832976464,5.158134239380274e-05,0.0017802281513537022,0.006201495065585685,0.003359200660267898,0.09917727093836093,-0.16231029880660586,1,2
2024-02-07,XLF,0,0.007468332804529743,0.007440582885198221,0.0049227255645591375,0.006868640249503308,0.0056554874112173525,0.007183103964000681,0.010245842771549472,0.0020491294692978434,-0.04961552232698507,-0.19573863314297968,2,2
2024-02-08,XLF,1,-0.0038343750252347597,-0.003841745086904158,0.005555894593762887,0.007021691789898105,0.0010274430157306558,0.002134341791865113,0.009501770542718587,0.0007704826669809334,0.2130465648522375,-0.01758494206570871,3,2
2024-02-09,XLF,1,0.002822786119690557,0.0028188095405488056,0.005388684002207809,0.006995156860355111,0.003337662719218759,0.0038531192050443863,0.007194213578362628,0.004111091203417467,0.07075414892830345,0.026236039715912263,4,2
2024-02-12,XLF,0,0.004605817761261122,0.004595243439138308,0.004167077561219465,0.007070628039870274,0.005326166525152942,0.007157265343344266,0.011258920319684892,0.004605846521109487,-0.21167354638084945,-0.18401346337856872,0,2
2024-02-13,XLF,1,-0.013499639021267829,-0.01359158760090029,0.008377238356592223,0.007253501841575578,-0.007737189446782589,-0.005137387460559806,0.016427187355884044,-0.005903479148899505,0.5755706122489843,0.23587127351188353,1,2
2024-02-14,XLF,1,0.009553337795588313,0.009507993229956657,0.008907382279772537,0.006860668446323332,0.0018448830371755598,0.0034904545438929624,0.008213544721353787,0.003593413576445223,-0.06713128074944041,0.16910694742886068,2,2
2024-02-15,XLF,0,0.017135506169727588,0.0169903492621315,0.011305916139488012,0.0085806607631958,0.014851482155525453,0.01820324261030093,0.016318188927301715,0.014023437530395024,-0.01046617565669039,0.16929679076699067,3,2
2024-02-16,XLF,0,-0.003520305175856442,-0.0035265160304751575,0.011831997740300457,0.00875415795138482,0.008448219349644681,0.012933189878499007,0.0065442270129921504,-0.0025169513031276774,-0.3477651059494492,-0.1988483709564567,4,2
2024-02-20,XLF,1,-0.002775675647399445,-0.0027795349782038237,0.012017962644607834,0.008505358527559842,0.004320151188432764,0.008137498673882249,0.008640410820129892,0.0043202538814425,0.05414775725593657,-0.1600855971756885,1,2
2024-02-21,XLF,1,0.0030364924645227553,0.0030318916325207113,0.008723848121948189,0.008511703247742397,0.0027319735801674128,0.00911360349723056,0.007854004281893652,0.004307022135488146,0.007263680097716829,-0.1525357339457849,2,2
2024-02-22,XLF,1,0.01160435150231387,0.011537537408131904,0.009051987512852345,0.008893513568734034,0.009262005396132977,0.018283323326117706,0.011289532264146248,0.006021020072618973,0.3713943502375603,0.12393618180377786,3,2
2024-02-23,XLF,0,0.004987622031798589,0.004975225048922116,0.006190790043460215,0.008627514632006165,0.01159700991700685,0.019917512099177914,0.006211180124223602,0.0012422170698272515,-0.23551592550581468,-0.13167742744117894,4,2
2024-02-26,XLF,1,-0.004962869116452495,-0.004975225048922116,0.006573013646364442,0.00902694387205921,0.004207109961249289,0.012242775512088633,0.012419275232124717,-0.003974164284217888,-0.09055356063568809,-0.1897793526554522,0,2
2024-02-27,XLF,1,0.0027430444090381645,0.002739289128423472,0.005922411628385684,0.0090005119750657,0.0034937719109693344,0.012591137712965939,0.006975650180661176,0.0017438887864624812,0.11022934584310651,-0.10546877870906712,1,2
2024-02-28,XLF,0,0.0037306309459417264,0.0037236894011853927,0.005917499260114167,0.00705003179823044,0.0036306719331449244,0.012213847141402168,0.00946925138302972,0.005731361478060643,-0.06006408525921669,-0.1167093890768871,2,2
2024-02-29,XLF,0,-0.0004955491080360641,-0.0004956719330739823,0.003999593746712183,0.006909560000017558,0.0019373752460019045,0.008575705207361839,0.009392018702765306,-0.0029658659070711064,-0.06021607959880926,-0.12938791526190752,3,2
2024-03-01,XLF,1,-0.001239438053547759,-0.0012402067921604143,0.0034584568069304673,0.004938798087714064,0.0007452386749897677,0.006017713075779696,0.006446771875249473,-0.0009918401614488017,0.08411440962856465,-0.016772866865489733,4,3
2024-03-04,XLF,1,0.0024817563174428514,0.0024786818459090476,0.002176914451935125,0.004642248748575778,0.0017856590546307949,0.006604210817301448,0.007210365657027048,0.004226707205016355,0.3093107226638625,0.24095130957707966,0,3
2024-03-05,XLF,1,0.0002479327531290654,0.00024790202288293983,0.002088912026219604,0.00439495522776192,0.0010904335372039498,0.004650415225429638,0.009441020325844332,0.0037267459845690995,-0.04948215047965676,0.15062707455408564,1,3
2024-03-06,XLF,0,0.00519796667343031,0.005184503877285973,0.0026149277896366048,0.004492013334923708,0.005048827016605362,0.007442437504568744,0.011122115005488225,0.003707403096221828,0.15145301771511632,0.27236201903771096,2,3
2024-03-07,XLF,1,-0.001477689724441067,-0.0014787825846398484,0.0028075476790569084,0.003258818437502873,0.002521636107968739,0.004832011904203126,0.010794863710201292,-0.005152087662420616,-0.392654743882517,-0.19265012390472003,3,3
2024-03-08,XLF,1,0.0017263440807859798,0.0017248556616129562,0.0025016426624773825,0.0029801823756261895,0.002616358804919061,0.005769165712895763,0.0064024164570978545,0.0002462034322317773,0.3312622693641196,0.06253013659675921,4,3
2024-03-11,XLF,1,0.0017233689529949636,0.0017218856566540985,0.0024601343459321827,0.0021900981685059953,0.002858986578861966,0.006032785917269523,0.008154139026529254,0.0054360612643944255,-0.23343121781553988,-0.1815660995417795,0,3
2024-03-12,XLF,1,0.004177763699862558,0.004169061075017133,0.0025909503901449483,0.0023259873715099477,0.004770472186500063,0.008614822605599315,0.008337424295375442,0.0019617909134245167,0.46825140548283195,0.17356816182394308,1,3
2024-03-13,XLF,0,0.007342278010971759,0.007315454703873847,0.0032821267333733354,0.0029015117092702036,0.009417359356818089,0.014017901793165866,0.0063507164204832664,0.005373747632702598,-0.18285766917985768,-0.04823062422412605,2,3
2024-03-14,XLF,0,-0.008017398243463592,-0.00804971040294511,0.005742922661114514,0.0042655901677317734,-4.887570218448101e-05,0.004675301093531425,0.015545285841940879,-0.008258352028470226,0.5081961933593122,0.3527244037107622,3,3
2024-03-15,XLF,1,-0.0009796894800209177,-0.0009801696894227163,0.005830200915046814,0.004249736132853462,-0.0018596737676520592,0.0024576896843566676,0.01133002713696812,0.0046798632647082426,0.030574985433946322,0.32110717415472645,4,3
2024-03-18,XLF,1,0.0057335607254334064,0.005717186425020948,0.006241813309159344,0.0044736301590057315,0.0022255949028313626,0.006637166855395726,0.008337330752036064,0.0022069680059328928,-0.42072282737390476,-0.21274346450319925,0,3
2024-03-19,XLF,1,0.004893586629381552,0.004881651954073529,0.0063219429885114035,0.004561727358421915,0.005338934858122979,0.009520522165293865,0.005134451751542901,0.004156434293474257,-0.061120677761710374,-0.23941018550350168,1,3
2024-03-20,XLF,1,0.011930902337827787,0.011860290211898494,0.0075436375087228735,0.005484480788822647,0.014579824073907899,0.018804500211557773,0.015602130241500464,0.01316433226477793,0.42197870377677327,0.09561126916365215,2,3
2024-03-21,XLF,0,0.008180978836114017,0.008147696029496831,0.004741621382949177,0.005516363349322136,0.016807703507384808,0.023370984542313566,0.009361483223160981,0.005760962058229715,-0.05829265165447328,0.002928329303347743,3,3
2024-03-22,XLF,0,-0.011455896731685677,-0.011522021010332395,0.008985620311776287,0.007314680994397769,0.0013538401748076634,0.009299653412292885,0.01549467256394301,-0.01263414980584146,-0.3490444876161368,-0.3262190863856417,4,3
2024-03-25,XLF,1,-0.0038628850561852612,-0.003870365266338993,0.009494934295493357,0.007576722991754434,-0.004391699114939418,0.003633598541374017,0.0048321035488943,-0.0031408811314877043,-0.007773233852589545,-0.3251410644995196,0,3
2024-03-26,XLF,1,0.003393131701907137,0.003387388019580051,0.009401393022544662,0.007553324595529081,-0.0026019194093429565,0.005343700038614285,0.006278636138402486,-0.00024144703139447038,-0.05186571860055378,-0.32719547532789606,1,3
2024-03-27,XLF,1,0.011835705504286809,0.011766211346043054,0.009375395539265093,0.0080430096940217,0.007600861940227022,0.015062689306220234,0.00985576592429843,0.006971176109723902,0.21684723996615296,-0.16867675823313855,2,3
2024-03-28,XLF,0,0.005490594776243585,0.0054755764088452175,0.008973153638870997,0.007236761173446369,0.012062084708241994,0.017079285262707966,0.008345309973268922,0.004291852910580455,0.13143879379225143,-0.005113247252504838,3,3
2024-04-01,XLF,0,-0.005460612764324746,-0.0054755764088452175,0.007080088420390881,0.0076717149058184,0.0042673381455036186,0.008474139095355548,0.009250459939752032,-0.006404185454005527,-0.09526345980496598,-0.030043867752305498,0,4
2024-04-02,XLF,0,-0.005251779353331432,-0.0052656184209376455,0.007401270284460023,0.00802593420700344,-0.0029668895904835235,0.001249493194190876,0.005268228676859959,-0.00215517615434105,-0.03137912019116784,-0.053680502978346145,1,4
2024-04-03,XLF,0,-0.000480058094109892,-0.0004801733588872814,0.007421853986026766,0.007988197239273286,-0.004636307244973992,-0.000623919623581437,0.01007673142682673,-0.0007197403809315659,0.09230248791247475,0.02574466497017358,2,4
2024-04-04,XLF,1,-0.01128437499616286,-0.011348526619585186,0.006273102882684519,0.007971381907182693,-0.012517307979301506,-0.010999492995935833,0.022619065784272693,-0.019523802257719495,0.32585438073920026,0.3585768167699579,3,4
2024-04-05,XLF,1,0.009470561987009685,0.009425997361919958,0.007759285094664878,0.008143009352108882,-0.0005289312692206005,-0.0008412203592553791,0.011611019362956632,0.005563607677488848,-0.09717893937235911,0.23185589294478026,4,4
2024-04-08,XLF,0,0.004330064555398971,0.004320716800412239,0.008085817306709696,0.007328650217450589,0.004475045948507006,0.0026898907274583994,0.006252965610478142,0.004088459871551681,-0.26029705323693797,-0.09612964067723773,0,4
2024-04-09,XLF,0,-0.005748527910248824,-0.005765114292213269,0.008159317770815624,0.007485060650064302,-0.0005297143373071966,-0.003672310892201436,0.016758457152694285,-0.006224614158033673,0.4773941653372462,0.2695561015721122,1,4
2024-04-10,XLF,0,-0.014936130304262885,-0.015048797581523665,0.01031859345896851,0.008852426650966735,-0.011841463601988345,-0.017350726539079098,0.012405792475275455,-0.005351525600506275,0.14511410181392637,0.35647509096323216,2,4
2024-04-11,XLF,0,-0.007092229286102314,-0.007117498692724933,0.009692872473844111,0.00770368150018701,-0.01609152108987022,-0.02128582595207862,0.014191383562826535,-0.0066063240719350935,-0.044072560040878894,0.23959778048202618,3,4
2024-04-12,XLF,0,-0.013300453709737203,-0.013389696944536844,0.007615975601903211,0.007668129788530743,-0.0220203895027965,-0.029483698256242752,0.014629311326576284,-0.006694779209153608,0.42840965838356415,0.6294902863204119,4,4
2024-04-15,XLF,0,-0.00499253280498646,-0.005005037133098078,0.004576408859121577,0.007666266940523746,-0.01783954260048648,-0.02955640481291133,0.024642680011776868,-0.017742759689875844,-0.11613495693963671,0.34762959940449534,0,4
2024-04-16,XLF,1,-0.006773737392877899,-0.006796783282172036,0.004401968245508862,0.007688472287955543,-0.015174156140279393,-0.03122402073451025,0.011281042111427797,-0.007520662864146282,-0.07032392486970862,0.1852499887691983,1,4
2024-04-17,XLF,1,0.0025259014198903973,0.0025227166926429234,0.005673784312633589,0.007942883651634473,-0.006756766468384079,-0.024096403139670652,0.01056077392024741,-0.002011612525366969,-0.3773619390184161,-0.26442929596748344,2,4
2024-04-18,XLF,1,0.003527451360143763,0.003521244495587439,0.006968364329519161,0.007976192079336924,0.0006030058541257599,-0.017392287423535602,0.011035832417770883,-0.001003187908241746,0.1763995390008637,-0.12887169915398278,3,4
2024-04-19,XLF,1,0.013808548029317969,0.01371407869280672,0.00817312891180866,0.008821067682429061,0.01279152947584139,-0.000890779143246756,0.012234653510707393,0.008239746250714481,0.135400688027423,-0.024774325700036126,4,4
2024-04-22,XLF,1,0.012134675934680539,0.01206164099788909,0.008297509311228865,0.009817409780468661,0.019914084249584185,0.01343971559601087,0.016502418574532142,0.006650257830324138,-0.08668866728153102,-0.1329778683730809,0,4
2024-04-23,XLF,0,0.006361758872850398,0.006341608301767554,0.005073190403870175,0.010059197146422545,0.018573592996962374,0.02084888763540449,0.006819258887775159,0.0017048147219437897,-0.28032078136217686,-0.35907213832909723,1,4
2024-04-24,XLF,0,-0.00024322822679356815,-0.00024325781157630288,0.005864769633681776,0.008767006936694202,0.01116406930654179,0.020018306868393454,0.006582166132388965,0.002437797976722535,-0.0693668707486722,-0.3755214715239078,2,4
2024-04-25,XLF,0,-0.005836601561057475,-0.0058537010878279006,0.00829113505405262,0.008652915338011645,9.78188664066959e-05,0.013361028120204121,0.012218964378631281,-0.0009774463005824965,0.48319811529117285,-0.06256014217097372,3,4
2024-04-26,XLF,0,-0.0014676206377235435,-0.001468698647760558,0.007071514552870888,0.007211407474704075,-0.003515239484416899,0.00997107579761436,0.008086204490387402,0.0002449968438311973,-0.28926034980155146,-0.27217028135901233,4,4
2024-04-29,XLF,0,-0.0014698740863762216,-0.001470955411028374,0.0044017351153407365,0.0069170986022743216,-0.004445293839169029,0.006245851577006523,0.009311469133248651,-0.001225264642861249,0.02232595559950723,-0.19855452884657077,0,4
2024-04-30,XLF,0,-0.009813392281761812,-0.009861860971323022,0.003994465139466686,0.007407434869099141,-0.010493134984228658,-0.0055192660080911615,0.009835203569964009,-0.0076222663523613605,-0.05777938086298817,-0.18743792071053467,1,4
2024-05-01,XLF,1,0.0,0.0,0.0040491999141584155,0.007428754900166368,-0.006791900749018365,-0.0071583619374748775,0.014133391245851883,0.0007438328275446668,0.5868637186209458,0.25065312464429557,2,5
2024-05-02,XLF,1,0.002477613607487772,0.0024745493831597187,0.004627300729536456,0.00740745002921489,-0.0022687017334346304,-0.006238589977790143,0.013041402607135362,-0.004429141434033333,-0.322245493223387,-0.12885223743545693,3,5
2024-05-03,XLF,1,0.0022242342357057243,0.002221764288553807,0.005022100433801036,0.006070353696105644,0.0012838446884997357,-0.004443915254757402,0.01081087059356782,-0.0036855411072988092,0.2137650970335796,0.08411092504411699,4,5
2024-05-06,XLF,1,0.012823731703597296,0.012742203910108607,0.00806134268473165,0.006219959821711026,0.012573863460678902,0.007827956500963351,0.007342125124309088,0.00513947825099774,-0.05947223666262336,0.04060271759742773,0,5
2024-05-07,XLF,1,0.003408925025297105,0.0034031278114921015,0.0049875834685116265,0.005976381713324524,0.0117849567932502,0.01106507914969379,0.0046150704361597366,0.0009716035294244097,0.006273679834465584,0.031631197876546224,1,5
2024-05-08,XLF,1,0.003639813405269754,0.003633205314414578,0.0044615992808622,0.006069062775602042,0.01050572968414798,0.01414800705434982,0.008987101004144743,0.0046150704361597366,-0.3335657211533948,-0.3030912165520776,2,5
2024-05-09,XLF,1,0.0074951972033352465,0.007467247783502717,0.00433895660175465,0.005961702248382886,0.012095632772891607,0.019773852611353337,0.010179306496144945,0.009936981679374774,0.11284953981733592,-0.18698425474843317,3,5
2024-05-10,XLF,0,0.0038397094992403957,0.003832356630630418,0.004045317744272624,0.005860827199541392,0.009703605328437614,0.021165437417221655,0.0033476659653291266,0.00023917112155566675,0.0858369098712446,-0.11379943754208943,4,5
2024-05-13,XLF,1,-0.004064180477262647,-0.004072461703954033,0.004221922280024893,0.006106509331387827,0.0027438637322227954,0.014785656298920813,0.00858165920868358,-0.00691301335525943,-0.13806883766483613,-0.2220366259813631,0,5
2024-05-14,XLF,1,0.005040828901054617,0.005028166458028505,0.004336123820178263,0.004437153730300806,0.004606710507522704,0.01616341597954385,0.005738921095604414,0.0011955819566095058,0.0361243282910777,-0.18569951601714807,1,5
2024-05-15,XLF,0,0.007403901813599845,0.007376627474185327,0.004741486652728103,0.004370495882645719,0.008078005527881738,0.01918522055392624,0.006194951838653126,0.005003552022034898,0.17951387642264738,0.010370625517056364,2,5
2024-05-16,XLF,1,0.0,0.0,0.004517236446636975,0.0045595476388288324,0.0056265556243140225,0.014967033359616577,0.005210829330702258,-0.0009474399424633077,-0.002922107570084931,0.01039113479761311,3,5
2024-05-17,XLF,0,0.007349393668727,0.00732251847234533,0.005031715444728849,0.0046029714664378935,0.00983930696453661,0.0176757360725448,0.0068639269947300295,0.005680513099805843,-0.17260710410266233,-0.12679297959504066,4,5
2024-05-20,XLF,1,-0.0136502387298848,-0.013744259825932303,0.008846197722344556,0.006591268439112337,-0.005127478642431682,0.001768781687764731,0.013443388545076315,-0.011556642944168848,0.19811358727006834,0.06687486690049371,0,5
2024-05-21,XLF,0,0.006442404942988089,0.006421741353586974,0.009017734606820517,0.00672930536175539,-0.00018960956728808487,0.005890355988689588,0.0059537982854667125,0.004524853991763924,-0.06456399287785974,0.026153030190889215,1,5
2024-05-22,XLF,0,-0.005689925368227433,-0.005706174661066488,0.008775898314589746,0.00716332030387481,-0.004746086722211995,-0.001214560679144494,0.0099786643411726,-0.0035638281144003145,0.157053756875984,0.15101061870865995,2,5
2024-05-23,XLF,1,-0.013829247091834085,-0.013925761981326445,0.01037270622965388,0.008245108934316625,-0.014675023332625603,-0.014299311194215014,0.0176610462248428,-0.012887849543246921,0.3390332918618457,0.45391813785239643,3,5
2024-05-24,XLF,0,0.006044418759355574,0.0060262245391333735,0.01003042917523054,0.008408315482465468,-0.004545493388498079,-0.007821103678607888,0.0043436368518546984,0.004102364606088769,-0.5464944898925022,-0.31995684067983166,4,5
2024-05-28,XLF,0,-0.011054989427746298,-0.01111654994439748,0.009466326321908055,0.00900728972416861,-0.011957352854359726,-0.01759495083811391,0.012524095665476779,-0.008911342191846746,0.3206331222074088,-0.10562951856145653,1,5
2024-05-29,XLF,1,-0.008019380735742931,-0.00805170892011331,0.00766146999159578,0.008949414745634867,-0.013437686619350409,-0.02302420999983823,0.006124448845395234,0.0,0.3101219484662101,0.13893988827116388,2,5
2024-05-30,XLF,1,0.00538953831671285,0.00537506672857857,0.00936968774189695,0.008721483824469576,-0.0037867155824840015,-0.015071442260384038,0.009055377901494547,0.004405293746622695,-0.19327575935125874,-0.0724274952289995,3,5
2024-05-31,XLF,0,0.014619754392190432,0.014513916089229362,0.010678253105218449,0.010306100660516461,0.009405550473114532,0.0006247452138103959,0.016536972831691973,0.012645925857757246,0.17988483122922982,0.08633747434404349,4,5
2024-06-03,XLF,0,-0.006243929408103477,-0.006263504260534347,0.010754733191337613,0.00993719097323985,0.004222685386405356,-0.00296362575288156,0.01585394740519497,-0.006005284496412783,-0.020923856817711584,0.04010596963951141,0,6
2024-06-04,XLF,1,-0.004591610219845554,-0.004602184041711865,0.009577288667756945,0.009203667816257918,-0.0005823480299292916,-0.005816906915626419,0.01214771627438276,0.0007288333189525301,-0.2712613921542729,-0.2247093404785171,1,6
2024-06-05,XLF,0,0.002913341276957304,0.0029091057226753314,0.00839824189953271,0.008920348495047692,-4.841229571761474e-05,-0.000822362513232755,0.0084705298016302,-0.00024197293337481618,-0.13662891859756987,-0.3120840842922501,2,6
2024-06-06,XLF,1,-0.00048424162523874603,-0.00048435890807851933,0.008288663183735681,0.008835576138293251,-0.0017407929524468901,0.0002663947235224118,0.008941491598217067,-0.0021749673819423596,0.6391530526130167,0.12636615194728495,3,6
2024-06-07,XLF,0,0.004601619055722095,0.004591063974676679,0.004665596202484791,0.007851406984349924,0.003629283864492683,0.004577212583004364,0.011864355274123873,0.004358360980652465,0.08281463722009619,0.25399909049891733,4,6
2024-06-10,XLF,0,-0.0038572978107616063,-0.003864756370062672,0.004045254129910995,0.007671211074039926,4.836718385603511e-05,0.001405581608538542,0.0077481767732592854,0.00048427259402282187,-0.2521236809049684,-0.08426981588190208,0,6
2024-06-11,XLF,0,-0.011374592671374084,-0.011439778127340983,0.006338477861967187,0.007719784538636296,-0.009696955570953958,-0.00926467057239122,0.01191629077085367,-0.0065661591628668895,0.72653976568233,0.4799642541275584,1,6
2024-06-12,XLF,0,-0.0009789075988267948,-0.0009793870417826867,0.0058604092904705465,0.007287502138949086,-0.008262203970752613,-0.010210522324559435,0.013811477792629657,-0.011146088669018216,-0.14995172657639755,0.2386313705034684,2,6
2024-06-13,XLF,0,-0.000735406178163811,-0.0007356767219350857,0.00584072616075406,0.00703723147631821,-0.006528989551995212,-0.010314318095964947,0.007841207646556205,-0.0007351774806304336,-0.14874848598485335,0.03578228010090889,3,6
2024-06-14,XLF,1,-0.003187754853982594,-0.003192846568123908,0.00432567064944632,0.004577492440430403,-0.00567485543668067,-0.011093233653162837,0.00888890395929784,0.0037037413797260804,-0.2636823729869183,-0.21767948073048504,4,6
2024-06-17,XLF,1,0.008856030352693667,0.008817045712926408,0.007219043265078956,0.005552953139271425,0.0046545242652007435,-0.001436622581434177,0.013316915553325377,0.011343997364425139,0.24048069318846066,-0.024882498785728457,0,6
2024-06-18,XLF,1,0.006339849142843024,0.006319836838058368,0.005222339410689623,0.005811893556330022,0.0089476653577234,0.0046984180031361955,0.008544977945349617,0.0075683930717794536,0.07826060443109029,0.020231908201866933,1,6
2024-06-20,XLF,0,0.00533086793202453,0.005316709152336063,0.005064777899584914,0.00598458492234678,0.010964960629090914,0.00961191724957633,0.011170448787365367,0.00752795947046296,0.10202492011629727,0.07081570043108298,3,6
2024-06-21,XLF,1,-0.0038563677475975666,-0.0038638227059122343,0.005824908420840043,0.006136222495011298,0.004374259819331927,0.0056205898318475445,0.008214548383707491,-0.0014495665493717133,-0.00789613031297598,0.053178185924309895,4,6
2024-06-24,XLF,0,0.010275136968829424,0.010222706595952147,0.005528990687941238,0.006821309439142625,0.009275548737704753,0.015274945995677802,0.014755607000550796,0.006047411685467784,0.06398687062961717,0.11236285663788248,0,6
2024-06-25,XLF,0,-0.0074536524479811295,-0.007481569725689585,0.0074497415136692575,0.007172916106465884,-0.00034194679430854524,0.007405043540196443,0.011563468119615164,-0.005540822730340041,-0.27416688765137454,-0.19504440619655083,1,6
2024-06-26,XLF,0,-0.00629831688606175,-0.006318234961471436,0.007798910635814862,0.0063901213471579165,-0.00621826629798472,0.00025182759414321687,0.007057700522035145,-0.0017035700794420683,0.15628063594902186,-0.029758566908555384,2,6
2024-06-27,XLF,1,-0.0012189872767187637,-0.001219730846038214,0.0071157165924651536,0.006398115057990364,-0.005712810388899037,-0.0017486975706986208,0.00733494439775819,0.0017114839171809668,-0.3294600892610293,-0.3126554994091765,3,6
2024-06-28,XLF,1,0.00341715790284125,0.0034113326854607884,0.007308215806301472,0.006421732750211022,-0.002039088852368476,0.000465984833188271,0.010472486380760102,0.0012177115291835015,0.7295581184398081,0.1743888099358213,4,6
2024-07-01,XLF,1,0.0021892973488808476,0.0021869043294908685,0.004889858747127124,0.006233988977547783,0.0020430523696828295,0.0009260395254895304,0.01259691068654942,-0.0019379365000742979,-0.1796794649121014,-0.05439509692744027,0,7
2024-07-02,XLF,0,0.01165033345022004,0.011582990853272968,0.006602716756692289,0.006637087823291192,0.01174861712267461,0.010545202824984612,0.014105103261686848,0.013618710793710314,-0.25180523150416123,-0.2753516741531259,1,7
2024-07-03,XLF,0,-0.0031189362374212104,-0.003123810256188797,0.005701634375375658,0.006629821345965598,0.006004538762949041,0.006313091998582099,0.0055129322988177,-0.004074831703461609,-0.21898709360006807,-0.40570426178601726,2,7
2024-07-05,XLF,0,-0.0002405744968022594,-0.0002406034394888401,0.005553355581882104,0.006466070186021766,0.0029940810931226025,0.005550715245659532,0.008165229528615543,-0.0024015003743240457,0.014583293863554614,-0.35829657158639994,4,7
2024-07-08,XLF,1,-0.0026480881987972493,-0.0026516005864634096,0.006021900825385038,0.006385693254679274,-0.0012053746863758263,0.002249847655209747,0.011298014981857262,-0.00408649459569251,0.29681949106255057,-0.12935268028542157,0,7
2024-07-09,XLF,1,0.007723802533963431,0.007694126680176883,0.0066417720336362975,0.005997827643546275,0.003847053819258317,0.009600238358639546,0.014468345096619371,0.006751839186276436,0.19297462499055063,0.07964446662663871,1,7
2024-07-10,XLF,1,0.0038321605469822106,0.00382483652500909,0.004609330796008504,0.005386441258051144,0.006580666878504671,0.011927562048642537,0.009386267071229627,0.008664274776459195,-0.14165962582981295,-0.05982061318863574,2,7
2024-07-11,XLF,1,0.007874131329578926,0.007843292139586122,0.004708794399795366,0.004944557230198427,0.011155216207846541,0.01690012326047796,0.011680611908347967,0.00691301335525943,0.6113888361562854,0.47664225816739747,3,7
2024-07-12,XLF,1,0.003314416911142315,0.0033089363380089942,0.004288618960101118,0.004723122593281428,0.010442996820575479,0.01681898607439103,0.011377093099321826,0.0045034948469035085,-0.14825270635256538,0.20502700578821131,4,7
2024-07-15,XLF,1,0.014629511213613222,0.01452353227743064,0.004527388042611816,0.005909644183935706,0.01760696735638323,0.027037299632339584,0.012696941712356928,0.011051051826785292,0.19261703021423515,0.42606083511841564,0,7
2024-07-16,XLF,1,0.011395382341863991,0.011330944043143276,0.004863172854160259,0.006215280536878478,0.020796210010741056,0.033090234815278396,0.01301411978805779,0.010690283807101667,0.12203078958446079,0.5248375578128401,1,7
2024-07-17,XLF,0,0.007587881373997796,0.007559238204853713,0.004272261488620857,0.005888520599504873,0.019401621741227615,0.03566440839863705,0.012200796748374428,0.008747722839051647,0.048431276091962294,0.4789428720166413,2,7
2024-07-18,XLF,0,-0.012094947920965327,-0.012168686986859356,0.010433100424455242,0.007680878663326084,0.0021760816220015577,0.018947787438768682,0.02106714042174638,-0.00870156330091612,0.07226148506662922,0.4395896782258608,3,7
2024-07-19,XLF,1,-0.010163977754927611,-0.010215983668230066,0.012502654830587734,0.008859883253413242,-0.01016401359310004,0.005490871769794348,0.012942023743162175,-0.009706539847452665,-0.19599940747097377,0.08859182509496932,4,7
2024-07-22,XLF,1,0.00560099857803209,0.005585371310544041,0.010808730712604136,0.008641917526906608,-0.005033660367776638,0.0071993393927103355,0.009778769766814976,0.003259589922271659,-0.3843477340110123,-0.33179593217721015,0,7
2024-07-23,XLF,0,0.0018565400843881807,0.0018548188438844981,0.009104684868150272,0.008557498968476001,-0.0017112021718539427,0.005731075886677539,0.006712984037169986,-0.0006945044783397167,-0.18130376903522738,-0.4409424330715985,1,7
2024-07-24,XLF,1,-0.013666882813226144,-0.013761134391554464,0.008790724424285133,0.010104781829062449,-0.00967529721784477,-0.009560121500601038,0.012778792410808853,-0.010687710843117211,1.0078191963160283,0.07370584662783042,2,7
2024-07-25,XLF,1,0.003757829578494576,0.003750786575679399,0.008763549646097454,0.009904156492588738,-0.0034042111669696506,-0.006993139031493678,0.01687757638493139,0.0018753359432921017,-0.06120715091374418,0.010199497624921117,3,7
2024-07-26,XLF,0,0.01567603149398389,0.015554431667733848,0.010565075590898232,0.01091430630955577,0.009581839095681666,0.006165442188431625,0.013730512818873882,0.010239669867567776,-0.27251794391690076,-0.25434375725406544,4,7
2024-07-29,XLF,1,-0.0013824116082497007,-0.0013833680207158139,0.01053815036729517,0.010072285499695972,0.006968439602323961,0.003960075222562587,0.009423117978131465,-0.0036773121945381706,0.07842187993124217,-0.17443019927983694,0,7
2024-07-30,XLF,0,0.011534236493743855,0.011468224303222474,0.011520752438619579,0.010088510870016538,0.015375355552443182,0.014693997986326535,0.00917014066193657,0.0052728002720835955,-0.10731424577434179,-0.22517797352721625,1,7
2024-07-31,XLF,0,-0.002508498978978757,-0.0025116505340938566,0.007976005831211452,0.009843801190305061,0.007416321025154549,0.012336030566212797,0.009101285982597863,-0.004778136082530779,0.23158501147405852,-0.006340757419035392,2,7
2024-08-01,XLF,0,-0.014174727153433708,-0.01427614814906919,0.011949667791191184,0.010141924780734281,-0.008598868245924929,-0.0016207476603565807,0.023462385956631325,-0.017767712229675704,0.2162073456898601,0.24583186409520885,3,8
2024-08-02,XLF,0,-0.024582496399640275,-0.02488969081864134,0.013719050023929178,0.012454013738747837,-0.02692940580204295,-0.024378878062599973,0.022988494433074526,-0.013370858093891661,0.6701720536581324,0.9211608338348081,4,8
2024-08-05,XLF,1,-0.02900631352572436,-0.02943531279817524,0.016552141874705197,0.014766064252585268,-0.04405232435556228,-0.04770794878781015,0.013855121615962904,-0.007292154630805174,0.37295005839709505,1.2114842927554226,0,8
2024-08-06,XLF,1,0.01616067105028729,0.01603147745087874,0.018223886350018814,0.01615815420889018,-0.01779800677325627,-0.02853534331817531,0.02632866452955586,0.011701597681125348,-0.46560118465142486,0.10511201185962826,1,8
2024-08-07,XLF,1,0.0012048883285400436,0.00120416303313986,0.018716410292145543,0.015832185387077317,-0.006313635433261133,-0.025014048119865295,0.020734007408658637,-0.009771207253525186,-0.23853931668542316,-0.15220634357685192,2,8
2024-08-08,XLF,1,0.016125281314670392,0.015996649935017704,0.02172281877599587,0.016813402808496677,0.014075170500920997,-0.008081785936704389,0.012195173121763277,0.009564838086988598,-0.06039496636500685,-0.19783117642095505,3,8
2024-08-09,XLF,0,0.004263291672130798,0.004254229591256209,0.018485675234490524,0.015911650985855928,0.016737847433767827,-0.0014835763761767984,0.011134740966596049,0.004501360945922034,-0.4222367639752306,-0.5284714525926771,4,8
2024-08-12,XLF,1,-0.005188754267395956,-0.005202262600695562,0.009429233780509588,0.015934457514156765,0.005003524237169099,-0.003920115166129445,0.011770244947928214,-0.007062129008788441,-0.1396672651307952,-0.5821914166435278,0,8
2024-08-13,XLF,1,0.008297782269470755,0.008263544939726142,0.007959049487638592,0.015645334317421787,0.008393351675992644,0.007485649419701534,0.010370078676444806,0.002356787023376371,0.21515605115727987,-0.4854878760777669,1,8
2024-08-14,XLF,1,0.012226589833962631,0.012152448800725413,0.008188752221439482,0.016367791881820682,0.013513412537123015,0.02147340309462087,0.012432619768113301,0.009852173549661173,0.23075997110986268,-0.35609541871116646,2,8
2024-08-15,XLF,1,0.00929159918668132,0.009248697822390906,0.006760973177085548,0.016022045758064943,0.01704040813273222,0.03015789740459085,0.008743609328646621,-0.00023005802447831423,0.0865908127669286,-0.27957157756510365,3,8
2024-08-16,XLF,1,0.007364721877476166,0.007337734734177204,0.0067294497038515675,0.013341879096808102,0.018001641584912464,0.03355445114058009,0.008525320711432225,0.008525320711432225,-0.23973416544150739,-0.38102180295119337,4,8
2024-08-19,XLF,0,0.005483181844346818,0.005468203928922666,0.0024969816914296437,0.006589380623489338,0.014943916598623153,0.0315004062646147,0.005481993722217537,0.005253530119902439,-0.034741050321837164,-0.2495326953689283,0,8
2024-08-20,XLF,0,-0.0031809393293272814,-0.0031860092711419874,0.005825447240798217,0.006610864043256545,0.0055009018456380065,0.02253927949924761,0.005004577463260976,-0.0020473192552836073,-0.19781181261396807,-0.3184121202057506,1,8
2024-08-21,XLF,1,-0.001595768293300548,-0.0015970428876754816,0.005545487948584855,0.006871410034294144,0.0004567841767439962,0.015581450441029432,0.009558534291516327,-0.003186149158487654,0.014969113779535581,-0.2452909560433647,2,8
2024-08-22,XLF,1,0.0057078214831909335,0.005691593591472088,0.004784773346521972,0.005747027961183478,0.0034168737742688027,0.017062642183935273,0.005473155578583897,0.0045610209783128585,0.24227055202092984,0.00017869935975500795,3,8
2024-08-23,XLF,1,0.008626556768459803,0.008589560641492966,0.005110807023827999,0.005910041362055553,0.00903888611714354,0.021050703003621773,0.01018562154438769,0.0056586690419445735,0.3243420228225411,0.2784542653838875,4,8
2024-08-26,XLF,1,0.0031510458581283096,0.0031460917175496483,0.0049317429544753245,0.004852939278530114,0.009650245099622978,0.018673032705917025,0.007626741557265808,-0.00022436374651517408,-0.2761144601297215,-0.0859837324428121,0,8
2024-08-27,XLF,1,0.005160400840335644,0.0051471316020674784,0.0037908123796649624,0.0047550720854282885,0.010602307325467741,0.018644846625725853,0.005373888593585346,0.003134782582327975,-0.08992971078962575,-0.15733890331270617,1,8
2024-08-28,XLF,1,0.0024553928510484546,0.0024523832994360895,0.0024274606911900884,0.004117285058589895,0.008035577976684527,0.016845572557405486,0.011638327086211646,0.00514770681883108,0.14560659763245076,-0.011695995254772162,2,8
2024-08-29,XLF,1,0.008906688732858159,0.008867258138496759,0.0030064681926048288,0.004066362938455836,0.011293641141478572,0.02159994960627243,0.015756747954595113,0.005548157842449283,0.36400255599323805,0.3459102630715707,3,8
2024-08-30,XLF,0,0.009490151475056274,0.009445402878744513,0.003235576327747818,0.004298612637681094,0.014955822692845233,0.02673459731292893,0.012103856815199487,0.006602180035751035,-0.14110227535535746,0.13949788879159586,4,8
2024-09-03,XLF,1,-0.007433419108935468,-0.0074611846496002165,0.0068605583827639,0.00566670269206298,0.003714089070913529,0.015932580994821643,0.015164888822115384,-0.0021977686620020605,0.3771856239880971,0.4794702315854744,1,9
2024-09-04,XLF,0,0.0011013847965397616,0.0011007787172818695,0.00688699076243912,0.005285908998583562,0.0019399261591430683,0.013468283447489737,0.012093211138882577,-0.000659603773061074,-0.19771945084336207,0.1348248235329157,2,9
2024-09-05,XLF,0,-0.011000954902990578,-0.01106191288364311,0.009309343428962124,0.0068960960151523976,-0.009257109712447087,-0.00024455545572754644,0.019938647230098465,-0.015118287378099358,0.2348739771481061,0.31026537817633315,3,9
2024-09-06,XLF,1,-0.014683018751803889,-0.014791881205453716,0.009768072346185576,0.00866758960974547,-0.019395058365054507,-0.015449538531889684,0.022469457599279933,-0.014682977446271114,0.29875390590408246,0.5638458238788,4,9
2024-09-09,XLF,0,0.014901822490873462,0.014791881205453716,0.011795826181414119,0.009502081403323679,-0.001288580362456604,-0.0019316607505048822,0.012301481733904938,0.005367964289450122,-0.20105471710243072,0.2187995934451954,0,9
2024-09-10,XLF,0,-0.010233637621221203,-0.010286361302509484,0.01209648763258603,0.010120084354855362,-0.007495648757932516,-0.011970028690326706,0.025720618329460272,-0.013525428299167686,0.44144605458548836,0.5896055954977444,1,9
2024-09-11,XLF,1,-0.004720150134471357,-0.004731325222379734,0.011760270063146562,0.01002770626736016,-0.006996780842154937,-0.01549676985135695,0.02188622321040173,-0.0009025477392323886,0.004778820942231254,0.4497849273136576,2,9
2024-09-12,XLF,1,0.0022583081537579375,0.002255762008499307,0.011604190806231152,0.010020085740015006,-0.0022033779925577646,-0.012109346284505107,0.011722282475404834,0.0004508669406781906,-0.3647426238478051,-0.107351884954337,3,9
2024-09-13,XLF,1,0.0029292738884771907,0.002924991925709719,0.009453533190004578,0.009519884563279601,-0.00026954157496172915,-0.007448024674080789,0.006290693998103707,0.0,-0.12775126084271737,-0.21988599422267696,4,9
2024-09-16,XLF,1,0.013030680351208135,0.012946511432998076,0.008780020344064188,0.01003576974283996,0.012121132161767578,0.006945143273769494,0.008948494504574522,0.008724818411452557,0.12613521388660165,-0.13802722827137293,0,9
2024-09-17,XLF,0,0.005322923627882004,0.005308806942442068,0.0063883935092433385,0.009992162311484677,0.013685895471076348,0.012463277026327102,0.0075237920539997045,0.0030981015401703505,-0.24742268041237114,-0.33267430056918135,1,9
2024-09-18,XLF,1,-0.003088656037423143,-0.003093435780006537,0.005867097816716873,0.010023553489220339,0.006458748191988661,0.009922605005020957,0.013230396787410741,-0.00352811141776362,0.4979905568720804,-0.02320227433765476,2,9
2024-09-19,XLF,0,0.011064421774859667,0.011003658853806275,0.006470324027548994,0.009889798550156422,0.011691223538503381,0.0194109430035605,0.01029575476436035,0.0008761686635958564,0.1118564806061666,0.06873433827553499,3,9
2024-09-20,XLF,0,-0.0006564992049112872,-0.0006567147948759455,0.007048139946786292,0.008153800375218958,0.005904189220788503,0.015637226109116886,0.007019076414853974,0.001535417736124865,0.04824819136547864,0.12712357504475014,4,9
2024-09-23,XLF,0,-0.0012091640042602991,-0.0012098956328872035,0.005831916337182437,0.007079489506196853,0.0024141817805671817,0.012933835086476941,0.006814630625535695,-0.001099209714504847,-0.35080453066990835,-0.2520109039994738,0,9
2024-09-24,XLF,0,-0.008362439811217648,-0.008397601171402869,0.007119868135607343,0.0067529835485665695,-0.00550248558416333,0.0028296079289393816,0.00882997169797736,-0.0052979661768556,0.27600876790667805,-0.0011958494368613515,1,9
2024-09-25,XLF,1,-0.0059921523313481995,-0.006010177317843812,0.007497237210984158,0.006896894943707582,-0.010427746454932163,-0.004663678874611166,0.01086951738835072,-0.00643302803345425,-0.19321342343101633,-0.13679324348409105,2,9
2024-09-26,XLF,1,0.005135151744165567,0.005122011816930616,0.005232667507855132,0.006990035789068857,-0.00312214001014699,-0.0013287306698787082,0.007569015281548788,0.002226230919294522,-0.03384961394172714,-0.15186931453297547,3,9
2024-09-27,XLF,1,0.002887516590038608,0.0028833557218028716,0.005714724428205962,0.006989310177022556,0.0012862249937155568,-0.00022114885012103347,0.008643603698599341,0.0006649511237673992,-0.2613785251803137,-0.35674727000961304,4,9
2024-09-30,XLF,0,0.003765204536162692,0.0037581338962753286,0.0061927978387469745,0.005859913349262419,0.005591481223175654,0.0026707934010579137,0.011101243113599208,0.006216669040971237,0.015814105682830926,-0.32125324796376553,0,9
2024-10-01,XLF,1,-0.0052956386253651955,-0.005309710220296804,0.005309989696811135,0.0059283840081995045,0.00017748966722552773,-0.002448740365485147,0.01172572090814437,-0.0026548435809575378,0.38610797935015717,-0.0720239174534586,1,10
2024-10-02,XLF,0,0.0011091785193684256,0.0011085638353618421,0.0040805045928143276,0.005847231705308579,-0.0002215062407069368,-0.0015705118028336296,0.008877001753016731,0.001553477423232183,0.1530868727639667,0.0825532471946755,2,10
2024-10-03,XLF,1,-0.005318019688230757,-0.0053322106893083365,0.004428414236480472,0.004651707505850159,-0.0049652052081561315,-0.005483279340251723,0.00845198122449409,-0.0015569327457658642,-0.37560130895744825,-0.27646442074624733,3,10
2024-10-04,XLF,0,0.01693040305911131,0.016788681154543905,0.009128560175267655,0.007446433410513834,0.009643126383810374,0.011007117217892715,0.011912576197165224,0.007059335581252796,0.7171712881757604,0.27482040519815976,4,10
2024-10-07,XLF,1,-0.01226747781610571,-0.012343344421832825,0.011067935991647399,0.00845850851248367,-0.0017270061085895572,-0.0006207275762768472,0.01686739577938232,-0.012267280494471657,-0.34212257617728536,-0.1478472645818063,0,10
2024-10-08,XLF,1,0.005766501748255326,0.005749939118833147,0.01109227856351789,0.008220644430947813,0.002830587613273927,0.004496545349764736,0.0061864513849011985,0.001988514271443787,0.08134424590120792,-0.04303243236049559,1,10
2024-10-09,XLF,0,0.00926112776504584,0.009218506466741605,0.011652445774960067,0.008261724670676726,0.009261249409476369,0.011603444778978789,0.013230480904222075,0.009261345044636587,-0.014904564892396444,-0.04389518659267344,2,10
2024-10-10,XLF,1,-0.0030586585662016885,-0.0030633458225652888,0.01129360424814258,0.008343904487822726,0.002901270527168265,0.007151437236614155,0.009166346277606395,-0.004146630902977645,0.20445537740477082,0.1412563671774676,3,10
2024-10-11,XLF,1,0.01928545075080068,0.019101843324834444,0.012028042620828353,0.010100028357959402,0.01839278415412582,0.023502447688707573,0.015461653152957071,0.012848435890986049,0.5486178261455605,0.6080646800410641,4,10
2024-10-14,XLF,1,0.006235220542868403,0.006215861983509985,0.008032564237672407,0.010150414351555424,0.017125917007694724,0.026540869623302488,0.008370881913954546,0.004507385357048376,-0.3216538032896691,0.05160462191184201,0,10
2024-10-15,XLF,1,0.002136827717660328,0.0021345479483847463,0.008384464932854024,0.009716796051977337,0.01247791541585519,0.02464392010325067,0.011672310049404055,-0.0046688754455169006,0.18147433251140832,0.20823004886341923,1,10
2024-10-16,XLF,1,0.012366658114494111,0.012290815636529562,0.008723139156402177,0.00999185666794263,0.017486675515436367,0.032016825516446135,0.010832589245924805,0.008496127774527741,0.06178228761379523,0.2568338385499618,2,10
2024-10-17,XLF,1,0.0027379931267714763,0.0027342516514567983,0.007247122860360778,0.009360342849871868,0.011687189658140085,0.028760303236410545,0.0048238158717327255,-0.0014681143954736952,0.018893264285571254,0.20552680664332268,3,10
2024-10-18,XLF,0,0.00021001453618763044,0.00020999248622244338,0.004788185170766226,0.008644914304723536,0.007148559923355835,0.024614804484343056,0.007771534170104248,0.00021000465038912956,-0.251919325060995,-0.0833316843094396,4,10
2024-10-21,XLF,0,-0.007979696571808303,-0.008011704741198056,0.007259021078462691,0.007798588665926927,-0.0027442686317221687,0.01175823062681225,0.010517458779364301,-0.0063104592192500825,-0.23548116080701054,-0.29845459994159007,0,10
2024-10-22,XLF,0,-0.0019053479913058169,-0.0019071654757838452,0.00744789729434256,0.008054744414868375,-0.00569386974311914,0.005952421857569279,0.009574484317860704,0.0031915218272107714,0.14542839045460432,-0.19912203753030766,1,10
2024-10-23,XLF,1,-0.0008480882780238508,-0.0008484481083472772,0.003982594623266864,0.007944800530277877,-0.004984424549443367,0.0022339669037465537,0.007218687125323419,0.0002123595871444536,-0.31052310726313936,-0.43632819723447536,2,10
2024-10-24,XLF,0,0.0008488081422597382,0.0008484481083472772,0.0035380534201877975,0.007710834261806454,-0.0022009694980302807,-0.00014853001237669083,0.007427811588600434,0.0006367273912189909,-0.052166476624857516,-0.4437519600176253,3,10
2024-10-25,XLF,1,-0.011028542617181225,-0.011089807853924771,0.005072099804788662,0.006612479114293371,-0.009053061033488685,-0.011426998200860239,0.019011358434320606,-0.014997868233717009,0.3012106537530266,-0.21541802775827745,4,10
2024-10-28,XLF,0,0.012438348722883186,0.012361627994438074,0.008386930031336332,0.007468967493653003,0.003400641658370729,0.0,0.008320874728740997,0.007254110525626554,0.2307170979178501,-0.021057489373410565,0,10
2024-10-29,XLF,1,-0.006142768465148163,-0.006161712888002491,0.00881810326559008,0.007769218641135284,-0.0017870985756237578,-0.006184865269119544,0.007220219823448132,-0.003610150416048267,-0.11093108903453341,-0.08868716450868996,1,10
2024-10-30,XLF,0,0.0044757450366395,0.004465758676337028,0.009148191741859237,0.006710015941418953,0.0025953548259824988,-0.000996210556624133,0.010430006028975623,0.003192880530874648,0.02768976295071046,-0.010951638990095103,2,10
2024-10-31,XLF,1,-0.013791630037546465,-0.013887618143910707,0.011009566362056515,0.007723176890286335,-0.008405479773906044,-0.012408595694222257,0.015508807031426396,-0.012534526373765127,0.8609441790951182,0.7936330293527762,3,10
2024-11-01,XLF,0,0.003442260696732813,0.003436349678340722,0.01017964912746193,0.007908668096507745,-0.0050346005625135914,-0.006941233919812495,0.010293792220488351,0.00021441821368603397,-0.24855710998912328,0.32180281972132097,4,11
2024-11-04,XLF,1,-0.007718768549701438,-0.0077487124297732635,0.007770266811901098,0.00788732902504271,-0.008781416672362652,-0.012588104545081968,0.013301925304938433,-0.007080064937424561,0.03900607624832153,0.3066744868623219,0,11
2024-11-05,XLF,1,0.009291329933955872,0.009248431048386685,0.00954330764000471,0.008662519874853794,0.001329076418688624,-0.0024772987652392775,0.010794473300824952,0.008419675997796172,-0.15546593263254815,0.08583014747976647,1,11
2024-11-06,XLF,0,0.060800613446678975,0.05902391873613322,0.02959470284366792,0.021350697789263764,0.051302658046538774,0.05268740138847572,0.01998367707872605,0.010399639315090721,3.357341192102618,2.3571568724599583,2,11
2024-11-07,XLF,1,-0.016145171092577182,-0.016276924411887883,0.0300903284705422,0.02239187897575217,0.024461057425602117,0.03218298151740018,0.015776674776756486,-0.013956283290352403,-0.5399111507270966,0.3895866312648235,3,11
2024-11-08,XLF,1,0.00902575157067087,0.008985262919600778,0.029892131243991503,0.02183094564226763,0.022746332542184167,0.0358844059939285,0.012627347573316386,0.0018329970546806958,-0.1449468499420773,0.11191263005601515,4,11
2024-11-11,XLF,0,0.01423032136545177,0.014130020762339601,0.027998305004412524,0.021900852923649617,0.02195905174557966,0.044729172230101755,0.009460572017230023,0.004227034685641458,0.05429595952067445,0.106584849755474,0,11
2024-11-12,XLF,1,-0.003006486272273179,-0.0030110148311033313,0.029188412872327082,0.021733489219788838,0.0063937039024202225,0.03547345743990826,0.007018216996538164,-0.0026067226028122894,-0.08078429401128273,-0.03415733890641248,1,11
2024-11-13,XLF,0,0.0006030634019558168,0.0006028816322976027,0.011721810447874053,0.021799267525484736,0.006104913496033149,0.03043477550941498,0.008828299359132392,-0.0014044882546129784,-0.45514625959625654,-0.4765018017433683,2,11
2024-11-14,XLF,1,-0.002611856613111918,-0.0026152734614375284,0.007642731327253637,0.020960645672429237,-0.00012076240809366645,0.021063169930705783,0.008821219566643364,-0.004811581261577258,0.19987327756291418,-0.35582824152129944,3,11
2024-11-15,XLF,1,0.00463319297215703,0.004622492771598097,0.0071034893134567295,0.02094287997639531,0.001767666132500345,0.019023657703337804,0.008057971718368981,0.00463335102869261,0.06505928977748043,-0.3146132400945577,4,11
2024-11-18,XLF,0,0.0030077701446382665,0.0030032558537178566,0.003367445455806122,0.020377423212865297,0.004256253310635172,0.014336912681814473,0.00821478358376249,0.002203979376635205,-0.33380950627738304,-0.5319338855061198,0,11
2024-11-19,XLF,0,-0.006597344967310681,-0.006619203640131577,0.004501035626170393,0.02087736533346592,-0.0021688133811932353,0.0015923301714111382,0.009270514088510665,0.0014107153633822111,-0.004675479706428454,-0.5274338911768662,1,11
2024-11-20,XLF,1,-0.0030185871993611,-0.003023152322831457,0.0046304424381745975,0.008459089518011689,-0.004261075488579014,-0.0014109533849443467,0.012427318890956086,-0.0070154034556615796,0.25607539598811013,-0.24947823448173356,2,11
2024-11-21,XLF,1,0.012716956341092711,0.012636774912079485,0.007446356626673118,0.007157447449983357,0.006257814790125993,0.008401685028198713,0.014862455610761445,0.007631999325781577,0.49950047889191773,0.17675927150816895,3,11
2024-11-22,XLF,1,0.011162022989722242,0.011100187326362754,0.00849027414519853,0.007388795338693767,0.01399161582163444,0.01651104065472908,0.012963656144675477,0.01176705544016616,-0.17355911150941983,0.015564037883078363,4,11
2024-11-25,XLF,1,0.006505087188440006,0.006484020420197023,0.00858780594118788,0.006440110859425688,0.016362159606552407,0.0207305110519711,0.00764554798042023,0.0009802598197048826,0.12940776394265985,0.19357488904911846,0,11
2024-11-26,XLF,1,0.0019583963874727495,0.0019564812292856004,0.00651147339171301,0.006167811509991842,0.012427719131829162,0.019834515247020068,0.009788566602909146,0.0015661318224304789,-0.4016234142232984,-0.2273562814006138,1,11
2024-11-27,XLF,1,0.001954721196575804,0.0019528132150741229,0.005025554173849395,0.006128126315610211,0.007547787268777695,0.018801956490526406,0.008003120263042106,0.0005855705556300591,0.11912352560313044,-0.13513517923325868,2,11
2024-11-29,XLF,0,0.0015606347739132165,0.0015594182490006325,0.004180276457170348,0.0058410897367391175,0.004500088726074658,0.0169558755696253,0.006220834046796933,-0.0019439828303022533,-0.5227473532953713,-0.5596071327953475,4,11
2024-12-02,XLF,0,-0.009933639108172465,-0.00998330689612592,0.006128796956957929,0.007162941432663021,-0.0058672984739739364,0.004942793355971364,0.015363690075050573,-0.011474063767021845,2.6554314025193695,0.5437926755296356,0,12
2024-12-03,XLF,0,-0.0074760709964054595,-0.007504156884129198,0.005834535934272345,0.007732504595037948,-0.010939516091563739,-0.0034174686974335344,0.013299438509103234,-0.013299438509103234,-0.1542672068863592,0.23751815427314726,1,12
2024-12-04,XLF,1,-0.0037661918156022267,-0.003773301773255522,0.0053063773770877535,0.007475748154614714,-0.011175067349667667,-0.008287423759891444,0.006944413958824583,-0.002777841271965352,-0.12588147292554175,0.043212912854408314,2,12
2024-12-05,XLF,0,0.0029845865111386427,0.0029801414750179056,0.005585258591352484,0.007342191421487449,-0.004895583855133445,-0.00703214642774741,0.007349998624617497,0.0013905382322614115,-0.1808525162492015,-0.14472997595521142,3,12
2024-12-06,XLF,0,-0.00019827192080024147,-0.00019829157927597763,0.00524558643602621,0.006257807389100398,-0.001386887769138534,-0.007678602213835095,0.006150820712412858,0.0,-0.30238427586288996,-0.3585413338193657,4,12
2024-12-09,XLF,0,-0.013690602394406781,-0.013785182926455253,0.0064877106866733664,0.006473314883956764,-0.010667532461921758,-0.019294556012822373,0.015860489166115776,-0.014472632079925926,0.7917822128552778,0.14951938565007805,0,12
2024-12-10,XLF,1,-0.0002010639266261105,-0.0002010841426871579,0.006449258258191453,0.005806134045562684,-0.007904756055894024,-0.016853880734420623,0.011859299549505339,-0.0010050097901617462,-0.07468159425500553,0.08940622541871246,1,12
2024-12-11,XLF,0,0.002011986291281298,0.002009964957672583,0.00678104562097053,0.005810914448179623,-0.004079711531901342,-0.012218376936205533,0.006813553657193732,-0.0020040538228540262,-0.0984488623789943,-0.03573244058423175,2,12
2024-12-12,XLF,0,-0.004417528966930706,-0.004427315078940897,0.0062580908680098316,0.005592028922935562,-0.005176695363658057,-0.013293962187395314,0.007810923037547226,-0.007009783136027993,-0.3404679200477225,-0.3484398654770099,3,12
2024-12-13,XLF,0,-0.0008068368357947442,-0.0008071625038201802,0.006188234411890049,0.005409938903653989,-0.0025369231579761564,-0.010545623226801193,0.007432682622697158,-0.004821170543486324,0.694719850436875,0.03427192463731532,4,12
2024-12-16,XLF,0,-0.0018167305659007038,-0.0018183828223152787,0.0023496611095471997,0.004933576220406244,-0.0033055282090165283,-0.00961343087996569,0.005446852116722196,-0.0024207975110658543,-0.10003983616101986,-0.016627002828507376,0,12
2024-12-17,XLF,0,-0.007077869353360966,-0.007103036293168774,0.003474715493201792,0.00489251810685455,-0.007960576750276949,-0.013957215708787718,0.00690215518012442,-0.0032480684706432087,0.3081622345557107,0.2893651212266046,1,12
2024-12-18,XLF,1,-0.02993885987867395,-0.03039617841816833,0.01205901347425245,0.009932331550045583,-0.02914797556781401,-0.03839938817083777,0.034763145603020365,-0.031713714213171554,0.5703756564063744,0.8614184929604987,2,12
2024-12-19,XLF,1,0.0035690754339638975,0.003562721398437052,0.013256081252878037,0.009988162586785863,-0.01856116902870053,-0.0298553581770149,0.015362214903437551,-0.007681107451718776,-0.12097459236596941,0.5189156201214493,3,12
2024-12-20,XLF,1,0.014853559065589828,0.01474432530218417,0.016581452242364597,0.011804183314274045,0.0002473868804770962,-0.011654021953097504,0.027044043918121083,0.0169810806213462,-0.11902547100139849,0.2414540304559356,4,12
2024-12-23,XLF,1,0.0024013852170543526,0.002398506499259767,0.016830953363200313,0.01138822643620131,0.006066034028609613,-0.007088724194190155,0.012276324089241054,0.007490569816220654,-0.23245419246211163,-0.049305933882011654,0,12
2024-12-24,XLF,1,0.011772055783701552,0.011703304174184748,0.017837023550514648,0.01221442850418939,0.01749300610001625,0.005628803587796494,0.011953792474967228,0.009686752190207785,-0.5735744179507498,-0.5753576212899474,1,12
2024-12-26,XLF,0,0.0024494961538696902,0.002446501028201098,0.00587528887795604,0.012226974038358525,0.012907256026217562,0.009083282792899716,0.00799670670469214,0.0069715019355462435,0.1337892700471377,-0.5021509426196753,3,12
2024-12-27,XLF,0,-0.007330453188248431,-0.007357452988320468,0.008776466569508992,0.012354091151741693,0.0007226162378830558,0.002962849931574585,0.013920092358626221,-0.0020470517347931792,0.6270811704541086,-0.21026448082128535,4,12
2024-12-30,XLF,1,-0.009641110737362846,-0.009687887139268714,0.008616992396033458,0.012636093131501077,-0.008827788307902207,-0.004557194669972953,0.013264236054889897,0.000621736358484456,0.02857699897200794,-0.1793866009229479,0,12
2024-12-31,XLF,0,0.001035773522237049,0.0010352374789563967,0.008540389233861589,0.01267473238776792,-0.007434404813752793,-0.0016529790813726297,0.008471070960460349,-0.0014462746408549336,-0.2771210633030632,-0.3923720916758803,1,12
2025-01-02,XLF,1,-0.002483026924689713,-0.0024861147485362167,0.005218261141132229,0.012544380863404259,-0.006716681399498325,-0.002727980902082927,0.017085257302812826,-0.007616359255579682,0.4254424822709124,-0.1119425926283446,3,1
2025-01-03,XLF,0,0.007882195350871646,0.00785129312778654,0.006961496475337508,0.007743810775401755,0.003262299920320011,0.0027219192541279025,0.011136256591838341,0.0020622493433630996,-0.29769420080213826,-0.2938076837275416,4,1
2025-01-06,XLF,0,-0.0030870958847949437,-0.003091870794898366,0.006401706691357139,0.00792105493389299,0.0014471436201872745,-0.0021095231756829147,0.01372954905978264,-0.007377061802865041,1.154523555347427,0.5624553012919564,0,1
2025-01-07,XLF,1,-0.002270725577601218,-0.002273307584351958,0.004577706057344937,0.00650670661127662,-0.0010334235919603474,-0.004428792346899746,0.013155177175235974,-0.006577588587617987,0.06249412874217852,0.6524116546861924,1,1
2025-01-08,XLF,0,0.0033105148725414146,0.003305047182104559,0.004787830799957256,0.00654906969955466,0.0016111857063134671,-0.001276962005888227,0.00992965537280064,0.0031030518288253646,-0.36858018088612354,0.06350734924399348,2,1
2025-01-10,XLF,1,-0.024128749091219315,-0.024424616323079018,0.012278419436883303,0.008897563218526654,-0.018949332624136894,-0.022010996479094547,0.020582076822771064,-0.016216191352199986,0.4586980396463676,0.40831992043447185,4,1
2025-01-13,XLF,1,0.007185130486820235,0.007159440421012686,0.012117522944530654,0.009359099590108028,-0.008075288555451143,-0.012023250381983708,0.013593869259926072,0.012319413632113462,-0.3223474318023968,-0.0826049953369381,0,1
2025-01-14,XLF,1,0.012379295324513873,0.012303298397637441,0.014148328708358658,0.010356934349992141,0.004998879125699185,0.001244991302792986,0.011494237295702427,0.00835948879068911,0.09306220627284545,-0.011091680824753203,1,1
2025-01-15,XLF,1,0.025492262079002126,0.025172752991350134,0.01823721465094383,0.012770844831454537,0.02570479112402224,0.024218539423559227,0.012175371422095644,0.004058457140698548,0.5545557805825687,0.44181765903691694,2,1
2025-01-16,XLF,1,0.006669387304844454,0.006647245335722918,0.01822829707391815,0.012821686514527858,0.026925633944308247,0.02790043900833017,0.007885147530681473,0.007076471801396336,-0.447006958508849,-0.21863231553485174,3,1
2025-01-17,XLF,1,0.008432060154742071,0.008396708919000684,0.007850296084670572,0.012758519996716516,0.02330606660658896,0.032264701441620636,0.011821281394343318,0.006411534678472075,0.29153365020809696,-0.008727524678528553,4,1
2025-01-21,XLF,0,0.008361477622387703,0.008326714116795308,0.007684616187363834,0.012774835789007582,0.01944285922693667,0.036507955589190066,0.006349200101906909,0.004960317310141993,-0.23860975760474767,-0.25882365784532957,1,1
2025-01-22,XLF,1,-0.0047382797385733255,-0.004749540972680322,0.010802481357194395,0.012890132994806985,0.005866464793531367,0.027454567001626407,0.008884516276066281,-0.004738433785518671,0.11900202900728929,-0.13784630178343882,2,1
2025-01-23,XLF,1,0.005752769128435586,0.005736285140948372,0.005504806018056844,0.012699961768579949,0.006751397258078606,0.02839758569327344,0.0061398566643982985,0.004159221182244832,-0.13908409086024975,-0.21091203026271832,3,1
2025-01-24,XLF,1,0.0029586191290860153,0.0029542510290854196,0.005455783662377118,0.01270525428057431,0.00557668323463778,0.026526221637773517,0.008311933381931154,0.006332865674940979,0.2196618906168093,-0.04385731890534783,4,1
2025-01-27,XLF,0,0.011012704090420877,0.010952505825280845,0.006051318902865986,0.007662943067893963,0.011928156983400662,0.029332245205096363,0.01615444684670846,0.01280538903412779,0.5786506074645614,0.4783923058069892,0,1
2025-01-28,XLF,0,-0.001750549594229267,-0.0017520835966631232,0.006196949098671267,0.008307797593426904,0.007499336917317523,0.020055313438309463,0.008568620054209561,-0.0005842021458285634,-0.35363829945841174,-0.05323043369482083,1,1
2025-01-29,XLF,1,-0.0007795042353063719,-0.000779808206707866,0.005188267769676863,0.00848181353819155,0.0032868608094731577,0.013158385008509521,0.01113723145999748,0.001953858411973886,0.0934404404630278,0.024875175278654016,2,1
2025-01-30,XLF,0,0.00955542845983226,0.009510064108236183,0.005848911826157594,0.005367206745150296,0.008650592102516397,0.01823260937131388,0.011787451407759662,0.0003864822756265097,0.473223088952174,0.499042370190357,3,1
2025-01-31,XLF,0,-0.005794863615282364,-0.005811718985365477,0.00741382317473569,0.006202027317953617,0.0003887371147239804,0.009037626876795768,0.010225787676445382,-0.006945795825456888,-0.37083446821425514,-0.07114386100682413,4,1
2025-02-03,XLF,0,-0.004080055404821481,-0.004088401540407016,0.0059912765660985546,0.006312974610026955,-0.0031116356975151582,0.002895598642904451,0.019507422235798953,0.010049228010506466,0.915095413143612,0.6509215076455364,0,2
2025-02-04,XLF,1,-0.002340946681082756,-0.002343690980440183,0.0060260793269975525,0.0060246667517934015,-0.004748508828651743,-0.0004104241986490065,0.007599364613553771,-0.003507410488038932,-0.4608014859938876,-0.12562861016199334,1,2
2025-02-05,XLF,1,0.010559206130147603,0.010503847070587824,0.007842707838304507,0.006345120246616397,0.004197106850084342,0.007643119712626323,0.010708707759432834,0.006230523579077277,-0.16731308707869874,-0.26813923432826325,2,2
2025-02-06,XLF,0,0.008320358123318883,0.008285934755028368,0.007542405874618196,0.006539912593680555,0.011216268103950044,0.013241493056463716,0.007118175256646274,0.002500982479032191,-0.011585621975568672,-0.28011529587628237,3,2
2025-02-07,XLF,0,-0.0055651700851609975,-0.005580713338254828,0.007488648477291091,0.0070477780656860965,0.004224577006258334,0.0057057866011047675,0.009200681600216204,-0.006708807483329253,0.18178828090662735,-0.1519367759335476,4,2
2025-02-10,XLF,1,-0.007911963621817453,-0.007943429286013881,0.008335181079331773,0.006871653363802368,-0.00429967709841983,-0.0022513209967344183,0.015218665340965668,-0.009632055508952707,-0.066005113124178,-0.16650273590369447,0,2
2025-02-11,XLF,0,0.0025287648896723525,0.002525572943727017,0.008187022650006563,0.006882297445677008,-0.003326053819107666,-0.00015515096138762896,0.012078685169842831,0.0040911567695601884,0.19095763616945538,-0.018722809383936112,1,2
2025-02-12,XLF,1,-0.0034923434938083364,-0.0034984559607198484,0.006593519803549192,0.00698875175415495,-0.005576080439069764,-0.0038015738637351415,0.008970415563965214,0.0015600981466283967,0.0068684694738381236,-0.0159616712146754,2,2
2025-02-13,XLF,1,0.006619716859935121,0.006597902750182794,0.005994757265977333,0.006602025280668082,0.002598527370476944,0.0029291604276342476,0.009514595698384405,0.0038835099599893812,-0.20013810362609985,-0.16237227064908422,3,2
2025-02-14,XLF,1,0.0019343620804874728,0.0019324936113007674,0.005673006776267188,0.006309224828226924,0.004615822295161998,0.00422631293747866,0.005215384496354227,0.0005794626044353501,-0.18689823546554785,-0.3014695114634932,4,2
2025-02-18,XLF,1,0.007142811575809871,0.00711742252498615,0.004294158361594814,0.006370795481762072,0.008817697755854725,0.00961816400939397,0.008673877287485594,0.005589766670384796,0.1326320487720758,-0.11724943432683443,1,2
2025-02-19,XLF,0,0.00038332743264435365,0.00038325398145433454,0.004450692404326218,0.006231750930580262,0.006673819313802953,0.007957011392907498,0.0067255662560271705,0.0028823541226511646,-0.05219304530582025,-0.14069038166517445,2,2
2025-02-20,XLF,0,-0.015328637285865976,-0.015447335395479822,0.009132130795100812,0.0075439719415486195,-0.008871783491868901,-0.006937388744185813,0.021301105303212428,-0.013816948997695809,0.4828700568530797,0.2331243590969274,3,2
2025-02-21,XLF,1,-0.012453643330487374,-0.012531839845872472,0.009718941377806841,0.007692755548454432,-0.017615103955905598,-0.01672052085739839,0.016533718666483933,-0.01283796633672491,0.10006605931744361,0.29727881528833144,4,2
2025-02-24,XLF,0,0.004334889602722658,0.004325521033506696,0.010115842342065464,0.007904910073999273,-0.010175944139023119,-0.010829080756727394,0.014316523204677765,-0.00039224273593460417,0.09430410176501591,0.3646759388574785,0,2
2025-02-25,XLF,0,-0.00019617610665023655,-0.00019619535169956848,0.008672215634320352,0.007593414372457262,-0.005697324307911145,-0.010158696031318581,0.02145501198166118,-0.006046447640397338,-0.11541644390098438,0.17268802369478786,1,2
2025-02-26,XLF,1,-0.002158513169379206,-0.0021608461166668924,0.008372571525893557,0.007505652165510858,-0.002628236184606947,-0.010969735792767055,0.011183042597077569,-0.0023543799040226083,-0.3766456292088214,-0.24441035815826706,2,2
2025-02-27,XLF,1,0.005506428498961435,0.005491323545748106,0.0071408800654036726,0.007751861116593498,0.0038875816669383667,-0.005078629406872648,0.01587296841014956,0.001959676488546788,0.4200924785203437,0.07585423775819611,3,2
2025-02-28,XLF,0,0.020535779594407666,0.02032776350018839,0.008922959930246017,0.010061403245070042,0.018782415747899073,0.014405379604599977,0.021210355429726876,0.015372658589415644,0.431705822175553,0.44513742737875717,4,2
2025-03-03,XLF,0,-0.008432332539283327,-0.00846808578602598,0.010969238270145329,0.010476507308522832,0.007163408176064978,0.005968919958630359,0.024273709196701455,-0.011085589062317951,0.19772699729764187,0.5652430926283318,0,3
2025-03-04,XLF,1,-0.035175855609373974,-0.03580942804184373,0.02053857407889627,0.01486760664859033,-0.024313975804149845,-0.025152308457153327,0.032018729999279065,-0.025380769636380862,0.30541746988505936,0.7995745541885471,1,3
2025-03-05,XLF,0,0.00580923688445667,0.0057924283330219595,0.021015393640446033,0.015153708914375287,-0.016184699069429542,-0.015683244841066535,0.017821373931164803,0.005406497100287661,-0.23938117057771913,0.26814164534823526,2,3
2025-03-06,XLF,0,-0.016530471625673893,-0.016668624475578042,0.021264788697312288,0.01526008256327806,-0.025766424906243257,-0.028124897541034533,0.018137801905580474,-0.0048367164235328846,-0.26579603158743115,-0.08186699858517588,3,3
2025-03-07,XLF,0,-0.005265285668791142,-0.005279196135249631,0.015271428803381818,0.014977831489758975,-0.01905175770054579,-0.030130665847690863,0.021951256388357886,-0.0016260534515062433,0.5745317487927581,0.36527904856189264,4,3
2025-03-10,XLF,0,-0.02239416874353517,-0.02264872571305343,0.01574367741820945,0.015851752880825548,-0.026555842837248433,-0.04629500007346676,0.023814485485112728,-0.005591229087694114,-0.10452036258148123,0.18274684181853074,0,3
2025-03-11,XLF,1,-0.00853814659993335,-0.008574805388167572,0.010826475302521697,0.01574143716874915,-0.02574284449095099,-0.04810463294673328,0.016684109260247076,-0.007090722568886311,-0.06710695538561062,0.06654393328433161,1,3
2025-03-12,XLF,0,0.0014702281054210786,0.001469148378247187,0.009381720416256173,0.01589789466217096,-0.014102056304429511,-0.04062462603858308,0.020157885027780622,-0.009143778812876015,-0.16817500363151994,-0.14943290248747731,2,3
2025-03-13,XLF,1,-0.005453016714061287,-0.005467938680915552,0.008819384816955687,0.015362183729412681,-0.011465548819136862,-0.03867990726518111,0.016736465785077877,-0.007949813267373653,-0.17650382783553897,-0.3050222843115554,3,3
2025-03-14,XLF,1,0.023197081113006,0.022932118574171767,0.016710310165834096,0.01591303350398143,0.014002156590350756,-0.009027355128347181,0.020472102864067122,0.013578473791148547,-0.0090144699647704,-0.2976140341921789,4,3
2025-03-17,XLF,0,0.011747631680305792,0.011679163955981675,0.013041694400587821,0.016973897980081146,0.0213465175160219,0.00807026932331012,0.02089803637419866,0.015725187104066327,-0.12042224092926923,-0.3523228258319888,0,3
2025-03-18,XLF,1,-0.0012222928024028246,-0.0012230404115105564,0.01153920760894638,0.013287904179006474,0.014106011907435434,0.008681617541520303,0.008955880965608327,-0.002035462785350103,-0.24916629370789867,-0.4602429469360386,1,3
2025-03-19,XLF,1,0.011013780506999193,0.010953570516160305,0.011401869020640833,0.013710681000142246,0.01732139409229383,0.021135492145304413,0.019771732440904657,0.010395399658730008,0.3538677393914569,-0.22948602015030095,2,3
2025-03-20,XLF,0,0.0014121736015140218,0.001411177422115717,0.009682052092498675,0.01261110740416088,0.009558727010800405,0.022030117278387884,0.015824685835036365,0.007100800722664162,0.04595321365433369,-0.1810397785982426,3,3
2025-03-21,XLF,1,-0.003626249876356513,-0.0036328406584789086,0.007093248110928075,0.012536886609604139,0.0020664735616069407,0.01761164711263863,0.012350690785378132,0.0014172847882012703,0.15232914562017008,0.004002445740538985,4,3
2025-03-24,XLF,1,0.017633658042387257,0.017479988963159165,0.008968940494391895,0.01055613378997997,0.014629675714299184,0.030652914184303715,0.012251468148925656,0.007230379669249894,-0.19153360258360375,-0.13099052083746532,0,3
2025-03-25,XLF,0,0.005583241500993097,0.0055677129810027814,0.00826972160434158,0.0094673995664108,0.013823412377370836,0.030072756740999074,0.00854354211871295,0.001986856159011553,-0.4236622472670315,-0.4454496852219053,1,3
2025-03-26,XLF,0,-0.002974448272643926,-0.0029788807355104474,0.008676192793918402,0.009810948781311142,0.007206074336380208,0.021225483546039037,0.016211934858427826,-0.005931258222565329,0.5972372425493593,-0.07080826807849894,2,3
2025-03-27,XLF,0,-0.0019888042991146326,-0.0019907845964364235,0.009017742312939668,0.009425759242672348,0.0023130731404075178,0.013161748955156982,0.013150027206035537,-0.00019920944026251562,-0.18700099674798387,-0.21197089495287413,3,3
2025-03-28,XLF,1,-0.019330501130663036,-0.019519778454961223,0.013494049778213963,0.010388230166546317,-0.016783268199261903,-0.008156597171935176,0.025584625435300965,-0.016390160200514464,0.4045102446454776,0.11817170125002918,4,3
2025-03-31,XLF,0,0.012192760477622189,0.012119027507515145,0.011809008587153018,0.010436315436770743,-0.0034411847749382662,0.002123596808495609,0.030377658151769824,0.022372744771703843,-0.16142478629087365,-0.04937574700330327,0,3
2025-04-01,XLF,1,-0.001204542124678909,-0.0012052681686358646,0.011193500732980297,0.01043573266222512,-0.001925860008219371,-0.0008874775780307598,0.015517945875425761,0.0026199329083761514,-0.002187039164298743,-0.0637258674307003,1,4
2025-04-02,XLF,0,0.008241081232847725,0.008207308942826064,0.012194053277093164,0.010199999736651127,0.006784100924734027,0.005792191076734454,0.021479258481575746,0.016413402195255923,0.10097710430436968,0.037208577400561715,2,4
2025-04-03,XLF,0,-0.049242415466861145,-0.050496154784458014,0.02514734079726221,0.019043992248862718,-0.03312791810188587,-0.04032875194011076,0.021784295334807347,-0.010580957015722805,1.4205675235271737,1.2098893052128261,3,4
2025-04-04,XLF,0,-0.07318089469443001,-0.07599687236624231,0.03830302799792112,0.029135005093842623,-0.08530274245229286,-0.10137027486574746,0.05035814434973529,-0.04059038298832141,0.26665223417022044,1.4062257694937443,4,4
2025-04-07,XLF,0,-0.0024887463932545817,-0.002491848470484115,0.03562615439134729,0.02763805235295583,-0.06545426109858288,-0.09242488350643507,0.08029884288407141,0.029178337897939752,0.4047120504654065,1.6890716630310538,0,4
2025-04-08,XLF,1,-0.003855768752625832,-0.003863221392234273,0.03522746035774778,0.027110294165593997,-0.04546641885660707,-0.08364458989821011,0.06506549327243144,-0.041048058939572446,-0.4510670403104118,0.3292977139741997,1,4
2025-04-09,XLF,0,0.07536434762277411,0.0726595321776844,0.05681267078614732,0.039113517453050285,0.039712955960010676,-0.008273133626065965,0.1049953917506028,0.09227561768936103,0.7938802196667754,1.012306156631924,2,4
2025-04-10,XLF,1,-0.027948340907623992,-0.028346328719582647,0.053924011483394874,0.03970789575466293,0.018637679999019552,-0.027268677264212005,0.044272461049586966,-0.0133247141231525,-0.47350105420301747,-0.009164555225542048,3,4
2025-04-11,XLF,1,0.01655406554144001,0.016418540612259225,0.03902515721577917,0.040203140746824975,0.024273511853606378,-0.005815620479167727,0.03508777066574668,0.02346490637343913,-0.3179529823764282,-0.33707205940910245,4,4
2025-04-14,XLF,1,0.010285094584989052,0.010232562888285557,0.03828957694687911,0.04011927037656581,0.021093271603535912,0.010133526917524227,0.01583949364665574,-0.004223800521376888,-0.18285900131034416,-0.46606165378196196,0,4
2025-04-15,XLF,0,0.0025450765433063793,0.0025418433207051727,0.0376415224402631,0.04017354947596846,0.009050982347874825,0.018113746018301624,0.014129101845502662,-0.0031631741242848046,-0.19552038208845024,-0.572162137482669,1,4
2025-04-16,XLF,1,-0.015654782371835152,-0.01577861253373003,0.01852055813479983,0.04005039292314893,-0.003768241768990599,0.010072529707830125,0.024591899352156495,-0.013567933315498524,0.14565452759434128,-0.5129049306812998,2,4
2025-04-17,XLF,0,0.002578989085229244,0.002575669199619046,0.012091608679977734,0.03719386575136353,-0.004353938924151146,0.014968913113720506,0.01677416729670699,0.0032258392662130376,0.2906540827757993,-0.34518223128901193,3,4
2025-04-21,XLF,1,-0.02143626406931798,-0.021669357904811726,0.013504411873686653,0.02877169751290737,-0.02143626406931798,-0.009911735489745443,0.030381380134624866,-0.016375744969445022,-0.3036258659761487,-0.4988904179075,0,4
2025-04-22,XLF,1,0.03307777449296956,0.03254247722878789,0.02128148620608859,0.03010364411630964,0.010889116879683192,0.016072734013070855,0.02330595625380266,0.01769528899706802,-0.11437411651652762,-0.46852185618687403,1,4
2025-04-23,XLF,1,0.011874451218961246,0.011804503108872932,0.02193501280578419,0.029874704925417384,0.020923343041679088,0.019788837697418904,0.024354665833637594,-0.0066611092574061425,0.3180753142461761,-0.24870149737132397,2,4
2025-04-24,XLF,0,0.011106495039725495,0.011045270830837062,0.01967149636999237,0.018809927728656698,0.024720741204651064,0.028872413059815916,0.020609875035970872,0.014721362232827785,-0.4667444806118005,-0.4832390231720509,3,4
2025-04-25,XLF,1,-0.00476682031023834,-0.004778217832558163,0.02038663887028526,0.015866249376083344,0.013935844881023174,0.019381437480144426,0.011039341758509551,0.00020833444241098094,0.04829237188594182,-0.380438217703692,4,4
2025-04-28,XLF,1,0.0031235666578417476,0.003118698458304703,0.014131229792879315,0.015301865900707198,0.006393032149161648,0.019319787122875187,0.015346284633684646,-0.001036977405474304,0.20665884110553834,-0.1999935853837308,0,4
2025-04-29,XLF,1,0.010380004001464105,0.010326501677659028,0.007130534618896347,0.015306726796650204,0.010463828443126655,0.02659832759256875,0.016604384225680592,0.010170150698751506,0.25211657056610903,0.02474077076367065,1,4
2025-04-30,XLF,0,0.00184909453025206,0.001847387059487282,0.006574298213936314,0.015312035468404601,0.007979428116962062,0.02527432269644514,0.029698863133103062,0.012668676559157436,-0.20518748543271026,-0.16933018189656068,2,4
2025-05-01,XLF,1,-0.00020496099346023477,-0.00020498200083496343,0.0055256750073361715,0.013912175598096054,0.005693831340961353,0.020301428297684332,0.012968321209747407,0.0034993446384895244,0.019558707223658933,-0.12395327404654122,3,5
2025-05-02,XLF,0,0.020717779108619938,0.020506084820357984,0.008557483625231335,0.014753508462996757,0.019212573205890537,0.0347049304914846,0.012325657202790271,0.005455579590006002,0.017777351671402153,-0.04301973506648471,4,5
2025-05-05,XLF,0,-0.006430758782673185,-0.006451525188974738,0.010527716594121371,0.012115568993558822,0.007417087587060722,0.020012385462067517,0.014795365923713014,0.0020267222094009015,-0.31092055571889776,-0.304579767393356,0,5
2025-05-06,XLF,1,-0.005663499959140728,-0.00567959838610177,0.011011726451328096,0.009033401025340688,-0.0002847343759750931,0.010067748269881216,0.012040819440569197,0.0032653030084103954,0.19922203488829693,-0.14331777447457406,1,5
2025-05-07,XLF,1,0.005899287559459454,0.005881954896108876,0.011141136791879294,0.008659122477768302,0.0027986220679399043,0.012427690729575724,0.009326903933825367,0.0026358691995060383,0.03872313819773332,-0.05350734638903398,2,5
2025-05-08,XLF,0,0.00829107750559066,0.008256895330562841,0.01120385143282226,0.00843073370740173,0.0065813413451101255,0.017467957359879493,0.012841079207244067,0.00040129329258505974,0.04070821181173323,-0.028663161756626643,3,5
2025-05-09,XLF,1,0.0,0.0,0.006635034247789422,0.008048836382660086,0.006175065402334923,0.013661871332522058,0.006405118108252192,-0.0020015707756922845,-0.29459772098344106,-0.30173031701918085,4,5
2025-05-12,XLF,1,0.020256632070190905,0.02005419571900502,0.00975002554599038,0.009569595983006223,0.0206660487450121,0.02854939439169102,0.012717697478314218,-0.0046957870397322625,1.00562174405436,0.3560633881783173,0,5
2025-05-13,XLF,0,0.004128316121418951,0.00411981800499861,0.007637190880298628,0.009419079771806397,0.017043686156477778,0.02778734463691812,0.008039212694355086,0.0015686633540134803,-0.23237061848800988,0.06874293044009017,1,5
2025-05-14,XLF,1,-0.0027408701866610263,-0.002744633248967343,0.009005633866103665,0.00969132208676015,0.008273619429300716,0.02049400727120343,0.007434890410488589,-0.0033261980358526306,0.1405898293714194,0.20011145338307457,2,5
2025-05-15,XLF,1,0.006674552271407785,0.0066523760701810986,0.008930946059678344,0.009569526630454763,0.009329631581451281,0.02212480125679872,0.010418690592200455,0.008059757342654983,-0.10374778790739914,0.07453035979331157,3,5
2025-05-16,XLF,1,0.006045253932920103,0.0060270546945435655,0.008363700463208605,0.007888258564338464,0.00856274507157928,0.024566584579369444,0.00994730479773139,0.006241460736631651,0.5370511621213212,0.562821008837675,4,5
2025-05-19,XLF,0,0.0005814534955836947,0.0005812845169992364,0.003963476379356396,0.007172128829235457,0.006198551035765831,0.020743085878683676,0.010327334030563663,0.0058456593695343055,-0.506593509484841,-0.23384588811958662,0,5
2025-05-20,XLF,0,-0.0054241708671979305,-0.005438935095329889,0.005317205137227594,0.007135316896268784,-0.0002725718345887307,0.010848851009653826,0.00797975552527853,-0.000778530842658293,0.021048716430599246,-0.21303720310093122,1,5
2025-05-21,XLF,0,-0.020451931969141857,-0.02066396875277343,0.011152473337679113,0.010554758853018417,-0.0182336443282054,-0.01145989872254527,0.01803210820640667,-0.014308105364300222,0.48764078355573726,0.13760106648323456,2,5
2025-05-22,XLF,0,-0.0011930452601580654,-0.0011937575052045624,0.01003034165729,0.010323879595359887,-0.015368306089732386,-0.013356863985290901,0.010960526777912705,0.0009963977033971786,-0.15889260906501423,-0.04955430741113742,3,5
2025-05-23,XLF,1,-0.0035835651865846474,-0.0035900015376308936,0.008388241806724558,0.010416040633848989,-0.012937343984630312,-0.017259330783920168,0.014519080832580945,0.009276045232047673,-0.000510949772449143,-0.08009220513372939,4,5
2025-05-27,XLF,0,0.017582523043297993,0.017429738773940606,0.013573389308620766,0.00987049362352964,0.007158736054399428,-9.808920882736771e-05,0.013877890206142647,0.009714545832825047,0.14833440330979375,0.07289954236459772,1,5
2025-05-28,XLF,1,-0.006675938063418929,-0.006698321815246988,0.013649509060261562,0.009978806062373254,0.003411441708090601,-0.0058169519445854245,0.010021657346182019,-0.00589505287204955,-0.17874853764843512,-0.11332516058829234,2,5
2025-05-29,XLF,1,0.005139358615762868,0.005126197187212966,0.009604582175857967,0.010128930598123238,0.006332839671832957,-0.0005307180257198008,0.009850276133438956,0.0017730527100847267,0.07463552073419022,-0.034560122404267646,3,5
2025-05-30,XLF,1,0.0021632000643543314,0.002160863715814809,0.009418945501018981,0.009889802543263776,0.005604189288995309,0.0022617289070971935,0.011641676184592206,0.00552483775869827,0.11304929263543162,0.06490161363183611,4,5
2025-06-02,XLF,1,0.0003924532225860755,0.0003923762329622882,0.008884760060210467,0.009626992984918249,0.0023199581977986217,0.0038594315138889,0.014028829794707333,0.007310786947690484,-0.20580346321258813,-0.09521246626441615,0,6
2025-06-03,XLF,0,0.0019616482830049353,0.001959726763498537,0.00441264470500725,0.009664347429998818,0.0036941568410344683,0.00689930564071517,0.01416767463649658,0.00511613809114109,0.11820929391585921,-0.010118376161125764,1,6
2025-06-04,XLF,0,-0.005677468064763547,-0.005693646149341536,0.004005039783113948,0.009677528222712235,-0.00278806375775853,0.0022693087311078664,0.008406652831832786,-0.00703813488977949,-0.27013178897150014,-0.2725980849020452,2,6
2025-06-05,XLF,1,-0.002756367708192431,-0.002760173484685602,0.003370640761526612,0.006972150380759015,-0.004755127843839468,-0.001202871133844985,0.00846457306365626,-0.002952710894377564,0.7078677262657262,0.23503038897178397,3,6
2025-06-06,XLF,0,0.012438282368488762,0.012361562455240893,0.00690032483972139,0.007832684002144047,0.006358438723362392,0.009130989928157973,0.007621641657300766,0.0021497090929802113,-0.16736166647625572,0.024358933814960126,4,6
2025-06-09,XLF,1,-0.005460134326722321,-0.005475095344451564,0.007552350734762979,0.008004533834820467,0.0007849976125953173,0.0017482307714531409,0.013050291812451532,-0.006622519508713953,-0.19039928193283562,-0.15754596343627947,0,6
2025-06-10,XLF,0,0.0011763601436300952,0.0011756687741826255,0.0075120463277420155,0.00581828426124767,0.0020409472646836235,0.00267062925779582,0.003922352546693756,0.0013728121694449717,-0.02095536701021461,-0.14754122551824145,1,6
2025-06-11,XLF,0,-0.0011749779464044208,-0.0011756687741826255,0.006915903305003264,0.00532797857134079,3.926924567121404e-05,0.0006868283356462612,0.010369766639946619,-0.002152232616668831,0.41977597137973066,0.1825321755241036,2,6
2025-06-12,XLF,0,0.0,0.0,0.0066623112174898315,0.005108412034632888,-0.0013315189363212188,0.0003923828177372357,0.010059138340408079,0.0059171446261562875,-0.35224951991952935,-0.21370837195276493,3,6
2025-06-13,XLF,1,-0.020392318538396847,-0.020603112508160493,0.008870858860111361,0.008225788941313377,-0.016612973701736755,-0.018081848923355515,0.012909587505066692,-0.007745767655760496,1.1537239862122513,0.6092570687511665,4,6
2025-06-16,XLF,0,0.011409221131144953,0.01134462681730497,0.011539574698944276,0.009248427749561496,-0.003549598861657066,-0.005999806864650292,0.011327497978559158,0.0041732727692018684,-0.35121690983014064,0.027529475680941218,0,6
2025-06-17,XLF,0,-0.005739188655991434,-0.005755721084703236,0.011508597234197506,0.009308935940654675,-0.0060539213334624975,-0.010068789416574186,0.007758094014264251,-0.0005967531136602964,-0.12633726608367668,-0.09557072039237346,1,6
2025-06-18,XLF,1,-0.0003980004371682,-0.0003980796603633152,0.011547608629029498,0.009202202854243722,-0.0033736250110407706,-0.009350166985824693,0.012345657443536101,0.0,0.4689101112406724,0.25169435667001716,2,6
2025-06-20,XLF,1,0.002787652260878515,0.0027837739642042614,0.011794764777627108,0.009257474081684397,0.001949780088105424,-0.006019961355864134,0.0071471236447392126,-0.00019849755301213788,-0.02781872017704612,0.20879479438489223,4,6
2025-06-23,XLF,1,0.01259259612513497,0.012513968780086149,0.007815180141117293,0.009281599936876847,0.010408990308337529,0.0070649843664480905,0.01992031842235066,0.01235057614466183,-0.03224304426164237,0.1447931412514769,0,6
2025-06-24,XLF,0,0.014954808862117863,0.014844088214005957,0.008746143672053256,0.010267076445752449,0.02055802447160704,0.020600151097146968,0.009547967291126369,0.00506629263009701,-0.0417849181943486,0.06054591681461141,1,6
2025-06-25,XLF,1,-0.0032958370158937544,-0.0033012802500103078,0.008047683175148966,0.010380560462211322,0.011822738546437117,0.016182025617769824,0.00581506563623257,-0.0034890541702538055,-0.1965093996361431,-0.1595269546436504,2,6
2025-06-26,XLF,1,0.007391552862863859,0.007364369206769084,0.007389058779293119,0.01052675200237808,0.01236181934272862,0.021745919592728535,0.008164891035290623,0.006804088222440758,0.14316248992419367,-0.03552603896305673,3,6
2025-06-27,XLF,1,0.002896286468194287,0.0028921003114663613,0.007374139349416938,0.010507544681205181,0.00838704177755023,0.022457696716505327,0.010241522305253624,0.0036714710475166065,0.028735541118681596,-0.04068354262044371,4,6
2025-06-30,XLF,1,0.008278769817674947,0.008244688773044295,0.006770399898928965,0.006966796092101664,0.010652643627347747,0.025711694623860692,0.005749314589996077,0.003641215515480521,0.0903319547878143,0.07905500848551372,0,6
2025-07-01,XLF,0,0.005537502310916764,0.005522226711493605,0.004650031589618713,0.006613288190532233,0.012030560710485583,0.026761090806086907,0.010719780920716295,0.008039780923637196,-0.2031436515990196,-0.1362253090925425,1,7
2025-07-02,XLF,1,-0.0007595391772228233,-0.0007598277732463465,0.0036677165689176145,0.00590626960433859,0.006580476466526708,0.020902160425696703,0.007962050596119668,-0.002464475224933353,0.2052398005011109,0.016006085410954496,2,7
2025-07-03,XLF,0,0.010832375637388925,0.010774125735413254,0.004528140371143841,0.005833372952181054,0.012063337276757347,0.025709270747310775,0.010805681418468601,0.008341206193535249,-0.3649399011058785,-0.3212622497323544,3,7
2025-07-07,XLF,0,-0.00958822753691102,-0.00963449054824883,0.00818764756777624,0.007649413992329513,-0.00045532837772221946,0.011016052556261702,0.015622093249924557,-0.008469805268073125,0.31438961119174835,-0.0828658415538891,0,7
2025-07-08,XLF,1,-0.008921800909664657,-0.008961838491522656,0.008922334227699027,0.00824293507022694,-0.008771239090809235,-0.0006698924942284412,0.007990832533705746,-0.006659099689373622,0.5775793709066346,0.4063484267172426,1,7
2025-07-09,XLF,1,0.0036391469824093026,0.0036325413081916835,0.008632627700619292,0.007072235060619096,-0.004180912217863653,0.001395096399638529,0.006859767787570789,-0.0015243524591313845,-0.31797635669738433,-0.029170028871902343,2,7
2025-07-10,XLF,0,0.005916022436137425,0.005898591489533089,0.009170751049144516,0.0069626202480598575,0.0013678298390638055,0.004823012757380507,0.009181322751415408,0.008224948646059712,-0.23590346909640802,-0.24796601627186987,3,7
2025-07-11,XLF,1,-0.010434506979176028,-0.010489328135076637,0.007960288689204845,0.007808057525390395,-0.005187723034275948,-0.0063626670350300785,0.0063024830502423895,-0.003819724228572927,0.08206811800261504,-0.16934115564799146,4,7
2025-07-14,XLF,0,0.0074769578389604074,0.007449143945859493,0.008537340262031278,0.008078326788885284,0.0027477115209044722,-9.520369709137277e-05,0.010738281052841785,0.0076701380532682405,-0.08760015714809222,-0.21783084723552815,0,7
2025-07-15,XLF,1,-0.017126469889707896,-0.017274824171723324,0.011001945086026772,0.009477598049667739,-0.012314971471665825,-0.01587179719933096,0.015284662490032337,-0.013183007732086683,0.7261447723119787,0.330437702474766,1,7
2025-07-16,XLF,1,0.006969973692656284,0.006945795707618441,0.011525161097695082,0.009603138299372963,-0.003945142829834936,-0.007783596724652231,0.014057376043642546,0.001540497128582697,-0.020503263836191943,0.2579658517319796,2,7
2025-07-17,XLF,1,0.009613525454900351,0.009567609560261037,0.01221320476335041,0.010197780309885881,0.006401416512115343,0.0019653675123660896,0.015230328072061376,0.012338527141457611,0.031832043915123176,0.2725787920163161,3,7
2025-07-18,XLF,0,0.0005713735387591345,0.0005712103670507673,0.010946251121089394,0.009457971773439896,0.005511796806100033,0.0037828445945831124,0.004184123488812592,-0.000760762916210446,-0.38210142718178786,-0.22165974925944643,4,7
2025-07-21,XLF,1,-0.0028550158625054722,-0.0028590991941293,0.010502333203180336,0.009023216780902333,0.00325544377737641,0.0014718979770980134,0.010842680200364127,-0.0034240119121306213,0.2376566312983992,-0.04373346307841297,0,7
2025-07-22,XLF,1,0.005535461979298217,0.005520197613937405,0.0050356566891606135,0.00867820263148782,0.004844958129385901,0.0061115775237750025,0.005333310081845238,0.0034285772414434524,-0.12427789560472347,-0.1133039151098707,1,7
2025-07-23,XLF,0,0.007972609228491079,0.007940995895540315,0.0052023365903232695,0.00893293642954072,0.008661935135104937,0.012778933901891332,0.0102272179665308,0.005681803814307182,-0.0055065021942388714,-0.10709454320878486,2,7
2025-07-24,XLF,1,-0.0005650249415763975,-0.0005651846283232231,0.004479846404545993,0.008800100516293952,0.005951865510424037,0.011512163252735963,0.008094885425866937,-0.0009412507166022422,0.008115523195884267,-0.11067772434770373,3,7
2025-07-25,XLF,0,0.00697202294576571,0.006947830774281627,0.004823749213349107,0.008038000688415084,0.009520966687271093,0.016085523989942674,0.009416196127457158,0.006403016240265877,-0.10525177700413013,-0.20137299644977458,4,7
2025-07-28,XLF,0,-0.006923750399112305,-0.006947830774281627,0.006271276605784934,0.008323543241243608,-3.773669501827559e-05,0.00805373262372644,0.00899212312910649,-0.005807444119295543,0.0053375315470209905,-0.20037949934644828,0,7
2025-07-29,XLF,0,-0.005087590189049251,-0.005100576039195115,0.006804245204137529,0.0059360682411054395,-0.005574814204971412,0.0007391568230039613,0.011643172429760857,-0.00845071855285358,0.30096533913933365,0.06911220948313868,1,7
2025-07-30,XLF,0,-0.0018939227773167033,-0.001895718516745859,0.005364056241842061,0.005808458928805828,-0.0059604532173174185,-0.0024607306536528206,0.011178479845272753,-0.00151568810548744,-0.016447924145795545,0.08039058653511022,2,7
2025-07-31,XLF,0,-0.006261863140887947,-0.006281550836687799,0.0057097880732093174,0.005452691154309095,-0.00956955956739347,-0.008444421282722048,0.013719535575141578,-0.0020960482338234993,0.23937938974935657,0.3469598359826125,3,7
2025-08-01,XLF,1,-0.018521980320865827,-0.018695660137745485,0.006330760708463688,0.007917527928766916,-0.020355194113420016,-0.024704882701026887,0.013727746862241933,-0.006187155593030522,0.3655612675781843,0.6766530749416662,4,8
2025-08-04,XLF,0,0.009922136117368474,0.009873234928253094,0.010182935883657056,0.008777679302913835,-0.00624089308099629,-0.014129961847448969,0.008139499638860528,0.006007778729809272,-0.364849478598432,0.055993929757187644,0,8
2025-08-05,XLF,1,-0.004045397874675061,-0.0040536026318043206,0.010175203983741408,0.008518031443491288,-0.006074997226581003,-0.01628730846478299,0.014024967395514487,-0.0067242743372009205,-0.1623369976356387,-0.11836613281451192,1,8
2025-08-06,XLF,0,0.004835546974957028,0.004823893270606838,0.010964368180170473,0.008166889070143289,0.0016195616394236723,-0.00936286918287521,0.0071414576737592345,0.002702169193931149,0.01930493874996264,-0.10624860509374034,2,8
2025-08-07,XLF,1,-0.011164690668158173,-0.011227483640541713,0.011553193858031684,0.00861298685407399,-0.005729202048692428,-0.017237165483549144,0.01973934023137038,-0.015523215188840672,0.2608490966030872,0.09609885566398924,3,8
2025-08-08,XLF,0,0.00934402875599094,0.009300643372737394,0.009142559020183395,0.008950805391060097,0.0018161866042378794,-0.005027649281999169,0.009096211290086807,0.0034836522460719764,-0.08430080195921097,-0.02244414217643853,4,8
2025-08-11,XLF,1,-0.0003855906580295665,-0.00038566501722270274,0.007928690938104792,0.008869122486053196,0.0017395556526493827,-0.0030390603380746617,0.005966080909466132,-0.002501871741888005,-0.2566380646533821,-0.2737391600413024,0,8
2025-08-12,XLF,1,0.012154999160966629,0.012081720363542381,0.009213052197380039,0.00988990472191724,0.010945794364268124,0.009739362812769992,0.009798238789791856,0.00787703849033262,0.2779715991169016,-0.07100139907040703,1,8
2025-08-13,XLF,1,0.005718592445647541,0.005702303366766248,0.009266378377366567,0.010070709742380909,0.013562790453184759,0.015396389901330965,0.007975658377559845,0.0018989455831912238,0.09717142095441211,0.009532631004685488,2,8
2025-08-14,XLF,0,0.0047384699134489505,0.004727278703770654,0.004770211358136606,0.009890530615992443,0.01198882512399746,0.018952754485358048,0.009865309557875783,0.005691505260316364,-0.1291073480922077,-0.09792990624803377,3,8
2025-08-15,XLF,1,-0.010375382569156266,-0.010429582070536902,0.008405459329358067,0.008285384529407249,-0.0008380416500376464,0.006330316673121894,0.013928132196309933,-0.01261061491008824,0.2864556449925366,0.212192673133482,4,8
2025-08-18,XLF,1,0.0007624348405568249,0.0007621443347654022,0.008326672200719445,0.0078143051769754,-0.0026217070141900667,0.0059590547269010585,0.005153664075381157,0.002099649009984473,-0.44901482373098234,-0.3053490781453919,0,8
2025-08-19,XLF,1,0.001904745237750971,0.0019029335107614287,0.006432380494968462,0.007597576842676959,-0.001253210485105405,0.006140075823089175,0.008007591283813254,0.0028598228598621343,-0.02103121026880428,-0.3034257634552556,1,8
2025-08-20,XLF,0,0.005133123087289304,0.005119993522256561,0.006319096510052779,0.007611560347584255,0.003454304803299113,0.00952816695897174,0.009498480353294307,0.004369292266396894,0.5736848030622257,0.08122831744775882,2,8
2025-08-21,XLF,1,-0.003215420466406438,-0.003220601038921078,0.0059548263706721795,0.006432935413416934,0.0014061689955837675,0.0037330499216305935,0.008535674364945537,-0.0003793713448515191,-0.25810193465308084,-0.16536888815304995,3,8
2025-08-22,XLF,0,0.016508554939784092,0.016373770125403198,0.007490711024760606,0.00756888436604741,0.013661857610585804,0.016971690861424804,0.013781376730476845,0.01132713725304931,0.6272273306471055,0.3284819871138107,4,8
2025-08-25,XLF,1,-0.005786885322689228,-0.005803694222377143,0.008718229366305485,0.008038813321251748,0.004905631924108533,0.008349235933367005,0.006358708524888634,-0.003927490076222601,-0.4760506922780625,-0.2948330674341426,0,8
2025-08-26,XLF,1,0.007698133546178099,0.007668654110560613,0.0089337385949773,0.007569565252283936,0.008569182433281197,0.013789212900774173,0.011111114303994455,0.01073445783811114,0.12725950760406368,-0.18273909354821616,1,8
2025-08-27,XLF,1,0.0020495153529875854,0.0020474179616645216,0.008948208345914557,0.007474237196325248,0.007191518641088246,0.01391347362448836,0.008031383971289309,0.0044825898331265915,0.4164940695882753,0.1631799310921358,2,8
2025-08-28,XLF,1,0.0013016020838840792,0.0013007557342192833,0.008312366877790545,0.007410089148484428,0.004177058947143708,0.01362795665188088,0.0038968099248669562,-0.000742269734280743,-0.27049767139470937,-0.13360106885902545,3,8
2025-08-29,XLF,0,0.002599891923868336,0.0025965180513978225,0.004822872643749023,0.0061009090519480265,0.005213236814261002,0.013344899021652257,0.0063079803889179295,0.0016697615962901044,0.25054703456981064,0.117192718098309,4,8
2025-09-02,XLF,0,-0.007408785535332418,-0.007436366900943625,0.005454747252646491,0.0069116842028695575,-0.0034587587735457337,0.0037836623338836084,0.010800778823358422,-0.002048428469063978,0.07405774435423051,0.15234967696330037,1,9
2025-09-03,XLF,1,-0.0016794318083260817,-0.001680843634857876,0.0041351027406959845,0.007013869264081077,-0.004502979215527114,0.00041140360671709786,0.008784998243100176,0.0,-0.059716366621829886,0.04754163477598583,2,9
2025-09-04,XLF,0,0.010467313025506852,0.010412910010798804,0.006522114626175573,0.00748902647956354,0.0048700926637501585,0.008638581082278662,0.00949901563187524,0.006891465003650926,-0.10132042471053071,-0.040916500543715095,3,9
2025-09-05,XLF,1,-0.018313066729049643,-0.018482826679924624,0.01082023477629918,0.009860407898955837,-0.010663344930814556,-0.010515757708220108,0.025503623222122677,-0.019220123892003532,0.7835960892147877,0.575190621564724,4,9
2025-09-08,XLF,1,0.0007538167473888358,0.0007535327702465899,0.010616642717444044,0.008176501353342466,-0.0066584044975858125,-0.008919856435418039,0.006215822478978388,0.0003767274007569756,-0.1522206481651195,0.3273871546985405,0,9
2025-09-09,XLF,0,0.004330654404183898,0.0043213041059533275,0.010760255162478223,0.00812101501826332,-0.0014227503288898324,-0.004776416542359607,0.0118912999916693,0.006795028566668171,-0.2143101054941413,0.004838845137574266,1,9
2025-09-10,XLF,1,-0.003374606182561024,-0.003380313008481739,0.010817971194135221,0.007727364868928854,-0.0035240200727271187,-0.007190186591985337,0.008839594449669096,-0.00018804442124361,-0.1534956087901349,-0.1602688290821962,2,9
2025-09-11,XLF,0,0.016365631114436674,0.016233157561612366,0.012588703080327703,0.009469827565689252,0.012897868634021759,0.008586863271646816,0.01673245746619611,0.01579244546485268,0.11300010025549967,-0.05842579558746164,3,9
2025-09-12,XLF,0,-0.004256914127367617,-0.004266000582318963,0.008343790091300115,0.00958031829320968,0.005833026888027781,0.004387140078802254,0.00667162002334346,-0.0029651565998293425,-0.29833166827713087,-0.33396691274870427,4,9
2025-09-15,XLF,0,-0.0022304780965400894,-0.0022329693179088395,0.008625491452822985,0.00955351492064195,0.0014551337388812868,0.0027271974568232604,0.008721492410953822,-0.0038968099248669562,0.24181608113312514,-0.16394043291657812,0,9
2025-09-16,XLF,1,-0.0022353923360216577,-0.0022378945551260188,0.008713087897087947,0.009275945933847117,-0.0016030560608356614,0.0005417763414541366,0.007461251755785375,-0.0009326475749170672,-0.10774700833281126,-0.23344357894447876,1,9
2025-09-17,XLF,1,0.009708738563841468,0.009661911604772477,0.009082556280775903,0.00973682277748506,0.004644295642005858,0.009162359785644059,0.012670026614035641,0.0076393455579920715,0.6844062143421399,0.25224635708418486,2,9
2025-09-18,XLF,1,0.0009245480425557062,0.0009241209112627047,0.00553348261253643,0.00917024731219037,0.005199654511968799,0.009963453290216862,0.009425213745712608,0.00036962590164609367,-0.23693047163066605,-0.0540269571477372,3,9
2025-09-19,XLF,0,0.002216808649918356,0.0022143551549067553,0.0048974891636022165,0.006475339171942824,0.005747075845664806,0.009978721661201728,0.009030624652126807,-0.00018426689720768511,0.2764968272915751,0.24499638607532037,4,9
2025-09-22,XLF,0,-0.0013315265597636516,-0.0013324138289556586,0.004731889246947879,0.0065608274295987975,0.002557554440184351,0.006632861221653963,0.00782126587849955,0.005586577891961382,-0.3068258173305315,-0.09581366163506633,0,9
2025-09-23,XLF,0,-0.004444458378529026,-0.004454364345670925,0.005280771725654459,0.006798734306217333,-0.0032888432943698476,0.0010485823475316902,0.01594069690805887,-0.0035218246287175357,-0.11404007038557717,-0.1754852900363203,1,9
2025-09-24,XLF,0,-0.002790160518684748,-0.0027940602721927554,0.002701598231755881,0.006758058293805754,-0.004990426164749429,-0.0029038435403919705,0.008545403470658651,-0.004086962905808516,-0.16744544215980406,-0.29527910084628206,2,9
2025-09-25,XLF,1,-0.0026114313586504956,-0.0026148470934548307,0.0024992954049708276,0.0042069001649513976,-0.005808562788857663,-0.004799284494087952,0.008789926973554667,0.0,0.03616479864732525,-0.2432828457883338,3,9
2025-09-26,XLF,1,0.007293805306295642,0.007267334147425419,0.004645255707106053,0.004682183443305314,0.0022329877203288717,0.002018396965528968,0.008564496226283498,0.0027928044765554855,0.23946682823386856,-0.07613728737016412,4,9
2025-09-29,XLF,0,0.0050130211961096904,0.005000497841145091,0.005279125712443457,0.004780682085971704,0.006770107205231746,0.005869831868709152,0.007586969660733368,0.0016654358079781384,-0.3249777586594582,-0.35459326270370517,0,9
2025-09-30,XLF,0,-0.004803272193195984,-0.004814844978105803,0.005364753521101541,0.0050457985482174035,0.001524504175965724,0.0001356273989461254,0.01516839601721906,-0.0035146584642915483,0.5662118973824213,-0.0014758319059776648,1,9
2025-10-01,XLF,0,-0.008910367417839793,-0.008950302140622313,0.006789447044178093,0.004873724714927949,-0.0065868076473212245,-0.00783179500180653,0.007274750703381497,-0.004103734717373701,0.023669788115479262,0.07082549401793736,2,10
2025-10-02,XLF,1,-0.000749146265132894,-0.0007494270154202454,0.006716167742915545,0.004830965959983059,-0.006887539393160114,-0.007463977690581491,0.00787841227022997,0.00075027386606141,-0.023086350236825592,0.06034647863939524,3,10
2025-10-03,XLF,0,0.006935321014900353,0.006911382294187085,0.0066142245409553015,0.005390248121734699,0.0005215029380438718,7.44886234942399e-05,0.011044555836972602,0.005615931524539316,-0.010227041555447292,0.10216577998970311,4,10
2025-10-06,XLF,1,-0.0003723079389188477,-0.0003723772627268751,0.00589031620822631,0.005385103640162856,0.0017535398964887428,0.0002607877803475489,0.014277775883672177,-0.004264779175501962,-0.0034348958008943997,0.0998586395370058,0,10
2025-10-07,XLF,0,0.0013035631131119718,0.001302714212367384,0.005684397730785439,0.00522694786827386,0.0034337552915308933,0.0015460276838410447,0.009836651239610207,-0.002041585155362181,-0.02346154687465818,0.06471706746518602,1,10
2025-10-08,XLF,0,-0.004835430907429217,-0.004847159427030956,0.004267249578351285,0.005387159087580122,-0.0018653305899704042,-0.0031111972003297073,0.011310969903573678,-0.0077879099066548605,-0.14085534631445895,-0.094372627883475,2,10
2025-10-09,XLF,0,-0.0035507341887165422,-0.0035570530074209294,0.0046333486374311,0.005442294101839758,-0.005298112900706919,-0.00637321785765832,0.011560744624908144,-0.005780372312454072,0.2634652701993021,0.10991685701113862,3,10
2025-10-10,XLF,1,-0.02175542191531965,-0.02199556037088435,0.009226005105617819,0.008074208530032425,-0.02124144947923967,-0.024900899706206348,0.028432481926569147,-0.024317232684692075,1.169545786854704,1.1115555680521214,4,10
2025-10-13,XLF,1,0.00958592518142165,0.009540271722514149,0.011497261254592234,0.008694946782336373,-0.007987304972620124,-0.012840890852175324,0.009134149366415434,0.0020932561740930585,-0.4612235414328457,0.07902697928013702,0,10
2025-10-14,XLF,0,0.01101404325404376,0.010953830400857623,0.013269119238186041,0.009658225150542023,0.004945470890277193,-0.0007882232167905068,0.026692116406376313,0.015061981011171862,0.5784539958993138,0.5740642937764446,1,10
2025-10-15,XLF,0,0.0,0.0,0.013178349345649154,0.009264008713979647,0.005970838299822923,-0.0005068539998125399,0.01684442646530282,-0.0035560289280136717,-0.3684706664302022,-0.021476635342808525,2,10
2025-10-16,XLF,1,-0.02779874439285579,-0.028192442860461853,0.017969408504652073,0.012729331592451104,-0.01619409949580497,-0.025382304867636596,0.029760746125754235,-0.02505183324980375,1.1610788684076039,0.8694842400605798,3,10
2025-10-17,XLF,1,0.00811445532265953,0.00808171015029302,0.016214545874372564,0.012836061734130263,-0.008286450188236039,-0.014616448242880775,0.012138748547070791,0.00539496668718322,-0.3878618732593383,0.09598438718637547,4,10
2025-10-20,XLF,0,0.011690304847100874,0.011622501152358744,0.016543599970326735,0.013634579268303264,0.0028114531951508592,-0.0013809180507290408,0.01165012611231646,0.008212381592118819,-0.2449716861513629,-0.1852713395859783,0,10
2025-10-21,XLF,0,-0.0011366006020907538,-0.0011372470224157993,0.015491095405906614,0.013598166313485151,0.003616288236773846,-0.0005496797536189701,0.008925203609286043,0.001329276396259974,-0.2093739551565872,-0.35580524653756873,1,10
2025-10-22,XLF,1,-0.0056893237251323114,-0.005705569575260583,0.015532322185614912,0.013621536994457006,0.0009928168981181429,-0.004197429013068743,0.01326261423132186,-0.0066312709779444284,0.7212849527129199,0.05056456051879543,2,10
2025-10-23,XLF,1,0.0020980021204586308,0.0020958043873724463,0.006984040418779299,0.013664955429407877,0.0001141992817603743,-0.000627710618898214,0.007415846900872201,-0.0009507365832948467,-0.45123633148759945,-0.41844084384137503,3,10
2025-10-24,XLF,1,0.010848864710321537,0.010790437973568157,0.0075659577179498115,0.012060803723737246,0.007397552861125867,0.008392170288410883,0.008893044835866962,0.004919624290202832,0.083574992283872,-0.3134354146447971,4,10
2025-10-27,XLF,0,0.004142352853812925,0.004133796929862488,0.006161407806364157,0.0117938827448155,0.009502528774262942,0.011282818658926441,0.004309528702255975,-0.0007494304221576949,-0.15004789062157642,-0.40034750301768474,0,10
2025-10-28,XLF,0,-0.006375376058732729,-0.0063957855604206415,0.007197625126714544,0.01148504378329876,0.0020801921851174576,0.005312098914296959,0.008625593162872475,-0.006375401104709967,0.2391498889670436,-0.20620897077283507,1,10
2025-10-29,XLF,1,-0.016984370568401963,-0.01713025923441336,0.010729735870857097,0.012617581428449312,-0.013671148994515159,-0.009601688446662537,0.013536756698611938,-0.006863691231934827,0.8380379220161673,0.3860369655874727,2,10
2025-10-30,XLF,1,0.002687633532211464,0.0026840283034541557,0.010778915476064016,0.008837644907659958,-0.00985784796760969,-0.007826490316122259,0.01537868569820729,0.004036891246149829,-0.21468705484402462,0.1864596824981153,3,10
2025-10-31,XLF,0,0.0026804295199529538,0.002676843575232457,0.008976645180559567,0.00850839271891788,-0.004410519196762053,-0.0055259655322409396,0.01076718691335092,0.006921757776764143,-0.16765735957519967,0.017013794635455826,4,10
2025-11-03,XLF,1,-0.004200811978691488,-0.0042096601777728004,0.008103514506225342,0.007600127267953194,-0.004124789864378031,-0.008498570513502668,0.01318552651568057,-0.003439715247037541,-0.042858768410272696,-0.024644531365205724,0,11
2025-11-04,XLF,1,0.005177324336117506,0.005163968072448011,0.009009541891476446,0.007863047803664154,0.0032151758550720277,-0.0027774918799841064,0.013474509194595159,0.00904711066609166,0.15460080841078017,0.08918661346274948,1,11
2025-11-05,XLF,0,0.003433796274241896,0.003427914257068565,0.003589123544548644,0.007730120549710563,0.004698768474933779,0.0003232680037514868,0.012192786610463899,0.002095576150446597,-0.14860369959171982,-0.03578415180931005,2,11
2025-11-06,XLF,1,-0.0036120902283006684,-0.003618629578106436,0.004302736494621829,0.007797321223470802,0.0003818036154259463,-0.0030435167280776776,0.010093365281575303,-0.0019043701641118995,0.12065842366371071,0.045718683355694845,3,11
2025-11-07,XLF,1,0.007059635936865316,0.007034833370063609,0.00516669492583675,0.007274153398210347,0.005869762908573328,0.00462527569547766,0.013580702009385265,0.0095638869868911,0.0842918708666367,0.09551022536573339,4,11
2025-11-10,XLF,1,0.003599917447064227,0.003593453253315726,0.00404358924803189,0.0072367938419951455,0.006345500697793494,0.008933194871275196,0.00944643863814804,0.0007557323879975917,-0.09104756299939198,-0.0381054542831859,0,11
2025-11-11,XLF,1,0.004530807807860082,0.004520574596331262,0.003971517490168955,0.0070991469715816595,0.007879659188487542,0.01307996333370709,0.008667780047443995,0.0026380137639626044,-0.28599448710563524,-0.30741038424941525,1,11
2025-11-12,XLF,0,0.008644940268337287,0.00860778674532181,0.004725267667910768,0.004106219087136417,0.0124886152270407,0.018773307704251785,0.01258921746669702,0.008455410332969591,0.5353049426919769,0.10358020688579295,2,11
2025-11-13,XLF,0,-0.012856304573266142,-0.012939662073904401,0.008649248082548609,0.006488602472369578,-0.0026730998994707322,0.004245941757601068,0.01642705354547522,-0.011013629941179461,0.09559917225265835,0.20363997840593728,3,11
2025-11-14,XLF,0,-0.010003748936578738,-0.010054122665296372,0.009567891903300683,0.007396664261901461,-0.01142188062473204,-0.005951024498397572,0.010225353180930848,-0.006816902120620565,-0.08523782437127514,0.08619990534646549,4,11
2025-11-17,XLF,0,-0.019065775182089406,-0.01924987077994622,0.011819614290589893,0.009553524836166932,-0.02468150578169981,-0.023607993052425225,0.023632583373707425,-0.019439688089071542,0.5176927110190535,0.5352308506259624,0,11
2025-11-18,XLF,1,-0.0015549374461498733,-0.0015561476160357302,0.01076230938576556,0.009278902369737397,-0.01935705942306154,-0.023179772061693305,0.011700438541416842,0.0017550732201699296,-0.05717324425219672,0.3827014302349585,1,11
2025-11-19,XLF,0,0.0036987277248483608,0.003691904251727607,0.009061451933082021,0.009296446520474892,-0.007736378388706666,-0.01762403933501333,0.008952956200995192,0.0035033145471747296,-0.30343136958009553,-0.052656311842398384,2,11
2025-11-20,XLF,1,-0.008727713372379542,-0.008766022928832218,0.008683555067046732,0.00953539003601379,-0.009265704121269813,-0.023779934096059163,0.025177735716476853,-0.01768207169959394,0.5237055988731389,0.36618824234266745,3,11
2025-11-21,XLF,1,0.010956668311597362,0.01089707889389091,0.01153957035414588,0.010034583695045958,0.004627408280895917,-0.010986963390769655,0.016129068127114076,0.00408082176853401,-0.016455909290634008,0.28671793040854654,4,11
2025-11-24,XLF,1,0.0042578716226908675,0.004248832536409175,0.0073408436127977315,0.010078010837328212,0.007181695045948233,-0.004718401042287712,0.012369527809945801,0.0028990666083427443,-0.36484975247632456,-0.1854445491931661,0,11
2025-11-25,XLF,1,0.012526515552886863,0.012448707856034247,0.008393116038683016,0.010935481652110583,0.015187254892106372,0.009045729620804854,0.014392630804364523,0.008251780850878793,0.1644404657780132,-0.0871479087566831,1,11
2025-11-26,XLF,1,0.007803580916280195,0.007773290459358151,0.00849015645908259,0.010854148402477845,0.017643015995583156,0.018328013127003828,0.010442435368871895,0.005316168667710958,-0.30832244880348614,-0.35617056528328417,2,11
2025-11-28,XLF,0,0.007176573501527006,0.007150944444072493,0.0032584647586336923,0.01031905234973252,0.016274124408646617,0.024946205898191076,0.009792852593340472,0.0043315134377205034,-0.5424784155833109,-0.6857461360218465,4,11
2025-12-01,XLF,0,-0.008250529104842808,-0.008284753094109476,0.007825145667004797,0.01013002228784899,0.0032245713769405437,0.015631004423178885,0.01055212693633445,-0.003391752519518786,0.8155750150284145,-0.41008036203490394,0,12
2025-12-02,XLF,1,-0.0009453763783798808,-0.0009458235284673933,0.00823439162931896,0.007424758040627069,-0.0013230266264835366,0.011969726387515811,0.009435742294063406,-0.0028307514838192844,0.01622047835392193,-0.347599948371613,1,12
2025-12-03,XLF,1,0.013436829186185939,0.013347355600007216,0.008485612221581172,0.007965332864450801,0.008246736736783777,0.021303396267841945,0.01360025358298008,0.011522490105313461,0.07545807231748491,-0.241841053722066,2,12
2025-12-04,XLF,1,0.0020541942559730852,0.002052087283879178,0.008199679455446706,0.007993605222331895,0.007623885061540658,0.019318863055592495,0.008210461381902732,0.001306208147507132,0.05186769941907676,-0.1785428475467411,3,12
2025-12-05,XLF,0,0.00037265251146423317,0.0003725830937622021,0.00782592002437693,0.00681041291578242,0.006676151674479325,0.014744792630033032,0.008965250915733951,0.0026148559442373065,-0.15280874855620907,-0.22555637104286597,4,12
2025-12-08,XLF,0,-0.003725782040424619,-0.003732740054403383,0.006607337986481616,0.006950149508377842,0.0007110360311486374,0.007516798191431917,0.00800745435878172,-0.004096856938127956,0.09224282655096161,-0.05747109055193722,0,12
2025-12-09,XLF,1,-0.003739715404916466,-0.0037467256235106383,0.0070474819117439585,0.007300797241739347,-0.004670295764553356,0.0011273811258534217,0.013084126410083236,-0.0041121723495911216,0.4868149992619737,0.39065664478130846,1,12
2025-12-10,XLF,1,0.011448951402257546,0.011383908138810295,0.006226668535300683,0.007145469932794649,0.005447953804080807,0.010027166306260105,0.01632888075290441,0.011448960666804515,-0.019378272336054048,0.3868180937221968,2,12
2025-12-11,XLF,1,0.0181851830352735,0.018021810264003957,0.009850929102843048,0.008597983938832258,0.019130752313544885,0.02470725049484246,0.01945884460481192,0.016864341416824965,0.13973039889958727,0.5047369438031826,3,12
2025-12-12,XLF,1,0.0014580195281492792,0.0014569576497116543,0.009748440062884639,0.008523619556893167,0.01582432409978418,0.023106009261419924,0.009064539546467349,-0.00380709001184866,0.24412539947669765,0.6417127002137601,4,12
2025-12-15,XLF,0,0.0007279484010902504,0.0007276835751648392,0.008954313834418592,0.007629377573490401,0.010919945533961695,0.019863151097650578,0.008880059364929645,-0.0034432516429537398,-0.4512276323202786,-0.11277464192850462,0,12
2025-12-16,XLF,0,-0.0063648452086774165,-0.006385187197621711,0.00968700587372406,0.008186131426465312,-0.0005122065044553814,0.010000155618099305,0.012354656501903259,-0.007267469462669681,0.056156100099556516,-0.0804214729785171,1,12
2025-12-17,XLF,0,-0.00018294919167161083,-0.0001829659289160901,0.009160844658690914,0.007425670514618596,-0.003393136486493531,0.00780345587245046,0.00894156698159499,-0.0031021564108041975,0.10096057286241078,-0.009757331245860201,2,12
2025-12-18,XLF,1,-0.0016474779029763686,-0.0016488364870599348,0.0031101563620251236,0.007515681001295437,-0.0038356194805166943,0.004512394393917152,0.012050389663974415,-0.004199370829176716,-0.14814994989346275,-0.15918139412495835,3,12
2025-12-19,XLF,1,0.005500514121135058,0.00548544153937458,0.004279918360973673,0.007593137918741707,0.0020464532614929976,0.007884409161564188,0.008431068051582592,0.005131942306620688,0.3304731936861822,0.0721893207915949,4,12
2025-12-22,XLF,1,0.012278424429770673,0.01220365598021278,0.0071746940475420585,0.007893997377772834,0.012413728855112938,0.016461110125443934,0.01278533238798516,0.010410953330122716,-0.18472893188798012,-0.139388021644546,0,12
2025-12-23,XLF,1,0.001988405174705221,0.001986430913789583,0.005553606382691596,0.007486098605889677,0.01079994313471544,0.014130187384954196,0.004519978191877681,0.002169570220671024,-0.3489251812423989,-0.4108436834507696,1,12
2025-12-24,XLF,0,0.005412230807388063,0.005397637318107051,0.005153242392064366,0.007081540097831619,0.011510697400757719,0.015850289213789948,0.008647082629259038,0.003963271975416059,-0.365792123042587,-0.5978518667976924,2,12
2025-12-26,XLF,0,-0.0019738455318808468,-0.001975796132184904,0.005254908515252309,0.0051044682159749515,0.004881647180146054,0.012108935197343351,0.006462046603262302,-0.0016155116508155755,0.30118323579288275,-0.43095664334650496,4,12
2025-12-29,XLF,0,-0.005393673725343051,-0.005408272099711731,0.006831520278230954,0.005581085243912173,-0.002955782662312778,0.005622662695413672,0.007555351366967494,-0.0048569968883351855,0.6768070710089613,0.04191935428874838,0,12
2025-12-30,XLF,0,-0.0025307668064700195,-0.0025339746100625504,0.0042246570669439935,0.005694945794893983,-0.00497692343082079,0.0023824739629134672,0.004693179225076635,-0.003971141058549542,-0.5277876799186532,-0.47745502434904574,1,12
2015-01-16,XLK,1,0.00975248228478831,0.009705233774568889,0.009201230786644234,0.012139185891666716,-0.0024209910498884657,-0.006153046393575057,0.014550878260819633,0.01304567109385916,1.017807176474372,0.8794379710078357,4,1
2015-01-20,XLK,1,0.00842005320526762,0.008384802295411387,0.009525946875688389,0.011585601610694309,0.006227220225175412,0.0020179038018091067,0.014771105479950817,0.0024618978692257506,-0.3615917966155726,0.1447391235588109,1,1
2015-01-21,XLK,1,0.0017189714220600116,0.0017174956816132791,0.00955521912997779,0.010747391810945828,0.0077078391893787845,0.0021620539138955674,0.015293510554591478,0.006166748750719608,0.15839977363138535,0.2637769216870698,2,1
2015-01-22,XLK,0,0.016425616902359552,0.016292175710178824,0.011104847136551813,0.011572477495051074,0.01947476342348442,0.016201417205923496,0.02273839292126521,0.013691871337447734,-0.36689872190012285,-0.21611151387919036,3,1
2015-01-23,XLK,0,-0.00024094437596977603,-0.00024097340772932796,0.006680641243249878,0.009314580705877398,0.011963081653549867,0.015782232187408818,0.00796135127342323,0.0,-0.26479199291890787,-0.3811064961464833,4,1
2015-01-26,XLK,0,-0.004101557064810746,-0.004109991520823808,0.008089641090222857,0.009357800973950132,0.003402971704883573,0.011541589221127468,0.00869557445376578,-0.0028986169603645597,0.5023615484348953,-0.07517729687820673,0,1
2015-01-27,XLK,0,-0.028827456721118527,-0.02925113000025492,0.016397457814997598,0.012728035694059291,-0.022528875018909322,-0.015978931770308957,0.01699504070545218,-0.012561535485236088,0.10874813787435156,-0.022556731470285918,1,1
2015-01-28,XLK,1,-0.001746201552895732,-0.0017477279400059942,0.01622015074947585,0.01272436192090729,-0.020558109027159377,-0.015958190600424138,0.022543448615206983,-0.019358022272559314,0.20896960711638246,0.16723699101347744,2,1
2015-01-29,XLK,0,0.009495557740025973,0.00945075830542752,0.014246723494033206,0.013099110968245177,-0.006101019393728979,-0.006345419672133756,0.020479512389477154,0.008991024028971882,0.28898154393279785,0.40421190093299075,3,1
2015-01-30,XLK,1,-0.01237634269812915,-0.012453567462380466,0.014249062205477982,0.013050486384658845,-0.01085819113207287,-0.018425966196414234,0.016629485440998498,-0.009679805926689265,-0.22662567786128818,0.05361945497553555,4,1
2015-02-02,XLK,1,0.010275317191372535,0.010222884985502834,0.016397703519302385,0.013095526765188008,0.004134849008031516,-0.00816915911260252,0.024225804158934536,0.006743268021728911,0.20123324850264868,0.299302014784679,0,2
2015-02-03,XLK,1,0.011411628153326081,0.011347006684193861,0.010295480278387115,0.01334350020473095,0.012164695316154717,0.0030258694203642023,0.012119754508239954,0.008409600544681777,-0.3673865178319977,-0.1632067324787917,1,2
2015-02-04,XLK,1,0.0019620993886935167,0.001960176985907669,0.009959073589711254,0.013346789486889984,0.009988395257578553,0.004845604048618668,0.011056529594692641,0.0036854473800950224,-0.4041300322753625,-0.46500999688420597,2,2
2015-02-05,XLK,0,0.009302094135287486,0.009259096099806463,0.009933473723924035,0.012552688013205913,0.015216867945340384,0.014766943129127297,0.008776221509851953,0.005119431548736384,-0.13542975515332634,-0.5212849472424385,3,2
2015-02-06,XLK,0,-0.0031526022270492726,-0.003157582146675164,0.0062955248671465154,0.012580147468551519,0.006070874949407612,0.012439967849180666,0.012109469336726804,-0.004601657476224431,-0.059212852036607866,-0.5423662102079381,4,2
2015-02-09,XLK,1,-0.001459811806704514,-0.0014608783700742478,0.006469479472805364,0.012530185951861358,0.0010246230809101142,0.011560040616341416,0.007074918361852359,0.0012197910469179825,0.49587708494248783,-0.2982207005159263,0,2
2015-02-10,XLK,1,0.014863612340801025,0.014754231386985506,0.007595941273386211,0.008542482336891491,0.011560903240243725,0.022663227162441624,0.01282678116913271,0.007986491614036091,0.5693791255564704,0.09648571147206608,1,2
2015-02-11,XLK,1,0.0038411812883942797,0.0038338227890828414,0.007497003933157379,0.008314930072066615,0.010733311791620848,0.02209924233935734,0.006952791222556083,0.0023975615203402664,-0.4442320175711605,-0.3473545932139497,2,2
2015-02-12,XLK,1,0.013633231883729113,0.013541135481550892,0.008364728059501655,0.008690248167348993,0.018847889461734768,0.03104317758357089,0.008070262140230731,0.005934013616467829,0.08307200000000003,-0.2102730304949968,3,2
2015-02-13,XLK,1,0.006370848957297115,0.006350640882063274,0.006833134167221787,0.006243685320214298,0.017753903808665372,0.030715993163854316,0.00659130843489022,0.00400192997821366,-0.36243573834426523,-0.43968986773159957,4,2
2015-02-17,XLK,1,0.00046925990426194275,0.0004691498362654478,0.006232361827286586,0.006388958903828286,0.01037147800260918,0.025351671194071557,0.004216451416401876,-0.000468504530500467,0.2373835673571527,-0.1998579602918107,1,2
2015-02-18,XLK,1,0.0009372635291664544,0.0009368245719625357,0.005356667216678782,0.006208997895597532,0.006267140019919459,0.021550446587892846,0.004687151898802076,0.0009374482597577403,-0.297829709941389,-0.3813027983104541,2,2
2015-02-19,XLK,1,0.0035121604811318985,0.003506007248726739,0.005377216437103841,0.006152792190782732,0.004829657411427268,0.02023341605072959,0.007029124873774457,0.004217439172650444,-0.1665155474958665,-0.45968466911002004,3,2
2015-02-20,XLK,1,0.005133113211226226,0.005119983696629582,0.002570498289631445,0.0059542725140128774,0.0066833390754250654,0.020974247437934634,0.011665888774608179,0.005133019542001365,1.2184360401868561,0.1616685403706415,4,2
2015-02-23,XLK,1,0.0006957523339934379,0.0006955104105443866,0.0020715270754637434,0.005519307606487899,0.005222728180837466,0.016840817796161422,0.005796429255941238,-0.00046372495405425893,-0.4163121078820221,-0.31339748635956455,0,2
2015-02-24,XLK,0,0.0030158259934334186,0.003011287512777905,0.0018570919130960544,0.005122529109896917,0.005581315384465713,0.014642302598449008,0.010213523862754495,0.0037140167272874105,0.15035829009142576,-0.175027732393917,1,2
2015-02-25,XLK,1,-0.006244340748473243,-0.006263918185507311,0.004466056224233992,0.0050683040064229915,-0.0019048275359753175,0.005193055471749197,0.006725350371371227,-0.003478611198914616,0.2603157555579423,0.14925598240291138,2,2
2015-02-26,XLK,0,0.006283577547801178,0.006263918185507311,0.004965340638153372,0.00516398515813017,0.002596933617972308,0.008136850031799314,0.0074245871497271385,0.0032483343225584212,0.28837304427855615,0.4436446900787383,3,2
2015-02-27,XLK,1,-0.0034690110837023447,-0.0034750420543607774,0.005001813948716858,0.004117106523254592,-0.0009273482848800585,0.00297932506740195,0.006245673389375764,-0.0032384777036987035,-0.19887821784797732,0.17250499030979616,4,2
2015-03-02,XLK,0,0.007890504302543233,0.007859537064886624,0.006137684064313694,0.0043323011617466154,0.005463779765190635,0.00906131989623482,0.008325638214090084,0.00439404762566423,0.13020145310435938,0.26331701698819465,0,3
2015-03-03,XLK,0,-0.006677353264901376,-0.006699746529038375,0.007006668201261487,0.0051014928144592605,-0.0007874144192676624,0.0012301282583073725,0.010140553881039117,-0.005761696324421764,0.25825115055884296,0.4990443964031708,1,3
2015-03-04,XLK,0,-0.003940880933897328,-0.003948666666994782,0.006593434687021548,0.00534693091869172,-0.0047251922466929885,-0.0033170051198117,0.007204219553519947,-0.0013943193189821044,-0.31692618525098404,-0.01269646798190771,2,3
2015-03-05,XLK,0,-0.0011632990691581302,-0.0011639762267292575,0.005588624876168861,0.005269788036363749,-0.004407189709074832,-0.004614968432863242,0.00696538748981227,-0.003482738029759776,0.30965373042990474,0.2007499719461865,3,3
2015-03-06,XLK,1,-0.01234823192474166,-0.012425104825698696,0.007474406746486739,0.006243522462082385,-0.0134974261255143,-0.015330538805341298,0.014918400160484041,-0.011888161260852547,0.04833664317329278,0.2367545815366523,4,3
2015-03-09,XLK,0,0.004717784677411574,0.004706690809915592,0.006341178524300541,0.006530494133569806,-0.0049530115462608215,-0.009488691679114591,0.008476585825386572,0.0028254986681344615,-0.2262557727784863,-0.07428612058736828,0,3
2015-03-10,XLK,0,-0.020427249850939577,-0.02063877161538974,0.009860915894138853,0.008699202516628963,-0.01876844885703699,-0.026279993520556877,0.015112146699120269,-0.014875968739478055,0.40782167602771513,0.2278943702957279,1,3
2015-03-11,XLK,1,-0.006471528269951232,-0.006492559393803443,0.009752583544026193,0.00870734896774698,-0.0180981198144613,-0.029137284808737562,0.009564838086988598,-0.008847415939377875,0.30942611304970513,0.49026365048749665,2,3
2015-03-12,XLK,0,0.006513681745508704,0.006492559393803443,0.011394554088880278,0.008736509259371085,-0.006051430972314309,-0.01932199301334092,0.01112990718831811,0.009436229672639363,0.07071925834620929,0.5028155938332282,3,3
2015-03-13,XLK,1,-0.00551302678326715,-0.005528279600715003,0.010776257159175712,0.008758610513004129,-0.007273858656946741,-0.02104668411832411,0.012001920351208539,-0.004080608967065867,0.23127872945869044,0.6651299250194331,4,3
2015-03-16,XLK,1,0.01181001251375391,0.011740818570710854,0.01256737991868974,0.009401138769264022,0.007390915975091561,-0.006084797199534031,0.010309194435791537,0.00647327891848803,-0.43115810820598244,-0.07108419744272365,0,3
2015-03-17,XLK,1,0.0002380635397394304,0.0002380352071114089,0.007835549485768702,0.00938351650958169,0.0063267653305960625,-0.003133973561811554,0.007163305382266267,0.0026265665603172573,0.10351413292589773,0.015013819272028828,1,3
2015-03-18,XLK,0,0.013575099670563695,0.013483783494312007,0.007982359347366717,0.010664877963175525,0.01458971252134833,0.01138296856673815,0.022412938900535813,0.014783089339139605,0.6630898811584169,0.5260323678169769,2,3
2015-03-19,XLK,1,-0.0028198756849233675,-0.00282385902447313,0.008694407027345974,0.010682155473654052,0.008267530592287242,0.009682704625016747,0.0056470983168658085,-0.0014117970186121325,-0.43284937623774866,-0.14510835877993222,3,3
2015-03-20,XLK,0,0.006458968279918098,0.006438198530427375,0.007110385038341628,0.010117019944943675,0.008911689645631382,0.015421258826461726,0.007055485273537207,0.00047037764695084843,1.145823139540056,0.6576408635219531,4,3
2015-03-23,XLK,0,0.0,0.0,0.006578254496737556,0.010024023103188895,0.005424893280787879,0.015121746615096354,0.0051704165604662695,-0.00023497818360698595,-0.8054995569052814,-0.6705229003746791,0,3
2015-03-24,XLK,0,-0.003290893638529524,-0.0032963205385043715,0.007176552675097179,0.0071257864177237205,-0.000629324279913468,0.009732858944468292,0.006812241083133877,-0.003993379613906395,0.8964056380059151,-0.36582188588999587,1,3
2015-03-25,XLK,1,-0.02570738768405101,-0.02604359713532256,0.01217324979220174,0.011144743233938478,-0.021354211425642755,-0.01629258318582738,0.02644625672346047,-0.024557193348320697,0.1484952370247563,-0.24926803104944328,2,3
2015-03-26,XLK,1,0.000726173278796205,0.000725909742554709,0.012437672090050101,0.010924291450637667,-0.016323114267369987,-0.015085877423654415,0.014849089171423276,0.006329072783454838,0.10130531054646874,-0.14711151575670356,3,3
2015-03-27,XLK,1,0.0007255414716318409,0.0007252783936602114,0.011412611823694229,0.010780360271741082,-0.010097678020332457,-0.01448663326347821,0.00798060528500264,0.0004836870254345757,-0.12142317604194441,-0.19517469104081975,4,3
2015-03-30,XLK,0,0.012085930938585454,0.012013479255103654,0.013883596223147478,0.010813759483647678,0.005088888795002022,-0.002720998682417708,0.0071977699031004665,0.004558508284976921,-0.16485656126332293,-0.3136498007574853,0,3
2015-03-31,XLK,0,-0.010270035442048187,-0.010323136132889932,0.014254456776250611,0.011308782797367046,-0.000627282303653387,-0.012071652897294505,0.009104002224112815,-0.007187423088020161,0.20561964453326076,-0.15879893608705664,1,3
2015-04-01,XLK,0,-0.0014477911247474662,-0.0014488401869892087,0.007969172533965778,0.01011408661382609,-0.0024109017194644533,-0.011129113498235976,0.010366449130211309,-0.002410763626438133,0.30943291978502185,0.1684883092900411,2,4
2015-04-02,XLK,1,-0.0002414737757384655,-0.0002415029352245135,0.007969926824302089,0.010133735290599643,-0.0027960075413980823,-0.009244138816790981,0.006031362977043069,-0.0019300803276755868,-0.47550777728763494,-0.36194785968522625,3,4
2015-04-06,XLK,0,0.009668409435155345,0.00962196945852023,0.009055210413370618,0.010479703852086698,0.00490763038772335,0.002182999273651065,0.019717563838603024,0.016796460466254787,0.34289580019380916,-0.004342032309709087,0,4
2015-04-07,XLK,1,-0.0021543222452192756,-0.0021566461355932987,0.007102733594430991,0.010461284325480186,0.003660285228836102,0.00209167866462745,0.008379274239469285,-0.0021546600814356122,-0.36222037659809114,-0.372905747772713,1,4
2015-04-08,XLK,1,0.0031192682496850033,0.0031144134255245426,0.004847786540431576,0.010568596071092631,0.005000040742909606,0.006645391394453082,0.008157393236527154,0.0031190275231137887,0.5377964690562091,-0.036766927950406925,2,4
2015-04-09,XLK,1,0.0026309661239394266,0.0026275111911138183,0.004497512067362094,0.006213713219940438,0.005034985588789231,0.007813689159025472,0.009567125394414228,0.0026308728065377396,0.012021933782189187,-0.013523607450027342,3,4
2015-04-10,XLK,0,0.0038164982630517486,0.003809233910615273,0.004212654753919922,0.006248570284919007,0.005447715393397834,0.009863426312779255,0.006911275194412286,0.0028599320591128994,-0.40792307375756165,-0.3763860936251613,4,4
2015-04-13,XLK,0,-0.0028518515504283304,-0.0028559258270597354,0.0031556258636012795,0.006416638270229914,0.0016708132232736705,0.005559677856267431,0.009250459939752032,-0.004743851130533856,-0.09941384982508161,-0.4037323483484221,0,4
2015-04-14,XLK,1,-0.00309783390279339,-0.0031026421228506074,0.003403325661768074,0.005318999534860948,-0.0021468607719570265,0.0025407004017181656,0.009528292414086393,-0.003573075579258333,0.5052737188721959,-0.09195025924103906,1,4
2015-04-15,XLK,0,0.008845147123244246,0.008806257961428976,0.0049998962004886025,0.00464298625654308,0.004809709053735123,0.009569375558993842,0.009298984320902459,0.006199383517978694,1.1504793806504536,0.8221166099024582,2,4
2015-04-16,XLK,0,-0.0035543948976800577,-0.0035607267676547316,0.005503898583658563,0.004851282053226298,0.0006187881477797141,0.004371067406868212,0.005948132459217318,0.00047586148809320675,-0.27567133695194346,0.34540129693951216,3,4
2015-04-17,XLK,1,-0.01379335157917827,-0.01388936376196348,0.008016901262874375,0.00689204317810684,-0.010309905697787225,-0.009719085195271315,0.010791385004946757,-0.00551557645151744,0.11466596447340982,0.40256950446060014,4,4
2015-04-20,XLK,0,0.017121019795405035,0.01697610683583184,0.012018292485668927,0.008284399534107924,0.005578622316312343,0.0062503143854855114,0.014162269677121494,0.01248200815334314,-0.523023013170069,-0.3071024218098728,0,4
2015-04-21,XLK,1,-0.00047440436353352045,-0.00047451692888600405,0.011845001870678593,0.00823000016365036,0.00352264982777184,0.004622574902692467,0.007777469101671616,-0.0063634328499105886,0.03211028106814151,-0.2880812612807534,1,4
2015-04-22,XLK,1,0.010199599402805903,0.010147934499376454,0.012064745096344608,0.008706514574746506,0.011879475731713995,0.012986544589565607,0.012787139980602224,0.00852475998706815,0.21867876994441549,-0.11849184311003125,2,4
2015-04-23,XLK,1,0.003991378443421345,0.003983434024919852,0.011677677647542914,0.008730076990319925,0.012502388347733095,0.015001903664296545,0.012708893720778715,0.006354357081685782,-0.03204213220455776,-0.12922836686409744,3,4
2015-04-24,XLK,1,0.008652975651593842,0.008615753226814515,0.006638717664956712,0.008971289138745703,0.01329763700949993,0.021239342183482668,0.006728559763209076,0.0006961158945784034,0.055764602189904755,-0.10590788646431126,4,4
2015-04-27,XLK,1,0.002782222002440049,0.0027783587866951898,0.0043669330768726965,0.008772280686260805,0.011033677987311474,0.020962130127595957,0.006237016679452819,-0.0009240220531618455,0.48514962753660407,0.23293842305113843,0,4
2015-04-28,XLK,0,0.003236769492958924,0.003231542430743417,0.00340736095712227,0.008502183468395564,0.008506638941880196,0.020508723988791777,0.013859978319055315,0.002309967013311522,-0.010907282692120601,0.1681361246651909,1,4
2015-04-29,XLK,0,-0.004839639787971417,-0.00485138876715574,0.004853495399758659,0.00868158162264762,0.0008808070635626386,0.01323442629052507,0.012274172662137442,0.0,-0.06324728409364144,0.15332861475694393,2,4
2015-04-30,XLK,1,-0.013895103543649978,-0.013992544179708855,0.0087505172611292,0.009979475886385904,-0.012202292807359072,-0.0020856459568239227,0.01582868528089794,-0.00884537387141877,0.009508697833416901,0.17157383774854607,3,4
2015-05-01,XLK,1,0.012212328818027585,0.012138359943013821,0.009795454813331267,0.008944557427302807,1.8104424159837151e-07,0.006257173853263964,0.009337014700208339,0.006069055102874389,0.21910177287751664,0.420784311084472,4,5
2015-05-04,XLK,0,0.0009279521496132759,0.0009275218681841224,0.009693593499489825,0.007658114786321687,0.0014392920759214167,0.00493854959528317,0.005555594310838305,-0.0013889206535035478,-0.27014523529634826,-0.0014073271808707766,0,5
2015-05-05,XLK,0,-0.015531149974742586,-0.01565302180448258,0.011384818908511608,0.009514797992249264,-0.009885110172804579,-0.011383211921642933,0.015338133073098219,-0.01301411978805779,0.05274848028264145,0.010586034912718256,1,5
2015-05-06,XLK,1,-0.00847617482512486,-0.008512301886000717,0.011548867298478389,0.009289287859579914,-0.013355122109371287,-0.018666408532349354,0.019938973793665778,-0.012197993073769873,0.21826302607064862,0.17576102540164906,2,5
2015-05-07,XLK,1,0.0073615786947203166,0.007334614525983607,0.011344595775832338,0.009551711203163409,-0.0053460775881083444,-0.010658354497191103,0.011379789918527545,0.005689849739998267,-0.4287667487011212,-0.32628438125975734,3,5
2015-05-08,XLK,0,0.014379805791429945,0.014277396962672384,0.011984749344566462,0.010319400592555322,0.00928823961238634,0.0038023182820372536,0.006534483173044823,0.004200707388227586,0.7409003067212736,0.12464021752451337,4,5
2015-05-11,XLK,0,-0.0051123434089194175,-0.005125456146789276,0.012137566227154091,0.010369108547655407,0.0056852422245503575,-0.00030336826644039583,0.006511599518531977,-0.004418572714162427,-0.3842166367932215,-0.2810814988318243,0,5
2015-05-12,XLK,1,-0.005372628988359551,-0.005387113462581361,0.009826907558746814,0.010338051715830235,-0.0002347151432490202,-0.0037900702453749213,0.013151746106375041,0.0,0.2652774332258332,-0.07385886289406851,1,5
2015-05-13,XLK,1,0.004227187962496659,0.004218278502611472,0.008454194178264682,0.010442280290160276,0.0009362877059055918,0.0014051096757929926,0.007951360288446794,0.0,0.21645644075550607,0.1166692264127398,2,5
2015-05-14,XLK,0,0.016136432989418914,0.016007624579346125,0.010275444980836232,0.010615617499147885,0.012206904275552155,0.015495204034277732,0.009512757817341667,0.008120703044305542,-0.2503948852952238,-0.14575608704809395,3,5
2015-05-15,XLK,1,-0.0032220705497264523,-0.0032272725962863014,0.009148422234870484,0.010086859955084085,0.00763096598550117,0.01172667744307887,0.008497995838352864,-0.0052824882269192856,0.21387001519451854,0.06404473204749639,4,5
2015-05-18,XLK,0,0.004848678724537869,0.004836961741179202,0.008452532565277579,0.01017973764652987,0.009182681254867209,0.01573059258884313,0.009479765258083453,0.00624278515060513,-0.5992891051226943,-0.5492398328894321,0,5
2015-05-19,XLK,1,-0.0025274909716456184,-0.0025306904692228294,0.007790596687779802,0.008543201450914332,0.002771999385468904,0.010945410227350294,0.005967370285845766,-0.003672248072820531,0.3454159667580232,-0.363618622804572,1,5
2015-05-20,XLK,1,0.0006910442167438191,0.0006908055556329451,0.007912179921624034,0.007719553712373235,0.0003223751471621572,0.008520311264416103,0.008977886785858397,0.0,1.4118149559731896,0.5108882088999274,2,5
2015-05-21,XLK,0,0.004374123256829732,0.00436458458513167,0.0037557248839138716,0.007594870500697901,0.0038656563240382358,0.010094154109600462,0.008068198835945773,0.005763024293324711,-0.6627796092962428,-0.4766581442090041,3,5
2015-05-22,XLK,0,-0.0006876588925740501,-0.0006878954383982006,0.0032018260648717075,0.0064616944418973326,0.0018383524817260355,0.008069255181773372,0.0050585743277813365,0.002529243306715244,0.06878349626996316,-0.3903909577858987,4,5
2015-05-26,XLK,1,-0.014449481400349296,-0.014554891806048964,0.0071328429976174204,0.007990652222358873,-0.010135799958780889,-0.006864208666268579,0.01518288081155554,-0.011502185092230199,0.9968249968501952,0.18315242545948607,1,5
2015-05-27,XLK,0,0.018850252624659447,0.018674788215564675,0.011924672622470912,0.009562546270864452,0.0068070842038265855,0.009058067001493919,0.01646192630620653,0.01507066299755242,0.5883978597748725,0.7503087037778668,2,5
2015-05-28,XLK,0,-0.0020556116216914333,-0.0020577272910879962,0.012048597505256303,0.009665955237205709,0.0035834527581919406,0.0048299699914640115,0.004812078079965986,0.0011457203886305937,-0.6293983522813038,-0.3065752565335601,3,5
2015-05-29,XLK,1,-0.0073245578872251915,-0.0073515141705775555,0.012410116754866932,0.008705881775221337,-0.0025759184919634803,-0.0023464085906070853,0.010299857566586289,-0.00732432375561105,0.6588921282798834,0.13742961250314178,4,5
2015-06-01,XLK,0,0.002766726199257885,0.002762905857264908,0.012536644431877197,0.008677031134324826,0.000690049620133637,-2.1929198945613848e-07,0.009628568987385,-0.0029802213801281203,-0.1036519177090871,0.04301812571614172,0,6
2015-06-02,XLK,1,-0.0020692197310203664,-0.002071363523997505,0.010055684710193495,0.008562261181200367,-0.0033527640981154683,-0.001794024363004687,0.011077764180760123,0.0016155017739706127,-0.18720355232616814,-0.17991699965234698,1,6
2015-06-03,XLK,0,0.002073510279402946,0.002071363523997505,0.004042721743264756,0.008549483240299216,4.583413652725632e-05,9.176220161899451e-05,0.007361391438650684,0.00046009793425417275,0.003458795984249141,-0.18994653386522642,2,6
2015-06-04,XLK,0,-0.00919770612554427,-0.009240266195555513,0.0054005433750118495,0.009046021112894603,-0.0064104851616751946,-0.008308589792887844,0.011791868705970014,-0.003699418437274205,0.4754918423983172,0.24262002232973567,3,6
2015-06-05,XLK,0,-0.0032483870740572796,-0.0032536745369378117,0.0048131144989552324,0.008883909912799467,-0.007716135687041992,-0.009980631526237849,0.008596717906865729,-0.002091081567691642,-0.07425155439483422,0.08548463675771956,4,6
2015-06-08,XLK,0,-0.011176233161995563,-0.011239156525900462,0.005410101576801567,0.009378258369244481,-0.01415980710236342,-0.018488737605114047,0.01304148558921217,-0.01094544529662648,0.08437398900032345,0.10839360638303508,0,6
2015-06-09,XLK,1,-0.002354396605487974,-0.0023571725551563283,0.005376521113654155,0.008407516834152539,-0.01175526955216566,-0.019439900598884674,0.010377325728170801,-0.0007076083234532078,-0.08029118682498959,0.02234332280483442,1,6
2015-06-10,XLK,1,0.015576957627253973,0.015456882157811602,0.010566595628661047,0.007552946764633491,0.005796819552497334,-0.0024342554161023156,0.015304866788296253,0.013185720331949612,0.163247563808115,0.24926839872687445,2,6
2015-06-11,XLK,0,0.00046493250368828676,0.00046482445606033096,0.009794800784687778,0.007581796166617366,0.006452562423794772,-0.0004874476959443319,0.006947643236227291,-0.0030106777951933402,-0.37034847403176874,-0.22399275229824456,3,6
2015-06-12,XLK,0,-0.008826994275478839,-0.008866182972153691,0.0105267192324024,0.007724708366603022,-0.0011236020960888604,-0.007697427763998732,0.006535919194667901,-0.003968300257634537,0.09107658511524086,-0.13452228547498835,4,6
2015-06-15,XLK,1,-0.0060929818244769285,-0.0061116197839647946,0.009528082274566554,0.007676265751502459,-0.006930869854162358,-0.011260267563940052,0.008964403717543576,0.00047182019466025164,0.49040397480028575,0.25049895440953085,0,6
2015-06-16,XLK,1,0.006602574180065046,0.006580872658725312,0.00986861779564039,0.008200389776250969,-0.0018700010251163635,-0.003081920316631348,0.00990804410686408,0.007077122938902569,-0.0006318702269285659,0.1922821975850999,1,6
2015-06-17,XLK,1,0.00046772114802284825,0.00046761180058174645,0.006086096145404322,0.008135539800961182,9.336711602880854e-05,-0.0007956026201013655,0.00983150682680775,-0.00023413239570839426,0.20173765166297852,0.33938638440154745,2,6
2015-06-18,XLK,0,0.008896960056449466,0.008857615300934096,0.007710213093591939,0.00831237660838631,0.008802267931361074,0.0080942789916163,0.011243840657704228,0.009369911893804686,-0.18693021525957243,0.08092593597559139,3,6
2015-06-19,XLK,1,-0.008321822613860497,-0.008356642289674365,0.007564122312990474,0.008681409831429432,0.00011968208882051634,0.00021665816790017445,0.00864281523045235,-0.006306948121990111,0.4988843270260621,0.5158503782066326,4,6
2015-06-22,XLK,1,0.008227615477720995,0.008193953163836198,0.007237477168327156,0.008178030385294363,0.0051818524374525055,0.007001198393470132,0.005361294500131513,-0.0002331500203895117,-0.5952302974365082,-0.3653668630007014,0,6
2015-06-23,XLK,0,0.0006991069884236811,0.000698862726969729,0.007016610482917916,0.008075985001157436,0.0039027412398533468,0.005957980133147522,0.003955374254378891,-0.0013960301053994298,-0.2656675248253034,-0.5128571411144278,1,6
2015-06-24,XLK,0,-0.0046597698359462925,-0.004670660408285787,0.007642239929538197,0.006639336875426202,-0.0017152671116615892,0.001545733729982901,0.00817371500736837,-0.0023353216915875147,0.213733002779656,-0.377465291647775,2,6
2015-06-25,XLK,0,-0.00234074196196421,-0.0023434857809814247,0.006253936681637899,0.006664800595938514,-0.002761035102901377,-0.00024269543826116458,0.008614643197027112,-0.007683395231495277,0.013823553684905399,-0.3628784440842787,3,6
2015-06-26,XLK,0,-0.008446685021922695,-0.00848256042753004,0.006289238936213649,0.00661311074340143,-0.009887025871768484,-0.008178086988932853,0.011739844991985016,-0.007748340687306517,1.0705563922015546,0.25391142524386723,4,6
2015-06-29,XLK,1,-0.021296700331859042,-0.02152674707536706,0.008554703848461437,0.009260443529825255,-0.023975731192556138,-0.02733728740992525,0.01698165213702874,-0.010762993258998594,0.2882851891530622,0.5407999172434548,0,6
2015-06-30,XLK,1,0.0009675639144675063,0.0009670961262222555,0.0086173580157938,0.0088395298695039,-0.015972207419901352,-0.023873817378283646,0.009599177555993753,-0.00647940136622377,-0.13156690113981417,0.30420585161964464,1,6
2015-07-01,XLK,1,0.006762752034371156,0.006739987204464892,0.010705423569446804,0.00929324584999006,-0.004395313987948124,-0.015325343932217628,0.008618640325742449,-0.0021546600814356122,-0.2840576654455367,-0.034465191223164826,2,7
2015-07-02,XLK,0,0.0014398408285265507,0.0014388052516456362,0.011056542437529293,0.008599327493707188,0.001247470513985105,-0.01120488568707767,0.007177015371678829,-0.0014353483179146856,-0.3667464261611142,-0.35972655595739533,3,7
2015-07-06,XLK,1,-0.004073235525776764,-0.004081553745329813,0.010798127856739835,0.008393021310245729,0.0004810815146190084,-0.012964377169033425,0.010132645626410553,0.002895028460217954,0.4550351696475283,0.005547989506626605,0,7
2015-07-07,XLK,0,0.0014436509981499146,0.0014426099358808564,0.003836133971870722,0.007695213781773714,0.0006249531139943532,-0.008573353077120927,0.020168070151593224,-0.0004802030499625491,1.6181781861765883,1.2115220208419575,1,7
2015-07-08,XLK,0,-0.01633423273360879,-0.01646910704212967,0.008805249874765232,0.008626449669732238,-0.013585586067337285,-0.020170633861717913,0.01089854088063795,-0.00823444284449099,-0.17802226867888438,0.5989820342099039,2,7
2015-07-09,XLK,1,-0.003907212888880962,-0.003914865986519356,0.007262279495302568,0.008629673362162898,-0.013208707220892846,-0.01947099573729938,0.017865714545693665,-0.015209977819127715,-0.4434529702970297,-0.14516786694965278,3,7
2015-07-10,XLK,1,0.015934977791498772,0.015809348871602236,0.011673159385518826,0.01081478607365336,0.003973129771222217,-0.0010126263851828465,0.008956735276732684,0.0031468711957491845,-0.2496719962640931,-0.3695875970846124,4,7
2015-07-13,XLK,1,0.015202553528284701,0.01508815271066588,0.013589931295011563,0.01195637248651096,0.016772735935457916,0.01463928417560667,0.009832130453496143,0.008872875902045529,0.04789354355911857,-0.31967520660361926,0,7
2015-07-14,XLK,1,0.0038036059526191934,0.0037963905341160675,0.013586444106838177,0.009450965101877424,0.01768858250558991,0.016365952815582396,0.006653963096794313,0.003564584236090588,-0.13364915505903985,-0.36816484808481675,1,7
2015-07-15,XLK,1,0.00023667768301138814,0.00023664967926695368,0.00893393512684502,0.009463719802066423,0.01163964141329088,0.014555451596139024,0.005922767245260729,0.0007107935239254094,0.06726625750848791,-0.29020078682032535,2,7
2015-07-16,XLK,1,0.012784313821648574,0.012703284355024103,0.007122676921095809,0.009974613217981002,0.014898706865704936,0.02481816154211014,0.00728206626300353,0.004933029973645702,-0.20370115469909,-0.4161348454214031,3,7
2015-07-17,XLK,1,0.01542736307597381,0.015309571243673492,0.0070124371432793795,0.010737168416627547,0.020868428158910435,0.036407724705525,0.008111204211920704,0.006720674173236226,0.49329696923136024,-0.152948610399939,4,7
2015-07-20,XLK,0,0.005294840885545993,0.005280872500766254,0.006364914111428674,0.010351237543795517,0.018613515610713893,0.036701167014706826,0.008488248343354607,0.0018352378086117643,0.19736334405144684,-0.005283712382265104,0,7
2015-07-21,XLK,0,-0.006640687497634468,-0.0066628349669231035,0.009037741843256899,0.01095684438370095,0.006449831195284528,0.025556184691660988,0.006214049551731377,-0.0016110401287708325,-0.3581610183146249,-0.2522101300547652,1,7
2015-07-22,XLK,0,-0.0161364951126326,-0.01626810609699403,0.013331719972328472,0.010915810051096477,-0.01180830152282375,0.004897356199889291,0.009169983560833884,0.0035269581515230447,0.4378263489088232,0.18769189934209884,2,7
2015-07-23,XLK,0,-0.0021086516803489053,-0.0021108780165657315,0.011953067857750875,0.010781377499994875,-0.013023648481741867,-0.0014535410069873578,0.011214942775529216,-0.004906520752711086,-0.26406946562219924,-0.09242674575001186,3,7
2015-07-24,XLK,0,-0.0054004112726897535,-0.005415046207204455,0.00776558653989231,0.010342767468601707,-0.013415348517627601,-0.008983729002693286,0.012383149269730564,-0.010280341928791188,0.5414702812134249,0.34127963865917454,4,7
2015-07-27,XLK,1,-0.008970430892432102,-0.009010907450897498,0.005252317581560813,0.009788163531396214,-0.01450751604860756,-0.017666791854199726,0.008805396062618773,-0.0009519494310227483,-0.11209612049948181,0.1655496411869921,0,7
2015-07-28,XLK,1,0.009051627894927528,0.009010907450897498,0.009291691232281605,0.010158621822938934,-0.00080207982090863,-0.0090765027536448,0.01351991690908905,0.004743851130533856,-0.08852962928723307,0.03774838532271829,1,7
2015-07-29,XLK,1,0.00660989842477,0.006588148835288354,0.007738998558897916,0.010348598640622826,0.005992379740049181,-0.0034590658381993267,0.012275742452104657,0.006609980530275332,0.06197147385103019,0.07604083567456321,2,7
2015-07-30,XLK,0,0.0018760256352385873,0.0018742680969277004,0.00769366068672113,0.009508162414610305,0.007261851665740338,-0.0014494570815344332,0.012482397678335304,0.0061234607121211605,-0.18720676193546082,-0.14303300509910588,3,7
2015-07-31,XLK,0,-0.003277099358945268,-0.0032824808092972724,0.0073272324515732835,0.007800763190586637,0.002920523175728995,-0.002717073350994026,0.007949500793754921,-0.0044423339882030686,0.6027731265238976,0.3213485214143952,4,7
2015-08-03,XLK,0,-0.005401579760641928,-0.005416221040425828,0.0061919850503388395,0.007417851468833446,-0.0042323405343612786,-0.005027876216171956,0.012687991026857135,-0.004934278486694586,-0.15704728739002938,0.11533616018217296,0,8
2015-08-04,XLK,1,-0.005903235243975402,-0.005920728214535043,0.005351229771705136,0.007381652493417046,-0.00889875921814609,-0.00791797821094109,0.009453975376945903,-0.004963433995596373,-0.19738429927269174,-0.11983509500635448,1,8
2015-08-05,XLK,0,0.009738673195471614,0.009691557963927622,0.006545322464426004,0.0067609606987581354,0.0013662030726799834,0.0021450766474866434,0.012508912139605859,0.0033042103652989128,0.40772346160618733,0.21297710903698763,2,8
2015-08-06,XLK,1,-0.009879661985168653,-0.009928789690201167,0.007480998121274003,0.007398459417239916,-0.005575516058705654,-0.006584823322478672,0.017407708955188388,-0.009879985545249123,-0.373614425371411,-0.2418659467970382,3,8
2015-08-07,XLK,1,0.0007125998626682506,0.0007123460839406626,0.007647584455929332,0.007260011551991968,-0.002699178722208706,-0.00531346723317383,0.008335281260552534,0.0030959096980611362,0.21545645862455642,-0.058414590319609494,4,8
2015-08-10,XLK,0,0.01566982436112241,0.015548320317622544,0.010629830435308048,0.008202673932121438,0.010869855181449894,0.008368049018809387,0.012290249134615532,0.011108423321927711,-0.29579778830963666,-0.3116925790775297,0,8
2015-08-11,XLK,1,-0.014960396073563142,-0.015073431586413832,0.012864543413305831,0.009321245779139503,-0.004441421023083647,-0.006202200488624299,0.016408831820047872,-0.012189415368580146,3.9074838478104814,1.7233062309031442,1,8
2015-08-12,XLK,0,0.004508938149571762,0.0044988033413497774,0.012090124579644566,0.009166034913912465,0.0008986485719788551,-0.0009909086567503333,0.023189126900372115,0.01195314315355346,-0.6329901808407541,-0.016769114105611327,2,8
2015-08-13,XLK,1,-0.002835155520652055,-0.002839182186682443,0.011139080594212815,0.00914043795522579,-0.00250509225163309,-0.002622809642625623,0.00849859785562866,-0.0035411124579221606,-0.33797343483762965,-0.3480255494616027,3,8
2015-08-14,XLK,1,0.004975143198568954,0.004962808069417957,0.011309823728058657,0.009299468863787703,0.001038201272910655,0.0027183558099208582,0.009263643795335777,0.007600943145423695,-0.10399012628125048,-0.3859423819411565,4,8
2015-08-17,XLK,0,0.005657875259995837,0.005641929601193141,0.008768371709940541,0.009287920615858316,0.0072724444037033376,0.007653194626188853,0.013014653547212748,0.009465251816517207,-0.06069208802284565,-0.4009237325996612,0,8
2015-08-18,XLK,0,-0.005157560890386659,-0.005170907016304405,0.005037616986874186,0.009231226153435983,0.0006598334569201114,0.0016517484549876116,0.005404124408244657,-0.0028196133155517296,-0.160917073519681,-0.4824038946296605,1,8
2015-08-19,XLK,0,-0.006597644363763866,-0.006619505024969996,0.005740186037433751,0.00892240251563522,-0.00514448858360117,-0.004134135810668349,0.014181098306395284,-0.0035452971167615594,0.9667085828768729,0.031216089814008807,2,8
2015-08-20,XLK,0,-0.024430165149079253,-0.024733532705394357,0.012177247010543605,0.011409204703540664,-0.024476778244836406,-0.026255217588240565,0.018221010266483727,-0.013905490987491708,0.4875915731067666,0.4195390471738796,3,8
2015-08-21,XLK,0,-0.0381721135252141,-0.03891975651149737,0.017408021655977768,0.01599404991175213,-0.0488099737791976,-0.0577141315824965,0.03538949804151054,-0.027770884530731753,0.7240891971238954,1.104548009134434,4,8
2015-08-24,XLK,0,-0.039433745896045314,-0.04023232038727231,0.016503060959120568,0.017101328218735036,-0.0653746352692065,-0.08444787025001244,0.22399355016193137,0.026749573719672202,0.5255340905249637,1.5250042836511395,0,8
2015-08-25,XLK,1,-0.00789411998789813,-0.007925443509752661,0.015803990468477892,0.01709507905707685,-0.05061655197339188,-0.08185348601060094,0.04763113782548152,-0.04484419566815866,-0.48467063115065134,0.385914259153318,1,8
2015-08-26,XLK,1,0.05039757191631922,0.04916873242373132,0.03708898246096087,0.025697016786455723,0.010255679888979685,-0.02912611086861694,0.04005203862080789,0.029908912571208094,0.84830210584024,1.1682594667939479,2,8
2015-08-27,XLK,1,0.023232352953997504,0.02296659016689606,0.039134146012937694,0.027361342238642346,0.03695373598822882,-0.0024371557903516416,0.022421467983722437,0.009466892722804363,-0.4153406381221575,0.1685120425524249,3,8
2015-08-28,XLK,0,0.001974285193627967,0.0019723388539469866,0.03369340587787723,0.02727141933639179,0.033499629839861766,0.004031040725434476,0.010411456801106849,0.006445174034450858,-0.3118251224789237,-0.23108770627273623,4,8
2015-08-31,XLK,0,-0.009113223363100942,-0.009155002807114343,0.02521014028917541,0.027087049715195825,0.012584937656987316,0.0008958220980674891,0.013409413823981515,-0.000993317980447948,-0.20134286395732903,-0.4039829042126747,0,8
2015-09-01,XLK,1,-0.03206589385158132,-0.032591266183298995,0.03145556495238976,0.028354015934082613,-0.025964467576055306,-0.02268861318307358,0.024631823118169107,-0.01117324605058242,0.9265540302073247,0.05391349978589055,1,9
2015-09-02,XLK,1,0.024139808207907176,0.02385304875077976,0.02358125156574122,0.03015699633533483,-0.0038467951616609763,0.006663909146951363,0.019736810988412953,0.009109327079495027,-0.40414768190145145,-0.38259100444375227,2,9
2015-09-03,XLK,0,0.000751981404448987,0.0007516988080951137,0.020356162275469374,0.029409023040862636,-5.036582369410958e-05,0.010532955615065731,0.015710655296521853,-0.00473812054710181,-0.13038919677416816,-0.455956070490804,3,9
2015-09-04,XLK,1,-0.015283953524860672,-0.015401957060262816,0.020789530308917267,0.02713745772494379,-0.008877058885873534,-0.004256497923350366,0.011935023056250509,-0.0020315345069775153,0.24924078287750095,-0.28552282225873404,4,9
2015-09-08,XLK,0,0.027989820485860406,0.02760526473283731,0.025604816789360402,0.024599507201536124,0.0179914094076854,0.017427297250026008,0.011985007525097709,0.008739133470306843,-0.3139145894561155,-0.4312201460661991,1,9
2015-09-09,XLK,1,-0.013118850088368106,-0.013205662288917175,0.02032601127117143,0.02498953128350441,-5.006999300116721e-05,-0.0013775181884577714,0.026561776564380052,-0.01942943724771374,0.020910456285829104,-0.38627061623458336,2,9
2015-09-10,XLK,1,0.010032792833202908,0.009982798477774946,0.017810398028408864,0.01970230888501807,0.008010226742571458,0.006951622042265626,0.017834691283105625,0.011554862311089365,0.4529593982781306,0.02435999412748191,3,9
2015-09-11,XLK,0,0.004717781340699556,0.004706687488871708,0.017825084875190342,0.018289383238828092,0.009984820466732769,0.011854028932567262,0.01200298879944261,0.01175287287519511,-0.5108739054790223,-0.44529127929026524,4,9
2015-09-14,XLK,1,-0.002471703353785659,-0.002474763055343221,0.01530633213024291,0.018290162856725987,0.002184883952472738,0.009959242417743264,0.010091061694159307,-0.0066453470505950145,0.08538274268554025,-0.3651191584720701,0,9
2015-09-15,XLK,1,0.012883998886672243,0.012801706258036116,0.010465582682306827,0.018453488690869515,0.012683089618659826,0.021310390612596875,0.015065462708438716,0.009631992429771747,0.18274370752410896,-0.23444793054914403,1,9
2015-09-16,XLK,0,0.004158715694343229,0.004150092136579353,0.005923786367955591,0.014123649069238133,0.010984150854004726,0.02017990352530563,0.0075924898209344,0.005388131181481668,-0.12354076765841471,-0.2392752806109374,2,9
2015-09-17,XLK,0,-0.006820731221411247,-0.0068440987248648,0.007534769164223668,0.012894320593209828,0.0016217170085479626,0.010985373189969838,0.01883562714395919,-0.002690817208352731,1.1744470789442998,0.5899434132255599,3,9
2015-09-18,XLK,1,-0.01298433781782471,-0.013069371202242941,0.0099879676578059,0.013777104754985765,-0.010316960996760494,-0.002959091835031624,0.012714991617366944,-0.0012465528870533875,0.07939770953249203,0.6082483196272683,4,9
2015-09-21,XLK,0,0.009984679048260725,0.009935161478966226,0.011041616363787875,0.012756327287183582,-0.0018220036163647535,0.0036577668445556544,0.01221035797220851,0.008223224709047353,-0.6157570203863075,-0.34221518293535746,0,9
2015-09-22,XLK,1,-0.016806744996701872,-0.016949581002727143,0.011331425761584824,0.010907843083690817,-0.014139928132038682,-0.012135487599155947,0.011052560317203421,-0.0007536446360001813,0.7653937878918484,0.13096443336732544,1,9
2015-09-23,XLK,0,0.0025140104947356523,0.002510855656776112,0.011037522256470087,0.010073063045829906,-0.006808867264279761,-0.010116488016006175,0.00926851074288366,-0.0010019314294756854,-0.5379144219657883,-0.4575571059140242,2,9
2015-09-24,XLK,0,0.0,0.0,0.011149757815806157,0.009503963201062521,-0.0032989769890009457,-0.009602080570465632,0.019528289419328198,0.011412649238057038,0.942199992955514,0.08457634136195069,3,9
2015-09-25,XLK,0,-0.0017553296295526044,-0.0017568720258136494,0.00980062493190347,0.009329259624840911,-0.0038035954135046124,-0.01018919572243493,0.016645917240877328,-0.010931642899602096,-0.018071852160824076,0.024966091283306513,4,9
2015-09-28,XLK,0,-0.02285865555945621,-0.02312396550921525,0.01130972672993945,0.011605064579991147,-0.01891557471977512,-0.029729858755135452,0.020686168200051813,-0.018667958505639477,0.16201091523608113,0.1357876038458623,0,9
2015-09-29,XLK,1,-0.004370102837513157,-0.004379679648201407,0.01013514137499534,0.010143911851130427,-0.018002039787756496,-0.029208341401808058,0.020769168169070512,-0.006923088660606971,0.041332559821350534,0.13856869522602988,1,9
2015-09-30,XLK,1,0.019881287764524247,0.019686235978389366,0.015193670750994811,0.012619337441485214,0.0034549813190329903,-0.006506722107246343,0.011989826825398293,0.007653041612799477,-0.048582810568249424,0.040327849974089336,2,9
2015-10-01,XLK,1,0.0005064096826052911,0.0005062815004950316,0.01521051924367187,0.012606303653927077,0.005802822346885339,-0.003328852528106885,0.016455638257763052,0.000506340702877769,0.08431995379728563,0.15963960068868088,3,10
2015-10-02,XLK,1,0.014170228637604865,0.014070769419832985,0.01678682538913834,0.013035571290287597,0.018655247477482595,0.010743216701509795,0.02969799337750608,0.02611368207634375,0.10349164077526263,0.3157500136717337,4,10
2015-10-05,XLK,1,0.019710279894978644,0.019518547630724026,0.011246624232357142,0.01416653159607043,0.02843474410153024,0.029600686104482632,0.017852744557742956,0.013389463831223348,-0.4255614399678219,-0.25475448531016887,0,10
2015-10-06,XLK,1,0.0012232705863604032,0.0012225230005009635,0.009623514999127053,0.012706525714205547,0.01846763390730488,0.0279081163368593,0.007119987824437758,0.004664832527482819,0.15042770950763806,-0.1241361663109748,1,10
2015-10-07,XLK,1,0.004643735801985072,0.00463298692467129,0.008493114091364268,0.012717141102462382,0.01506200181798878,0.02950050765001766,0.01604277727768215,-0.0007291876456474433,0.5438277929376438,0.24651797466322334,2,10
2015-10-08,XLK,1,0.004621121637005121,0.004610477035148719,0.0077458177342433765,0.012675259200079054,0.01086714665053723,0.030593145630191554,0.01538464118138424,0.008546971125769775,0.01024384153913882,0.21599615305220987,3,10
2015-10-09,XLK,1,0.004358736009207442,0.004349264232749839,0.007298457236517659,0.012536153085895356,0.008362623864256236,0.030789608873199592,0.006277120546280882,0.0014486087866609739,-0.26005541535499643,-0.10411031180725361,4,10
2015-10-12,XLK,0,0.0012053846868500528,0.00120465879399001,0.0018256527838388696,0.008392009724806804,0.006348817755660319,0.025330904566972734,0.006013952413647165,-0.0009622544099350611,-0.4423856194787501,-0.47462398309176546,0,10
2015-10-13,XLK,0,-0.002167349237020888,-0.002169701337541685,0.00300019218837873,0.008095899933157765,0.0016434490111174593,0.016308846753180894,0.009440798273625612,0.0031468711957491845,0.41113230449106997,-0.2322266182823689,1,10
2015-10-14,XLK,1,-0.0019306020011412572,-0.0019324680152585927,0.0032718458571755126,0.007056027633319504,-0.001496944440261272,0.009740729375422585,0.008712502735005017,0.0009680763751882191,0.4249759824839696,0.09135071130594885,2,10
2015-10-15,XLK,1,0.012814381607537229,0.012732972156421773,0.006170447854094207,0.007324371533367719,0.008425507031615487,0.016796778640845833,0.009631628645226714,0.008668447409900394,-0.33977469602778276,-0.24661522978866157,3,10
2015-10-16,XLK,1,0.0019098627251552536,0.0019080412561427451,0.006118329241577362,0.006786018339461487,0.007973517030931632,0.014086527895291745,0.006666637602306548,-0.0007142566499255952,-0.11109132143578049,-0.2826246109501249,4,10
2015-10-19,XLK,0,0.0038124442052311913,0.003805195258118399,0.006105732598760117,0.0042519571510538185,0.008908697425799028,0.014862974939884088,0.008834831354952562,0.005969436332950193,-0.0526561852984786,-0.310643468118196,0,10
2015-10-20,XLK,0,-0.0026112791719204997,-0.0026146945082707873,0.006200116103653321,0.004594055433642262,0.003486569434457909,0.009537841580053108,0.006911366107123174,0.0014299660295564497,-0.16401347978736902,-0.4008246505846328,1,10
2015-10-21,XLK,1,-0.0076153051653368165,-0.007644449658807062,0.007638566091555602,0.005544814983418027,-0.005769869237767011,0.00043184798159479065,0.013535969759261897,-0.009736400889800092,0.5883553441616489,0.010979148528222904,2,10
2015-10-22,XLK,1,0.022541742584519353,0.02229143214508067,0.01146793450083326,0.008690756482267336,0.013018907823211023,0.019705163413932025,0.017380941481817336,0.015238080705915178,0.5117019920995625,0.5472147200591237,3,10
2015-10-23,XLK,0,0.027907981956693195,0.02752565131128204,0.015640535950560024,0.011699717139627532,0.03216820643774887,0.042305520005477826,0.010068618284376161,0.0029748527653455795,0.1724992975554931,0.7150351859786264,4,10
2015-10-26,XLK,0,-0.003878456345360659,-0.0038859970610447547,0.016603105748499204,0.012017392089603953,0.020808999069015677,0.03303042958386415,0.006622537325056628,-0.0029687386480308966,-0.5034598033753303,-0.16509603596651967,0,10
2015-10-27,XLK,1,-0.005726091665683497,-0.00574254858117218,0.01711698109776575,0.012305051786014539,0.008409220228012826,0.022349858700695613,0.007346181926900209,-0.0034435610915953796,-0.0734909086521639,-0.2164069826413585,1,10
2015-10-28,XLK,0,0.014973222127190544,0.014862230005036725,0.015296035598843441,0.012449763014803735,0.01240789465500991,0.031101218503486905,0.01329974370413135,0.010318751585447993,0.9246776924078657,0.4776526482491641,2,10
2015-10-29,XLK,0,-0.0027231159459222276,-0.0027268303708885,0.01476139377522907,0.012531357489756397,0.003654846416708324,0.023383763518034062,0.0075342885114815855,0.003196333152672287,-0.48516874610950234,-0.23302478935649273,3,10
2015-10-30,XLK,1,-0.006599884000201839,-0.006621759538410377,0.008942516717540951,0.013032792097599813,-0.0021486977828774068,0.012667181832616059,0.008634425871570813,-0.008179886602680412,0.2274280457353135,-0.07585609101820578,4,10
2015-11-02,XLK,1,0.008934653516800006,0.008894975663515048,0.009644840051350639,0.013124581302844128,0.005020632429798333,0.017207641540602836,0.010061798445281862,0.007088986428906839,0.4715241715295251,0.2759267047495968,0,11
2015-11-03,XLK,1,0.0052226735655864776,0.005209082705877943,0.008715041038548874,0.012883183707103348,0.0063195167596104,0.017233693586387933,0.013895229821164565,0.008428221390075635,-0.49946519394905153,-0.36693833377506846,1,11
2015-11-04,XLK,0,0.0011294185784600508,0.0011287812651148421,0.0061692891738918225,0.012186805149704653,0.006266521591822283,0.012288365544132818,0.005183672476292262,-0.001126870368811681,0.060997237970635165,-0.31496717781794903,2,11
2015-11-05,XLK,1,-0.0029330979720445516,-0.0029374079336577097,0.006203231258307938,0.010989986290885856,0.0021772989715036495,0.005758526105810846,0.010820634588124493,-0.0038323259987266,-0.07806976680459266,-0.3205744139035468,3,11
2015-11-06,XLK,0,0.003394097705797572,0.0033883507563134962,0.004441413201639746,0.00697293328153485,0.0024414963505570153,0.008002108689513232,0.008608995771856556,0.0045310549548026645,0.02082094875757945,-0.23006306199265136,4,11
2015-11-09,XLK,0,-0.009697784299294243,-0.009745114053863357,0.005938383590895568,0.007651726610357138,-0.006696075620402642,-0.0023402876636816616,0.011535813890399371,-0.006785777952343636,0.4771215187293454,0.11408678198214828,0,11
2015-11-10,XLK,0,-0.006604296021180733,-0.006626200881536093,0.005379955755334734,0.007736932004741424,-0.010345775426297776,-0.009401790831703893,0.005267969377923877,-0.0009161913803743349,0.7024403224852653,0.715898682974027,1,11
2015-11-11,XLK,0,-0.000458578249838526,-0.0004586834290005726,0.005120088563069637,0.0058373097060633195,-0.007557182795286388,-0.008820663030763676,0.009377855351430285,-0.002744801995229709,-0.5252152165480829,-0.12835577870433645,2,11
2015-11-12,XLK,0,-0.008715407573008038,-0.00875360885940335,0.005653087710429405,0.006317811797020651,-0.011843090833596026,-0.015848338361368564,0.008988232199456535,-0.003917911300682549,-0.020375315506456437,-0.1499555086247668,3,11
2015-11-13,XLK,1,-0.01966716553929937,-0.019863137976999123,0.006947076659033271,0.008450662106069278,-0.022471559965922094,-0.03238352068809003,0.017877883984666103,-0.016252629856033485,0.8726537216828478,0.5012158482349995,4,11
2015-11-16,XLK,1,0.015341359158091539,0.015224870394194845,0.012855982825171426,0.009613725925175181,-0.0033821930497875963,-0.01524508711349104,0.01773049677369493,0.01702130576097756,-0.3965263976497019,-0.04983569499968599,0,11
2015-11-17,XLK,1,0.0002323871371971986,0.00023236013948890744,0.012876068117660722,0.009304460126503681,-0.0004181046519916576,-0.012212459999855763,0.009742565012669643,-0.001855760378613344,0.03471671512908636,-0.042066128680301906,1,11
2015-11-18,XLK,1,0.015105947708568213,0.014992989025215842,0.01520938310228971,0.010876818298101052,0.014304472392551393,0.004184312005375279,0.012491346778751527,0.010409455648959606,0.08221919441369319,0.007236153821767122,2,11
2015-11-19,XLK,1,0.0045784987795916,0.004568049337087654,0.014341765809101552,0.011017662834955439,0.01583475365273368,0.009501441318484405,0.008691698479077102,0.0036596487407311237,-0.07861864106700245,-0.09559426239400326,3,11
2015-11-20,XLK,0,0.0072926023029209475,0.007266139854273934,0.006626304167858953,0.011243286180462045,0.014645696492655791,0.0171909460203592,0.0047662935230234635,0.0031774712956160853,-0.22196957566052844,-0.299181888464512,4,11
2015-11-23,XLK,1,-0.005882317491958222,-0.005899686468211929,0.00784252545892676,0.01094826464403943,0.004434650510971361,0.011137685754929683,0.010626299470211596,-0.00655665653467653,-0.008383414286106339,-0.28498711372079566,0,11
2015-11-24,XLK,0,0.00022761929382486557,0.00022759339248334953,0.00784313869338502,0.010692037216741909,0.0004552639592112495,0.010600399317248543,0.01329974370413135,0.007796380367561515,0.5640298321595107,0.18849795913217382,1,11
2015-11-25,XLK,1,-0.0031853584168496374,-0.0031904424701969525,0.0054108047269647245,0.010762395607772337,-0.003321406436333385,0.006895046912933633,0.0038671971606711298,-0.003412140907769539,-0.4181750623706142,-0.29648563735731226,2,11
2015-11-27,XLK,1,0.0022823585666309487,0.0022797579426034886,0.005076494114678917,0.010262653951239844,-0.001182949823882784,0.0075952794836164905,0.004559980851715953,0.0011399734693288254,-0.42208740078459994,-0.5741455347298787,4,11
2015-11-30,XLK,1,0.0011386784754741086,0.0011380306728518974,0.00337018443611951,0.007080289636872544,0.0010473947596216782,0.005075532930270077,0.006595339840325817,-0.00022747636917870445,3.479595863919804,0.8662384426090244,0,11
2015-12-01,XLK,0,0.008871844318233624,0.008832720736043687,0.0044154477001968825,0.006131759627673545,0.008046216961508756,0.010918378793568273,0.007023139501078382,0.004757568812334522,-0.5430998026501268,-0.13498715101752157,1,12
2015-12-02,XLK,0,-0.006313549006944363,-0.006333563744632897,0.005780603820956354,0.0067827468587280445,0.001135774439299464,0.0021602030616083567,0.012387369778354067,-0.007432473416973718,0.24657410978274852,0.07468525578508722,2,12
2015-12-03,XLK,1,-0.012933689300947848,-0.013018057713154452,0.008406604171571,0.006747526543567314,-0.010418838206799674,-0.010396351156938377,0.023308413924102975,-0.015614361804753273,0.22245826071712171,0.2896393039561791,3,12
2015-12-04,XLK,0,0.024597464343878883,0.02429981774328649,0.014534374440448278,0.010378754284272141,0.010886782154500896,0.012356281894291277,0.025441223542915517,0.021544776614638557,0.08316813308251025,0.3460429678736836,4,12
2015-12-07,XLK,0,-0.004935974129777532,-0.00494819628549914,0.014983354245160022,0.010355139536261042,0.00412064423013514,0.007016213751618983,0.009434006723361019,-0.003818553052438977,-0.001970374293235322,0.2698216092327601,0,12
2015-12-08,XLK,0,-0.002480568460618726,-0.0024836501678744405,0.014507236123931205,0.010180720557628142,0.0021290728442187046,0.003834473915411696,0.011826255249654881,0.006140560615598598,-0.11210387907826047,0.08292463793219951,1,12
2015-12-09,XLK,1,-0.014692403832801015,-0.014801406186624622,0.015786695671775132,0.011294384346727158,-0.010442722537730043,-0.010105645853992429,0.022701475989099926,-0.010442658171163953,0.42849986377578375,0.4773506052502894,2,12
2015-12-10,XLK,0,0.002753166328541168,0.002749383308057407,0.014607394677962352,0.011309102695460744,-0.008663504220419949,-0.007154837616967891,0.010523886847576354,0.0,-0.44177089806138836,-0.193600278712448,3,12
2015-12-11,XLK,1,-0.020819200182424558,-0.02103897544575206,0.009547211685872881,0.01298721972702483,-0.021445859095686193,-0.025367752868992066,0.013185281074715739,-0.009946803371017037,0.8692331430334825,0.34951502661584866,4,12
2015-12-14,XLK,1,0.007710403689767498,0.007680830444403153,0.011947013285216673,0.013351905096680565,-0.008368840946288203,-0.015993136482762127,0.0184622785376168,0.007945785120666208,0.2402021190662902,0.6219379792359367,0,12
2015-12-15,XLK,1,0.004405289854126915,0.004395614968155659,0.012752627945483444,0.01302504444044589,0.0002309501399062608,-0.009330299756003413,0.008283493279689993,-0.0032213389921229045,-0.19075125272175786,0.22522736515545771,1,12
2015-12-16,XLK,0,0.013619361613250947,0.013527451670739321,0.013168144877212675,0.013837515820003494,0.01235748045094831,0.00452954405577688,0.019270478312627872,0.007341126260703184,0.06767164652594593,0.23291444263838734,2,12
2015-12-17,XLK,0,-0.01571372382497349,-0.015838493169940016,0.015177164860840298,0.014144555200290726,-0.0012939278826955558,-0.010621599496601908,0.01995919857268547,-0.019732341321702183,-0.3337331763307618,-0.1799647161205341,3,12
2015-12-18,XLK,1,-0.01939400493995236,-0.01958453611854072,0.014746381390508878,0.01215318097350017,-0.0187663870707806,-0.024925306042253292,0.020289242651837267,-0.01655790301968688,0.8841071635036255,0.44727760395652694,4,12
2015-12-21,XLK,1,0.010197252646551691,0.010145611434725144,0.015185874841629596,0.01306386071967729,-0.007307834884275,-0.0114889003141887,0.009172139827134645,0.0018814208724406338,-0.5106798925216645,-0.2843194325484545,0,12
2015-12-22,XLK,1,0.0072770005580247155,0.007250650943020354,0.015510090516450645,0.013500703041760358,0.000818539426475251,-0.001726835060599341,0.009822221361823782,0.003507987178834103,-0.15055583922316873,-0.38459002413588783,1,12
2015-12-23,XLK,0,0.008389498094545589,0.008354501853106822,0.014433300879548134,0.013146549221430912,0.011198624370915455,0.006887456206606801,0.007185938286438672,0.003013469400892678,-0.1515723535739143,-0.44848855853515246,2,12
2015-12-24,XLK,0,-0.0004621506702073841,-0.0004622574947421576,0.01221111324365989,0.013106710932819138,0.009570540354365109,0.006988151382728791,0.003695146656611606,-0.001154716811582584,-0.6976122705181907,-0.8252759509525864,3,12
2015-12-28,XLK,1,-0.0006936453663441977,-0.0006938860495973032,0.005145884117969177,0.011014598778689202,0.00394887154572543,0.00480665290516713,0.00928293164220105,0.0030169660630049175,1.9501808615586977,-0.4455774115204212,0,12
2015-12-29,XLK,0,0.013650996425118134,0.01355866093865421,0.006159679118224722,0.011532768087668925,0.011965179172080509,0.016407090807394553,0.012189484472786987,0.00758973860462268,-0.05127347712199748,-0.40907031761212065,1,12
2015-12-30,XLK,0,-0.008445574272217482,-0.00848144021637598,0.008628578552895097,0.011958874005320893,0.0009677327145212189,0.0070367853936534885,0.007992744496478266,-0.007992744496478266,0.056878928508488524,-0.31724084278276177,2,12
2015-12-31,XLK,0,-0.014042106638766705,-0.014141629793156252,0.01043531241480904,0.011873966404512888,-0.0110827336631939,-0.005119419188155505,0.011318961732656787,-0.010625989252581947,0.2276106440630863,-0.08035172421690151,3,12
2016-01-04,XLK,0,-0.01307484984996976,-0.013161078138583804,0.011446530038188001,0.011558577564431918,-0.019575802194375713,-0.016450413745747405,0.01592958029171096,0.004992845402187982,1.4493293338615656,1.0492282224636083,0,1
2016-01-05,XLK,0,-0.0026027700787323305,-0.002606163173683118,0.011318061600121743,0.009778648234979656,-0.01729543079133422,-0.018987553614228103,0.012499970759986634,-0.005660416741266188,-0.25747506770308615,0.625458283087432,1,1
2016-01-06,XLK,0,-0.012334001245516646,-0.012410696329542503,0.004699103074787949,0.009768703860388394,-0.019497239695003055,-0.028918123862520795,0.012758757044195572,0.002407281461655314,-0.13747261501692887,0.36479083101328214,2,1
2016-01-07,XLK,0,-0.0295387637051866,-0.029983819164784986,0.009675691824565342,0.012375678498631998,-0.03468546075999834,-0.05207605573301366,0.0227997127801427,-0.009316034802308158,0.2151980026554292,0.5464314180664167,3,1
2016-01-08,XLK,1,-0.007918699224833459,-0.007950218628929306,0.010097745557314425,0.011309809884624634,-0.02962667422960885,-0.05251458825559985,0.02109913262428253,-0.01643763975798197,0.14206060318157787,0.6015811711725216,4,1
2016-01-11,XLK,1,0.006485584811038558,0.006464643899804834,0.013366827868386222,0.011986500364576963,-0.014170264377291408,-0.03978846694228344,0.016844199236247883,-0.0004954287414626421,-0.005095382439648355,0.3988617630610314,0,1
2016-01-12,XLK,0,0.011895760650761256,0.01182556225054432,0.01638310689130574,0.01329483636048749,0.004082306044681516,-0.022808251560742843,0.014958234769834742,0.0012261660925600118,-0.17211825388944924,0.08910734530084574,1,1
2016-01-13,XLK,1,-0.026941048827470837,-0.02731061160932491,0.018848875852373208,0.012959148276823172,-0.013703443354799338,-0.03975832310717853,0.035740364272509054,-0.03403845099737219,0.38636880113119876,0.3674474496911735,2,1
2016-01-14,XLK,0,0.018877524835323234,0.0187015554913188,0.01821611667959206,0.01580878647180124,0.004566220218062522,-0.014581595960421412,0.034335907122546236,0.014536290580872248,-0.0986554231569553,0.1428861749893624,3,1
2016-01-15,XLK,1,-0.028162099423511333,-0.028566257383416005,0.022333680733561404,0.017093999135114918,-0.020076755873882357,-0.034127149561600456,0.02196120055420265,0.004596534879396241,0.019307320818767737,0.0933490255236511,4,1
2016-01-19,XLK,0,0.0010168547090869673,0.0010163380625440865,0.021846788927721638,0.017239726073593448,-0.014317121579837555,-0.026235631915397573,0.02110553187663652,-0.01055271801498486,-0.02572133731130255,0.0767779697278752,1,1
2016-01-20,XLK,1,-0.00787213020581512,-0.007903279002082098,0.019793285206282624,0.017173435667789387,-0.013383881257773345,-0.026462687797675466,0.03694136757934935,0.009299938487881954,0.507304616761959,0.5107843977011775,2,1
2016-01-21,XLK,1,0.005631022199133806,0.005615227260323152,0.01747920574300517,0.017541364532255344,-0.005618511298657536,-0.015214125702360581,0.02697890935584338,0.0,-0.25297484459263364,0.08289365865590415,3,1
2016-01-22,XLK,0,0.027742538726206467,0.027364686955542172,0.020352670049091068,0.018214362078653346,0.022485685958749224,0.012182412087633487,0.010239756194738577,0.008491512108233745,-0.4918525278170557,-0.4342520873151594,4,1
2016-01-25,XLK,1,-0.011639838711504424,-0.011708111944169985,0.015456175977145646,0.018432532697409926,0.0076753507835953805,0.0008523761700955923,0.016683221401667583,-0.006225099625245887,-0.0682420298358849,-0.4485853709866232,0,1
2016-01-26,XLK,0,0.009772148856277862,0.009724710210940568,0.01567320402000207,0.018595476649016014,0.012817230890771913,0.010759618372082613,0.014225098556660203,0.005739943698228598,0.09475602541839212,-0.37098046611379776,1,1
2016-01-27,XLK,1,-0.020595574927801397,-0.02081062157812008,0.018925567354146765,0.019123312910563236,-0.01003268877422947,-0.006669290934517291,0.02301721643352826,-0.012509381654484831,0.5707574714346724,-0.02363602184120328,2,1
2016-01-28,XLK,1,0.01292138518652819,0.012838616318749718,0.01952892916078805,0.017732676349868862,-0.0006997640876564848,0.005533257570572436,0.015730364047853926,-0.0017478076443867706,-0.025279651988636354,-0.025103306817084503,3,1
2016-01-29,XLK,1,0.03151592524221858,0.031029492326343888,0.02072922120889666,0.01952635680196429,0.02638154009686544,0.03524471251942707,0.025800071448681156,0.02307120499856866,-0.082741307466357,-0.08711222254263373,4,1
2016-02-01,XLK,0,0.003636538531107014,0.0036299423116306073,0.0188121898665733,0.016401957828362932,0.02258087069370296,0.03369000159498259,0.013148305808129736,0.007791567986413845,-0.0816716625396412,-0.13531110521560974,0,2
2016-02-02,XLK,0,-0.017878027489753645,-0.01803977008197144,0.02178766152146927,0.017953953360983845,0.002565226659017261,0.01199984015466904,0.01841527291260868,-0.015022993094445969,-0.05717935028687671,-0.1566246123527243,1,2
2016-02-03,XLK,1,-0.0012301588511759443,-0.0012309161176782268,0.018212464049606324,0.017613389514163084,-0.004218527079626999,0.006919550867739099,0.023466122905238387,-0.007577642983311469,0.5415304776650036,0.367249137609873,2,2
2016-02-04,XLK,0,0.0009849812211304432,0.0009844964454313043,0.017822641302799987,0.017626494220692516,-0.006454275870762527,0.004548013632946102,0.017275438179451756,0.0029614740999286864,-0.15359756721317575,0.18691910544030943,3,2
2016-02-05,XLK,0,-0.028051336499702595,-0.02845229124538884,0.01378688594541575,0.01793598427489758,-0.026038256423185913,-0.021502420751457918,0.02989128206906619,-0.024209475131387014,0.30624241192337487,0.4333077343183931,4,2
2016-02-08,XLK,0,-0.014430029109400389,-0.014535154513424242,0.01206884176920347,0.01812236707155968,-0.028304652080293535,-0.03327530988400729,0.020082455997162744,0.002317202683684695,0.04390723964773269,0.37718703497591455,0,2
2016-02-09,XLK,1,-0.004623818048933082,-0.004634540962242362,0.01194314708159101,0.017618490919017418,-0.023535940587715687,-0.03402721815566989,0.023400877082833685,0.007540325596222517,-0.0026630246480858766,0.27924979148816975,1,2
2016-02-10,XLK,0,0.0015485058964461729,0.0015473081974604064,0.012475212872789737,0.016633545259612196,-0.013120966691224978,-0.030937045540132324,0.018935461338220726,-0.006908916200436758,-0.31428825342451916,-0.1180297069416647,2,2
2016-02-11,XLK,1,-0.0020613721656270734,-0.002063499717516404,0.011933506429479277,0.01583999132125242,-0.005495019346340668,-0.02990680329191364,0.01904512150700937,0.010435629847989347,0.45079823269513986,0.2342822260412485,3,2
2016-02-12,XLK,1,0.01394275549880919,0.013846449432209695,0.01029960204943784,0.012114751241541622,0.009563525198962086,-0.011503398388724384,0.012295069953377443,0.0058913815789602255,-0.5576697404912434,-0.4393728699987751,4,2
2016-02-16,XLK,1,0.0178249353155,0.017667934101714078,0.00997889607581225,0.013912208178220547,0.022093545282995564,0.009725631540577817,0.012339407581631738,0.006547523098083737,-0.055088402151761584,-0.4576862163691483,1,2
2016-02-17,XLK,0,0.020515788755438136,0.020308174735965245,0.01004532457878152,0.014744814503797948,0.032292469520180944,0.030076659348031276,0.01791038289406273,0.014676620432599947,0.08115958924737443,-0.404821561988417,2,2
2016-02-18,XLK,1,-0.0039224111279604346,-0.003930123957688103,0.01144474254153556,0.014803202639583114,0.018857717082404024,0.025958537603581133,0.010505748887605207,-0.0073295684051732255,0.040409032501550035,-0.3460492925568657,3,2
2016-02-19,XLK,1,0.0007382692830109061,0.0007379968962988315,0.010802866468527345,0.014801904179230281,0.009835162415469778,0.026664096034067386,0.009881366494688024,0.004446647905417369,-0.25902542665653283,-0.4875873128689986,4,2
2016-02-22,XLK,0,0.013280830860671333,0.013193413757097261,0.010743604247350134,0.011442078880692735,0.013530172812221686,0.03585261636670012,0.007067928575625655,0.004143358242758676,-0.23179047241616446,-0.5613300604088849,0,2
2016-02-23,XLK,1,-0.015776610131435942,-0.0159023854713789,0.01430112968189185,0.01169194992930768,-0.005298498103492366,0.015374728192268039,0.014623409504556067,-0.011698746198318892,0.24258424750026553,-0.38706348059926243,1,2
2016-02-24,XLK,1,0.007644782329059963,0.007615709059164644,0.011167842306386198,0.011306725062697538,0.001961686421375175,0.01775974634035582,0.025928623410733043,0.018698578623467795,0.23870810183771907,-0.1475294117647059,2,2
2016-02-25,XLK,0,0.012481397379181747,0.012404146870939492,0.01196425205621942,0.011423737765783539,0.010799225039527904,0.02393365275651882,0.017317050840796495,0.009024364192311356,-0.07304522692322857,-0.15610382990332805,3,2
2016-02-26,XLK,0,-0.0026589808724490904,-0.0026625222411031935,0.01226531054953837,0.01147475754789032,0.005164477199625983,0.014856116961553978,0.011298106681314127,-0.008173080890841884,0.039262394453070115,0.011931819946838562,4,2
2016-02-29,XLK,1,-0.007028362412693334,-0.007053177694013257,0.011334671328351429,0.011854564507045869,-0.000780405322845179,0.0035271726359094036,0.015526428207066425,-0.006065016802436075,0.3918404518756524,0.37002403250532323,0,2
2016-03-01,XLK,1,0.029777872888046897,0.029343121593899735,0.014439018379491688,0.013810016333409472,0.020808195199132795,0.027821052930077528,0.02250726795848147,0.02105515339569914,-0.09540578889713935,0.21471255199021444,1,3
2016-03-02,XLK,0,0.0028440886220850725,0.0028400518541791264,0.014630490931554782,0.012767083716958096,0.016578495157212325,0.026941550630419586,0.008087539133766114,0.006422465553847028,-0.2890151330440013,-0.11557184380133956,2,3
2016-03-03,XLK,1,0.0,0.0,0.014543720884680424,0.012564223309414611,0.012007201302447701,0.022771068980335096,0.008504620712949135,-0.00047248894161395664,-0.09878716521301767,-0.1720157953328152,3,3
2016-03-04,XLK,0,0.0026000074360981174,0.002596633264080328,0.01407118137209258,0.012522098577913235,0.009039053258144136,0.021086089508667083,0.01134214427451975,0.0023629129216020213,0.0002536815535458814,-0.16573040245608017,4,3
2016-03-07,XLK,0,-0.006129352062670512,-0.006148213653407453,0.013873206891128,0.012482466609405139,-0.002791132552628972,0.012487862299316754,0.011853959136615902,-0.00047416921808835736,1.0052879189439379,0.5242309686796971,0,3
2016-03-08,XLK,1,-0.006166645745826593,-0.006185738036434074,0.004501545393015944,0.01123754651692376,-0.007579117978828931,0.0029924344728826657,0.011930326934393306,-0.00023856648937259562,-0.2600942232902267,0.09087027216516375,1,3
2016-03-09,XLK,0,0.008591522640588378,0.00855482554940501,0.006243532786413275,0.011281777029659972,0.0011844316698763624,0.00823082578439327,0.007388021450308657,0.007149648322360472,0.03932310585017729,0.1128478164184541,2,3
2016-03-10,XLK,1,-0.0009462908383165436,-0.0009467388541497535,0.006249502392636635,0.010876740191127724,0.000663704091318218,0.005238191880303944,0.021913297249507906,-0.005183727924708444,0.06313833199019792,0.1461388160950925,3,3
2016-03-11,XLK,1,0.015395157772726042,0.015277854731846396,0.009542388276236534,0.011482686418554683,0.013906380457999745,0.01681621348255047,0.007973737276141502,0.005393985589318848,-0.3177732743417593,-0.21141451141781953,4,3
2016-03-14,XLK,1,0.0011664564691766799,0.0011657766874022535,0.008456047918053296,0.010893923151020815,0.0114529824295595,0.013315597047337091,0.0065512112377371185,0.004211429186003078,0.14067867711250437,-0.0710680192528399,0,3
2016-03-15,XLK,1,0.0037282520291599397,0.0037213193234699737,0.006536573136889227,0.0064375317291144,0.009608911347361415,0.014960804423659324,0.009122792740314328,0.0077193410773026315,-0.3717162480493793,-0.38224055197756124,1,3
2016-03-16,XLK,1,0.011606110265191871,0.011539275994315812,0.007005212695071985,0.007109975007321659,0.015046399918180908,0.023677584646180305,0.01819035854861804,0.016324644251465764,1.334546202401481,0.36219466490910324,2,3
2016-03-17,XLK,1,0.003671396253702497,0.0036646731289553536,0.0060713406929212115,0.007033113839883309,0.01161020867577034,0.023996279415108734,0.009885064486799568,0.005517279964753951,-0.36523931177957425,-0.14701088193780454,3,3
2016-03-18,XLK,1,0.0016086490983160395,0.0016073566082783763,0.00421746290512555,0.007051847997931643,0.008849277367814823,0.022315921052993737,0.00732432375561105,-0.0022888184313185522,0.005049588453203135,-0.1544724209316215,4,3
2016-03-21,XLK,1,0.0034409416734773046,0.0034350351790672917,0.0038979698072918265,0.006239781529464114,0.007489855018397051,0.021540207796187705,0.006668132665850514,0.005748447697204447,-0.14986616247450713,-0.2269651851816079,0,3
2016-03-22,XLK,0,0.00022890119743324,0.00022887500355128765,0.004420162849113668,0.005317723228508774,0.0036209814370062876,0.016879956957219333,0.008727543533019385,0.004823129996714489,0.6383957018804274,0.24949140461895136,1,3
2016-03-23,XLK,1,-0.005714804019767317,-0.0057311959933694645,0.003825088520404196,0.006070210887512963,-0.00275132858315541,0.00766664402881867,0.0075532579864387465,-0.00434878994463581,-0.18590853281882724,0.03180540573978052,2,3
2016-03-24,XLK,0,0.0027590366075407324,0.002755237452440884,0.003663075394819637,0.005884422564363585,-0.00045820814980901403,0.006686869047775712,0.008543036715601249,0.007157643702706586,-0.36832441850661823,-0.3067914535256674,3,3
2016-03-28,XLK,1,-0.0025220119034281563,-0.0025251975327060805,0.003803635121431331,0.004529676038939749,-0.0026133314613752123,0.002169030282173967,0.006642256448485379,-0.0034356739899942396,-0.04970933681338241,-0.3245002535232351,0,3
2016-03-29,XLK,1,0.015628794049093342,0.01550792220809516,0.00820662659483024,0.0062260501352495315,0.010889041766387386,0.014360119557567552,0.019341472408135888,0.01749938559044012,0.5732677902621723,0.06251126378924932,1,3
2016-03-30,XLK,0,0.005883702692162096,0.005866461309202542,0.008277779597242397,0.006274127623621908,0.013590675425812382,0.016625619555188598,0.007203955605922004,0.0006754298791285383,0.08994693250012409,0.10378710790158596,2,3
2016-03-31,XLK,1,-0.002024429409829609,-0.002026481336835584,0.007401561509485765,0.005819981822248259,0.007586726338704386,0.01225420233169583,0.0067583477333359,-0.0006758003989491063,0.3282218359527862,0.46846378217285833,3,3
2016-04-01,XLK,0,0.0076640827928808886,0.007634862911118034,0.007529034509406957,0.006056951914077609,0.010352009269038343,0.017273044776080715,0.016118113767697315,0.014755994032618304,-0.3384743985912887,-0.03137844651759136,4,4
2016-04-04,XLK,0,-0.00380280053813542,-0.0038100495676798296,0.00786028795597913,0.00639701294525392,0.001890045673328622,0.011241266300606068,0.006497891745167972,-0.0022406965365233534,-0.20804979854788763,-0.21904635450446075,0,4
2016-04-05,XLK,1,-0.009656667835441057,-0.009703595808558507,0.00714872814407887,0.007370968515542079,-0.007382864906563258,0.000657968813781773,0.007685355779572245,-0.0031646292729199357,0.4028013915408961,0.06588321105503159,1,4
2016-04-06,XLK,0,0.0097508283458978,0.009703595808558507,0.008137596328521079,0.007880072497664153,0.0019351091879962201,0.008630061804073552,0.013148900664973245,0.0095216087765537,0.0384482710398002,0.1290160729073646,2,4
2016-04-07,XLK,0,-0.014372581642359439,-0.014476867639293456,0.010564055692456291,0.00916748451047084,-0.01037212328450643,-0.006744002339110988,0.013119159203084615,-0.007238174653946292,-0.04557166584369532,0.07804791481810125,3,4
2016-04-08,XLK,0,0.0,0.0,0.009273297238551732,0.009147845135735699,-0.006744011899534996,-0.007350527470094237,0.012465984822657643,-0.005213045054498208,-0.17572359819018146,-0.12922417399617026,4,4
2016-04-11,XLK,1,-0.0027341317106464036,-0.0027378762757321873,0.009280235389640581,0.009156272284424897,-0.006040580525159545,-0.01064634851478985,0.012931027022386596,-0.007032698738969139,-0.07123293924316432,-0.20492523155407194,0,4
2016-04-12,XLK,1,0.006853777686780971,0.006830397320917836,0.009434631404249518,0.007892837627140829,0.0009082217834706086,-0.0035952410477064767,0.01277084134042812,0.005017131775568086,0.17858108274150353,-0.058437351531119064,1,4
2016-04-13,XLK,0,0.010211456855808265,0.010159672163319478,0.009556337620618019,0.00837035326106509,0.011174900763905038,0.006420210413479399,0.006993037682977243,0.004286005388248909,-0.17883653044203507,-0.20246249803820315,2,4
2016-04-14,XLK,0,-0.00022489074312825874,-0.00022491603484331435,0.0054538318606378354,0.008336757248673093,0.008108291971800297,0.00585285110301581,0.006522737775508065,0.0011245892507903527,-0.17442805271309958,-0.2828112712902824,3,4
2016-04-15,XLK,1,-0.0038191292056695136,-0.0038264407012489343,0.006168369006390905,0.00800449416693423,0.00221524036302001,0.002827188215330123,0.0071990931233238825,-0.0024747043523849926,-0.006428099097298023,-0.2614029331708494,4,4
2016-04-18,XLK,0,0.004285186432900101,0.004276031166880578,0.00557550362969951,0.0080733794240057,0.00306368871731566,0.007124489676813894,0.008821519966631537,0.007238174653946292,0.1009147332414988,-0.18187987393894778,0,4
2016-04-19,XLK,1,-0.005614606094545449,-0.005630427242812264,0.00640537893184907,0.007623183127919877,-0.0035108887015871115,0.001062363968872715,0.014122417832225837,-0.007397485463788852,-0.09024448537164864,-0.21740928732362685,1,4
2016-04-20,XLK,0,0.0020323942062885347,0.0020303316872789523,0.004074955749109149,0.006934648323025795,-0.0008109573451646757,0.003459944337391274,0.008574031379328093,0.0011281416381955863,0.06286509040333788,-0.12302266334464762,2,4
2016-04-21,XLK,0,-0.0036060085316064194,-0.0036125258527657245,0.004259366161570037,0.005109120928259647,-0.0030669859870804395,-0.0008815805887557593,0.006772078034413048,-0.0020316061882140663,0.6397539911018058,0.42626073056357905,3,4
2016-04-22,XLK,1,-0.01741704559612056,-0.017570506839662325,0.00848222993301528,0.007700417324661996,-0.016438235378749555,-0.017283834917443563,0.011951286550758665,-0.0016088186054830467,0.32333147128454764,0.7509749538920723,4,4
2016-04-25,XLK,0,0.00023067791009334648,0.0002306513080347905,0.007636103487150091,0.007683429169843928,-0.011376304164088857,-0.01634506645545908,0.00600189607714917,0.003000948038574585,-0.3730066200316261,0.08237125767896569,0,4
2016-04-26,XLK,0,-0.004833427974953564,-0.004845146764480113,0.007625169512346409,0.007284099600067361,-0.011476392513478872,-0.019256658126444726,0.011494252873563218,-0.005976972908809267,-0.21267432540742714,-0.12531417289274138,1,4
2016-04-27,XLK,0,-0.004625256999707061,-0.004635986598415354,0.0066734487855977,0.005934603114845143,-0.010028467082261794,-0.020504801266179817,0.013117858779706096,0.008198695246604682,0.7346146537448761,0.4337819932437359,2,4
2016-04-28,XLK,0,-0.012546579161549443,-0.012625952090530745,0.007042399548041418,0.006466812758480512,-0.014698436775034573,-0.028349463575749634,0.020876773334248883,-0.014149863180588527,0.7738896366083445,1.152878944719323,3,4
2016-04-29,XLK,1,-0.00870554320001593,-0.008743657808023109,0.004801138242599818,0.006585499842041061,-0.017307151471514404,-0.031916881549092446,0.012068200579426,-0.0030761301131365594,-0.47523555775134985,0.07430127792382302,4,4
2016-05-02,XLK,0,0.007357819689905787,0.007330882984194265,0.0074669817120791996,0.007120923287279424,-0.005390308067129479,-0.020087819548872177,0.010658473470597377,0.005210738977856325,0.0551856895479228,0.08050761744657375,0,5
2016-05-03,XLK,0,-0.009188974993841637,-0.009231454050804722,0.007739805016047094,0.007256296822806757,-0.009002360875680071,-0.024067235843606927,0.007829224652627254,-0.002372533456658615,-0.0017127789240561908,0.02517869370544923,1,5
2016-05-04,XLK,1,-0.0030918704683483567,-0.0030966601751618583,0.00781520777264163,0.00686465076897755,-0.006823390597559764,-0.021520912093041633,0.005733437051299203,0.0014332909154070388,-0.10258395045965274,-0.11172949601191762,2,5
2016-05-05,XLK,1,0.00047717107257660984,0.0004770572626635605,0.006883980612918178,0.007116082725200519,-0.0037058273473246084,-0.01583941790736032,0.0071360425910396,-0.002378741356816285,0.20578532238989133,0.052099481550104576,3,5
2016-05-06,XLK,0,0.007391863484027983,0.0073646775487596905,0.007093412075073747,0.00670986309457833,0.003086712405807379,-0.005788430279559442,0.01173375713988311,0.01173375713988311,-0.3193238888192391,-0.2507571655747193,4,5
2016-05-09,XLK,1,0.0,0.0,0.006020204467793699,0.006698851713562148,0.003992381314309235,-0.002973055731435803,0.005441200372499273,-0.00047315962969189933,-0.18295972870778665,-0.37867770038575177,0,5
2016-05-10,XLK,0,0.013017340346839212,0.012933342935279146,0.006529725742314459,0.00828130596626097,0.013449344014221376,0.011055371422780125,0.01109007536952291,0.00991029160830531,0.8458865962976714,0.08814300745273451,1,5
2016-05-11,XLK,0,-0.007242838921762695,-0.007269195621584679,0.007738668951027257,0.008448606979995438,0.0034005061185706786,0.005038239059200977,0.010306831596703293,-0.004684866588800016,-0.4862070947256505,-0.41519411081229807,2,5
2016-05-12,XLK,0,-0.002824018087649649,-0.0028280131499212047,0.008110668309746053,0.007512094856085232,-0.001461090306314805,0.0025082105205362915,0.01289573346026928,-0.006565125063928599,0.30542078550355845,-0.1431699545544649,3,5
2016-05-13,XLK,1,-0.003776522918678693,-0.003783671986110182,0.007810419332352891,0.0070450882412516295,-0.005044441408704525,-0.0014667816910066689,0.010859279458089661,-0.0035411124579221606,0.169742408825577,0.011318567246994427,4,5
2016-05-16,XLK,0,0.013977667492796497,0.013880880757616065,0.010061426266454,0.008032905104116325,0.006253711364312631,0.011628835013501204,0.015384651500092456,0.013017733421551405,-0.4145202494208565,-0.3720846647720466,0,5
2016-05-17,XLK,1,-0.010046403101291346,-0.010097208771505883,0.00937218379157132,0.008155885865072899,-0.0018373878763943141,0.0007087066139455089,0.014998814556177343,-0.0070306831482098014,0.5545494354258547,0.0016112276063042774,1,5
2016-05-18,XLK,0,0.0018882112676523732,0.0018864308376231875,0.0089719832883186,0.008043913070607962,0.00023581251491999744,0.0013447587242394476,0.013724515839885614,0.0044960352331447195,0.09692055411917377,0.10248951201681722,2,5
2016-05-19,XLK,1,-0.005418601792133382,-0.005433335663582284,0.009236004480254632,0.008321092461913851,-0.004480277913663455,-0.004738475469115655,0.010153490452627584,-0.0030695928713529107,-0.20807080295318015,-0.08114814980345586,3,5
2016-05-20,XLK,0,0.012079740187364463,0.012007362412684408,0.010535641515175097,0.008855106952310893,0.005080623059771083,0.006145586880302423,0.009658507767738949,0.006595966413770365,-0.31984527725019685,-0.3518868996842752,4,5
2016-05-23,XLK,1,-0.001872303524589003,-0.001874058475709539,0.008381705265938335,0.008902155923918903,0.0039072101560793104,0.0033168282357234347,0.006555813282577882,-0.0014047660941196856,0.4349906351098247,-0.07897411462306314,0,5
2016-05-24,XLK,1,0.01875745813720031,0.01858370641700935,0.010059966014805998,0.009894450375966393,0.017564425297827535,0.020575936075897694,0.01634751910154881,0.014712776100075136,0.12266691980018263,0.08697025781006773,1,5
2016-05-25,XLK,1,0.0069046453944412445,0.006880917489660909,0.009910238679517184,0.009500766431446235,0.01838940164334435,0.024590305997715944,0.00733439575957458,0.002750376551616927,0.03733023304972782,0.09408041486032914,2,5
2016-05-26,XLK,1,0.0031998002773989676,0.0031946918109722056,0.007967089432611577,0.009281228874039923,0.013766310087981681,0.024222867780874013,0.006857125418526786,0.003199986049107143,-0.3359858171925785,-0.24994159140685868,3,5
2016-05-27,XLK,1,0.004784682040173571,0.004773271830734949,0.0076523327304782495,0.008916005065480789,0.012210759271287897,0.024604397434274228,0.007520465093999511,0.00501361441774707,0.1950100504825767,-0.0701406251119342,4,5
2016-05-31,XLK,0,0.0020408822637292268,0.0020388024927533444,0.00674711775843097,0.008270764329492378,0.007156532301139329,0.02339045978200982,0.0072496533586102405,0.0011327421330294021,0.5885208012326657,0.37870855148342053,1,5
2016-06-01,XLK,0,-0.0024889996993180397,-0.0024921024085675647,0.003516311861191636,0.007198419211709634,0.0017728455277479238,0.016816468817536734,0.005222514474454435,0.0009082859831013419,-0.4434340495012691,-0.2056157790053209,2,6
2016-06-02,XLK,0,-0.0009076737461423123,-0.0009080859313956857,0.002980276260389755,0.007341884828959239,-0.0004539367964059293,0.012181141208503332,0.008200469199057848,0.0031890520451555867,0.12765957446808507,-0.07054497224024459,3,6
2016-06-03,XLK,1,-0.0022708113198490754,-0.0022733935217438273,0.0031211267268174904,0.006964913294850214,-0.002949996903923946,0.005906198622068537,0.00773079027118612,-0.0009095251465141273,0.06957305686135618,-0.0019361095854850685,4,6
2016-06-06,XLK,1,0.0018205514001830014,0.0018188962050902369,0.002179611139741254,0.006377037653034823,-0.0007720023717141533,0.004770272137255338,0.005685694634056284,0.0011371215754482377,0.039844907100798244,0.004481759483172754,0,6
2016-06-07,XLK,1,0.004089473130929555,0.004081133963155903,0.0028373406547636906,0.006145736505023698,0.003268730541764908,0.0053224660682702485,0.003396687312045606,0.0009058178366295422,-0.48939274630598917,-0.46195596468193734,1,6
2016-06-08,XLK,1,0.002035975704164361,0.002033905914515355,0.002530711879055347,0.003062922671759063,0.004353938070530861,0.005448304495597078,0.005431131159206167,0.0022630072850447374,0.8502517349299223,0.011600830260361406,2,6
2016-06-09,XLK,0,0.00022567451953170448,0.0002256490588674609,0.002367850826211517,0.0025387667568231103,0.0033974320575724803,0.004421136864591668,0.006120984795521506,0.004307382092041873,0.5835631549917264,0.5425495079649736,3,6
2016-06-10,XLK,0,-0.007674658830710945,-0.007704260577595878,0.004557557107378474,0.0036832162249516567,-0.004393555012191408,-0.003445636967974508,0.006824368592093788,0.0,-0.3589070784473083,-0.03149800572265804,4,6
2016-06-13,XLK,1,-0.01114647848159589,-0.01120906599436955,0.006575789641420343,0.004753231262284206,-0.013032324480919177,-0.013144319569278085,0.00849214480545394,-0.0022951222130252343,0.422632989640934,0.3163298136174131,0,6
2016-06-14,XLK,0,0.002300293480659077,0.0022976518558430747,0.006163743310532872,0.004774922471058834,-0.007923868110498389,-0.009480082644459542,0.00876184176790157,0.004611500296635159,-0.2853663297434461,-0.015871160768547554,1,6
2016-06-15,XLK,1,-0.0025246133203565835,-0.0025278055304278624,0.005568291446777807,0.004775836759297173,-0.006673953590838555,-0.010586157966838261,0.007332715382670785,-0.0041246633293601275,-0.15943044438638576,-0.17462912475541237,2,6
2016-06-16,XLK,0,0.0020705449348963345,0.002068404311061922,0.005946995472393891,0.004901519060498039,-0.0011928827213522064,-0.007430255870223168,0.014338550134551,0.0071692309565317735,0.3557734420254024,0.09561311771878467,3,6
2016-06-17,XLK,1,-0.006667780030549131,-0.006690108987547738,0.00578056730947397,0.005205284983187795,-0.004654973012762853,-0.012517198237247729,0.011329430376174133,-0.004624295096865968,0.19475214405552133,0.2633982340281811,4,6
2016-06-20,XLK,1,0.004180821744874441,0.004172106392754227,0.004410460067720774,0.0054238757976563575,-0.0003577320278805862,-0.007075200086670952,0.008979953647432032,-0.0046051292087054855,-0.4020165369989185,-0.22939710664240365,0,6
2016-06-21,XLK,0,0.006939939237224468,0.006915968697739583,0.005421344068058055,0.0058010215241789355,0.005783811106766068,0.0008635494207112071,0.0071494780656669865,0.003920621922332905,-0.16220828471411897,-0.3639359583982069,1,6
2016-06-22,XLK,1,-0.0034459083593930684,-0.0034518591761827366,0.005576029331763936,0.005738190813937823,0.0017135484879879925,-0.0009880137163724712,0.008497908224728946,-0.0036747782280144563,0.13079963091279434,-0.2672424004828493,2,6
2016-06-23,XLK,0,0.013600246347619471,0.013508593067007357,0.008128153994453094,0.007494281542242406,0.012386836024112613,0.012867901134033799,0.011681134294906156,0.007100352138672546,0.5031715728537998,0.1421265166509913,3,6
2016-06-24,XLK,0,-0.03843499237605308,-0.039193105605468403,0.020499019871838532,0.014199535006177133,-0.02306019396935588,-0.02275924664772422,0.022395115604576486,-0.0033003157871639836,1.4195464694676034,1.342975141036729,4,6
2016-06-27,XLK,1,-0.020104124067916396,-0.020308962011243548,0.021112160273579896,0.015008143658175554,-0.03467081686913398,-0.03833955577000392,0.016916913950902838,-0.012866354534699656,-0.2207170977437244,0.7132508210742228,0,6
2016-06-28,XLK,1,0.019792763222419074,0.019599433342332606,0.024013112238842154,0.01676735910127722,-0.009657043316179115,-0.0167749000045625,0.010264987143495635,0.00859395119591535,-0.2805312618827748,0.17966810005450906,1,6
2016-06-29,XLK,1,0.015384253192759711,0.0152671154266244,0.025863879779629607,0.017690596131988014,0.007846596649997872,-0.0008361981281678199,0.010343263562216957,0.00846263757883842,-0.20691295386078956,-0.09212460750089235,2,6
2016-06-30,XLK,1,0.010955722569871762,0.010896143401601943,0.025490671737228104,0.01806266533550702,0.021768752362946397,0.01003740844972456,0.01139529915743096,0.008604626322901526,0.27142476342796207,0.11797347896658206,3,6
2016-07-01,XLK,0,0.002305650272915738,0.002302996339903274,0.015790679927197855,0.017904665437039148,0.018414251361119405,0.011376980659111302,0.005990744525162498,0.0016128961373994136,-0.4403195735026544,-0.35266832598073605,4,7
2016-07-05,XLK,1,-0.007361498207628436,-0.007388727751352242,0.010845529755103344,0.018056635914690505,0.0028351625313758344,0.004118638570091315,0.006475457179186752,-0.002081409553522521,0.16134426799737778,-0.25992014943633146,1,7
2016-07-06,XLK,0,0.006952316268200365,0.006928260349333026,0.008733357441775743,0.01805716769159063,0.004206107895362132,0.011287916004380172,0.013950209196374255,0.010230236191057005,-0.09560288916792425,-0.34248456880595635,2,7
2016-07-07,XLK,1,0.0,0.0,0.0069791560263350386,0.018017692186747272,0.0016596647982549673,0.011123241743300927,0.008293034130775838,0.0009214677647534801,-0.21458959596474247,-0.4821532200292429,3,7
2016-07-08,XLK,1,0.015650632061054326,0.01552942393915302,0.008532357792460867,0.018196528924210087,0.013783872698587052,0.02656569724095026,0.01259732567528049,0.010765030287350853,1.0674332235935196,0.04443433983442091,4,7
2016-07-11,XLK,1,0.005891450562888867,0.005874163830744017,0.008556546218117873,0.011997343169117552,0.015464204309475038,0.027570010399301736,0.005873099921887892,0.0027106151037710525,-0.5425321619077502,-0.44067681194030994,0,7
2016-07-12,XLK,1,0.008109997091789722,0.008077287794573174,0.005607625765367819,0.008153283256761573,0.016260254034784927,0.02800303276628857,0.005817904323565552,0.0013426130036879392,1.7509173839980794,0.5743809317255992,1,7
2016-07-13,XLK,1,0.00022369134415711756,0.0002236663289787444,0.006460673823355443,0.007244278149146822,0.010475204327762722,0.02233819862688602,0.004010701891530514,-0.0026738579261596004,-0.338681526915501,0.06880856868264162,2,7
2016-07-14,XLK,0,0.006478978803625912,0.006458080438597413,0.005547908684852,0.006439363893956398,0.009727551598213147,0.02393366650758888,0.005332185901281801,0.0008887117755835805,0.45986577940317086,0.4857181775364301,3,7
2016-07-15,XLK,1,-0.0008882429850977092,-0.0008886377066543716,0.0040237930912316285,0.006293584874003848,0.004866758010945382,0.019224998219667944,0.007079639146523954,-0.004203593765468196,-0.6859048443018279,-0.49196615614041317,4,7
2016-07-18,XLK,0,0.0066652999850480565,0.006643185086999903,0.004129985097535403,0.006334338029253705,0.007426106337369287,0.021761197784230246,0.007985816231790068,0.005102030454619152,-0.15573096530175956,-0.555449242828491,0,7
2016-07-19,XLK,1,-0.002206838003013356,-0.0022092766584713708,0.004213255491367212,0.005437756680860287,0.0031508671787616738,0.014792199170547082,0.003979666305494758,-0.0004421945161638837,0.08538663809894809,-0.494380556919758,1,7
2016-07-20,XLK,0,0.013050302468289088,0.012965880961904208,0.006238098904721055,0.006029635343413187,0.011573620540887841,0.022641207043884837,0.008340672885449148,0.005267731706220426,0.20794544516476376,-0.3716657409697881,2,7
2016-07-21,XLK,1,-0.005240336581465943,-0.005254115303048756,0.007449079370398236,0.006728423841853475,0.004010773049422989,0.012511945063103935,0.009168263618306449,-0.005457323564844064,0.01643484558673336,-0.3561349747378203,3,7
2016-07-22,XLK,0,0.005925877754268338,0.005908388798287589,0.007348084029189104,0.005587724120580364,0.006323509219355428,0.014678527884493198,0.008785449958342465,0.00658912936088696,-0.13996784448423283,-0.3884065804141472,4,7
2016-07-25,XLK,1,-0.0013091349171818756,-0.0013099925829127557,0.007392265651543792,0.005750003475121787,0.0029800053373119084,0.010263507999016763,0.005027312398608265,0.00043716847570867486,-0.09825165168992844,-0.43688578523974275,0,7
2016-07-26,XLK,1,0.002185029092106827,0.002182645387717841,0.007012046048111626,0.005472799479087845,0.002272432373842337,0.009974176410608049,0.007856761197118946,0.0010912098951016522,1.1338343384847342,0.3243083995046472,1,7
2016-07-27,XLK,1,0.008284417009759126,0.008250289581510195,0.005438491161912974,0.005691418242982594,0.008592284260173555,0.015011279152991719,0.007332330395075791,-0.002587857119881286,0.2045110789714828,0.588161825073803,2,7
2016-07-28,XLK,1,0.0006485772756898989,0.0006483670403460984,0.0039095990085783695,0.005627227750008645,0.00608706690637395,0.012935312303133717,0.006909947858666583,-0.0006478642432397858,-0.4198678288924941,0.06307967764799938,3,7
2016-07-29,XLK,1,0.0036734683052008776,0.0036667375988281847,0.0036290489331687274,0.0054861197220404155,0.007068093412851084,0.013462091899180129,0.005378657540063555,-0.0006454126418313568,0.6731234101717409,0.6226366524011566,4,7
2016-08-01,XLK,0,0.0019373538794962286,0.001935479629801673,0.0029624071496864236,0.005353321561657588,0.005661369556225537,0.012707767040634366,0.005597462474918058,0.0019375705298092921,-0.25949743618799403,0.13653096955221122,0,8
2016-08-02,XLK,1,-0.007520525654658217,-0.007548947395002337,0.00576612761011302,0.006104884404909515,-0.0032801249664663468,0.002952929595129161,0.012486501761700259,-0.005597462474918058,0.4170651771937208,0.46887487425827246,1,8
2016-08-03,XLK,1,0.003464092128008023,0.0034581059812648363,0.004616708528240491,0.004823623652865727,-0.00025884072259130253,0.005226782820619169,0.004550359209736925,0.004333628204324933,-0.28178938464030523,0.019961123159836003,2,8
2016-08-04,XLK,1,0.005393667700428706,0.00537917396769183,0.0051293884544834105,0.004398269714193244,0.0037478342901546835,0.008374244266542652,0.006471079230175012,0.005176830470445312,0.04953075467679091,0.03218857940675224,3,8
2016-08-05,XLK,0,0.009656590475856541,0.009610263607011227,0.006348422947840989,0.0048753377100219965,0.01082793599119758,0.015430999114311339,0.007914415655289104,0.006417095979904746,-0.27615147680332375,-0.2651295607455,4,8
2016-08-08,XLK,1,-0.00021212668335068852,-0.0002121491853981361,0.0064748673113297,0.00478813240943088,0.008446891170129867,0.012440539516145765,0.005944853568264698,-0.0012738335570587208,-0.1391202520162953,-0.37475218763663376,0,8
2016-08-09,XLK,0,0.0021254060662927454,0.0021231505861281086,0.003723105655935573,0.004788952604395682,0.006490586439177326,0.011826655286117926,0.004676815512842408,0.0021258178608598933,1.858150049812246,0.6698231051295482,1,8
2016-08-10,XLK,1,-0.003181841281995501,-0.0031869141024318814,0.0049759627974320705,0.004686902711236501,0.0005536387939020226,0.00700770309541654,0.005301102646498814,-0.0036047109731837945,-0.7616232303732304,-0.5662498948007801,2,8
2016-08-11,XLK,0,0.00361805378845359,0.0036115243762826488,0.004800971586630016,0.004714023748101621,0.001784566029437551,0.008748724079521208,0.004242697614106708,0.000424277853683295,0.4789100725493505,-0.3500401026727288,3,8
2016-08-12,XLK,1,-0.0010605823447009666,-0.0010611451601323374,0.002672515349973929,0.004753168435576769,0.0004670570614111469,0.006258322068480204,0.002969314948353936,-0.000848375699529696,-0.3404635597893255,-0.5299628843180484,4,8
2016-08-15,XLK,0,0.0048822233253296154,0.004870343922604992,0.003337046490150744,0.00487822565596033,0.004072230334049243,0.009446181536330478,0.006147995055854546,0.0036040277770139936,1.3872632398304838,0.1154666311040704,0,8
2016-08-16,XLK,0,-0.007393257552964938,-0.007420723138755303,0.005021689759967395,0.004851542607454544,-0.002716602552783942,0.00027673377666492804,0.005713005769265695,-0.005713005769265695,-0.45185793471566416,-0.3291665496636965,1,8
2016-08-17,XLK,1,-0.0004256957752442059,-0.0004257864094130426,0.004818297402896237,0.004852926341502952,-0.0030564935363384116,-0.001466931600852095,0.007019741079341081,-0.0008508211499288061,0.1649041639127562,-0.1861465598049522,2,8
2016-08-18,XLK,1,0.0004258770693132963,0.0004257864094130426,0.004399794169464461,0.004641551144350108,-0.0019115914917079424,-0.0018692365513516274,0.004684864246001838,0.0006388968181232567,-0.3298912529550827,-0.4107992423801502,3,8
2016-08-19,XLK,0,0.0006383635123055065,0.0006381598449900494,0.0044318510427751616,0.003466250170284458,-0.0008924675850937591,-0.0011684237139509834,0.00661547949750848,0.0034144226489140244,0.3513490629939038,-0.18653702725247912,4,8
2016-08-22,XLK,1,0.0,0.0,0.003402393441819787,0.0034658536427543446,0.00046807759270039995,-0.0011259519028579135,0.0055448565774688634,0.00277246896582246,-0.03329086694095784,-0.20564340361559508,0,8
2016-08-23,XLK,0,0.0036154755749258083,0.00360895545394202,0.0015986261208496735,0.003598645631724291,0.003231410731891593,0.0023789728020449097,0.0031806130548550395,0.0006361064332895916,0.79646553027848,0.6094118648955711,1,8
2016-08-24,XLK,1,-0.005509604562745851,-0.005524838414731281,0.0033120440202907544,0.003898187734865619,-0.0021262906754858646,-0.003016671405364768,0.007843946284661018,-0.005087934557681104,-0.17929599653650496,0.2422703964146653,2,8
2016-08-25,XLK,1,0.002130929649739155,0.002128662439425444,0.003472124448746248,0.003765819555983229,-0.00016997857945955097,-0.0006161469795846752,0.006830303206967649,0.003842055731873918,-0.13359416212414277,0.06365907933863779,3,8
2016-08-26,XLK,1,0.00042506369205486116,0.00042497337807567703,0.003466314090663994,0.003760449782018378,0.00012745418127457775,-6.384983296503499e-05,0.012553194735912567,0.0010638135544797206,1.0487425372503254,0.8858783308320308,4,8
2016-08-29,XLK,0,0.003825477134353772,0.003818178604352074,0.003832622306073395,0.0036163130063318534,0.0030579698802948307,0.003996127589024345,0.005741026254981088,0.004252621053171187,-0.42359001452912426,0.10946390635402614,0,8
2016-08-30,XLK,0,-0.0033873658727056055,-0.0033931159853120008,0.0038704088157536063,0.0028814602792004876,0.00017003580878949265,0.0004250989717560216,0.007000463201685006,-0.0014849320265284119,-0.18105522456461964,-0.10812130249040386,1,8
2016-08-31,XLK,1,-0.0016995294821156026,-0.001700975320741982,0.0028889132336876707,0.002938502180523255,-0.0017843184264347833,-0.0013176122547222668,0.004679881483900248,-0.00042537000170975696,0.9518729670175929,0.5947350824000754,2,8
2016-09-01,XLK,1,0.0031919977120877796,0.0031869141024318814,0.0030925976498783216,0.003103732796635573,0.0009342432318861782,0.001550906055808765,0.008727114759622508,0.003405701340381348,-0.17216786725441713,0.22080962737268806,3,9
2016-09-02,XLK,1,0.004455044695904631,0.004445150359872141,0.003566439285380963,0.003370054942990898,0.004114175021390221,0.005307997368683148,0.007177541909527812,-0.00042221782171520295,-0.252435170353695,-0.1122227463359523,4,9
2016-09-06,XLK,1,0.005068616546223481,0.00505581435076774,0.0038226361170726328,0.0036238870442635274,0.007665010129364491,0.009182203893188357,0.005698616540246787,0.004432230471475799,1.1871959694232106,0.7112661697741329,1,9
2016-09-07,XLK,0,0.0025214386768770414,0.002518265183768964,0.002660829265159747,0.0035591885262184803,0.007475258340510882,0.01061239164338934,0.005463377503610496,0.0025215156860687723,-0.2331572606801965,0.2654052300503431,2,9
2016-09-08,XLK,0,-0.008174375801271339,-0.00820796920647382,0.005452724345263243,0.004158515246173041,-0.002150913924652831,0.001523894708263196,0.007362189048818014,-0.004627707540309891,-0.2833318946914113,-0.10753424436659609,3,9
2016-09-09,XLK,1,-0.024513966720305147,-0.024819436520499227,0.01259386994743201,0.008978825440683206,-0.022572363797102257,-0.021225151415905863,0.019193890756961558,-0.015568341901012795,1.0245706164334063,0.6174138621178065,4,9
2016-09-12,XLK,0,0.0166811407105385,0.01654353861433311,0.015523323539651223,0.010732528198762472,-0.004497053979372501,-0.004644814732843505,0.02547350666604431,0.02177226199337324,0.13094614853770548,0.7153734194405319,0,9
2016-09-13,XLK,1,-0.007244908275866213,-0.007271280075207276,0.015156761205929561,0.0108412052628122,-0.0074986629528281945,-0.010512969341958778,0.011122922846340241,-0.0034224566291360292,-0.08687395780182328,0.4322501330451034,1,9
2016-09-14,XLK,1,0.004722493758698709,0.004711377768107816,0.015428356575491001,0.010971109677616823,0.001026796083040793,-0.005290891267762943,0.01094417034834081,0.004506500129748827,-0.014407677950088682,0.2903461799532394,2,9
2016-09-15,XLK,0,0.016449410640924755,0.016315584663748606,0.01744377390040493,0.012184523936070727,0.016362821356150636,0.009805421210926202,0.01833290979432268,0.014282711273117607,-0.048069111037074674,0.18260815262814312,3,9
2016-09-16,XLK,0,-0.0036724658291122925,-0.0036792258875428807,0.01109070714417387,0.012260200663810358,0.007271460981595146,0.005530809185646524,0.008438850485279373,-0.004008490195986906,-0.024757004353352152,0.10025311966173134,4,9
2016-09-19,XLK,0,-0.0019063498387222877,-0.0019081692362159508,0.009334834027034104,0.012204545688684175,0.003709471589168789,0.0036886358962555654,0.012043094713134455,-0.004436993261051015,-0.5516429412394306,-0.5074242924148197,0,9
2016-09-20,XLK,1,-0.0006364847363982129,-0.0006366873787988503,0.008149713874011021,0.01207356685083158,0.0001224697639341521,0.003699641749801419,0.00719120476662895,-0.004018583578986504,-0.29772653869377785,-0.628078092371031,1,9
2016-09-21,XLK,1,0.011254917883695148,0.011192052551738385,0.008978124927901053,0.012625867828110617,0.007088913748048986,0.014765762792170456,0.011846866254875198,0.0074042409716882,1.408990022195117,-0.10711559412728178,2,9
2016-09-22,XLK,0,0.006089824333556537,0.006071356293502195,0.006255248391584556,0.012365673443599975,0.01097274169040019,0.019240667225589814,0.003757835061415031,0.00020873321951360142,-0.12858162621600988,-0.23438412717165158,3,9
2016-09-23,XLK,0,-0.008766581465218581,-0.008805234006755036,0.007703348909460263,0.009268009008944648,0.0009272093321435193,0.0070486486076764,0.010229679809134536,-0.008559495497940621,0.14173453350478638,-0.09400599536515641,4,9
2016-09-26,XLK,1,-0.005895868968539331,-0.005913318223470743,0.008290678590858457,0.00834978311291977,-0.005351469618212534,0.00010741391677360212,0.005286529819412929,-0.0016917282619129629,-0.1973970717056689,-0.217295583924473,0,9
2016-09-27,XLK,1,0.011014614545187706,0.010954395468164346,0.00947594379793541,0.00833336048116022,0.002899642979697692,0.008278276195758938,0.012693007580086652,0.00973131119141137,-0.08688827907363517,-0.2317077437072539,1,9
2016-09-28,XLK,0,0.001885757518942599,0.0018839817103781797,0.008213283750542836,0.008311370987836658,0.003947061482548975,0.0076193802922503995,0.00669875846258678,0.0010466660368729577,0.030041550458193456,-0.14860784529586168,2,9
2016-09-29,XLK,1,-0.0060644423355705745,-0.006082905750715906,0.008078035219833605,0.007098231339271785,-0.0005466395909059507,0.0012007460124732194,0.010259666995127875,-0.004815735978211496,0.2606538172494586,0.12495968867328155,3,9
2016-09-30,XLK,0,0.005260000239449614,0.005246214758150014,0.007355202206169017,0.007100587216829664,0.0034865401271702012,0.005260035900072735,0.00692699066504171,0.0029386941948378272,-0.1886226757488888,-0.023398631430666672,4,9
2016-10-03,XLK,0,-0.0029302614536037552,-0.0029345630750023943,0.006728807745118408,0.007157886585998132,-0.0012578797091818972,0.0012189729957616802,0.004826852777988149,-0.0002099084136447834,-0.32672090585934543,-0.336241992488331,0,10
2016-10-04,XLK,1,-0.0035685874058382083,-0.0035749700029694687,0.004567615880657039,0.007296594970970906,-0.0037358956228095153,-0.003150044439750199,0.012133929713643122,-0.006903724301768735,0.4286035240876849,-0.08958424735916848,1,10
2016-10-05,XLK,1,0.003581367829971871,0.0035749700029694687,0.004894434717182577,0.006430256621074504,0.0005880848724768573,0.00037802450807555843,0.0042016968350994475,0.0008403553951601749,0.011839769944508083,-0.04924653030291837,2,10
2016-10-06,XLK,0,0.0023090703543131585,0.0023064085481068197,0.003962934364785464,0.006141012681233528,0.001972536622303789,0.0030249467928864515,0.006921099292056837,0.0014681143954736952,-0.4442581819796616,-0.43910918989659276,3,10
2016-10-07,XLK,1,-0.00272262264425438,-0.002726335722357476,0.003341884466970265,0.005478776637863467,-8.399601527864231e-05,2.0987930665183896e-05,0.009625425311996573,-0.0035572709852646845,0.21334824906610206,-0.27115969593155465,4,10
2016-10-10,XLK,0,0.006929855045574973,0.006905953957284883,0.0044102890236881,0.005370755895439693,0.00553621100850199,0.005388604708929767,0.004595805841069046,0.0016712311017287424,0.09613263306936237,-0.17164651709074707,0,10
2016-10-11,XLK,1,-0.011261752676411274,-0.011325646369310327,0.007073712292216897,0.005631373096228026,-0.00553765745887036,-0.005266414862456492,0.016892545270193134,-0.011261749883948081,0.31083841509207244,0.08661087918203814,1,10
2016-10-12,XLK,0,0.0016872364832147824,0.001685814698772603,0.006866051946458464,0.00562175035201981,-0.003232480331551102,-0.0028976545653324193,0.008640671039405702,0.0008430119048298568,-0.3674561433662187,-0.28109213985911985,2,10
2016-10-13,XLK,1,-0.006317122926005503,-0.006337160377639872,0.007030476073907157,0.005649151832843167,-0.007195267693609675,-0.0084886441260279,0.011657465737663643,0.000211918640706458,0.751539743496848,0.2883505882666453,3,10
2016-10-14,XLK,0,0.003814494650917988,0.003807237914198236,0.007530840342743087,0.005496027563988935,-0.0023587624596005385,-0.0038483649231322303,0.007598074874180611,-0.00021110460120271653,-0.02284573697927439,0.255688161182287,4,10
2016-10-17,XLK,1,-0.0021112492943519134,-0.002113481122994365,0.006089448289239201,0.005467576184959557,-0.0016053309015631179,-0.005177408004811701,0.004855384155001856,-0.002111008578760696,-0.46285575182837124,-0.31498750804789455,0,10
2016-10-18,XLK,1,0.005500630006500806,0.005485556790791879,0.004761627839127446,0.0056983363905036884,0.0033778389390926034,0.00016843244582087635,0.00566989634228842,-0.0018899654474294732,-0.0031920553289590536,-0.27981447631412615,1,10
2016-10-19,XLK,0,0.0018935149485337366,0.0018917245088969636,0.004775199919079407,0.005609412726508197,0.004726244972035776,0.0021044430497851874,0.005473648874383224,0.002526293302837171,-0.0047243471901006195,-0.24025000075446867,2,10
2016-10-20,XLK,1,-0.004619903363716649,-0.004630608099883915,0.00418879462285711,0.005715622427069553,-0.0008009754231821375,-0.0017899583692336796,0.00736846923828125,-0.0021052310341282895,0.2210526315789474,-0.08802190646142705,3,10
2016-10-21,XLK,1,0.002742637759277189,0.0027388835909869513,0.004026338555820116,0.0057640174733449056,0.001264027733132611,0.001137516733821231,0.0046345315998680804,0.001263904719841954,0.3137443070917372,0.1635351045638742,4,10
2016-10-24,XLK,0,0.009678201786028628,0.009631667992510362,0.005248747230501835,0.006190151421084773,0.007896929323093493,0.010741555733676744,0.005860167150489731,0.004395205201656815,-0.3322809493741411,-0.20866824548583907,0,10
2016-10-25,XLK,0,-0.0035424728271491457,-0.0035487622417944564,0.005724908382741578,0.004978519452818449,0.003104564050104619,0.006292067418036673,0.006866454881919407,-0.004993792584454149,-0.1911145723238954,-0.31610210809988826,1,10
2016-10-26,XLK,0,-0.005646448097932244,-0.005662449548662352,0.006453281109324921,0.005369946388660073,-0.0022663629164864085,0.0004837721606070211,0.008646137984893734,0.0027414819303044646,0.43950577663671364,-0.02710599783722145,2,10
2016-10-27,XLK,0,-0.0012618126505183902,-0.0012626094064094318,0.006050558842001014,0.0049131314602235835,-0.0039014929396344877,-0.0014089819508228407,0.007118931418274302,-0.005653196242778652,0.40470086150612294,0.38482067866590275,3,10
2016-10-28,XLK,0,-0.0010528686142990962,-0.0010534232698122814,0.005918896979630452,0.004804110999431338,-0.00457438471920768,-0.0026071613410941774,0.012809756909572848,-0.0037799308948589464,0.1811338721928104,0.611109478870125,4,10
2016-10-31,XLK,0,-0.00042143138998340657,-0.0004215202171486965,0.0021718950583485453,0.004744774491308719,-0.0026080454504179285,-0.0033418268745719626,0.0044155360198928914,-0.0029437174159613637,-0.43564099856990657,-0.10193359196016738,0,10
2016-11-01,XLK,0,-0.008646141543666941,-0.00868373628194119,0.0035889102536956915,0.005124600867975413,-0.007850994178142279,-0.010878035562548627,0.018518540817300488,-0.010732368083282418,0.5417176870748299,0.3047276642045815,1,11
2016-11-02,XLK,0,-0.0063813546229268825,-0.006401802502872034,0.003716402785127499,0.00525612926171991,-0.010674529424776202,-0.015304596083116517,0.011699703709750622,-0.006381604930267153,-0.09905904934199639,0.12477569350816031,2,11
2016-11-03,XLK,0,-0.009634138450796859,-0.009680847002507598,0.004270913108796504,0.005758035893003553,-0.015074084538486354,-0.022441980650957594,0.00944608435836598,-0.006869976319067884,0.2397854860235329,0.3220586392028244,3,11
2016-11-04,XLK,1,-0.0017292714316486935,-0.001730768347455669,0.004113446560299828,0.005479759103378696,-0.011473548013973933,-0.02134053149863413,0.010601424725840306,-0.0008654460075917591,-0.19472234018388856,0.06355365702546711,4,11
2016-11-07,XLK,1,0.021654432725004336,0.021423306154084276,0.012997231190930542,0.008817584243084977,0.010971156978456742,0.0015710588007480375,0.009603089139526092,0.006828845297828049,0.6220259995094433,0.5651996913624078,0,11
2016-11-08,XLK,0,0.004874820230785337,0.004862976768880589,0.012387227006619542,0.009018048326326165,0.014160941051346354,0.007330304299142165,0.01210447426156769,0.0067954914798749,-0.26054740662331766,0.08765764363086359,1,11
2016-11-09,XLK,0,-0.0012654495897980178,-0.0012662509472534111,0.011741406508192371,0.008862843850119661,0.010111825310602729,0.006483247949330639,0.021203720445184742,0.014135786395901859,1.7739672801635993,1.449215791246004,2,11
2016-11-10,XLK,1,-0.016050613750208886,-0.01618081999081511,0.013635344392000889,0.010163566260334333,-0.007498536056717464,-0.007773269543554173,0.03527930161398868,-0.0216295422595489,0.4565563558353667,1.793363027977105,3,11
2016-11-11,XLK,0,0.0030050157181122916,0.003000509683259267,0.013519200276798773,0.010279943805669012,-0.0068433680298768396,-0.0032845376107454305,0.010792142893136115,0.00863366491199931,-0.6433905682580253,-0.02906814905866817,4,11
2016-11-14,XLK,1,-0.015193574493679862,-0.015310179451700101,0.010019192006962137,0.011139635743766002,-0.01708654461058212,-0.015488402204778207,0.021381227073176204,-0.016035920304882153,0.34626302194214986,0.19898271963232284,0,11
2016-11-15,XLK,1,0.014124126378698865,0.0140253102794472,0.012760068631504907,0.012126397393263703,-4.2881755870305405e-05,-0.0008563147893697609,0.011223838489363475,0.007338578123317227,-0.08434979705866852,0.04309520192300176,1,11
2016-11-16,XLK,1,0.00921337957319257,0.009171195300127444,0.013937979311940862,0.012310173401627262,0.010252425996290837,0.0075079973317881965,0.013530950376574351,0.011597875534854378,-0.4171713450157736,-0.39911519026258213,2,11
2016-11-17,XLK,0,0.006369519096475429,0.00634931943907624,0.011218774174262577,0.011819020725464617,0.01316677282755152,0.011458838443735075,0.00827321584000865,0.005515531175156594,-0.1580470555698228,-0.48922801471178634,3,11
2016-11-18,XLK,1,-0.0008441963700533961,-0.0008445529044798228,0.011392275387899138,0.011787099411496164,0.009592508180734649,0.008066716835885002,0.0071563915933415346,-0.0031571819928618346,0.03506528548468468,-0.4734285216369969,4,11
2016-11-21,XLK,1,0.010135533545796438,0.010084513479778234,0.005572596773007717,0.01016861456669787,0.011972870415014158,0.016855510019419873,0.00883656626192725,0.006522225568119436,0.01728437039555697,-0.45038458688675365,0,11
2016-11-22,XLK,0,0.003135496425846096,0.003130591008198902,0.004522752533144396,0.010118024381638582,0.009508348658343602,0.018787869025854942,0.003958304723103841,-0.0002082983652750651,-0.05422539134310067,-0.47604495663643676,1,11
2016-11-23,XLK,1,-0.003959249836517187,-0.003967108415728227,0.005601150643599234,0.010228079678632264,0.0025588796769040467,0.013785755276806144,0.006880692715948378,-0.003336110309975179,-0.04382244840260108,-0.4323967684209864,2,11
2016-11-25,XLK,1,0.004184072376594905,0.004175343485505856,0.005348885068423604,0.008301636022686364,0.0042261368600937654,0.014992233194586646,0.004808687715478945,0.0035542162332709223,-0.6169056771141337,-0.7082892022443766,4,11
2016-11-28,XLK,1,0.0008332926449301503,0.0008329456493667564,0.005132543118743064,0.008330341430427378,0.002211296697376408,0.013031862849779863,0.006880692715948378,0.0016680949245595083,1.4080398777938576,-0.25115634828960465,0,11
2016-11-29,XLK,0,0.0006245588143034553,0.000624363858617194,0.0031406590014074033,0.005582699925981141,0.0018757909652298288,0.009301490387527256,0.008331550201330369,0.0012497682855386418,-0.20825876759528839,-0.3181742379719582,1,11
2016-11-30,XLK,0,-0.011857807676156074,-0.011928672233548987,0.006208210391923297,0.006513209361949224,-0.00797800087716194,-0.004401629956878428,0.01350223762822502,-0.013294545030386037,0.9932190810336685,0.4517652869290014,2,11
2016-12-01,XLK,1,-0.020631327184226556,-0.020847126323328524,0.010496375902009294,0.00906731238417427,-0.023222444194073932,-0.023755374233720206,0.024662774399488715,-0.01939287933341862,0.8504138246196029,1.3477040588987514,3,12
2016-12-02,XLK,1,0.003654049818380356,0.003647389996958683,0.010377779277837328,0.008853541024897982,-0.014230318665101493,-0.018726051128947763,0.009251297534653381,0.004518052636421184,-0.5402504390458072,0.06192699073677943,4,12
2016-12-05,XLK,1,0.009638268146967777,0.009592116352477031,0.012287309275065453,0.009530851109518821,-0.000932429261508827,-0.008810018060248503,0.01064962708998891,0.004046829044121381,-0.10422075661265129,-0.050573188102485345,0,12
2016-12-06,XLK,1,0.0029699551135644597,0.002965553509766572,0.012536606218759632,0.008897004963264997,0.0054014021365742515,-0.004694284104370672,0.006349190202339617,0.0006348947999338624,0.027740144364241992,-0.02710089775665958,1,12
2016-12-07,XLK,1,0.019035357402295228,0.018856451776300798,0.0146632647171474,0.010933752699449923,0.02158511510085548,0.01384621162396793,0.021164021164021163,0.019682546141286377,0.07759216838829586,0.0322833740985673,2,12
2016-12-08,XLK,1,0.00249045083669297,0.002487354803288433,0.007036126157021542,0.010834594875852687,0.016456725366349012,0.015302921303274486,0.009128602069386177,0.0020746571066028213,-0.029660379628794087,-0.014254805929282188,3,12
2016-12-09,XLK,0,0.007246482422475831,0.007220352824572451,0.0067139061667200834,0.010974020529378717,0.015445532533198802,0.021264897912567804,0.0051567657252594885,0.0035066416098966844,0.2718169699600086,0.1462869894680372,4,12
2016-12-12,XLK,1,-0.0030832923004595614,-0.0030880554394507875,0.008293354059690072,0.01106601151484481,0.006599884827765745,0.01713386615443402,0.005360868788257088,0.0,-0.22119845622587853,-0.12437411901627637,0,12
2016-12-13,XLK,0,0.01257764119557736,0.01249919972089053,0.008600803642195872,0.01165006172568978,0.011576401518493595,0.02768553830270415,0.013754838463113185,0.008211897626711621,0.4571574631459243,0.18863735199477816,1,12
2016-12-14,XLK,1,-0.0034618547517911713,-0.0034678608364200336,0.006867806646338732,0.010795236035017973,0.0049281333221020684,0.021051031014282184,0.009971544252196672,-0.004070019646389825,0.28266628481420497,0.4494019952638575,2,12
2016-12-15,XLK,0,0.004495468615179687,0.004485394177738744,0.006877913074622011,0.006890457180287779,0.005893053703124984,0.020022936922832413,0.010000034254424426,0.0032653030084103954,-0.3541724811610383,0.021118711890075748,3,12
2016-12-16,XLK,1,-0.00723289379545744,-0.00725917798899367,0.007906337372788981,0.007995810975779958,-0.0020132129880803262,0.00822188360161591,0.011613685280336713,-0.009983733907620907,-0.08680207433016418,-0.07171931846835489,4,12
2016-12-19,XLK,1,0.00720319345031073,0.007177374364807587,0.008026514768056594,0.007856712903724082,0.0024859792835001393,0.01127266218363121,0.010487318740109773,0.0063746155004097485,-0.3727817371305261,-0.405341428418883,0,12
2016-12-20,XLK,0,0.0036779693486261866,0.003671222158273313,0.0060319540371497685,0.007847340380184852,0.005243296246066231,0.010715415517332572,0.00407582564058073,0.001018936975168163,-0.13890146370906897,-0.47110028565126083,1,12
2016-12-21,XLK,0,-0.002035885547844063,-0.0020379607799276833,0.005801316741020807,0.006079316299584521,0.0019867554099981533,0.00647968267144039,0.004073335420669445,-0.001629287552821128,-0.18974853237536138,-0.549103512032813,2,12
2016-12-22,XLK,1,-0.0020402100566234704,-0.0020422941202618006,0.005612461291344565,0.006221413825008508,4.0681671769293715e-05,0.0027129042029030437,0.005711929348881298,-0.002040030352601134,1.4017994247031598,0.06808806542486634,3,12
2016-12-23,XLK,1,0.0010224907648554993,0.001021968377234117,0.003953229568782883,0.005912389292866059,-0.0004896841181105671,0.0026412076511777016,0.004092505981393925,0.0020462920197265207,-0.4274123833879624,-0.35131126184532546,4,12
2016-12-27,XLK,0,0.004083985702664883,0.004075668869250926,0.002963336793596172,0.005780220996449182,0.002650926079219129,0.004918958852625943,0.00815996577200266,0.0030599288001002933,0.07580165757151613,-0.2820386337039972,1,12
2016-12-28,XLK,1,-0.008948565528174468,-0.008988844412888941,0.0048365537564647185,0.005322729637683973,-0.0047383526212188,-0.0037392345881271938,0.011984565469713371,-0.010156408788324902,0.13695966787024716,-0.12699615333241288,2,12
2016-12-29,XLK,0,0.00020539879316805454,0.0002053777017239078,0.004887751473766466,0.005207575683525227,-0.0033941058821471692,-0.0035652531288711264,0.005130309918909696,0.0002052562348538395,-0.3832930466982103,-0.36864565179619757,3,12
2016-12-30,XLK,1,-0.007796835235027388,-0.007827389476078306,0.0057551928477439385,0.005483312124349696,-0.008894753802001998,-0.010152460640292515,0.013101318518719818,-0.010030662826511936,0.7724590847492963,0.16614908536250805,4,12
2017-01-03,XLK,1,0.008892000627245933,0.00885269959438606,0.007650421985687066,0.005865196001626883,0.0006564338748178411,-0.0017594013766170091,0.009451388982508042,0.002465641074517257,0.639761927166651,0.8276018935972449,1,1
2017-01-04,XLK,1,0.003484130245194006,0.0034780747248159827,0.007560570870896147,0.005493895789172349,0.0050085704767337536,0.0016776161322811234,0.0047102095763194105,0.002662241420095415,-0.4818659168185013,-0.060399978146114086,2,1
2017-01-05,XLK,1,0.0016339282431037105,0.0016325948346169739,0.0060512322126365665,0.005380964995949462,0.00537117977793633,0.003478538968120004,0.006338200250626625,0.002657965007581428,-0.2381525937616813,-0.2822672575928713,3,1
2017-01-06,XLK,0,0.0073410252515420105,0.0073142110747359546,0.006553898033674137,0.005815291017471521,0.010018423179309899,0.010059702818073335,0.011623158323468587,0.00734095847534083,0.5901797234185611,0.08302855905195083,4,1
2017-01-09,XLK,1,-0.00020261301983615088,-0.00020263354862715133,0.0038195777233395647,0.005744604489520946,0.005578468290504235,0.008885518438009443,0.0038437917365153193,-0.0008092436836006914,-0.049950860512422035,0.06575408495265744,0,1
2017-01-10,XLK,1,0.00020265408019137787,0.00020263354862715133,0.003071469492259505,0.005749643743174946,0.003290198441345371,0.00820442581331493,0.006882593969349912,0.0,-0.0694893847356709,-0.025508012430888738,1,1
2017-01-11,XLK,0,0.00465602170992141,0.004645215969034222,0.0032078073211992617,0.0057876769513586935,0.00522580754949975,0.0119486026257698,0.007706369043442446,0.006489549501362375,-0.019299878487034294,-0.053210647371041864,2,1
2017-01-12,XLK,1,-0.0024182279491443692,-0.0024211565847096495,0.003973292871621413,0.004837545063603043,0.0008893576414468196,0.007898528530414284,0.010720040332091627,0.001415851471856692,-0.09540631384696496,-0.13364842994528736,3,1
2017-01-13,XLK,0,0.003030154821178188,0.0030255731551629417,0.0027946368527645344,0.004829544583218485,0.0028679096710408913,0.00906274599452117,0.004847539620343995,0.003029721893843544,-0.29577280079269097,-0.3901718860015495,4,1
2017-01-17,XLK,1,-0.003826195274045485,-0.0038335338844683875,0.0035653971250524524,0.004044828985096808,-0.001292012256943087,0.0029397608525987273,0.005047446116725888,-0.0012113377765482296,-0.0014690972294068017,-0.3614504382436381,1,1
2017-01-18,XLK,0,0.0026277817851865226,0.0026243352032211398,0.003706109382778961,0.0033285834147637064,0.0005244199571405872,0.003926664591685558,0.0038298452806174626,-0.00020161532165717644,0.27599568983380984,-0.09167078468539569,2,1
2017-01-19,XLK,1,-0.001411387641706674,-0.0014123845874061125,0.003072799489252402,0.003388784114034142,-0.00048442128255787864,0.001354471589317674,0.0068548419969263995,-0.0014112842132594267,0.17738766097731307,0.06903141330376417,3,1
2017-01-20,XLK,1,0.005451109726809955,0.005436306200912178,0.0037262126020415577,0.0036524169378813424,0.003789176475810896,0.005268380644040338,0.005226173592572236,0.0010050097901617462,0.20764137931034488,0.2319247399427895,4,1
2017-01-23,XLK,1,0.0018073539510619074,0.0018057226521701608,0.003612344644522569,0.0030454788436417458,0.004671923732337158,0.006090120932666254,0.007437164459995289,0.0028140580833856785,0.36802430500034267,0.6121047835806934,0,1
2017-01-24,XLK,1,0.006213594487063601,0.006194369704408231,0.0030552008096936217,0.003418900820371934,0.007951111143842837,0.010690631820667429,0.009027020301230239,0.00702110931859021,-0.45641029922522036,-0.101886605062673,1,1
2017-01-25,XLK,0,0.00956199605863084,0.009516569523640772,0.004228052852265108,0.004180084438552524,0.013194895104287285,0.017732085888978455,0.004953437565946568,0.004160869415364968,0.41267720284446074,0.24366357344035006,2,1
2017-01-26,XLK,1,-0.0027625384516269946,-0.002766361303114806,0.004702828909055718,0.004419996971202164,0.006331939291905009,0.013069276919944528,0.006117970590015566,-0.0025655665702715895,-0.22519515536323909,-0.030372544297545656,3,1
2017-01-27,XLK,0,0.003957451603445072,0.0039496414904962585,0.004638925190592656,0.004193575116547091,0.006546488697883879,0.014576950921906029,0.0039432326128930745,0.00039433078237994986,-0.15484459412053597,-0.17104335953843786,4,1
2017-01-30,XLK,0,-0.008080883271259887,-0.008113710577173805,0.007120905334724377,0.005341908510809907,-0.003327127318575207,0.005031885446621365,0.009294072049425563,-0.004745854562346275,0.40239083513199403,0.1074414622538229,0,1
2017-01-31,XLK,1,-0.004966810108191555,-0.004979185704681477,0.0071352145936259305,0.005475314341805104,-0.007805905660942414,-0.0011765839291374425,0.007175615377526543,-0.0017938278089539928,0.13155589231169929,0.179927237532298,1,1
2017-02-01,XLK,0,0.007587627905308647,0.0075589866449394805,0.006465228366960069,0.005828286881861939,0.0005947919083801878,0.004678875079304534,0.008705948134911967,-0.0015829408311330013,0.22215363368139118,0.3499994799293167,2,2
2017-02-02,XLK,1,-0.0019816551973184104,-0.001983621273798697,0.006416820253267611,0.005865174611198338,-0.0006746634390127904,0.0010336708140519235,0.0069569127263862775,0.000993823011245054,-0.26386213627141275,-0.021468985702515875,3,2
2017-02-03,XLK,1,0.006552771842572858,0.006531395764057812,0.006968674631193829,0.005953584726491702,0.006073376280789855,0.005813814733261591,0.004352075357591086,0.0027695230813336484,-0.20529370035702244,-0.20496825038567235,4,2
2017-02-06,XLK,1,0.0005919563644540826,0.0005917812273974477,0.005416172475582442,0.00596555978638665,0.00511282810217506,0.00475444517067003,0.004741166907025757,0.001975549010835112,-0.01567255911964416,-0.16650867938743064,0,2
2017-02-07,XLK,1,0.003943075738082502,0.003935322190145474,0.004018696809795756,0.005814600400385149,0.005727793719123131,0.007279570659443957,0.003935473517128381,0.0019676992271072,0.49455140117445917,0.1933185272936404,1,2
2017-02-08,XLK,1,0.0017674356350958487,0.0017658755586862362,0.003249649827804577,0.0050810731834935625,0.00532116625643031,0.008401616333944428,0.006088008335398504,0.001767481457663901,-0.368045677452726,-0.2195228021552773,2,2
2017-02-09,XLK,1,0.003136527555312796,0.0031316189141405992,0.002272189915071131,0.004980911510866319,0.005264871562533857,0.010306253713204594,0.005685177907659794,0.003136636986411496,-0.2335080511876092,-0.38471102418018965,3,2
2017-02-10,XLK,1,0.0029314440037442324,0.0029271557003407445,0.0013084057772330753,0.00492926120810816,0.005722266922963515,0.012108921923169147,0.004679307353924021,0.0005848855285902965,-0.14204452111056354,-0.4595087595830175,4,2
2017-02-13,XLK,1,0.004481748279254294,0.004471735151832412,0.0010380134730777787,0.003783508361410482,0.0069539616346243616,0.014204718022846397,0.00525190543795077,0.002723193737871307,0.5748821178103831,-0.12772284184416816,0,2
2017-02-14,XLK,1,0.0032976714484680425,0.0032922460541504606,0.0009683927970027445,0.00275816460482228,0.007126954424517606,0.014276632983154514,0.0073800943042919235,0.004466877738178717,-0.052570785902092854,-0.1354828151934686,1,2
2017-02-15,XLK,1,0.0032872382662707533,0.003281847110006897,0.0006080096849860633,0.002300716501532918,0.006986443946062293,0.014765012783975795,0.005804938763332434,0.0040634497529525885,-0.045927042895184345,-0.1039372522550347,2,2
2017-02-16,XLK,1,0.002312420159755302,0.0023097506308475957,0.0007906744545313495,0.0016042378906856026,0.006035077071173456,0.013840171326025663,0.005003890315851947,0.0009622640096521533,0.1873055905842791,0.089127541207626,3,2
2017-02-17,XLK,1,0.003460950573652699,0.0034549752670738343,0.0007705180725404016,0.0011165531325342105,0.006130542406767914,0.014382984180486558,0.006159763043786189,0.004619785567755815,0.003710259859803111,0.08890097464449442,4,2
2017-02-21,XLK,1,0.0051733597383536445,0.005160023887191834,0.001036581849930402,0.000987113844934917,0.007799599145790648,0.01619407220754554,0.004971287291127999,0.003059270549639533,0.07491852081775474,0.15465289333854693,1,2
2017-02-22,XLK,0,0.0011436475204105179,0.0011429940537612815,0.001492377764066303,0.0011862888391839452,0.00586040338707039,0.01421286142704048,0.004960926101649418,0.0020988477517996803,-0.09632877000013129,0.09605615281870539,2,2
2017-02-23,XLK,1,-0.0001905766289447275,-0.00019059479097816023,0.0020683514846681,0.001539529407981551,0.0032861412918234745,0.011090821217383473,0.006655301156167351,-0.0015212365625131247,-0.02644957006739479,0.061159934709541286,3,2
2017-02-24,XLK,0,0.0022855971891901916,0.0022829891850766337,0.0020686052237458767,0.0015487039070536382,0.003202427102646288,0.01056079310696112,0.009195466473525088,0.008237553618602043,0.15954764497888907,0.1764073719772834,4,2
2017-02-27,XLK,0,-0.0005700564171655653,-0.0005702189611005437,0.002310709621597702,0.0018805676384546235,0.0010658470785473995,0.0075084882751810245,0.0026605737835468813,-0.000380092325535049,0.02618339959599081,0.14158773962593085,0,2
2017-02-28,XLK,1,-0.004752940369236125,-0.004764271508723272,0.0026746366508005053,0.0028164468580859714,-0.0032748207333528345,0.0011857100509207186,0.005522775181815626,-0.0030470358508180896,-0.044397913636591624,0.07487529246508395,1,2
2017-03-01,XLK,0,0.014135640420347872,0.014036663895820922,0.0071448684888828105,0.004888801211864071,0.008625281429817111,0.0126847592271504,0.011581557462654785,0.007974216788376783,0.19337400774125824,0.23297011959212344,2,3
2017-03-02,XLK,1,-0.006592322674417006,-0.006614148006172549,0.008175477809399171,0.0056758064723429254,0.0011011168546062322,0.004380340608086453,0.006410259176454055,-0.005656094115426811,-0.2116697635042275,-0.04385918122416321,3,3
2017-03-03,XLK,0,0.0022753103207691083,0.0022727257220083175,0.008175043604522697,0.005675330505029421,0.002503554579188272,0.0050386979528798115,0.005123348270490841,0.003036050191570909,0.09580061644886406,0.03674185695152765,4,3
2017-03-06,XLK,0,-0.001513615273056934,-0.0015147619458812933,0.008228154638792076,0.005715553382214992,0.0003031943416873517,0.0023929943438540935,0.006079021628696031,0.002659562904097756,-0.1453226422298587,-0.10954344741622801,0,3
2017-03-07,XLK,1,0.0,0.0,0.0076965652905552516,0.005541329920810583,-0.0013245628825758748,0.0017841668249669596,0.005688267491713667,0.0007583826233818368,0.03949249463902782,-0.06647569298171707,1,3
2017-03-08,XLK,0,0.0011366341602814245,0.001135988680744049,0.003457311411198552,0.005541257015892921,0.0007573736670791753,0.0023140573395019626,0.004352754382516096,0.0,-0.1861641166695318,-0.22783223778999273,2,3
2017-03-09,XLK,1,-0.000189104814659391,-0.00018912269722948238,0.0014327836970842137,0.005541233073108248,0.0002271791720303007,0.0015165650425521537,0.006433304870469911,-0.00037836601028849503,0.3466528190955658,0.026620306689766116,3,3
2017-03-10,XLK,1,0.005300067045212575,0.00528607112098145,0.002608990431140457,0.005720900833173283,0.004577500180074301,0.005909341014143532,0.006217065178426925,0.0005651616100609115,-0.03865258424616347,-0.00749925439300847,4,3
2017-03-13,XLK,0,0.0009414282147157671,0.0009409853491031406,0.0022342941086960218,0.005696988851947357,0.004079826284808297,0.0057895438875699146,0.0030126124190050212,0.0009414279134992446,0.014508124277653245,0.013938735878825215,0,3
2017-03-14,XLK,1,-0.002257492093330482,-0.0022600440700411006,0.002763013010288314,0.005463245571677933,0.0008301661442513542,0.0022106181961345506,0.005271061463233736,-0.0015059867839982927,-0.02966010829357213,-0.011006123923737121,1,3
2017-03-15,XLK,1,0.006787562315257789,0.006764630522996473,0.0038007346782741994,0.0037849313841457114,0.005498325018018946,0.008422478256496335,0.009977458671897897,0.00527113327606021,0.23393969529965886,0.22306038908588088,2,3
2017-03-16,XLK,1,0.0005616792945615234,0.0005615216117886845,0.003700380612169168,0.00283323372420187,0.0037949732078028653,0.007675889958809634,0.004664179237256954,-0.0031716077198657056,0.22884391510701163,0.4284803431059363,3,3
2017-03-17,XLK,1,0.0021607054633825395,0.0021583744964175366,0.0033018838254299057,0.002829098083680967,0.004320665137880431,0.008549415332578247,0.0035560289280136717,-0.0016844497861470587,-0.37188923301147747,-0.09138705983583983,4,3
2017-03-20,XLK,0,0.0009372208587836717,0.0009367819415344592,0.0033021064994210995,0.002660076028147504,0.0036218524961835197,0.007946172099412951,0.005060855684885833,0.0007497828804390184,-0.3413290019433245,-0.3838778336830996,0,3
2017-03-21,XLK,1,-0.01460939849691767,-0.014717166665797698,0.008091711942439708,0.005780328949771667,-0.010197628856427499,-0.006840259535467408,0.019988786086766158,-0.01718659050859401,2.2818486062794485,0.8257370683847576,1,3
2017-03-22,XLK,0,0.006272696289153945,0.006253104814682331,0.007972902723301258,0.00610406473399463,-0.003031862528902418,-0.0011813180479354202,0.008931988412077497,0.00608133221816386,-0.23630203616114853,0.30328107218175604,2,3
2017-03-23,XLK,1,-0.0026445673523662894,-0.002648070397996527,0.007951298487904776,0.006187726047643251,-0.004074219249127764,-0.004147242446991828,0.005675354400238091,-0.0011350997464662452,-0.0020995669094199254,0.24756459453107316,3,3
2017-03-24,XLK,0,0.0007572548482441821,0.0007569682754549056,0.007809895797772079,0.005945540286441955,-0.001436467749647008,-0.0032685919724970702,0.009437523675352123,-0.002642495108683952,0.15683046639787324,0.35698427286527123,4,3
2017-03-27,XLK,1,0.0,0.0,0.007736961923105288,0.005934497530929842,0.0006436727359564465,-0.00305034683324934,0.01183204034027681,0.00839692011252483,-0.4791072148787374,-0.28863013755575606,0,3
2017-03-28,XLK,1,0.007191721375249482,0.0071659842694722364,0.0042375958302772925,0.006311407231952847,0.0055169462434419,0.0033934094412968463,0.012123496468062985,0.008145487738555873,0.23504747991234476,-0.13237093172189562,1,3
2017-03-29,XLK,1,0.0016910844078765752,0.0016896561346331218,0.0036180246322011153,0.005965214494841213,0.005811149175560804,0.004872597277043811,0.004887186424898041,0.002067680616053522,-0.32515170513017666,-0.3944164155387583,2,3
2017-03-30,XLK,0,0.001875967361838038,0.0018742099326432005,0.0028350278267409764,0.0059877252414613025,0.0053838222021322935,0.006406747547864189,0.004693072983887398,0.002628109413279228,0.5344516309968275,-0.048296180334730265,3,3
2017-03-31,XLK,0,-0.001872454697938064,-0.0018742099326432005,0.00338425146243242,0.005989033704283985,0.0017287447647311716,0.004579099988322399,0.004497782528515148,-0.0009370171755741563,-0.30279180279180284,-0.33070227189486867,4,3
2017-04-03,XLK,1,-0.0009380621010912638,-0.0009385023566905737,0.003530260885177617,0.0059843910894916,-0.0007881155278037788,0.003882681378254871,0.00937031473539756,-0.0018741058409763108,1.132858196116982,0.3061171661715263,0,4
2017-04-04,XLK,0,0.0007513426953940083,0.0007510605787732771,0.001648851414874001,0.0032118297289423997,-0.00033746976865989264,0.003332037337736793,0.005279011584913189,0.0049019290543995675,-0.4222724095284186,-0.1850374929565255,1,4
2017-04-05,XLK,1,-0.004127086142118763,-0.004135626066900322,0.0023338236632926015,0.003107864944127048,-0.00360365382830663,-0.001072102941142128,0.012746022954539247,-0.005060855684885833,0.3931895543027337,0.14664702676556662,2,4
2017-04-06,XLK,0,0.0001878424136829704,0.00018782477350587357,0.0019249989900309264,0.0029372624597428306,-0.0022177621420402804,-0.0014294378808484831,0.005457299940877217,-0.0009408964553034343,-0.33812118840607375,-0.20244312242177787,3,4
2017-04-07,XLK,0,-0.0005648388189553044,-0.0005649984004958419,0.0018994025012521118,0.002956675519093816,-0.0018434402226982227,-0.002406324511364466,0.0062252752594530334,0.0009432758600465895,-0.06715115859901077,-0.19417359633694886,4,4
2017-04-10,XLK,0,-0.0018848844057587355,-0.0018866630357297076,0.0019460158852712323,0.00304515086563592,-0.00259912638527815,-0.004511300316703992,0.006969349133897023,-0.0024486921782179995,-0.25130614894735215,-0.3812578722404045,0,4
2017-04-11,XLK,0,-0.0037764931163326576,-0.0037836420707884066,0.001906209687060726,0.002082628329415532,-0.004340637908442968,-0.007412508958074215,0.011726857280317771,-0.002080586581688457,0.7460360062763234,0.0803018729098699,1,4
2017-04-12,XLK,0,-0.003411577621096784,-0.003417410321614689,0.001728262288808807,0.0020104201561934225,-0.00586122040460102,-0.009438408031587908,0.005501819779252707,-0.0024662731109070237,0.026853176620827535,0.06864442549379368,2,4
2017-04-13,XLK,1,-0.003993891807131056,-0.004001888692580113,0.0014628050640436258,0.0018014918819986969,-0.007128494563044319,-0.011457785955979571,0.009520182704531725,-0.0028560838646514626,0.12464015107897097,0.18705188991699906,3,4
2017-04-17,XLK,0,0.009165501580828739,0.009123753273439394,0.005620654837347283,0.003956152547603331,0.00277018874777335,-0.001530340898542426,0.006472494964570445,0.0060917514231951025,-0.2765138328589274,-0.15111498751781027,0,4
2017-04-18,XLK,0,-0.00018953012192102214,-0.00018954808502424925,0.00558840306909849,0.003961572602677164,0.0030369510658769805,-0.0009268270758713282,0.005881190741380021,0.00246634548232292,-0.11638833852250208,-0.18346208622847526,1,4
2017-04-19,XLK,1,-0.000756681847246754,-0.0007569682754549056,0.005293214554665385,0.003925153673683395,0.0021257730318182677,-0.0007381266252416419,0.0077475408465283516,-0.0022675535910200353,0.1628707796783906,-0.047228491942680195,2,4
2017-04-20,XLK,0,0.009090858705144811,0.00904978558807823,0.00607752528976488,0.004847941598488928,0.008556085205311259,0.007964556878010454,0.00963351595698572,0.006422367990322457,0.044266923765580835,0.03425274185627769,3,4
2017-04-21,XLK,1,-0.002064788617902713,-0.0020669232327792386,0.005591014529514794,0.004910140799018469,0.003434595116472927,0.005731134418509365,0.004502845814300105,-0.0024390444648419818,0.004563499914269409,0.029404211954685344,4,4
2017-04-24,XLK,1,0.011848960370665074,0.011779311080998056,0.006395797614523037,0.00612506287599342,0.011696613230646413,0.016225584149488936,0.003906959711119186,0.0009302183639171512,0.06413707083305975,0.07173553719008274,0,4
2017-04-25,XLK,0,0.00520474348105493,0.005191245618719531,0.006045112138681312,0.0061125365467252476,0.0122414609681607,0.019358241041663504,0.004813001098296669,0.0011107251533240652,0.23933374460209755,0.24276534094142743,1,4
2017-04-26,XLK,1,-0.0011096157161288867,-0.0011102317954305718,0.00612576309294982,0.005880879627159804,0.006521407267489954,0.01581459143383257,0.004437830170924954,-0.0011094928117506215,-0.1889136667728576,0.01186964627038245,2,4
2017-04-27,XLK,1,0.004072697802820269,0.004064426818332301,0.005592714937247889,0.00552778944520536,0.007018097632807585,0.016777777435567742,0.003138814058793529,0.0014771386868552617,0.05455862136684986,0.06830316398876946,3,4
2017-04-28,XLK,1,0.002580952071182141,0.0025776271341584334,0.0047390687894207145,0.004947262009578639,0.0051012269655172915,0.01557542450080529,0.004410984729642708,-0.0005513467998714179,0.3290035732160108,0.39120518156431383,4,4
2017-05-01,XLK,1,0.007539879247538961,0.007511596435030299,0.0032219391541889195,0.004774485714296429,0.008986972951084526,0.019538861771050797,0.006962276573230583,0.003847546306844788,-0.33764800672598616,-0.08407873798330201,0,5
2017-05-02,XLK,0,0.002189862614734084,0.0021874683603537726,0.003141140659874773,0.004620242064117967,0.008114764536758745,0.017850839397233864,0.00510022925704569,0.00018211878424976164,-0.0036890122967077055,-0.10151065831505968,1,5
2017-05-03,XLK,0,-0.0018212279146327948,-0.0018228883665387663,0.003383748158812974,0.004748898553909479,0.003368217966939424,0.01222567586724188,0.00529868633757764,0.0014617546450543702,-0.05051027856299184,-0.1458139570978807,2,5
2017-05-04,XLK,1,-0.0007296372773714088,-0.0007299035921994879,0.00364365823018895,0.00453296549088182,0.0006943188373207398,0.008711413715838168,0.004924319692631282,-0.0010943164560872213,0.059459081696834115,-0.09500322961551455,3,5
2017-05-05,XLK,1,0.003651384491237364,0.0036447343700691803,0.0037204911083756355,0.004203842943605072,0.002187589704279791,0.009049494261413882,0.004739375379835647,0.002005115004151247,-0.09948680061742243,-0.1772714890785797,4,5
2017-05-08,XLK,1,0.004366298460821261,0.004356793836338024,0.0027072569154248023,0.003021118632635843,0.0050243351632426325,0.010838979145252337,0.0059989427581115026,0.003635716579565219,-0.1107122974596384,-0.24996138662185452,0,5
2017-05-09,XLK,1,0.0012679547734275598,0.0012671515976294678,0.0026824750566079364,0.0028971481447239763,0.004944890051268747,0.009901841256977573,0.00470421809439205,0.0001808996101030189,0.2675738455709131,-0.02083227284296263,1,5
2017-05-10,XLK,0,0.0037984422960750663,0.0037912464304339366,0.0021470307163921243,0.0026817360304513915,0.006274264494021242,0.011022796054907857,0.00560169059882544,0.002710544370533249,-0.310918472115722,-0.2999255296112223,2,5
2017-05-11,XLK,1,-0.0012614064693433624,-0.0012622027121449442,0.002348886354867289,0.0028982673463324904,0.0026412963294994984,0.0075812636043337545,0.006326867150201844,0.0018076369246699342,0.7159562429271973,0.19331961369917283,3,5
2017-05-12,XLK,1,0.0025260746849704585,0.0025228895211601987,0.002246437001417576,0.002897429882723056,0.003032761287657504,0.007964085657109932,0.0032450027260608667,0.0016225013630304333,-0.4884809848318312,-0.3301619972220823,4,5
2017-05-15,XLK,1,0.005579674316590788,0.00556416559617956,0.0025868752717440498,0.0025362780407810143,0.0062315355683453255,0.011606172550779892,0.004853504450468629,0.004314180463086273,1.137887317890756,0.3844854361366381,0,5
2017-05-16,XLK,0,0.004653485209003216,0.004642691220199335,0.0026642483991934397,0.0026771770330891037,0.007828404286887247,0.014073621786920398,0.005714280264718192,0.0023214476449148996,-0.08927261214356785,0.23467068544519054,1,5
2017-05-17,XLK,1,-0.0272578576170307,-0.027636244885417494,0.013730212882523159,0.0097271458863911,-0.016499583056565847,-0.01319347073795274,0.021009193975477024,-0.019572637447779095,1.0466610014236681,1.187444340776581,2,5
2017-05-18,XLK,1,0.0058606965349359275,0.005843589460039489,0.01433164813447,0.009919213893602816,-0.008950434998721057,-0.007679099517837851,0.013955235934757048,0.008446549618173033,-0.09289835535184687,0.7891846128974618,3,5
2017-05-19,XLK,1,0.005826853384990338,0.005809942932823553,0.014649073742593798,0.010023738048099622,-0.0020232365028897137,-0.002383704656937158,0.00452734506471307,0.0003621958949934483,-0.3925229755917775,0.04902843404859003,4,5
2017-05-22,XLK,1,0.00796512168668917,0.007933567549231135,0.014955319845000538,0.010238832804708534,0.006616808787254236,0.004709640797442516,0.007043514487479188,0.005598724566933333,0.028495660087483277,0.03188745580731833,0,5
2017-05-23,XLK,1,0.0017958919506588789,0.001794281264833053,0.01475812994592103,0.01024232482137324,0.009702326959310392,0.005606742341362381,0.006081204677442476,-0.0023251845549996314,-0.3710455457979316,-0.3440096535422288,1,5
2017-05-24,XLK,1,0.0041233940876357345,0.004114916195371521,0.002301399078295922,0.010252880642961005,0.008716619065017639,0.00880752032875387,0.0039335100930218666,0.0014303239034672208,0.4101656455638756,-0.11043102855965004,2,5
2017-05-25,XLK,0,0.007141617054791549,0.0071162364749910445,0.00247033760674881,0.010392061867805847,0.010497278737079396,0.014203588682103696,0.008008488329599085,0.003915309237942409,-0.3441787618403973,-0.3994992471025973,3,5
2017-05-26,XLK,1,-0.0005319658643626601,-0.0005321074084028155,0.003569144220139192,0.01041399557154361,0.005851617250555385,0.01217182535470962,0.00372603055710553,0.0003548697222689245,4.934767318230146,1.7190896548209578,4,5
2017-05-30,XLK,0,0.0042568056206324645,0.004247771053443206,0.002884503858093886,0.010364922065854987,0.0067566751895771215,0.015113651046497312,0.006205646536383486,0.0039006631215234007,-0.8366885139269393,-0.5421335573223627,1,5
2017-05-31,XLK,1,-0.0015894619272294186,-0.0015907264619694494,0.003640767742960233,0.010334040563171665,0.002482710944023747,0.012773845635321912,0.008974103556240167,-0.005278955518067152,1.4042833274264592,0.05843334242225451,2,5
2017-06-01,XLK,1,0.002476547564903342,0.0024734859747232996,0.003550936530356476,0.0031748527821371265,0.0026184499531891614,0.011530731497977342,0.0061782606300761905,0.000352985746298195,-0.40782389566267263,-0.3223244459474982,3,6
2017-06-02,XLK,1,0.00917602827715136,0.009134184309185223,0.0042790483897668105,0.003570255472584348,0.009033585633453356,0.01669308584587159,0.008790435840555583,0.005450027299094459,0.006495815651596626,-0.26900093925329793,4,6
2017-06-05,XLK,0,0.0008743469627463529,0.0008739649441023012,0.004048793086274101,0.0036413496222784656,0.006860282357997738,0.013976846223365591,0.004721113205929957,0.0008743321027893849,-0.20317983747497348,-0.3996777364892443,0,6
2017-06-06,XLK,1,-0.0019217222464255057,-0.001923571123687129,0.004501665313888395,0.0036572410514788592,0.0031255243891321616,0.00943542106849593,0.006296953073016658,-0.0006996169688842935,0.13588932572644774,-0.30056781312313596,1,6
2017-06-07,XLK,1,0.0031504716267660715,0.0031455192897693607,0.004088766617392777,0.0036500446185238657,0.0035370209628931004,0.009885530783213747,0.006985706210341987,0.000873263241766606,0.13252745536876076,-0.22268196468903978,2,6
2017-06-08,XLK,0,0.0022684986810495023,0.002265929522604182,0.004093315656683882,0.0036175406907339954,0.0031085014905001263,0.009632313550655525,0.006270695197846972,0.0005225357842990356,-0.1839792272252031,-0.35286474705561843,3,6
2017-06-09,XLK,0,-0.024721238941917578,-0.025031940070895153,0.011703067013051911,0.009053088407645496,-0.01767537042889966,-0.01465160073861671,0.041724577400584925,-0.02607788574517544,3.947975332282046,1.5322379817322909,4,6
2017-06-12,XLK,1,-0.00589116721185079,-0.0059085885926171144,0.011375013410935182,0.00920231470359669,-0.01812495220947774,-0.019266171308602087,0.018217863393788444,0.004509379621080277,0.01604609802945145,1.5835898370965946,0,6
2017-06-13,XLK,0,0.007182729919310793,0.007157056976005993,0.012724303194840523,0.009438304933228813,-0.007432360842312913,-0.01129901473825956,0.01054324807434815,0.0023231070450697353,-0.4876716779064818,0.21492142998033503,1,6
2017-06-14,XLK,0,-0.004813666089256263,-0.004825289094377183,0.012153354290768206,0.009519217525430194,-0.006973635935499156,-0.014825324551195784,0.01704846494512791,-0.008701858755400683,-0.11549520592126117,0.06097285898632987,2,6
2017-06-15,XLK,0,-0.0044785820961418255,-0.004488640989225523,0.011473026260517724,0.009472940193525814,-0.004799542443799987,-0.017329759952417034,0.012683471287507705,0.006885324833679817,-0.08838361989048615,-0.07125294749136613,3,6
2017-06-16,XLK,1,-0.0017523523560574183,-0.0017538895214799233,0.005328530013146108,0.00864515821140126,-0.004591857249509723,-0.01606360946097285,0.006323369173799266,-0.001806657215498354,0.4651232161621639,0.2568962288402239,4,6
2017-06-19,XLK,0,0.014841295111772679,0.014732240772539651,0.008573883525776387,0.010310347323925897,0.007989371677311174,0.00021421400543641944,0.008442630432226388,0.007185226136796268,-0.5405551725254844,-0.43295801609546714,0,6
2017-06-20,XLK,1,-0.008025512444029603,-0.008057890217528563,0.009047045485305032,0.010509370099846772,0.0007809667085219019,-0.00554100737119223,0.008207009909569555,-0.00767172722620597,0.10358337026145104,-0.3857023607771599,1,6
2017-06-21,XLK,1,0.005573370951784451,0.005557897187296934,0.009100536495988683,0.010673687859415587,0.0051505420334541085,0.0020618892324921756,0.00573373386400526,0.0021501331111271663,0.12187776631957425,-0.3244276990578522,2,6
2017-06-22,XLK,1,0.00035771628267200484,0.00035765231745621406,0.008584261337680418,0.010606037206176205,0.0033354919436208164,0.004687471541088506,0.006595346558796182,-0.00267375606526682,-0.28474278462890057,-0.521239523983761,3,6
2017-06-23,XLK,0,0.006255526619384222,0.006236042028109345,0.008407983020056142,0.007295639053297606,0.00582413099836665,0.010056751535628461,0.01127007578213234,0.0071555939224162935,0.8678464197980165,-0.004260370671043234,4,6
2017-06-26,XLK,0,-0.005328557656644528,-0.005342805054587174,0.006380670494993299,0.007239186647680614,0.0007148108559342781,0.0037139273443367316,0.013780964929721277,-0.010600680040573284,-0.4076877176745659,-0.2999506333468144,0,6
2017-06-27,XLK,1,-0.01642850461654133,-0.01656494894670768,0.009358053109986907,0.008695733703493549,-0.013822165446444212,-0.011384792198173344,0.012926344634539337,-0.011131039917279284,0.32562012356212544,-0.03449551258102024,1,6
2017-06-28,XLK,0,0.012526935633050185,0.01244912273907195,0.011102965427257201,0.00961528104561123,-0.0008959261408598707,0.0006870101513212212,0.016277835250065164,0.008681489135253887,0.006242487689504195,-0.004585076293920465,2,6
2017-06-29,XLK,0,-0.017930559231536747,-0.018093259514254445,0.013494858631709078,0.01118015079801931,-0.014644457843029368,-0.016237362904301778,0.021257368513030138,-0.013330893283102017,0.616322441430333,0.5356060816836359,3,6
2017-06-30,XLK,0,-0.0009129651311787779,-0.000913382137671892,0.012449155498977672,0.01117695063495209,-0.009915331247173031,-0.016198928676358637,0.007636399702592329,-0.005090886896306818,-0.26707639200129685,0.17935848373346253,4,6
2017-07-03,XLK,1,-0.00694446452451003,-0.006968689536579031,0.012460838236221789,0.009805286613546665,-0.010849003376578792,-0.019982721812286774,0.014012746989495803,-0.011101011863187672,0.07680898262413893,0.20853125552149976,0,7
2017-07-05,XLK,0,0.009937419596429908,0.009888368137904724,0.012490307879216643,0.010425535238987895,-0.0002914570764944724,-0.008921187628873395,0.01155117450568057,0.006233959422085264,-0.10531276053308847,0.05168222712853554,2,7
2017-07-06,XLK,1,-0.009110745918517571,-0.009152502580504596,0.01034055843813728,0.010385563281909245,-0.004357530734210191,-0.015194044282410335,0.007904417152841871,-0.0003676554632844514,-0.13856064391535106,-0.09701621950658446,3,7
2017-07-07,XLK,1,0.011585293860466583,0.01151869820352136,0.009498517819357562,0.011324269997754335,0.006292897176019441,-0.0020860253117940264,0.011909081886688539,0.007878279150841987,-0.3087776506184646,-0.37594962418412814,4,7
2017-07-10,XLK,1,0.0072713254619996,0.00724501683044787,0.009805855961868405,0.011407166281921398,0.011057628560698918,0.006795608912016693,0.010905166917963834,0.007088320363570737,-0.36560749359279676,-0.5712484623667864,0,7
2017-07-11,XLK,1,0.0021657632070337662,0.002163421322601611,0.008337617856333291,0.011376273156489506,0.008866049529500764,0.009838465992524359,0.008672078689591148,0.003252038123541059,0.22564441743234065,-0.46267821583933555,1,7
2017-07-12,XLK,1,0.012965672068186551,0.012882337296685531,0.008931964845772127,0.010659791860402447,0.016884625706282907,0.020759855922132253,0.007512040244885689,0.006081204677442476,1.4140450667250053,0.26098665640724805,2,7
2017-07-13,XLK,1,0.001955617932407172,0.0019537082010563367,0.005131406063736653,0.010022062668420187,0.011631142609747291,0.021662203162183147,0.005858367128132379,0.0005325542041849659,-0.509113757332995,-0.35724535758868325,3,7
2017-07-14,XLK,1,0.008871574023781914,0.008832452818479108,0.004673186075333734,0.007677311283501867,0.013872510670662308,0.02683565866060733,0.0070670975612221855,0.004593677442400429,-0.17667474861847854,-0.403389733765701,4,7
2017-07-17,XLK,1,0.00017611581082799255,0.0001761003042592968,0.005448727090058673,0.007610802300344368,0.008798567487764197,0.02304431476843849,0.004744341213979984,-0.000702880260667629,0.47050645778521893,-0.07712586310417291,0,7
2017-07-18,XLK,1,0.004571688551456843,0.004561270124485262,0.005211893176563305,0.00659289664347897,0.007690468103654258,0.022588992104829453,0.008985238747566836,0.006518723705487888,0.00844761159284757,-0.007579061941024201,1,7
2017-07-19,XLK,1,0.00507622352408954,0.00506338293758235,0.0033141397532648717,0.006366928929385444,0.008642580920664278,0.02312828036115233,0.00524297527713555,0.0034952279618236945,-0.3272716275881534,-0.2732167477277133,2,7
2017-07-20,XLK,0,0.0020895874355579824,0.002087407284281806,0.003292634975961882,0.004367417929631939,0.006577385534337843,0.019525678024402637,0.006773174318276918,-0.0006947015327423975,0.554318508750899,0.15976981036300608,3,7
2017-07-21,XLK,1,-0.001216504868841617,-0.0012172454115328968,0.0027230508439293442,0.004317761687571952,0.003211824680654951,0.013866238711671253,0.0043637632397426325,0.003141914859474119,-0.44036865293215977,-0.32832790094658904,4,7
2017-07-24,XLK,0,0.002436262917877352,0.0024333000406309147,0.002493587452540068,0.004229408068705855,0.0030644842139089246,0.012406958458148099,0.005919222853703102,0.002959644632782582,-0.07354005167958655,-0.37616285813710704,0,7
2017-07-25,XLK,1,-0.0019095957021412202,-0.0019114213044924,0.0028639392325313096,0.004596484049357946,-0.00013918922018585356,0.006987532795111662,0.00644260717253418,0.001218869832008518,0.27931797474944675,-0.20213419795950083,1,7
2017-07-26,XLK,0,0.003826136399514235,0.0038188353569044153,0.002480198327136896,0.0032030144835848407,0.0026403634624649897,0.008244783862636051,0.005016448860721321,-0.0015568266813685268,0.541008386262227,0.3206285148440857,2,7
2017-07-27,XLK,0,-0.003811552878307811,-0.0038188353569044153,0.0031677230904022394,0.0037941288280588605,-0.001042440793817434,0.0024056806626688854,0.02425597490975285,-0.010837795570948217,1.1737309716484634,1.4207565441891634,3,7
2017-07-28,XLK,0,-0.0010434127482749078,-0.0010439574823113418,0.0031538652740970715,0.003018275052563776,-0.001980747018595519,0.0003482815407063189,0.006816979477181762,0.004020268238367307,-0.5533904335450728,0.041705250779019654,4,7
2017-07-31,XLK,1,-0.0048747803837062564,-0.004886700881250761,0.0033710817751032777,0.003550741638770658,-0.005290342269012371,-0.005030671196923908,0.009734075876471971,-0.006431408651757453,0.06700605259834247,0.09876565441925322,0,7
2017-08-01,XLK,1,0.005073633242240971,0.005060805734852458,0.004461598120818402,0.0036173918311827005,-6.955856358537016e-05,-0.0005392711310893139,0.004525645223331764,0.0,-0.24361729249371744,-0.15528132206933298,1,8
2017-08-02,XLK,0,0.0027851452637925878,0.002781273933202044,0.0042479057732478205,0.0033635444602658614,0.0030994634326622084,0.0019131984479054953,0.013783584156466208,-0.0074086888075969,0.5136146956856702,0.20620933184066859,2,8
2017-08-03,XLK,1,-0.0022566635103877797,-0.0022592136126915463,0.0039819446094618745,0.003392382161070461,0.0009054972312905196,-0.0002434738820760174,0.006586882691344697,-0.003640129822700881,-0.15000119294729564,0.0221886417108208,3,8
2017-08-04,XLK,1,0.00226176755870644,0.0022592136126915463,0.004052266296098582,0.0034430252486479726,0.0025757140723039473,0.0017737864575710915,0.005381968428875829,0.00017364820304574446,-0.5549224349258033,-0.5404400931698321,4,8
2017-08-07,XLK,0,0.006075204433563686,0.0060568247816390475,0.003230920565573599,0.0038662123608974356,0.0058657567993281035,0.007246758588413282,0.005026883730815011,0.004680195253786479,0.6151274990014506,-0.27392009435353093,0,8
2017-08-08,XLK,0,-0.0013801754874597227,-0.0013811288069143224,0.0033753619063128996,0.003831304522713494,0.0029805370897733052,0.00519275994601065,0.010539056653328188,0.0,0.3615384615384616,-0.043769744924822995,1,8
2017-08-09,XLK,0,-0.0005184609730246592,-0.0005185954203872356,0.0033835130255457004,0.0036762737767181727,0.001627441380151362,0.0044448376691479385,0.007129192477451265,0.005912018127473774,-0.3334289292303574,-0.34072957696940587,2,8
2017-08-10,XLK,1,-0.019706050649402007,-0.019902803976085792,0.00996643575788625,0.007284057083834807,-0.015485582525776587,-0.013996341066424889,0.015988845226052963,-0.014424779594167663,1.138581344653511,0.5273875577306588,3,8
2017-08-11,XLK,1,0.006876845066980941,0.006853307416180954,0.010720629620253927,0.0077385331431390056,-0.006956707446296728,-0.0066284943612788805,0.009859179239665007,0.0052816767797561,0.003768802097653623,0.4630844405606367,4,8
2017-08-14,XLK,1,0.01593715763473802,0.01581149452161723,0.013148133147553205,0.009125384131013587,0.008694158691137543,0.007712856853957062,0.010239503011538698,0.00676847269833298,-0.34804684629311666,-0.03458421381706511,0,8
2017-08-15,XLK,1,0.001551610370875478,0.0015504078672212707,0.013123061533289276,0.00904033922589124,0.009486906442192744,0.008138094517321948,0.005332898117923033,-0.0005161292524145038,-0.27728646820720393,-0.2935121240716365,1,8
2017-08-16,XLK,0,0.0029259128508396515,0.002921640699101502,0.013125099975558963,0.009043255477660243,0.010965050456647862,0.009931235378935588,0.006873994167754512,0.0013748381670861043,0.2840512718713666,-0.05969585144359457,2,8
2017-08-17,XLK,0,-0.019564082000963046,-0.01975799193333483,0.013067737743474231,0.011177666801384894,-0.010255987209750295,-0.009226127139408624,0.01739876545749195,-0.015848375211656558,0.4320939939707815,0.31544701098395067,3,8
2017-08-18,XLK,0,-0.0010504617389007764,-0.0010510138605219765,0.012735876879892015,0.01113394597852528,-0.011192905982085888,-0.009339123722840736,0.010852489672506944,-0.0010502603215336351,0.2874260731442142,0.5106003950098119,4,8
2017-08-21,XLK,1,-0.0003503518840350939,-0.00035041327159524016,0.009227422335842292,0.010869898238892551,-0.008240107176578637,-0.0081193821524429,0.00875503405106551,-0.0010506281325470689,-0.5221393705267572,-0.2800689378251199,0,8
2017-08-22,XLK,0,0.014899187806692638,0.014789285203020697,0.012374920420669273,0.012049503184596496,0.007236747273761113,0.006623847574149799,0.010985131127810787,0.009590288864715467,0.06048680219587399,-0.22249483115093038,1,8
2017-08-23,XLK,0,-0.002418025943295432,-0.002420954089201288,0.01222106194143618,0.012075284055913129,0.0065873590283007655,0.004346963503383927,0.006252115043527828,0.003126024396571622,0.054661277360185334,-0.19443669606836866,2,8
2017-08-24,XLK,0,-0.0008657768988808989,-0.0008661519001607054,0.0072273947444649374,0.00995893009859355,0.003686954897594852,0.0017356067999370062,0.009326440436896805,-0.003281561941260516,-0.09298833443526788,-0.22142521155198402,3,8
2017-08-25,XLK,1,-0.00017301682173731514,-0.00017303179087413412,0.007143674347396211,0.009807532398800901,0.0013190000167639937,0.0005202406687989658,0.008462829893890805,-0.0034542445193211447,0.029553120251053278,-0.143767807987637,4,8
2017-08-28,XLK,1,0.0019063287342921953,0.001904513995630186,0.007010861195330958,0.008341390063082666,0.0005885075841158827,0.0027753315186762606,0.004667991741945492,-0.0005186510929760567,-0.28078386194813454,-0.35940066931957493,0,8
2017-08-29,XLK,1,0.004324708045833958,0.004315383370658399,0.002618410143818219,0.008455612615219174,0.004359445541208817,0.007181927475841565,0.01517263567439144,0.012556700711320623,0.44991907630187034,-0.08715698004830086,1,8
2017-08-30,XLK,1,0.007233799056181045,0.007207760627556237,0.003337785105319052,0.008728640789328059,0.009111048410743283,0.014098255748877353,0.0091190431699426,0.006194091826695911,-0.11919721972887753,-0.183947629354003,2,8
2017-08-31,XLK,0,0.005984967448934064,0.005967128672197841,0.0030081517840525014,0.005305649212390659,0.011241765296448047,0.017169032043778953,0.006482447544169829,0.003582444609286686,0.23148680428534107,0.04441112954141779,3,8
2017-09-01,XLK,0,-0.0008498176752875786,-0.000850178975035476,0.0032409555002355806,0.005289197201450524,0.006644827098953643,0.013308663669467702,0.005425562857033644,-0.003390992955098788,-0.3620594538394619,-0.24426737383195185,4,9
2017-09-05,XLK,1,-0.008846697711240692,-0.008886062076499446,0.006586389008428505,0.0064390966522060765,-0.0037961214141993826,0.0022536064536797795,0.014502683500539564,-0.005971716177674682,0.9792952054680615,0.42553084456028056,1,9
2017-09-06,XLK,1,0.0008585609309537112,0.0008581925783377464,0.006403763710795159,0.0046153747904605765,-0.0037925797166556974,0.002407038531033967,0.007871305531866006,-0.002224456818494102,-0.23425224967861735,0.08313198743554051,2,9
2017-09-07,XLK,0,0.003429441137341005,0.003423574014226105,0.005639987131053324,0.0045441333427758916,-0.0004785619809962727,0.004549550142060488,0.005811968420305823,0.0001709114792000534,-0.1557984133776622,-0.07205453479705037,3,9
2017-09-08,XLK,1,-0.008203354142386377,-0.008237186806573149,0.005516404533168753,0.005437372120712706,-0.005961045647975172,-0.0042382443643111944,0.00872985856758048,-0.006675785721878915,-0.18646182640567732,-0.22799790324072644,4,9
2017-09-11,XLK,1,0.014130448899146941,0.014031544724102396,0.00945188282606421,0.006904590126752349,0.007843496030760955,0.007843503217466408,0.007180683140584275,0.006154843312080642,0.12431301124744376,-0.11793055299648914,0,9
2017-09-12,XLK,0,0.0023789921914378898,0.002376166869573204,0.0079592742583622,0.006905519465084483,0.007721477845447522,0.008203736326044542,0.006438448838879715,-0.0005082815836022053,0.11714720134142365,-0.03714753564294471,1,9
2017-09-13,XLK,0,-0.0013563590624633415,-0.0013572797500329692,0.008134487624039838,0.006930691346913348,0.004295975383748818,0.005375721311496662,0.004243041543945029,-0.00016969317454040408,0.03391124057137773,0.0023973776831762716,2,9
2017-09-14,XLK,1,-0.0033948670509249546,-0.00340064268745488,0.008418159451634027,0.0067625319404942255,0.00020442341106452488,0.0015694632037206446,0.0068154322804772965,0.0003407813636337342,-0.06171032073127225,-0.05914412919605283,3,9
2017-09-15,XLK,1,0.004085434046428027,0.004077111321016957,0.0068040530312649065,0.006613674148129119,0.001152913197201011,0.005455725675488132,0.0075278432106580225,0.004961521158973542,0.7207704511780979,0.5483610648035082,4,9
2017-09-18,XLK,1,0.0008511977017733319,0.00085083563845334,0.0029632970522572187,0.006604879633879061,0.0014947202411703664,0.005934058299731593,0.007479153714333587,-0.000679940749317271,-0.2066322254225148,0.16781182213189583,0,9
2017-09-19,XLK,0,0.0044224495437428235,0.004412699249978225,0.0033945447107322528,0.00582971235371365,0.004999316603396586,0.008661358142997289,0.007472802627839165,0.002887197110418704,-0.4606127545140223,-0.32232124972548226,1,9
2017-09-20,XLK,0,-0.004064173512659197,-0.004072454710929652,0.004009175929126172,0.006111583571921221,0.0005411203082112959,0.0033493061231395505,0.0111788590307852,-0.0038956561427802914,0.5937750396182404,0.0821947123493374,2,9
2017-09-21,XLK,1,-0.005441505072710795,-0.005456363989199353,0.004557865577389751,0.00639381878523895,-0.004866058036698484,-0.002430887608258825,0.008334779228373508,-0.005102895601100637,-0.09453903561692811,-0.024957742073255074,3,9
2017-09-22,XLK,0,0.0005131428117446379,0.0005130111989939401,0.00399710427872907,0.005650537915548883,-0.003609524698678368,-0.003103342816286103,0.00566034340782026,0.0037736058933474756,-0.40468375984009086,-0.4093487141631196,4,9
2017-09-25,XLK,1,-0.011790772335468325,-0.011860834762909445,0.006152959307871602,0.004970766580783992,-0.012128330388838315,-0.013495474769169125,0.013029352175090218,-0.0085719181262532,1.8131943292986237,0.5385182137315112,0,9
2017-09-26,XLK,1,0.003631199604487545,0.0036246227157259447,0.00591100154259625,0.005090307719013099,-0.005108184685157946,-0.00866186442363126,0.007223910790410006,-0.0017199600132589274,-0.3329968835417112,0.012520480688039237,1,9
2017-09-27,XLK,1,0.010165285794205836,0.010113966765275428,0.008421785372581767,0.006238996320477648,0.005625780655683865,0.001535601777563178,0.01029163459125649,0.005660408840021213,-0.15660587851943486,-0.14131355241243038,2,9
2017-09-28,XLK,1,0.0011939551561992445,0.0011932429585734816,0.007976101952426132,0.006137850394340927,0.0061016538388265484,0.0023906440452716726,0.006326931169305829,0.003761990807544934,-0.26799816645930197,-0.35669956907664546,3,9
2017-09-29,XLK,1,0.006814293073196698,0.006791180715000955,0.008416430255173015,0.006378015015493803,0.010947586080185978,0.008601195395558703,0.007142890970955297,0.005102027907365396,1.2236992771774138,0.44204362319160073,4,9
2017-10-02,XLK,1,0.0015229073187374986,0.0015217488713759053,0.0038033618392349384,0.006384143355487226,0.0077981634201576,0.00944811317620653,0.008101258096815665,-0.001012681405755538,-0.39077296901526304,-0.09153189038729181,0,10
2017-10-03,XLK,0,0.0023653179783933442,0.002362525017117978,0.003929468324579748,0.006283093586797654,0.0057637692289460585,0.011352824442423692,0.00320733349127021,0.0015192462869325822,-0.14605317027430365,-0.23204735510030539,1,10
2017-10-04,XLK,1,-0.000674200424590321,-0.0006744277999000126,0.002785711683772838,0.0060987659632835865,0.002841632148912643,0.009844703631928242,0.005909206340087445,0.0010130233623964363,0.028394679863903427,-0.1880503121615401,2,10
2017-10-05,XLK,1,0.009613750231713736,0.00956783219672852,0.004185246026237837,0.0062353122522344215,0.008525141681426485,0.017179570218337048,0.007230541388085367,0.00655791796944958,-0.034122353224254054,-0.19931234635005013,3,10
2017-10-06,XLK,1,0.0015035025815719472,0.00150237345318871,0.0039362460403857364,0.006210969208733159,0.007156773671965988,0.016239500945944396,0.005698963349941057,0.0048608936686063905,-0.0772727980444361,-0.27119252696872953,4,10
2017-10-09,XLK,1,0.0025020526894798945,0.002498927767044634,0.003876610817089763,0.003717858838682004,0.006598966386663907,0.014876977697078075,0.003830771797620783,0.0009992930992483318,0.1725836933045357,-0.06962546440405659,0,10
2017-10-10,XLK,1,0.0009983094115773028,0.0009978114321338438,0.003984732975955089,0.003827764434491609,0.004810216335692674,0.012266301374568078,0.008127412025641548,-0.002156262500267326,-0.21244171991020544,-0.23038413997055351,1,10
2017-10-11,XLK,0,0.003324287325128683,0.003318774097009758,0.003486047830230049,0.0030580716112108544,0.004559955755631284,0.012683519735668058,0.004993329359478824,0.004660432269696549,-0.089897494929562,-0.2724098893474053,2,10
2017-10-12,XLK,1,-0.0024848516842551627,-0.002487944051980495,0.0022312525480992565,0.00348041645596989,0.0008977317572100851,0.0076144662061381485,0.005978090386152256,-0.00016609325851408486,0.22596317934509824,-0.11468987904260552,3,10
2017-10-13,XLK,1,0.004816358211637617,0.0048047966665927255,0.0027799519559036302,0.0032586099893582845,0.0038827584431184725,0.010100935232475905,0.002978658021955435,0.0011583599945509736,-0.025612472160356337,-0.04793906810035842,4,10
2017-10-16,XLK,0,0.003636426728292008,0.003629830913911114,0.0028923995255768745,0.003267623642284158,0.005464520594467448,0.011191038270026876,0.0036273901923852734,0.0011541581708674879,0.39603361344537813,0.3136698270613074,0,10
2017-10-17,XLK,1,0.0,0.0,0.003015676011334004,0.0033673754247000452,0.003603225410525157,0.008855731885531348,0.0032949054435854985,0.0003294968288679694,-0.38219926803428683,-0.17091840856143026,1,10
2017-10-18,XLK,0,0.0024704605552074987,0.002467413984120981,0.002935015800601442,0.0031989417719502987,0.004389234981784007,0.008700076126164635,0.004433504942507064,-0.0004926534194156185,0.1869945632051757,-0.006927201615966605,2,10
2017-10-19,XLK,1,-0.0029571787431026397,-0.0029615598354091333,0.003105533100248862,0.0025591211341130364,-0.000164715178898156,0.004335782754287809,0.007754453081552827,0.0013198814643100175,0.12826490240178612,0.11229077584895397,3,10
2017-10-20,XLK,0,0.006755610744633378,0.0067328938599295896,0.0036771893930370773,0.0030741854098517893,0.004603730215141599,0.00920008843865383,0.003439225020465107,0.0006550458553964876,0.07781625585659002,0.17078243936979987,4,10
2017-10-23,XLK,1,-0.004746337761446839,-0.004757637391270997,0.004542863786514583,0.0037073812935100093,-0.0004602763668652976,0.003233574442218501,0.008333305803519531,-0.006372538967100916,-0.047587547587547574,0.11320799375143009,0,10
2017-10-24,XLK,0,0.0027958024414231897,0.002791901455010848,0.004666394475366563,0.0037409459361806307,0.001478205967362367,0.004679243351489948,0.005744334269905263,0.0008206012934534586,0.13903811535245003,0.21870137433383796,1,10
2017-10-25,XLK,1,-0.0054117028149917035,-0.005426399124022208,0.005279057695631949,0.0042207997131247085,-0.0032212107865829953,-0.0012350123620120668,0.012656154763847731,-0.0031229228506322185,0.14809975360262828,0.31456034561371515,2,10
2017-10-26,XLK,1,0.004121957965263823,0.0041134859693578996,0.005472386704749132,0.004220930829200933,0.0001970642603930095,0.0017436033242994586,0.004918020279681096,-0.0016393192478867827,0.022816202213334247,0.2836473846589147,3,10
2017-10-27,XLK,1,0.026929125618565752,0.026572917482832636,0.013129802217696652,0.009205386537741904,0.02229608615358747,0.025279276468224143,0.013413025242901831,0.010665802133480989,0.5407570683735323,0.7708790084480692,4,10
2017-10-30,XLK,1,0.0022387512138786203,0.0022362489443232825,0.012207634282320138,0.009211322006949076,0.018359009304809826,0.024283375868160872,0.01680667554748888,0.012928235669872357,-0.410235776383845,0.0409991999504673,0,10
2017-10-31,XLK,1,0.00430771080100989,0.004298459174210123,0.012122680763848348,0.00914450764289651,0.016240565916983085,0.024960574154957005,0.00651626945392595,0.00047683717207971335,0.17920160472086488,0.15756816009250185,1,10
2017-11-01,XLK,1,0.00015870917242799543,0.00015869657945977167,0.010961922243878475,0.009206661242183023,0.008877325103470612,0.021646631386447623,0.011067205738173172,-0.004584994711894763,-0.0554429202970933,0.05173611837606229,2,11
2017-11-02,XLK,1,0.0004765791527987506,0.0004764656250229038,0.01136098730832696,0.00900422700240984,0.0026423660671452964,0.018332915054791732,0.008576888871977764,0.0004765342190346368,0.0705602730689896,0.08586472729126426,3,11
2017-11-03,XLK,1,0.007937797053177098,0.007906458472439315,0.0032058218530861588,0.009055503464957194,0.007553916325007126,0.022465614182426652,0.009475655038105404,0.0026848070824686708,-0.2508557791991862,-0.18870454555083405,4,11
2017-11-06,XLK,1,0.0022049254771652205,0.0022024981963131296,0.003207927971165969,0.008573653339575604,0.006739984914686747,0.020087428621379244,0.0037825323180607365,0.0028368842082176575,-0.21665339373604708,-0.35729472945687857,0,11
2017-11-07,XLK,1,0.00047162617265095186,0.00047151499198339053,0.0032800228391340253,0.008658356439195153,0.004956965190998863,0.016202473021101005,0.005023543029694813,-0.0006279578500510193,-0.037432085597146725,-0.3660035368387774,1,11
2017-11-08,XLK,0,0.005498017014596179,0.005482958089983558,0.0032980846738343357,0.007951030038302848,0.007143391884978145,0.01633838072620941,0.008325400029374248,0.0054979938683205574,0.5756804487845419,0.000352852332947462,2,11
2017-11-09,XLK,0,-0.007967647684314128,-0.007999559007606294,0.006093789133409549,0.009020035293293965,-0.002482062007830077,0.004095425734852665,0.011807304700803602,-0.0003148686652949691,0.1258062743805286,0.11627673865980115,3,11
2017-11-10,XLK,0,0.0,0.0,0.004969586629246065,0.004244407859907174,-0.002513384924064943,0.002573498065019164,0.004414991917076106,0.0012614606333095381,-0.4160110879028637,-0.28108918017107654,4,11
2017-11-13,XLK,0,-0.000314799764024265,-0.00031484932387115805,0.004820874353845966,0.0042739182650353095,-0.0023572959039170893,0.0009935320157041794,0.004900432840914155,0.003477730422705976,-0.2812708918304586,-0.4553238380524752,0,11
2017-11-14,XLK,0,-0.0020479539120827894,-0.0020500538372192345,0.0048304872202096305,0.004245674499311355,-0.003429382740477549,-0.001686137172118185,0.006636090422970299,0.0009479784756809889,0.7140199520963653,-0.03284302790935689,1,11
2017-11-15,XLK,1,-0.00741904332458021,-0.0074467013086052525,0.0038668549968163116,0.00495795903410207,-0.0072936678523569665,-0.008967750372582017,0.006662467917876056,-0.0025380686086363922,0.15218158137515592,0.13003108333954283,2,11
2017-11-16,XLK,0,0.013994755051537355,0.013897732622612846,0.00793156327299871,0.006680998939614011,0.005773334403705421,0.00368346521187779,0.008683284429042988,0.006630852035578225,-0.10025316455696198,0.05293836374334604,3,11
2017-11-17,XLK,1,-0.006430268083575386,-0.006451031314007594,0.008595836809065999,0.006624269322012953,-0.00022095063855087638,-0.002550669997948729,0.006439451220403593,-0.0050259102250186155,0.08650586957375239,0.1339854148995312,4,11
2017-11-20,XLK,1,0.0037885061807350073,0.0037813478650470245,0.00880453318783308,0.0067065931826183174,0.0032184078802777183,0.0012912153681838845,0.0036220400352177658,0.0014173252376045767,-0.20744149070717044,-0.10831072455597812,0,11
2017-11-21,XLK,0,0.010536084800205403,0.010480967070770841,0.009691867751160587,0.007500533069739429,0.010885876066230704,0.010885869468343579,0.007988755247673581,0.006578978424791756,0.24226811957628525,0.07284702151731604,1,11
2017-11-22,XLK,1,-0.001867170139947083,-0.0018689154750095582,0.00845390951641922,0.007366230165311477,0.005014232261045137,0.008792063574626585,0.0038904449375834578,-0.0018674563117446962,0.48223635918766816,0.5296742255233564,2,11
2017-11-24,XLK,0,0.0056125064484151554,0.005596815018886314,0.0066068227860420735,0.006926236769812562,0.008316573988957021,0.012860891865178914,0.004825615954271137,0.004047355928962544,-0.6418643424288946,-0.40802577941248697,4,11
2017-11-27,XLK,1,0.0,0.0,0.00487452460540246,0.006926236769812562,0.00470413299070227,0.01127286348353329,0.0046591559962965625,0.0017083492994914764,0.5876794727017123,-0.07160867168791196,0,11
2017-11-28,XLK,0,0.0032556948769424388,0.0032504065773282242,0.004875579391090117,0.006909414448366628,0.004470390213029196,0.012612491746465837,0.0066563516305351055,0.0017027958660963281,0.6419561336023574,0.39277974783293934,1,11
2017-11-29,XLK,1,-0.022098530045292608,-0.022346360490165473,0.011049256059738043,0.010282116857018927,-0.01472929841154913,-0.009656258941787565,0.027399388538263483,-0.02043343229107062,1.973955939036034,2.1297459934093372,2,11
2017-11-30,XLK,0,0.00884949659849843,0.008810569292945658,0.01229756134320483,0.010275882097944972,-0.0050806287553537555,-0.0023910139086099624,0.010698557118998567,0.004405267042906881,-0.3743348731577101,0.7533680327623034,3,11
2017-12-01,XLK,0,-0.00516919800612381,-0.005182604530747259,0.011810993547160187,0.009454184690516333,-0.00715988369883247,-0.0071599674134364966,0.019542973420909243,0.0009455879885314991,-0.0872170091459793,0.45974009790967485,4,12
2017-12-04,XLK,1,-0.016060232404314867,-0.01619059559640501,0.012912567344346025,0.01056702697996337,-0.016927128971642058,-0.021790081088130298,0.0236269492276387,-0.02221871651284024,-0.12525114773212298,0.19941190954540744,0,12
2017-12-05,XLK,1,0.00032008689685336655,0.00032003567997174187,0.012430343975778722,0.010437013739107956,-0.009758114849044541,-0.019819859299786136,0.017954455157219277,0.0020839572169295013,-0.17127726042069558,-0.05554459225683683,1,12
2017-12-06,XLK,1,0.006398760257622982,0.006378375104797662,0.009969983337264952,0.009971353950199281,-0.002252169939830573,-0.011455315390343057,0.015097954578387404,0.010440114735019148,-0.047748633958254016,-0.13063799493673545,2,12
2017-12-07,XLK,1,0.006199530138374598,0.0061803921085381575,0.009358388142665555,0.010310633336418275,0.005655911626519128,-0.004012142949036179,0.008072148133424802,0.0018993183175868894,-0.11888011702520718,-0.23182103543595656,3,12
2017-12-08,XLK,1,0.004739406075888741,0.004728210450719583,0.009478440845000248,0.01024939939231729,0.010133191587185841,0.0021273385310216497,0.007219068983997429,-0.001883282239220068,-0.13918959394120922,-0.36270664992391,4,12
2017-12-11,XLK,0,0.008647816384449003,0.008610638206620447,0.003095583341189946,0.010730120883090498,0.013524280693778756,0.011351276479458994,0.009753071410389058,0.00912382938239829,0.1354607813898001,-0.29657779455681677,0,12
2017-12-12,XLK,1,-0.000311933375739315,-0.0003119820370742765,0.003350215317859056,0.010650695737755903,0.008047982024088629,0.011961117358244566,0.007643139507125171,0.0003119114471382095,-0.26481403656230296,-0.47340134318090177,1,12
2017-12-13,XLK,0,0.00031203070853158543,0.0003119820370742765,0.0038453413260086775,0.007604784318918831,0.004446864390027727,0.01088905947236296,0.006060596719443267,-0.0031079557573356897,0.2333095153030844,-0.23949058992518346,2,12
2017-12-14,XLK,1,-0.0012472807694658972,-0.0012480592715324867,0.0041689616088405,0.0071621178980962605,0.0007808791387915459,0.0092623900914508,0.006071919185200187,-0.002491104682343173,0.05696159751257723,-0.13176390895022438,3,12
2017-12-15,XLK,1,0.011404870372708764,0.011340325128430528,0.0058283097962001955,0.007636545948117961,0.008412092318141884,0.01870166860198741,0.012181830530447278,0.008277351076074704,0.9463913758450575,0.6623246109900434,4,12
2017-12-18,XLK,0,0.008828906906874545,0.008790160003151026,0.005866704593493478,0.0044890016310206145,0.013458217813049789,0.023059235768674302,0.004460063074514735,0.0016917966168995908,-0.49492142763269065,-0.11883682005627239,0,12
2017-12-19,XLK,0,-0.006141392283320224,-0.006160328201317622,0.0072932913884238195,0.005510901380348814,0.0046135018072155365,0.01287473321769439,0.007230788010817307,-0.004153794508713942,0.11300275072485322,-0.003346090250403333,1,12
2017-12-20,XLK,0,-0.00030901180336961875,-0.00030905955735516244,0.007347752029174115,0.00557848802023095,0.0018206733509247286,0.009349728126737622,0.009383180899968091,-0.004614721456694415,-0.25145280876360965,-0.22629218835761855,2,12
2017-12-21,XLK,0,-0.002008974013458009,-0.002010994708554037,0.007452206623547904,0.005692840211604198,-0.0025022189946967144,0.004946971837092917,0.006325264795428766,-0.003702527999065923,0.7781979208495069,0.32705844354763514,3,12
2017-12-22,XLK,0,-0.0006192030918934499,-0.000619394877301449,0.005481074398521888,0.0056994684540534425,-0.003058321692815391,0.0024897502259331183,0.0035674844607448903,0.0010857715759083914,-0.6559067614274334,-0.5252955058192514,4,12
2017-12-26,XLK,1,-0.006662574943320343,-0.006684868974703662,0.0030440385225797848,0.00572847890526315,-0.006570113931175792,-0.0044960309320375424,0.004677256624810068,-0.00046770782011757404,0.133734390666302,-0.43643886561018397,1,12
2017-12-27,XLK,1,0.001091774994155248,0.0010911794412700182,0.0029841070683883073,0.005728347987429458,-0.0037874396675837696,-0.003854990983840567,0.0035870765296536775,0.0009357073615681999,-0.14029361161582865,-0.5017296781456657,2,12
2017-12-28,XLK,0,0.0017142262032767697,0.001712758594508479,0.0033365191189490906,0.005741336727252918,-0.0007769230532015392,-0.0027329384858554295,0.0035731450539017826,-0.0012428433686673332,0.8063816257060561,-0.09403959097641668,3,12
2017-12-29,XLK,1,-0.005288766169950776,-0.005302801200953944,0.0038015013162129995,0.006021625715545791,-0.004111307449223056,-0.008188801375730859,0.006995133459252535,-0.005907058251190544,-0.3069786705322013,-0.3460625701620774,4,12
2018-01-02,XLK,1,0.012353516906387751,0.012277834871811333,0.007533963044532226,0.006221885891472466,0.0075637833074650995,0.0037833076206286176,0.010745909077244858,0.008254147124338458,1.050259965337955,0.4480125018597678,1,1
2018-01-03,XLK,1,0.0083411345843174,0.008306539562601856,0.006854759946820214,0.006149042638811434,0.012281452738313048,0.011920610646640739,0.008171427294317477,0.006475457369611579,-0.17423557874486262,0.1885560132115387,2,1
2018-01-04,XLK,1,0.005055007526599153,0.005042273870508485,0.006713781447488603,0.005869547932370545,0.012906347070524848,0.01565040777472304,0.005950555144957912,0.001068045374525389,-0.0516422810144902,0.14191053727153236,3,1
2018-01-05,XLK,1,0.010516561076211906,0.010461646719038598,0.006971111485209245,0.006491504699222602,0.017245478752331955,0.02381160819529904,0.008188035489237983,0.005307143589260681,-0.0994361007202278,0.020633070915965,4,1
2018-01-08,XLK,0,0.0037707739055039546,0.003763682359068987,0.003604220519914379,0.006305082430308478,0.012999180497143215,0.02455536836119876,0.006639427105776892,0.0042252365003054865,-0.30420541434180615,-0.21347185965158177,0,1
2018-01-09,XLK,0,-0.0025544267558531564,-0.002557694870504612,0.005004390118913986,0.006457300324273769,0.00539195632993561,0.01905152568127222,0.006448714805155814,-0.004499145926586415,0.5750753649445344,0.16892448895922696,1,1
2018-01-10,XLK,1,-0.0034648361567960473,-0.0034708526029465503,0.005774928343106707,0.005997593670231064,-0.0007250321457018538,0.012350233229649676,0.00514989935138587,0.0019691743323672745,-0.018724543671745364,0.09642233719005833,2,1
2018-01-11,XLK,1,0.004081389843372474,0.004073083564949176,0.0056899665971956925,0.00595778369145132,0.0009040279286649522,0.013009379642693997,0.004675679401579319,0.0018098810205758892,-0.24212609773439153,-0.19071514974919535,3,1
2018-01-12,XLK,0,0.005871820055734167,0.005854648107952887,0.004243005730222066,0.005968062985031119,0.005236038888150274,0.015056355503853647,0.009798033791986398,0.007084733895812412,0.03378635360937143,-0.15026270651274554,4,1
2018-01-16,XLK,1,-0.003891592251413445,-0.0038991841994509002,0.004604626231615051,0.00574194189124354,0.0013240701083716555,0.007127790563832281,0.01606667377926285,-0.009967244224609734,1.234624676551022,0.6951899318269774,1,1
2018-01-17,XLK,1,0.01502637222332015,0.014914594642241319,0.007777569454720237,0.006216214252992685,0.01280444079126175,0.01793253183236243,0.013446907541838275,0.009263450526745114,-0.19392705440735825,0.3542848976317694,2,1
2018-01-18,XLK,1,0.0017764854422246401,0.0017749093582790643,0.006904191127895367,0.006084355468631889,0.0100000994524021,0.0160814017175106,0.005329394435048726,0.0017763895154165718,0.015985729944649085,0.33183575551819056,3,1
2018-01-19,XLK,1,0.0019210977953005859,0.0019192548468760506,0.007009431138508641,0.006082867707650195,0.00778887077717294,0.01469672607077488,0.006784759486161427,0.0,-0.19940494139878973,0.05495716488209079,4,1
2018-01-22,XLK,1,0.009734611576987628,0.009687535510633172,0.007447118272091557,0.005984092183828234,0.012632124076717322,0.021272949449437917,0.012693735946148524,0.010479691283729244,-0.2465096424266774,-0.2003272563499191,0,1
2018-01-23,XLK,0,0.0043821483050805465,0.0043725746517857544,0.005720615109736856,0.005993378992437263,0.010463291898689775,0.022377684698333455,0.005241709504250433,0.0011648490200815928,0.13641261483431655,-0.11861530044758051,1,1
2018-01-24,XLK,0,-0.007708175967542252,-0.007738037506892059,0.006320630060240087,0.006728168915695759,0.0006745357696984478,0.011714072495133454,0.015375653046932615,-0.01029879691513068,0.8093176019784754,0.4930435680430034,2,1
2018-01-25,XLK,1,-0.0017589623079592442,-0.0017605110986025352,0.006548502834951133,0.006572261797462145,-0.0023731200039989186,0.007007880650323983,0.011360307860387199,-0.008010530475129242,-0.29895999351684266,0.025441027598453347,3,1
2018-01-26,XLK,0,0.01585649192655425,0.015732091076052335,0.009270976340712311,0.00774837927099055,0.009335881178821337,0.018803060830279383,0.011081978943405646,0.008894730155509262,-0.22559514176280648,-0.2192260325328962,4,1
2018-01-29,XLK,0,-0.009104725310616568,-0.009146426634493832,0.010191686308415682,0.008754440580895907,-0.0001455700615360378,0.006932418965493126,0.007537275825014705,-0.0062327919769598695,1.745646159664033,0.8624697153496008,0,1
2018-01-30,XLK,1,-0.009043442903996946,-0.009084583054002948,0.010617958842403385,0.009314133559266795,-0.006812223251239979,-0.004206603244747753,0.008529326495002298,-0.0008823170381433823,-0.4624409657157148,0.024639798819307,1,1
2018-01-31,XLK,1,0.0075066172674709275,0.00747858282454672,0.010876151803856466,0.008415505994944457,4.831050848252971e-08,0.0019467525332810265,0.008194287219814545,0.0016096080808622086,0.015959598683855658,0.03826831021193411,2,1
2018-02-01,XLK,0,0.0008767149097392846,0.0008763308196981789,0.010791252201382844,0.008415323351533444,-0.000291696089106952,0.001593648245249435,0.011730138682710023,0.004545530819063643,0.08342901134199199,0.1141260951876577,3,2
2018-02-02,XLK,0,-0.029630875663981704,-0.030078739319304937,0.014047973046809091,0.01287551104823167,-0.022180478523707747,-0.02620520975304441,0.019633921951539266,-0.018600450938452723,0.34546401225114853,0.403092659039036,4,2
2018-02-05,XLK,1,-0.04181693182206081,-0.04271642513597396,0.020770387557883414,0.017273577885183536,-0.0494806326983267,-0.06037485329045522,0.05093505618225171,-0.03147325506736476,1.2435908525953008,1.5037673519199521,0,2
2018-02-06,XLK,0,0.028728031340354843,0.02832311806944343,0.02860622318338619,0.020480893953311916,-0.015090261549821737,-0.02875372075467908,0.050286439206540544,0.042807107259343384,-0.08411357188949631,0.9477514939981151,1,2
2018-02-07,XLK,0,-0.012818351959518415,-0.012901215914179254,0.027474757149989384,0.020630007695875665,-0.016600312502788372,-0.036146367345268104,0.02065165087042436,-0.010402329457012851,-0.4746259529807443,0.0008259813118034476,2,2
2018-02-08,XLK,1,-0.04142813774307719,-0.04231074564284487,0.02937709041763287,0.023522924480888916,-0.03833609885299749,-0.06760274348161954,0.046246278068190816,-0.04408824270012106,0.17297554886431676,0.10475607174362822,3,2
2018-02-09,XLK,1,0.024512031139136692,0.02421643205308266,0.03423677836079405,0.02467383912305001,-0.005665779781415137,-0.03654837116381249,0.047928908716247484,0.008252665792977263,0.30688890247103107,0.30723058161910854,4,2
2018-02-12,XLK,1,0.017944354101955717,0.0177852546519488,0.029880434107546,0.026012632870821895,0.00911286324080951,-0.013439823168996612,0.020713253937408072,0.007163978991301587,-0.5099119124516509,-0.33600004770864333,0,2
2018-02-13,XLK,1,0.0024738762971088235,0.002470821302556825,0.026420644868223,0.02609399045367882,0.013824018238633995,-0.006284606589550323,0.013685804224762189,0.008242593377021403,-0.46437793295462204,-0.6371945887166073,1,2
2018-02-14,XLK,1,0.018355515794750366,0.018189086822701928,0.026863655065433284,0.026856800338127637,0.028156449959369834,0.015738909886191088,0.026368805895047368,0.024042118706607597,0.6829595472647243,-0.3917049783539125,2,2
2018-02-15,XLK,0,0.01908547953435802,0.01890563642832399,0.00826340238950413,0.027771655708660022,0.030858432557916204,0.03708736108585353,0.021155228813721325,0.009452321665339393,-0.2432498069594241,-0.5322802631315612,3,2
2018-02-16,XLK,1,-0.001486376246290777,-0.0014874819993098143,0.00994899592699751,0.025966959409005244,0.017940533245519363,0.034429689204329206,0.013267730550901868,0.001490734516867581,-0.16337379140094632,-0.5900805880654832,4,2
2018-02-20,XLK,0,0.000893227145318809,0.0008928284553486598,0.010013342969374955,0.021141147215441858,0.010975949198844148,0.029740708237163682,0.014961101956750326,0.00598446361153002,0.663955306822988,-0.21555971633731263,1,2
2018-02-21,XLK,1,-0.00639516434125853,-0.006415701008463781,0.011828066392667806,0.01974833647012404,-0.0014348680624829413,0.0211536168738109,0.01881476508246528,-0.010222258391203705,-0.13987799687898994,-0.21379330466481994,2,2
2018-02-22,XLK,1,0.0011976890380269722,0.0011969723806757315,0.009672701917409463,0.019056059494732037,-0.002832294656449852,0.01895031554075577,0.011933219582825533,-0.002237492897231807,-0.2454642916048161,-0.36295133274034674,3,2
2018-02-23,XLK,1,0.020929974018905062,0.020713951148645382,0.010459010303836058,0.011366186684043595,0.014981904385866773,0.03041943590233731,0.014976306341447521,0.012603772884788906,-0.054028453285243305,-0.32957569013128085,4,2
2018-02-26,XLK,0,0.015668026141281155,0.015546549839273727,0.01138094913260415,0.01039238175032605,0.024247383796482502,0.03743794617644691,0.011373560199347686,0.011373560199347686,0.03957173942346581,-0.16538091689676182,0,2
2018-02-27,XLK,0,-0.010092139951078938,-0.010143410842499367,0.01357318382797676,0.011403905080767817,0.009676116809619772,0.020875443944725847,0.015131797544300296,-0.01052018639515888,0.1846219390212278,0.028657917720877668,1,2
2018-02-28,XLK,0,-0.007136815728555734,-0.007162404619411422,0.013721995451085106,0.012122332249520565,-0.0015235120819210302,0.008580941307083645,0.017088959067775317,-0.012744458275445328,0.19087454849655217,0.17139855697725026,2,2
2018-03-01,XLK,1,-0.01657599132272003,-0.01671491035348316,0.016654875729601153,0.012887603760861071,-0.01850548535263219,-0.009631880149162941,0.030147775550878445,-0.0188789825985496,0.4106355042016807,0.5862029254262864,3,3
2018-03-02,XLK,1,0.00954648154729587,0.00950120183883607,0.013687696477515898,0.011753420371413479,-0.007362615401549477,-0.0007677967924267781,0.02595053187056458,0.02112253397198626,-0.10660963940651935,0.3470550341674141,4,3
2018-03-05,XLK,1,0.010194851179651687,0.010143234206171137,0.012073340124806311,0.012092544629431011,0.005677673000677785,0.007648888041325463,0.020635382675973864,0.01499409333549288,-0.43275456993868544,-0.23973999134235402,0,3
2018-03-06,XLK,1,0.0021938686549392017,0.0021914656390604748,0.011455882886909154,0.012088426898257463,0.008299338268992429,0.007958080166319936,0.009162263435794975,-0.003490481176666525,-0.06768360440448529,-0.25605469136444814,1,3
2018-03-07,XLK,1,0.005546354095186112,0.00553102971017605,0.010972951134020048,0.011757404675566003,0.011718011112306526,0.010441962386922965,0.014115557334488642,0.013086301451155443,0.09435672140190499,-0.1647953787018236,2,3
2018-03-08,XLK,1,0.004353863540946357,0.004344412898355632,0.003424279152428632,0.011741607852251833,0.009717835107179607,0.011414951911803639,0.007090225565569849,0.0013022187396297751,-0.3137590235647807,-0.4120164888345602,3,3
2018-03-09,XLK,1,0.018930545667979137,0.018753592612415382,0.006652492445990244,0.01142384251316537,0.020405169819354807,0.027228572635898507,0.013057879612997361,0.011766389239455912,0.6189008394543547,-0.0622611491584093,4,3
2018-03-12,XLK,0,0.0031199616459280932,0.0031151046653650205,0.006882228865476075,0.010566853807007661,0.01664443801423854,0.028380966737446833,0.006787377667537057,0.00014143291936964287,0.09428397812436695,0.00545824871509315,0,3
2018-03-13,XLK,0,-0.011451382323146353,-0.011517454296296581,0.010780856168758025,0.010747003160259382,0.0009738015660358812,0.01474555425491375,0.02335062763015046,-0.016457986062966064,0.02244894937139974,0.020291456959709686,1,3
2018-03-14,XLK,1,-0.0008581642898660702,-0.0008585327236398932,0.010945245961949415,0.010337813012964752,-0.002626660110304435,0.0113940520766449,0.011669271865621026,-0.005834581646522654,0.005213839848219326,0.035948566012671934,2,3
2018-03-15,XLK,0,0.0005722853427025942,0.0005721216498955073,0.010943322447285984,0.007973904442688966,-0.004046542470862113,0.007800016353334938,0.010732685024015453,0.00028626607394377154,-0.17145244715950836,-0.07255450296585153,3,3
2018-03-16,XLK,0,-0.0010332144868592241,-0.0010337486208955582,0.005576139388017664,0.007889314904034305,-0.003137608041529516,0.0036508227488822875,0.007593214692245759,-0.0027220978954020985,0.06094040725476901,0.04277297983725559,4,3
2018-03-19,XLK,0,-0.019824766202999333,-0.02002391330518183,0.008857158701635042,0.010266871766442974,-0.016479277573606788,-0.016350199596760873,0.02030164652647359,-0.010585785052648466,0.62825041180761,0.5768909333771437,0,3
2018-03-20,XLK,0,-0.0004398487905789006,-0.00043994555243287436,0.008691591003699333,0.010242508233574959,-0.012636480992482046,-0.016632166529679138,0.009403458898120788,0.0020569996278344,-0.5277526121881984,-0.2507438420419682,1,3
2018-03-21,XLK,0,-0.006011535477696395,-0.0060296775012496084,0.008481953462774746,0.010185459200415397,-0.013280408987102477,-0.02128050527748826,0.015870709516842406,-0.0038207512795071447,0.16527049494820312,-0.12568301641158586,2,3
2018-03-22,XLK,0,-0.02581504007158142,-0.026154096110700298,0.011536861844569365,0.012533756672787263,-0.028452027017483283,-0.042476077446430116,0.02045696164865095,-0.013886819295566635,0.9385466684959072,0.5289742683393088,3,3
2018-03-23,XLK,1,-0.026650427726033987,-0.02701198868397725,0.011895025043258152,0.011390531508375606,-0.0392777132734039,-0.05980151059580152,0.02909088134765625,-0.026060624556107956,-0.011526248991512222,0.4229854657263774,4,3
2018-03-26,XLK,0,0.037958806578516135,0.037256098579059316,0.02629646687471113,0.018539316047583125,0.0017115473855342511,-0.01867360565244347,0.03247442250865766,0.01722831141796708,0.19927639994654145,0.5817222313502788,0,3
2018-03-27,XLK,0,-0.03207438610759039,-0.03260003981076931,0.028849789594181892,0.020351280287949504,-0.019762682042751,-0.042939076927346,0.0460300381992537,-0.03798593068218019,0.1839861815345183,0.701961381107969,1,3
2018-03-28,XLK,1,-0.006658420635029527,-0.00668068681112155,0.028825965762249425,0.020225827837720426,-0.015409711652987657,-0.04151021339759109,0.02234981561211178,-0.004345782678420726,-0.09874750408422583,0.42824647599585974,2,3
2018-03-29,XLK,0,0.01979736036479829,0.01960394125039322,0.030018819721901145,0.02196946276302995,0.005997189981542084,-0.016270232375593108,0.029561925625625696,0.012536721110384503,-0.34041624706277274,-0.08798962777149744,3,3
2018-04-02,XLK,1,-0.023845941382719338,-0.02413485808162763,0.029452863809769435,0.02256411515337079,-0.016721610919567365,-0.031352915333797804,0.03529765643185087,-0.019950935830191887,0.4712142546129008,0.2525250677363262,0,4
2018-04-03,XLK,1,0.009865296600938933,0.009816952256597844,0.021876331233507816,0.022839078690684782,-0.00015507797903946408,-0.016215963484145002,0.019117183901858043,0.002331388473992941,-0.3061986155259425,-0.12332472881187184,1,4
2018-04-04,XLK,1,0.013956051953621706,0.013859562961113792,0.017766521940297524,0.02362573621915405,0.01125883497932012,0.0018080924085952521,0.03790872648585046,0.032854177400711976,0.005456852088838726,-0.15453735316135442,2,4
2018-04-05,XLK,0,0.004128804014932541,0.004120303892496402,0.01699595436468043,0.023744634634398798,0.010713630616807635,0.009237777868843056,0.013183742163221877,-0.00500066998549386,-0.09808145813589575,-0.2562931193108634,3,4
2018-04-06,XLK,1,-0.02452021832930129,-0.02482584525298215,0.018679198614811827,0.023609140629104658,-0.009893316600081192,-0.012488392730532927,0.02785474422567696,-0.01431209998662684,0.23640884349170088,-0.07646205508400139,4,4
2018-04-09,XLK,1,0.007806444942785706,0.007776132305219452,0.015379149292817102,0.022215476835032524,-0.00428824105040182,-0.005193555523671622,0.020768698196059605,0.000465071454628336,-0.45996570959884187,-0.47735843101850484,0,4
2018-04-10,XLK,0,0.024631809177035002,0.0243333374998147,0.018340501940066326,0.02001925787675463,0.015070841308323146,0.02022228005396709,0.018301122208659114,0.008692995233751874,0.4317776334208625,-0.21617272059276538,1,4
2018-04-11,XLK,1,-0.005896417877232274,-0.00591387038780411,0.018118753691223198,0.016933214480608635,0.007971799238240429,0.012379526885789804,0.010649580290464837,0.0003042239775619437,-0.44674705570359574,-0.5151226642547317,2,4
2018-04-12,XLK,0,0.012015139018758836,0.011943530258084145,0.018765879364450205,0.016910924244067625,0.017337810925470487,0.020786931346080006,0.011487335159652222,0.005743609921164465,0.2275635842823811,-0.345459696317441,3,4
2018-04-13,XLK,1,-0.003306449440435788,-0.0033119278237183636,0.012341096073421383,0.016037237022896215,0.0069843523293589005,0.016008979620736552,0.015373116108908583,-0.01014925828620569,0.0548362815205119,-0.28089893406166255,4,4
2018-04-16,XLK,1,0.007690231963914496,0.007660812860309285,0.012339424830005375,0.013384193312933357,0.007750868168642677,0.019185042365786886,0.010332471608552416,0.0007487728761881086,-0.13131087879544723,-0.30249430962786616,0,4
2018-04-17,XLK,0,0.018554201995004016,0.018384172740500304,0.010302955497003587,0.0140278777656866,0.020508924734610412,0.03245837143667063,0.014684038722290257,0.009641078960727516,0.5631244416605912,0.11282739946737386,1,4
2018-04-18,XLK,0,-0.002643904530317598,-0.0026474058186436444,0.009445995943658393,0.01389841144089567,0.011321529214987747,0.025838787827821452,0.009852914249195772,-0.0016176560345818015,-0.35082901962845203,-0.23111815503213728,2,4
2018-04-19,XLK,0,-0.011047040039078748,-0.01110851172525118,0.01147014017415247,0.014671148991665764,-0.0016353170943852469,0.012242566545007216,0.009338826889533355,-0.004743547274934272,0.3059642589706746,0.03193894946251352,3,4
2018-04-20,XLK,0,-0.013852192988728196,-0.013949029923292056,0.013453357652552017,0.012766129470003468,-0.01514268137955832,-0.005019386541522675,0.015835039138541777,-0.010905338068557414,0.25823273256985235,0.341324200913242,4,4
2018-04-23,XLK,0,-0.0036245898538743715,-0.0036311745958199637,0.012713048749007838,0.012838819867716749,-0.016195370087227934,-0.010736794149294848,0.014896146214374968,-0.007372823811609285,0.1676140037565046,0.46872274268787506,0,4
2018-04-24,XLK,1,-0.017432138772517036,-0.0175858676723033,0.006433084224342598,0.011514223925732881,-0.023883387870263895,-0.026053936240608477,0.03180106494161472,-0.02305951491308067,-0.08103774729302804,0.3313955132128614,1,4
2018-04-25,XLK,1,0.00015403266153568573,0.0001540207997230425,0.0072697634794076545,0.011442806308078883,-0.014651979505822199,-0.024555508459299435,0.016173799774690766,-0.0013862652561452942,-0.12241876054591994,0.11204443290519328,2,4
2018-04-26,XLK,0,0.018201339579032583,0.018037678119718237,0.014012573403402817,0.012374850647568013,0.006740920792691174,-0.006008434749763203,0.01371105887953902,0.005636848720635142,0.08191853925236092,0.15351656113531797,3,4
2018-04-27,XLK,0,-0.0018178172559298877,-0.0018194714907533438,0.012723496726728399,0.012349349722239911,0.005892685493690486,-0.007172476326896549,0.017699120107752184,-0.011699397040934615,-0.20472816954193218,-0.09491974562955585,4,4
2018-04-30,XLK,1,-0.0065258536348633545,-0.00654724011181651,0.012942860943846807,0.012107178072519261,0.0008869264259971921,-0.011611180661490916,0.0165002120431256,-0.009082629371714833,-0.3397864173602402,-0.39809521433689377,0,4
2018-05-01,XLK,0,0.01252651512743208,0.012448707435843254,0.010398594311429673,0.01107612058862239,0.008920091414365006,0.003482030620298504,0.016980274800578933,0.01392069748325694,0.06767133696365457,-0.3297330973328525,1,5
2018-05-02,XLK,1,-0.0010560944239308423,-0.0010566524845914138,0.010538399130803773,0.011086895196961382,0.003638000981716738,0.004978480221257353,0.012893562964011904,-0.007346295145257044,0.4334530240783274,-0.06232366152040447,2,5
2018-05-03,XLK,1,0.0022657809752939517,0.0022632179643311545,0.007128078767763336,0.010733177662799066,0.004845725780964649,0.008449509462354676,0.019420402187486543,0.006827445353350567,0.1693809849778467,0.07645880824638329,3,5
2018-05-04,XLK,1,0.018987584260086843,0.01880956992699412,0.010356296036643802,0.011406211787068094,0.018588577656928118,0.025400324207766944,0.025865966853506624,0.022840752114499773,-0.30260398574497926,-0.22013563984370055,4,5
2018-05-07,XLK,1,0.006950241238020904,0.0069261996436926765,0.0080185909440485,0.01129921659109182,0.01760517457195543,0.029218383078086774,0.00853697100695427,0.0022077405224372017,0.24130869914124697,0.00795207632555206,0,5
2018-05-08,XLK,1,0.0022028581842867823,0.0022004354495055445,0.007868402724968993,0.008722962317064016,0.013906889669377476,0.02618076688712012,0.00926750296708014,0.0038245733156384064,0.12558146447307794,0.1542116143524752,1,5
2018-05-09,XLK,1,0.012309615711275423,0.012234468452566372,0.007166144211680224,0.008790086159450478,0.017708173294266105,0.032215679216372584,0.013009784271381152,0.00979386249202042,-0.048463762757965045,0.10566714534698196,2,5
2018-05-10,XLK,0,0.01302838739056389,0.01294424796429583,0.0063827565049379646,0.008147420791149204,0.020086844738669507,0.03949735548577249,0.010086411136189417,0.00835737490349201,-0.1975258962208516,-0.07750996360701312,3,5
2018-05-11,XLK,0,-0.0014289878199220674,-0.0014300097967279157,0.006281824473253593,0.008107393369619898,0.011961680945181241,0.03189604125573231,0.007152052264460054,-0.0004292148064593718,-0.24257541305343977,-0.2758960998599831,4,5
2018-05-14,XLK,0,-0.0001429381647376493,-0.00014294838137063337,0.006951679985946545,0.007220938502802908,0.006627443481967976,0.02507314198518773,0.008843176605192602,-0.0034231616271601655,0.15641622719905035,-0.1725162582434726,0,5
2018-05-15,XLK,1,-0.009446473033254743,-0.00949137395358779,0.009637862768921417,0.008444544812971359,-0.00566078509075385,0.011043699639228688,0.008503949130036756,-0.002450247559456881,0.40783148585022055,0.11934728678398576,1,5
2018-05-16,XLK,0,0.004479338386347509,0.004469336008391611,0.008256503017280354,0.008228214518482857,-0.002467982987328532,0.010685457756034689,0.007501394191512552,0.0028851262135409428,-0.5316071403530913,-0.44700457014859396,2,5
2018-05-17,XLK,0,-0.005178703502064952,-0.0051921594634394275,0.005261191247233229,0.008811208625594301,-0.005293084946931037,0.0013752074381447876,0.012415196362473686,-0.0015878877766344027,0.6166604296085623,-0.06944142877329396,3,5
2018-05-18,XLK,1,-0.004192711858589937,-0.004201525920128901,0.005286205142181949,0.007421145101218527,-0.00657743769303365,-0.004624769753714397,0.006238217079240222,-0.0008704128583798212,-0.27010861010546194,-0.30302735583809304,4,5
2018-05-21,XLK,0,0.008712054648283063,0.008674323684633833,0.007471053038694573,0.00757479061976692,0.0032350219045194084,0.0020483852429982186,0.009927982906643436,-0.0004316371121852518,0.4321125474127543,0.017651969012149493,0,5
2018-05-22,XLK,1,-0.001439478266832106,-0.0014405153109935398,0.005943503038207737,0.0076529495440886,0.001328087980020376,-0.0010223330901274474,0.009884006095647102,-0.006302747849868024,-0.3453034758884598,-0.28366095675991065,1,5
2018-05-23,XLK,0,0.00735175576897551,0.007324863336494847,0.00653642644136355,0.007021646860895076,0.007642377557957936,0.00516389987576793,0.015842969324734297,0.015697589444112137,0.9880665674468949,0.42026853435068756,2,5
2018-05-24,XLK,0,-0.0011449205472550128,-0.00114557646948521,0.005780601701412752,0.005661769528674764,0.00463439923246467,0.004273099013895942,0.0120241047802208,-0.0008588256236696885,-0.2377261157767222,0.0864729955583492,3,5
2018-05-25,XLK,0,-0.0007165726644707826,-0.0007168295253761059,0.005031565726738783,0.005649658886890699,0.00137793654534768,0.003741240812897617,0.006012858670296445,-0.0014316174131076386,-0.16153454694795866,-0.0945700620208999,4,5
2018-05-29,XLK,1,-0.005447565249673492,-0.005462457341633531,0.004669863428146576,0.005890539309102019,-0.003791088469713988,-0.0010078981983119295,0.012247816360697538,-0.0004322590581743519,2.123112634963903,1.3860868546548804,1,5
2018-05-30,XLK,1,0.00735175576897551,0.007324863336494847,0.0056714487810767865,0.005502284492282775,0.0020649944640080964,0.00536638830201519,0.006454454528940705,0.0022948369178647328,-0.6602432970569785,-0.15994240684104222,2,5
2018-05-31,XLK,1,0.00028623013681383647,0.00028618918078304745,0.004626253573832596,0.005363797764419862,0.0022943198124649733,0.005104655429137184,0.008872392257452552,0.00028626607394377154,0.5337374061734836,0.20130127872091763,3,5
2018-06-01,XLK,1,0.017024699768369622,0.016881403662720285,0.008742437195485302,0.007054297909591961,0.015600806893791175,0.01938720175538511,0.012078988787056419,0.010231541327367148,-0.1675673907354096,-0.014885618827501057,4,6
2018-06-04,XLK,1,0.008017723131712673,0.00798575196654383,0.00850889153350761,0.006764364620970962,0.018186968786778168,0.023465800790928304,0.0074365993216721805,0.005472246911925611,-0.2192817675215556,-0.2429208180388044,0,6
2018-06-05,XLK,1,0.003488716042090445,0.0034826445892317537,0.00630048704797213,0.006558580248028724,0.014417109606738254,0.023469724670628356,0.005567950254306084,0.000974489529335151,0.7391321856438136,0.2592136875743509,1,6
2018-06-06,XLK,0,0.006535892281838818,0.0065146259505515225,0.006307230451710193,0.006376653990727086,0.013895821971671829,0.025764613665810954,0.009995746265589788,0.00485906539015091,0.024006066640424262,0.199404416834988,2,6
2018-06-07,XLK,0,-0.008013399312727265,-0.008045679160190389,0.009039470153015504,0.007332408684061508,0.0004456907269227983,0.014783520543550477,0.014652994363486565,-0.007464657360647003,0.10368297577659069,0.28178681749395174,3,6
2018-06-08,XLK,1,-0.0016712269583600836,-0.001672625015998186,0.006561444822981494,0.007365193924746936,-0.002865682842068673,0.010402839257347418,0.009823139591042624,0.005893883754625575,-0.49267553115204166,-0.3441381118742203,4,6
2018-06-11,XLK,1,0.0011159397728246478,0.0011153175748837008,0.005538907282528511,0.007293588397763922,-0.002030550148821364,0.008672492626421224,0.005995542357180758,0.000557737239912328,-0.2606110168807043,-0.5083305527899312,0,6
2018-06-12,XLK,0,0.004877512085250668,0.0048656555611099606,0.005769367768201785,0.00669144209666196,0.002279527846780871,0.009703543402734827,0.005564077469396991,0.0030602479144658796,0.06689424455519899,-0.386870295139393,1,6
2018-06-13,XLK,1,-0.005131101611949518,-0.005144310918729911,0.0050696327951325814,0.007126454166820633,-0.0010860711251965416,0.0019132486286781436,0.00998476237150062,-0.005131087830401661,0.8735761640259043,0.10810432334028475,2,6
2018-06-14,XLK,0,0.007109114172943354,0.007083963549533667,0.004918270908777794,0.007200894818158694,0.004756163799774615,0.005735149265083672,0.007220170331908339,0.0031936041051695454,-0.22621763781679072,-0.11609582066282276,3,6
2018-06-15,XLK,1,-0.003819880672074505,-0.003827195048888399,0.005316190191802325,0.005647289330451953,0.00010027023033210014,0.0006620108623771603,0.007527194474591106,-0.0002787377148293037,0.4849480021893815,0.27188286391792493,4,6
2018-06-18,XLK,0,0.0011156177554407787,0.0011149959163994083,0.005316185868493021,0.005126096522382344,0.00039773237622786617,0.0012294834909643004,0.011934828131876043,0.00814380540737881,-0.5071400544570348,-0.36525510157204677,0,6
2018-06-19,XLK,1,-0.005153253091808918,-0.005166576894184427,0.005299672269861713,0.005303036092742412,-0.0035761194868348944,-0.003615807370529467,0.013254405889393571,0.007191231660998409,0.562893536947239,0.0259587754090429,1,6
2018-06-20,XLK,0,0.002099916233289534,0.0020977144909735124,0.004923818209242514,0.004831968208334649,-0.0017432838550434093,-0.0007644705841730604,0.00586589633932905,-0.0002792827303429871,-0.11508331596780041,-0.045049006869623764,2,6
2018-06-21,XLK,0,-0.007683710998480864,-0.007713382796572521,0.004174548017022591,0.004777700890399452,-0.006740139138131207,-0.007726743278263393,0.014472598200584063,-0.011550261953868175,0.2923091682947252,0.28444160498204285,3,6
2018-06-22,XLK,0,-0.003237965615085159,-0.003243219169364764,0.004143105507482417,0.0048378846139083085,-0.00740236744597822,-0.010072598678099176,0.010110956747085837,-0.00575756267358587,0.05910738268622073,0.2953665977693105,4,6
2018-06-25,XLK,1,-0.02076287759596862,-0.02098145699084819,0.008518250591255503,0.007849460857828014,-0.021232821967939963,-0.027667040577240343,0.02249753318427969,-0.012815057423602585,0.1487806587692524,0.3672823635235638,0,6
2018-06-26,XLK,0,0.004038733749889056,0.004030599957530523,0.009884625638317318,0.0077591962117372695,-0.012203773157637765,-0.02065585419043625,0.009920954868869855,0.0008626535724103555,-0.2312108588449996,0.005063935540154274,1,6
2018-06-27,XLK,1,-0.013647390042832108,-0.013741371719653284,0.009515220710276827,0.008439266028339372,-0.01754279670405756,-0.030164290306055608,0.021623973888526278,-0.016754949710240344,0.5912983873877125,0.517738002908219,2,6
2018-06-28,XLK,0,0.012234192826265256,0.012159959928990105,0.013251781575227543,0.009300185741015488,-0.0011497170698921977,-0.014827150833228386,0.016917072586729705,0.013562787068904993,-0.19295747825850385,0.17265401666448144,3,6
2018-06-29,XLK,1,-0.00043152791130096624,-0.0004316210462644854,0.013365635252420748,0.009348095018505793,0.0022507723301110616,-0.012101496822779167,0.00917298868341051,-0.004299776935607667,-0.4376313276026743,-0.3095537165911698,4,6
2018-07-02,XLK,0,0.008924615511921807,0.008885026501021187,0.010091435938970907,0.010043641927055745,0.008982821701203347,-0.0008552579045036923,0.01945700470226364,0.01771444086909291,0.2533567774936061,-0.1593015533916824,0,7
2018-07-03,XLK,1,-0.01184187647835988,-0.011912549989708587,0.011741554876607717,0.010464101941676891,-0.0019597437644850446,-0.009623414713701206,0.01621620683016361,-0.014793753490474978,-0.49293776304042847,-0.5540022294980824,1,7
2018-07-05,XLK,1,0.014149377357201898,0.014050209267140623,0.0107683000126389,0.011736892899067241,0.007573867734292472,0.0063180280568861935,0.011335928940331984,0.00789202759500123,1.1473260603011917,-0.05680831113449525,3,7
2018-07-06,XLK,1,0.011674184443930091,0.011606566897056414,0.010671614162562097,0.012248606284031915,0.014794742405519923,0.018022228010644126,0.01508249255840916,0.011098446113329295,-0.06281844802342607,-0.10358498783717363,4,7
2018-07-09,XLK,1,0.007599408753818038,0.0075706787095422,0.010344099918548347,0.012398001010068565,0.016323674536367294,0.0245843232846239,0.007698810651762151,0.0022395860476918305,-0.3182574461603356,-0.3575414676374654,0,7
2018-07-10,XLK,0,0.002374216150244024,0.0023714021522263096,0.010311862570348829,0.009713475215763094,0.01390103312165003,0.023443447585688393,0.005027239314106677,0.0022342693946537347,0.3168683257711169,-0.11121370511544537,1,7
2018-07-11,XLK,1,-0.0039013123032823893,-0.003908942273188387,0.007273758565527227,0.009985915481182557,0.0036220111214215756,0.01672494734276797,0.008700464476582974,0.003227557123831836,0.1289295316320227,0.0102882789304799,2,7
2018-07-12,XLK,0,0.01580651357016749,0.0156828916209637,0.007739181204006754,0.008909845729195554,0.01271836003537219,0.027011812049495543,0.013091955451988477,0.011420608077594551,-0.08644382615665636,0.0025933294086599723,3,7
2018-07-13,XLK,0,-0.0011016782782787837,-0.0011022855718620939,0.0077995151257207575,0.008813823317180416,0.007444049983635681,0.021488739932100653,0.005782709415227844,-0.0012391069984019553,-0.2189179384643939,-0.15591626263381408,4,7
2018-07-16,XLK,1,-0.0023436765902913326,-0.002346427298959508,0.007967655614846905,0.008948203582676962,0.0029379008327417022,0.014949975370345925,0.006615156335299704,-0.0026184511907996395,-0.2800051844811199,-0.3731557180498428,0,7
2018-07-17,XLK,0,0.007461961675034434,0.007434258964700735,0.008317942977309832,0.008872832792413493,0.007239127127932399,0.01849543453326974,0.016979836417707714,0.014753030069584115,0.11785178517851791,-0.264026422198123,1,7
2018-07-18,XLK,0,-0.001646282247296904,-0.0016476388590307423,0.007887712194198654,0.007297758140820325,0.0019819948304085067,0.011829273563346954,0.00507617985567685,-0.0013719093834331291,-0.04960008588759457,-0.3054738312111156,2,7
2018-07-19,XLK,1,-0.0035714728941047547,-0.0035778658294236543,0.004403535495342917,0.006975587260818795,-0.0013491415996678136,0.005016300039249799,0.00674835228826145,-0.0011018018231951665,0.05266873764473323,-0.22152212004953853,3,7
2018-07-20,XLK,1,0.00027581790311814736,0.0002757798723531657,0.004379189755929273,0.006346287214790436,-0.0011012552383006247,0.0032221756326464845,0.006729815687402078,-0.0035708627325074043,-0.031549295774647934,-0.19941628955763757,4,7
2018-07-23,XLK,1,0.005099639475456552,0.005086680353294959,0.004626474861573598,0.006151643487950802,0.002474472323089838,0.006501086011865498,0.011740310168602238,0.0071822739241315745,0.7418072522784565,0.3373980108391401,0,7
2018-07-24,XLK,1,0.0054852793014665835,0.005470289945844087,0.004039421463910971,0.006259089675029873,0.006838388875977763,0.009861504056499548,0.012491592386682775,-0.004480676499901123,-0.14288895073754526,0.15507565227921316,1,7
2018-07-25,XLK,0,0.01254789928616451,0.012469826816524865,0.006076044656880857,0.006640054862685271,0.015428300604725553,0.018674740698527925,0.013771401108103553,0.012271633089977758,0.41327259569888475,0.5938656507622946,2,7
2018-07-26,XLK,0,-0.015355740737114987,-0.01547486115209118,0.010445685868786837,0.007619985744671415,-0.0017208455288519886,0.0023720716829913613,0.006852130898116793,0.0017815163936311651,-0.17631998739586818,0.30337228048598064,3,7
2018-07-27,XLK,0,-0.017099600632220935,-0.01724748709385704,0.013456946305703012,0.00948735815288259,-0.016911427810946122,-0.01383503629974736,0.025139995580184215,-0.018308565686384882,1.5324454858454475,1.6750342428561447,4,7
2018-07-30,XLK,1,-0.01558844271017279,-0.015711220093452383,0.013951751132100629,0.010571587890451007,-0.026401471045489733,-0.027017655375233707,0.022280998865312124,-0.015039607831471227,-0.43831175983710513,0.37326338661922853,0,7
2018-07-31,XLK,1,0.0026861417263410736,0.0026825404951571485,0.013421661105657234,0.01018546269800796,-0.017293256303472893,-0.021725998523162926,0.011980246803127632,-0.0004228157940409641,-0.16084425444174877,0.08930766377435617,1,7
2018-08-01,XLK,1,0.009024578907022685,0.00898410074477285,0.012204863205317301,0.01084751611528739,-0.0010050716980877228,-0.011219866120059874,0.008679864817767698,0.001819925141573172,-0.021072310876677602,0.010640351167433115,2,8
2018-08-02,XLK,1,0.012576724607361145,0.012498294517581776,0.013857437189909167,0.011698221228722166,0.013369832499350753,0.0013126460878816193,0.023272235407169155,0.02200278596643389,-0.10616312221206703,-0.13051526569413674,3,8
2018-08-03,XLK,1,0.003588304988583646,0.0035818823818343226,0.010868673760836065,0.011754754932018921,0.014537355204633728,0.004669686725912836,0.007864233835878974,0.0033112286514066854,-0.44709993971720496,-0.5193444345529108,4,8
2018-08-06,XLK,1,0.005363494965074711,0.005349162650644779,0.004108099024654978,0.011767024121941578,0.013249889957186678,0.009793127717071082,0.008667008689679609,0.005777935821144915,0.0351242806078087,-0.4851270912721758,0,8
2018-08-07,XLK,1,0.003829243808031846,0.0038219309165792303,0.0038566171876658777,0.011697747325097674,0.010213445651731545,0.013561886439838577,0.005315515538352706,0.0002725452135455699,0.369656809151756,-0.29234319567388833,1,8
2018-08-08,XLK,1,0.0027255237460290793,0.0027218162412512292,0.004005444463733464,0.010928839377380595,0.007337170040428331,0.017237527903120498,0.007770957146308907,0.0032719545843508894,-0.30898400615222876,-0.48196934259161284,2,8
2018-08-09,XLK,0,0.0004074327518348575,0.00040734977364920155,0.00181999446139583,0.009663699260600124,0.0045573666928389045,0.016921022109286588,0.004615855964993034,-0.0005430479709291703,0.6514664863494211,-0.139313571168462,3,8
2018-08-10,XLK,0,-0.008013596531884937,-0.008045877972530313,0.005280235737821815,0.00809935683711547,-0.004335186045268613,0.007130230156347617,0.007663850567025751,-0.0005474328136637059,-0.013127926913529708,-0.002659471295382354,4,8
2018-08-13,XLK,1,-0.0013697598056855442,-0.001370698784196378,0.0046684890830426635,0.005596144438805628,-0.0052106748599333175,0.0027085243907543077,0.01080111146739524,-0.0028711934129763963,0.042803305327939745,0.09460229437873591,0,8
2018-08-14,XLK,0,0.0061705158165212826,0.006151556137824699,0.005285887853262075,0.005676667300158628,0.000954912351023518,0.005494877149845312,0.00956551755558287,0.002732945441488914,-0.23912502901097443,-0.12090343105754953,1,8
2018-08-15,XLK,1,-0.008994543847254177,-0.009035238963222447,0.006272744327252143,0.006503255082764465,-0.005688196881989516,-0.005130432550251696,0.014262218069696174,-0.0027426899789386016,0.9382537175227408,0.6543112305382124,2,8
2018-08-16,XLK,1,0.004400541295828342,0.004390887225707463,0.006932648478537407,0.005393038927936812,0.0002738096226189146,-0.0015447517569008307,0.00818785635249136,-0.0032750800732455204,-0.4882926226099077,-0.12077257363592464,3,8
2018-08-17,XLK,0,0.001506294008531972,0.0015051606856477662,0.005956091533009197,0.005313496128175422,0.0014513910481506187,-0.0006282613348594923,0.01057397207214126,0.0045317472183145704,-0.00881991125170245,-0.14324151890658166,4,8
2018-08-20,XLK,1,-0.0015040284994146669,-0.0015051606856477662,0.00596603643640438,0.005067910726227475,-0.0003559105004566909,-0.002035870548973695,0.008046867707942364,-0.0038188595262179273,0.17682649793331184,-0.020747270581292443,0,8
2018-08-21,XLK,1,0.001643127613696116,0.0016417791564418138,0.005141950382054713,0.004925489429265715,0.0018899611899596547,-8.190264939067493e-05,0.007509599505735223,-0.0010922201528316524,-0.24647356824045652,-0.24632879251367523,1,8
2018-08-22,XLK,1,0.00300708481710088,0.0030025725810731707,0.002193557786967711,0.004945488493742723,0.0030894161234555906,0.0032128708483718516,0.009048478346912971,0.006032284031868149,-0.2038288991914824,-0.3958095859467312,2,8
2018-08-23,XLK,1,0.002180088517413248,0.0021777155726354636,0.001709491436386777,0.005004077612089188,0.0039039589068852187,0.005509943468019918,0.00941982855162116,0.003959056867267491,0.4702881717729783,-0.09136851008685232,3,8
2018-08-24,XLK,1,0.010062538966109758,0.010012248704644122,0.004261716268556382,0.005090859560322567,0.010887129816060881,0.013895117916092214,0.007729857761553789,0.007323039478858744,-0.2999626367760876,-0.3314233863156715,4,8
2018-08-27,XLK,1,0.00915488613274551,0.009113234182270169,0.00405786389308792,0.005458045423505909,0.01483820068416275,0.02034992798772306,0.006962997334513499,0.003749314115595543,0.2516011955593509,-0.12895683892254906,0,8
2018-08-28,XLK,1,0.0017344791939184478,0.0017329767219682601,0.004037948669252463,0.0053290408410927885,0.011313436729042614,0.01974608181550419,0.005059311406264697,-0.0002663330088986917,-0.10018885166006697,-0.20101090750153083,1,8
2018-08-29,XLK,0,0.009055251932380548,0.009014498972723217,0.004111620036591483,0.003949510508915769,0.013943728840873026,0.024735696994861556,0.008645936728390207,0.007847783127103906,0.5141499214645506,0.3029657931134129,2,8
2018-08-30,XLK,1,-0.003035297897065803,-0.003039913756432977,0.005783369285521848,0.004546524836017947,0.005483966899877402,0.018182764487915115,0.009528867707344655,-0.000264645893495426,-0.05920070110800102,0.20593366636939492,3,8
2018-08-31,XLK,0,0.0007942653735628635,0.0007939501117446568,0.005384664661017161,0.00458455345958006,0.0027588511352363287,0.015637570327638795,0.006095226002739182,0.0017225023362303533,-0.023896656939440875,0.16055586070029593,4,8
2018-09-04,XLK,0,-0.003835866371676877,-0.0038432421748595402,0.005126441498110997,0.00490469635086039,-0.002014204163758082,0.008665680845878265,0.008239137769933555,0.0007973097487541528,0.07838229995423074,0.24513417423198103,1,9
2018-09-05,XLK,0,-0.012481856087243837,-0.012560408793114597,0.00781486990496398,0.00696457895418841,-0.012586622506216005,-0.005535965138110388,0.01701899740564064,-0.011168679006991837,0.48337517383373374,0.6871865399765202,2,9
2018-09-06,XLK,0,-0.007260737588818511,-0.007287225034123157,0.004993584985208435,0.007482152087159935,-0.014680192312312323,-0.01335021711759754,0.015755428700351275,-0.00579046987349856,-0.14901440346754657,0.3317137998542421,3,9
2018-09-07,XLK,1,-0.0033862375244905207,-0.0033919838026190696,0.004958529779597323,0.007561215479262038,-0.012852438865468718,-0.016743842724948,0.012269959708266925,0.0031356968196085532,0.01804160586030279,0.2957061694223906,4,9
2018-09-10,XLK,1,0.0031255263108844744,0.0031206520073929767,0.005718461649439869,0.0068261077747503954,-0.004988092548963263,-0.013050786462723618,0.007312028399324068,-0.0005416508646423477,0.1702972384231607,0.3886978034485433,0,9
2018-09-11,XLK,0,0.0085358167065821,0.00849959261201505,0.008311288570540198,0.006729800702150747,0.005864523720644055,-0.003933796979276982,0.016032613174451187,0.011413097618208712,-0.18371010837911672,0.0848469033956476,1,9
2018-09-12,XLK,1,-0.004164711694299994,-0.004173408260240041,0.006367375573416589,0.006753590950630785,0.0023255016018013386,-0.006806272670223268,0.010231585200864254,-0.0020194066820678823,0.19663991643925294,0.21224179261739806,2,9
2018-09-13,XLK,0,0.011736128051516248,0.011667793833800566,0.007052566205452588,0.007244185408725162,0.010890570688192325,0.005887682885370227,0.008312143410939932,0.005496764743787756,-0.21765161480680095,-0.0623996275352795,3,9
2018-09-14,XLK,0,-0.0007996556542377853,-0.0007999755493690586,0.006526756340599862,0.007208712362039599,0.00639258351703309,0.005892744087951929,0.008924978975209804,-0.0017316804841672531,-0.25835598786869274,-0.2990517832252737,4,9
2018-09-17,XLK,1,-0.012543589975122171,-0.012622924928094914,0.009802995273236467,0.008068945167961658,-0.0067381085805010565,-0.004586997102934642,0.013898181078164026,-0.011091832296471147,0.5670925502161199,0.06275393087691694,0,9
2018-09-18,XLK,0,0.006351298697479413,0.006331214196823698,0.009398596463690607,0.008460085706961884,-0.0005100536202189421,0.0028683481483360307,0.012447545979719086,0.007576749165835013,-0.34755714198795307,-0.29945261342429097,1,9
2018-09-19,XLK,1,-0.002551569538375209,-0.002554830339885239,0.009241290405233457,0.0075028468478252,-0.003461539325992802,0.0004307324286239034,0.011415504761916473,-0.0024174094465348604,0.08126619003212099,-0.20808151024038413,2,9
2018-09-20,XLK,0,0.011847311101838898,0.011777681124122363,0.00927534214040056,0.007898123501938713,0.007912032891523868,0.010473113265855094,0.01003747306942218,0.005888683541460327,0.3129378168332486,0.04193711524056143,3,9
2018-09-21,XLK,1,-0.003951633302065716,-0.003959461634881922,0.009487115669813653,0.007941399611250854,0.004136567258530732,0.004747022395059641,0.009708680726642223,-0.007713815829526923,0.6802180878628412,0.6409925579538651,4,9
2018-09-24,XLK,0,0.004959193172355603,0.004946936878080788,0.0065563355650470785,0.00799744349140274,0.00578610920550493,0.007803308169145318,0.013872037431607745,0.009831695042876683,-0.2503724940813623,0.2248742425629746,0,9
2018-09-25,XLK,0,-0.0012003876781738754,-0.001201108720541022,0.0065564207639775,0.007692319294894988,0.002771816871460109,0.005645277265701187,0.0061423299268478695,0.0,-0.38861782022159386,-0.23459412558880866,1,9
2018-09-26,XLK,1,-0.003738821294811845,-0.0037458281575397656,0.006772295720322693,0.007661861402194943,-0.0025294568971441223,0.0009034922730044581,0.010937704167967575,-0.004801928831396999,0.2625562769536989,-0.012515725275271117,2,9
2018-09-27,XLK,1,0.00589743373161844,0.005880111938695087,0.004733803457700627,0.006942421071985228,0.0029668689606443532,0.006396536254639207,0.005074851719431043,0.002270376663670132,0.06851042745822267,0.04348897104914151,3,9
2018-09-28,XLK,1,0.0037308500985848703,0.003723907739266341,0.004186121834587319,0.0070010591852745175,0.004775164255165887,0.009280674273549616,0.008017083157142292,0.006547374627756073,-0.17723351038417223,-0.15551501209693408,4,9
2018-10-01,XLK,1,0.004778915535479156,0.004767532769078819,0.00415415898857391,0.0052295636925379346,0.007668340252514616,0.011474769933511375,0.007123083140979864,-0.0015828402724159891,-0.11754308062780727,-0.23002529551796203,0,10
2018-10-02,XLK,1,0.00013192104287695905,0.00013191234206111346,0.003943472341065548,0.005103796202192856,0.00563243475930153,0.009609181053341853,0.010185140986874312,0.0013227311658653615,0.35541556594188184,0.01082850122140866,1,10
2018-10-03,XLK,0,0.0030385409467827973,0.003033933911325004,0.002179007760105418,0.004850929804621839,0.005162872967607868,0.010115846458010003,0.006319059153822195,-0.0003949286421595968,-0.051017348468622825,-0.06012023197899119,2,10
2018-10-04,XLK,0,-0.018043327354569483,-0.018208093143386783,0.009532461182551471,0.007149544484011951,-0.011691369626154358,-0.007653201973018997,0.020513540257274986,-0.013234516044346615,0.7523095904426589,0.5423581676633462,3,10
2018-10-05,XLK,0,-0.012607181625853281,-0.012687326452867964,0.010167627361428351,0.008084727806883681,-0.019707150949176744,-0.01887111567682298,0.024956401996725084,-0.012209795352467183,-0.043099895244800845,0.48307128869536164,4,10
2018-10-08,XLK,1,-0.011273994759554595,-0.011338027966730113,0.008950986429713056,0.008313611451303587,-0.02321519686971163,-0.027092816426582678,0.021018165498620577,-0.006551054313232111,-0.10388765506875741,0.3054052128628131,0,10
2018-10-09,XLK,0,0.003571995992186272,0.003565631565803251,0.00980028423846471,0.008557249903012544,-0.012704323550869923,-0.021210423887821905,0.011957156693771148,0.003985718897923716,-0.24203174285285134,-0.03935321056382135,1,10
2018-10-10,XLK,0,-0.04845992810402233,-0.04967347868608174,0.019140595810475922,0.016912096823432407,-0.043957719887942504,-0.06223433433857861,0.043520226353763077,-0.04269382244956414,1.9158657498233027,1.3428838016040285,2,10
2018-10-11,XLK,1,-0.012660029806175088,-0.012740850839195517,0.01924385106551373,0.01635802723371959,-0.040408190178947034,-0.06601698178484106,0.03491557140655615,-0.009810998833190233,0.5465532474004939,1.8158246627956185,3,10
2018-10-12,XLK,0,0.032056022461075306,0.03155295091647492,0.029179380099693765,0.020653354164838447,-0.0018600554408904069,-0.03013773326436453,0.02281423575618414,0.003684315394003579,-0.4740052292751522,0.34669575868128866,4,10
2018-10-15,XLK,1,-0.01637734118836831,-0.016512932293368365,0.02943891425470117,0.02051571157695569,-0.00949702594978119,-0.03809241803362973,0.01417032739584017,-0.01275331627845982,-0.4666438314201853,-0.30472514635168113,0,10
2018-10-16,XLK,0,0.030141957281243137,0.029696615348030697,0.03415468716427089,0.02378237329762773,0.024085928378925425,-0.0036926765034799303,0.022962475924962665,0.017292608625595184,0.09642605403994264,-0.256553785347178,1,10
2018-10-17,XLK,0,-0.00459778713675596,-0.00460838947069897,0.023572189730384933,0.02361540728263502,0.013793575397796243,-0.0020532907576055193,0.015446710282822693,-0.005844672493431778,0.15074788207225964,-0.1761911612599265,2,10
2018-10-18,XLK,0,-0.019596770784321094,-0.019791333559961544,0.025079768082010408,0.023709632591270006,-0.01003519397638486,-0.015393071826749094,0.02179408552452246,-0.015185626959309861,-0.049849161386970375,-0.21637014149863154,3,10
2018-10-19,XLK,1,-0.0004282728311778561,-0.00042836456617934004,0.019739118631367143,0.023644113908462962,-0.00816009165873044,-0.010794722006763458,0.02072390557440734,-0.006245490859779195,-0.03565284425726145,-0.2439299647433435,4,10
2018-10-22,XLK,0,0.008284229393530351,0.008250103506784345,0.01833313944602942,0.02385362526375793,-0.0025435706959487936,0.0005101486070999695,0.01606489823207157,0.003554165666985263,-0.27823970155859756,-0.44675717171437423,0,10
2018-10-23,XLK,0,-0.003824656424992634,-0.0038319891260569783,0.010090856627033813,0.023748305110818775,-0.0022700868475497016,0.0005550435586101354,0.03284149569240561,0.017361066269655598,0.5059195294412115,-0.19183700334164233,1,10
2018-10-24,XLK,1,-0.04479558511331683,-0.04582991440443518,0.02088914988307535,0.022994599469261745,-0.035274435551043815,-0.04107264662982546,0.045908201436031755,-0.04234390143352996,0.4196483850727788,0.18708134287156697,2,10
2018-10-25,XLK,0,0.03439012492257332,0.03381200175802812,0.028568509873587986,0.02551474397639249,-0.0004894765255015754,-0.009297161375974805,0.02671363229407605,0.019815149830317912,-0.3157639014909821,-0.0376497728861368,3,10
2018-10-26,XLK,0,-0.020005296139731343,-0.02020811155633817,0.02974096787812165,0.02385002135826723,-0.015043981067955348,-0.0253084210180079,0.032767545693035055,0.005018396131226937,0.8284311209212396,0.7114417502162145,4,10
2018-10-29,XLK,1,-0.01688925355312232,-0.017033503485118118,0.029011487348940428,0.02388083007971384,-0.021344787788832975,-0.038010871456388706,0.05693177422385305,-0.030276638778058997,-0.20326551811265314,0.2867818758624443,0,10
2018-10-30,XLK,1,0.011204182976488841,0.011141881047953106,0.03057668993368835,0.021531429469396186,-0.002710569270312657,-0.021495317737310837,0.024222530100346848,0.01211132208811335,-0.10261251552621764,0.11447787750035276,1,10
2018-10-31,XLK,1,0.02378470957478096,0.0235062599569531,0.024229823811445155,0.023465797576828578,0.014641371087487753,0.004886756978784046,0.017176133298299565,0.008733713685135428,-0.3081300227742729,-0.22033735810513078,2,10
2018-11-01,XLK,0,0.01168837825523239,0.011620596820871576,0.019327330032283506,0.023057720450115234,0.024610548314916825,0.0165290689037203,0.019452537086936728,0.010230534133459654,-0.26442364536679264,-0.41039462326418574,3,11
2018-11-02,XLK,0,-0.019540794253495863,-0.019734239773225415,0.019196045958490733,0.023905103744657062,0.0026838664098807197,-0.001496081003915628,0.026160697179931434,-0.011930456154888225,0.2996187255273868,-0.22809428102147833,4,11
2018-11-05,XLK,1,-0.0010184798004284623,-0.0010189988034063902,0.016388367080436332,0.023658737626512768,-0.003367275812135473,0.00027668370403088893,0.016448286806610722,-0.00043666347350023533,-0.29707961668422955,-0.4537133550363359,0,11
2018-11-06,XLK,1,0.006261800916732119,0.006242277300980703,0.016083682384270947,0.023810541614189638,-0.001214284980821878,0.008332152157262351,0.012826078495693801,0.007141784862418477,-0.3571458735096634,-0.6274269379403854,1,11
2018-11-07,XLK,0,0.02937730433686747,0.028954060525882674,0.01787754793544188,0.0200832486565181,0.02271705077974695,0.031990823515199995,0.018884115393552867,0.017596505017008966,0.7862007050734634,-0.28224756273536766,2,11
2018-11-08,XLK,0,-0.0008431903062571244,-0.0008435459911577681,0.01764433820726919,0.017452975448131347,0.01904160068039107,0.028747455438832725,0.0076206733118268965,0.002963577232060856,-0.36194743423149534,-0.5143291040023514,3,11
2018-11-09,XLK,0,-0.017306782976490798,-0.017458296025377074,0.01695031483652817,0.01708501136817403,-0.0017436865064760498,0.00838875462421651,0.01802436360443094,-0.008799357857480613,0.2432442817756515,-0.29867932697752786,4,11
2018-11-12,XLK,1,-0.03522345861003229,-0.035858767784536116,0.02439396767590948,0.020129799813629848,-0.03334094555003575,-0.027747823657844894,0.029190704221811647,-0.02630057478449716,0.2696147367445023,-0.01557421492356681,0,11
2018-11-13,XLK,0,0.0011875316765708188,0.0011868271185639934,0.023986024971464855,0.019803248919320175,-0.02761738494897481,-0.02627006699019163,0.020136224339891894,-0.0011845103637879164,-0.04428188009323786,0.03276353276353272,1,11
2018-11-14,XLK,1,-0.012007062506923072,-0.012079729546177642,0.014682985325146735,0.018160337115600413,-0.02672296721234335,-0.034267724912205644,0.029907651999833116,-0.02287051135511404,0.24155124653739612,0.29627314904079505,2,11
2018-11-15,XLK,0,0.025056327602416273,0.024747564838924152,0.022474087994532897,0.019837031023040703,0.005741362570065078,-0.007495826387815874,0.031605760078405855,0.02336724848226366,0.3490026517308058,0.6320496320905868,3,11
2018-11-16,XLK,0,-0.001610187222449766,-0.0016114849671571285,0.02187784585088167,0.018904556222631267,0.008963978432379172,-0.008330411476336064,0.018365011179120046,0.010219230979139956,-0.3166483531107064,0.13098564251266098,4,11
2018-11-19,XLK,0,-0.038117608210332166,-0.03886308964693663,0.02290734538565744,0.022324040659864212,-0.024386675933925628,-0.04186798238610723,0.03726614821096372,-0.03358372072167847,0.06819711899582148,0.17133199921905495,0,11
2018-11-20,XLK,1,-0.021490671204718592,-0.021724958420086704,0.023586693361527522,0.022585546072673126,-0.03600717515532792,-0.0557017890410938,0.026497313563097175,0.006585107823514804,0.46181492400487545,0.5349796264391391,1,11
2018-11-21,XLK,0,0.007320866614780375,0.007294199144353364,0.024659909515971582,0.019492958792298502,-0.023141362785406017,-0.03966381873252367,0.014292305356346192,-0.006147249542875333,-0.41195732732818335,-0.09829612044354963,2,11
2018-11-23,XLK,1,-0.00912325561043048,-0.009165127372656734,0.01774751348340676,0.019268223549260468,-0.01949387327611063,-0.038444271411699926,0.013129105323506066,0.001563024219034934,-0.6765434791829512,-0.7000256810969706,4,11
2018-11-26,XLK,1,0.022627848821043406,0.022375636640333152,0.023784595900674735,0.021611692126487333,0.010984490832376403,-0.010285454515697623,0.014633348352382142,0.009396189580352734,1.3481388509020062,-0.2940031439969766,0,11
2018-11-27,XLK,1,0.00198392923026125,0.001981963841697798,0.016690457931544195,0.019105402157136686,0.012833969736700146,-0.005739097047904873,0.016287725233014222,0.008912136059251367,-0.07949196623745469,-0.33170693847385313,1,11
2018-11-28,XLK,0,0.03502879817382931,0.03442925065278368,0.01739791596346847,0.022508850066450526,0.03629145727188243,0.02831013026324869,0.028498181519080103,0.024728579571697846,0.43953129604271024,-0.04299372140363533,2,11
2018-11-29,XLK,1,-0.009711280367960984,-0.00975874237905261,0.019921648991462745,0.022373118194421376,0.01806209699892669,0.017323359721062914,0.01343167575962869,-0.00664202137626845,-0.15016616896252766,-0.16067990433865353,3,11
2018-11-30,XLK,1,0.009509536869240165,0.009464605847716356,0.01747224591772929,0.0210308027435035,0.01587972383595515,0.027587914944812386,0.014552951898330325,0.008910100031859013,0.16963033282797513,0.04238208975201618,4,11
2018-12-03,XLK,0,0.022078542872789875,0.021838340954556834,0.017389362532167798,0.02217700623577315,0.026308229780605652,0.048325268294979296,0.014646706662924275,-0.0028718688971142614,-0.016844540818180764,0.03621521653225379,0,12
2018-12-04,XLK,1,-0.03787492245991164,-0.03861081853512838,0.02855387647599048,0.022128293437235953,-0.01590834321858059,0.006796126509510003,0.03553295223611533,-0.031036975842868325,0.2932163605783744,0.32488957728201684,1,12
2018-12-06,XLK,0,0.0022453202740471134,0.0022428033093708777,0.022770186706961508,0.020540481752643794,-0.010784583239969447,0.004877236630941528,0.0314223710835179,0.02636421332040406,0.02795470461290739,0.42006861481134883,3,12
2018-12-07,XLK,1,-0.035244859729922084,-0.03588095049352624,0.027161373004009844,0.02399057393812636,-0.03797470560685201,-0.030437665103946854,0.03961583754243736,-0.030612258916740454,-0.0760222264446494,0.2831123430419753,4,12
2018-12-10,XLK,1,0.013776965098317051,0.013682925450885008,0.027900505136507832,0.02409955648141403,-0.01755186037837364,-0.01915571462153831,0.029109573382153225,0.019458282091646562,0.02559498432601881,0.19932947629705744,0,12
2018-12-11,XLK,1,0.001221615635730311,0.0012208700704841036,0.02370983785464269,0.023034503703730638,-0.004796137003708845,-0.01801633127040292,0.024056509137435664,-0.014133249304080171,-0.22666008079108757,-0.09000927076325826,1,12
2018-12-12,XLK,1,0.007777907522255489,0.0077478155339596455,0.01922324376149603,0.02315408747272355,0.005171854581516477,-0.01100061908420924,0.01605882843960841,-0.008254471634922178,0.0705554255648797,-0.05511582488989053,2,12
2018-12-13,XLK,0,0.0016646465487195616,0.0016632625603416606,0.01919257700629293,0.019855632744857087,0.009209254421107094,-0.006722990625720349,0.016265087443315267,-0.0031626367416695113,-0.24275199659751434,-0.26902408816894796,3,12
2018-12-14,XLK,0,-0.02447483228488978,-0.02477931944131395,0.014608055944478771,0.020972519727087538,-0.015400910103245735,-0.02704731010846484,0.019113149401156704,-0.012691159200145494,0.2103781017684272,-0.12225382580617428,4,12
2018-12-17,XLK,1,-0.021217491936063926,-0.02144581837026438,0.014735707448354788,0.021035200793929086,-0.02951391160287231,-0.040840279846181216,0.03233324976144059,-0.01756569308178905,0.49930395328753163,0.2675798479677911,0,12
2018-12-18,XLK,0,0.0079115875798208,0.007880455068060677,0.015925207790988168,0.019261092335473174,-0.01618573537739665,-0.024756077937073462,0.01664313700968576,0.00015704406415663295,-0.15633503127216453,0.0499898888198167,1,12
2018-12-19,XLK,0,-0.01978049835320439,-0.01997875112533931,0.014840367589156356,0.016890778694099124,-0.024679947164513383,-0.037608053171221734,0.04684797223145095,-0.018393365389343795,0.7122731395147401,0.6842056202164213,2,12
2018-12-20,XLK,0,-0.017937047801214856,-0.018099866573637602,0.013084344226711857,0.016920595227743418,-0.027376832773555515,-0.04658249159877337,0.0381212643025074,-0.013672165017783105,0.1754354120234125,0.8165029359327916,3,12
2018-12-21,XLK,0,-0.030382397693601293,-0.030853509637979393,0.014348245940317297,0.0161218021170601,-0.04137853643110967,-0.06809760889869365,0.04715901559697108,-0.03062058197526487,0.053463386478590946,0.7401622250685695,4,12
2018-12-24,XLK,1,-0.02668919518831747,-0.027051818397208383,0.015012165541267374,0.015051248561333325,-0.05064708326153455,-0.08200563055257848,0.030525254675281048,-0.01739427811016877,-0.49254692565188873,-0.11941355953831034,0,12
2018-12-26,XLK,1,0.06039550490415824,0.05864195636693825,0.037945492575538545,0.027441974032710453,0.014460839867364461,-0.020026371656006292,0.058772833859152725,0.053085108446345876,0.37614717999715874,0.14837952982990532,2,12
2018-12-27,XLK,0,0.0072014549487771085,0.0071756482949885125,0.03756871130574301,0.027409764975419793,0.023908971822433234,-0.0061877474059151005,0.04116181812840378,0.021410803577217325,-0.19343704942515683,-0.09699028868124937,3,12
2018-12-28,XLK,1,-0.002274847350909881,-0.002277438746911109,0.03649123836994751,0.027310210457440778,0.02040825585574657,-0.0011836867129081385,0.025004019924054356,-0.009517666343165086,-0.15341655716162939,-0.255668043454531,4,12
2018-12-31,XLK,1,0.009446168321037396,0.009401832258320031,0.031795740426715416,0.02696499766676305,0.020616531525972315,0.012055949035191693,0.012110447219508878,0.0008073508285832868,-0.15032076964556595,-0.37072883799013623,0,12
2019-01-02,XLK,0,0.0006453047309593618,0.0006450966113904499,0.02577235744649595,0.026230091721724746,0.006687407419713853,0.01421088769600476,0.028990254456836992,0.02157801668664602,-0.08405644094637632,-0.40629349121525504,2,1
2019-01-03,XLK,1,-0.050467721605225946,-0.05178575415777775,0.02471000765501781,0.030188097462201163,-0.03721037361816082,-0.029779224195569998,0.02763067847270475,-0.02564525599402625,0.6154154983843707,-0.060140504034772224,3,1
2019-01-04,XLK,1,0.044319909433667704,0.043365869181987815,0.033931953057284164,0.03376287831267037,0.005591938822297582,0.014340805937322232,0.03301649994885748,0.025512735503641804,-0.16751313801023782,-0.17781178961470645,4,1
2019-01-07,XLK,1,0.008943452961653886,0.00890369714656769,0.03408688024965682,0.033293732029893185,0.012433318854361053,0.02173573945616547,0.018048790412220527,0.008943077025374746,-0.4265834609347162,-0.4707255956259283,0,1
2019-01-08,XLK,1,0.008380087467002806,0.008345169475615588,0.03403647149411159,0.03128589785684975,0.018955786795472385,0.024612258531774955,0.01660011293695636,-0.0012769645507772422,0.09186638227835342,-0.3379110177582585,1,1
2019-01-09,XLK,1,0.012945636285290885,0.01286255777049039,0.034324473653709206,0.02912163150467579,0.027595029041773245,0.028178464822365745,0.013829262978778314,0.007471009725689248,0.07843046775260332,-0.25922208387108026,2,1
2019-01-10,XLK,0,0.004417675510782315,0.004407946225682302,0.016226192307814285,0.02310729079367983,0.016413289528962816,0.028449522359092372,0.017493614113166318,0.01240456052874324,-0.22024047238703792,-0.3612024287406035,3,1
2019-01-11,XLK,0,-0.001884889203794482,-0.0018866678428262063,0.005605257003179336,0.023161540625065702,0.00793150367265305,0.02320495691022595,0.00679412701778436,0.003950071044139705,-0.2934397892830686,-0.5030288761219579,4,1
2019-01-14,XLK,1,-0.009285391227719986,-0.0093287692026367,0.008726788652919055,0.023458173753562787,-0.004270668389321108,0.011180172632765384,0.006986323116974742,-0.0004763223168453168,-0.06261002381692038,-0.49305123389337413,0,1
2019-01-15,XLK,1,0.015091185581497246,0.014978446469885665,0.010173703324820411,0.023703955857165383,0.006521084571840641,0.02328413133071794,0.015676925413276983,0.011876484273601317,0.9783482235324983,0.021026285707769876,1,1
2019-01-16,XLK,1,0.000939000485441488,0.0009385599002706968,0.00895402222834705,0.02370046838081687,0.005628752803501502,0.02107283647423186,0.007972460712852828,-0.0001563566678068419,-0.3391149577720388,-0.29521114263851633,2,1
2019-01-17,XLK,1,0.0064104413997283505,0.006389981909948883,0.009139016853716441,0.01432195660923749,0.009820658427942774,0.01870627000529912,0.018515557805652994,0.010042416584697263,0.0696942493531183,-0.15262589425476614,3,1
2019-01-18,XLK,0,0.015224219087167201,0.015109493602320612,0.010327584461657886,0.007847628693281448,0.019405242608244944,0.027952024165236455,0.013690309026262322,0.005229908117494784,0.34785356028592873,0.21443955068334253,4,1
2019-01-22,XLK,1,-0.016832311853641202,-0.016975585238652613,0.013210072216414582,0.01057549274567305,-0.0018021647626830228,0.007163843028473504,0.01835851021770375,-0.008793577561058403,0.09822291892525414,0.2981126390324742,1,1
2019-01-23,XLK,1,0.0034239710187371486,0.0034181225760985257,0.011747361500525744,0.010438740517087576,-0.00015519766849625416,0.007611288945804873,0.019373838577754023,-0.0007748825939942756,-0.3612739703184926,-0.14551063148210774,2,1
2019-01-24,XLK,1,0.008376223666969995,0.008341337778139835,0.012072211268200985,0.010049967954412473,0.004946764276976712,0.013469388820686712,0.008809887507107601,0.004791425078988411,0.479819550756571,0.2628167312144549,3,1
2019-01-25,XLK,0,0.014151688709103327,0.014052488368542893,0.013026267064058194,0.010697416840034685,0.014276605437992806,0.0241872694484917,0.013282368201335878,0.006564890155355439,-0.2921550501379587,-0.09886779028202375,4,1
2019-01-28,XLK,0,-0.013347693520141868,-0.013437574681441689,0.013602088399651002,0.011893175673231428,0.0016629307547737504,0.008151913409805145,0.00862197975220853,0.0015397399263208367,-0.03672688120588585,-0.14680870038966853,0,1
2019-01-29,XLK,1,-0.010760750901150362,-0.010819066504897279,0.011994061265789594,0.012062396252142324,-0.009420799442503514,-0.004855760995055136,0.01442163910716654,-0.012733995507342444,-0.11265317105481043,-0.251724309468931,1,1
2019-01-30,XLK,0,0.03107975728858925,0.03060656119754812,0.01841396585223102,0.01471826277569758,0.015488519106448217,0.022200160794537904,0.02155309846490793,0.014215841198498379,0.9822134617851852,0.44948759236642255,2,1
2019-01-31,XLK,1,-0.0010550897996195463,-0.0010556467986857498,0.018579190554020113,0.014775728235640375,0.010488901410059093,0.017484937971367964,0.01272528875483223,0.004090238362804339,0.07387924896883247,0.4481071594061228,3,1
2019-02-01,XLK,1,0.005884276389474641,0.005867031650632182,0.017803044409645283,0.014765807013518956,0.01414664513561048,0.019871160265059418,0.012366154803423712,0.005429054797256685,-0.46644822995030377,-0.22495785651636158,4,2
2019-02-04,XLK,1,0.016049421422537957,0.01592199110567094,0.01609051147212228,0.014840018065357834,0.022058786100784378,0.03246472731219763,0.015578203748482778,0.014679384304681164,-0.21909466203865346,-0.36416184971098264,0,2
2019-02-05,XLK,1,0.008414281879285168,0.00837907914216851,0.01225869077697829,0.0129918728535412,0.01848812725793314,0.034749078168179626,0.00868035834469642,0.005002152887810524,0.5860368475730837,0.03380589063722805,1,2
2019-02-06,XLK,0,0.0033672025961297702,0.0033615462632576865,0.006366390573084426,0.012993243447262326,0.015287209073306496,0.031871597956949715,0.008773301781991863,0.0021933254454979656,-0.15514024890760902,-0.13114807216443858,2,2
2019-02-07,XLK,1,-0.013714668084225501,-0.01380958296104895,0.010982199648469585,0.0143881918302205,-0.0025378949428634945,0.013766894082158254,0.015608857332239835,-0.0045649414117356285,0.43597393420742714,0.24276251362138046,3,2
2019-02-08,XLK,0,0.0057693747330582745,0.005752795627470775,0.010977390503489727,0.013969581539262099,-0.0006759968234210101,0.01647550029779543,0.015524719341569222,0.014927601610520935,-0.4198469108802625,-0.2694394026629212,4,2
2019-02-11,XLK,1,-0.0004415565611900485,-0.0004416540759950571,0.008680527947247357,0.012823290563847315,-0.0017627784319288464,0.011625539345050395,0.008944290874594899,-0.0035190304180170062,-0.12417538403543493,-0.34765021760494175,0,2
2019-02-12,XLK,1,0.013243315449027904,0.0131563893656379,0.009934416082007765,0.011868839180313964,0.009825528558238705,0.018187309730111956,0.009060282250804052,0.006283798089406959,0.30591684936850183,-0.15648739565885228,1,2
2019-02-13,XLK,1,0.0013068683904358114,0.001306015181214537,0.009887729134141952,0.008322661746095299,0.00993079866785318,0.015613461685088259,0.0078033715310233025,-0.0036127169223285705,-0.06058234027870757,-0.1493982959801844,2,2
2019-02-14,XLK,1,0.001740098763576059,0.0017385865457408833,0.005480270375714891,0.008184198519578315,0.007350296041342297,0.013216835124870707,0.009899552787988807,0.005532060560663292,0.06809635014088511,-0.013167557908790428,3,2
2019-02-15,XLK,1,0.007963319296009352,0.007931779399767525,0.005708064000864501,0.008258881246960403,0.010567387601295941,0.01688484104407606,0.006610132327628737,0.0004311885367217392,-0.24491890782180248,-0.2364391658129027,4,2
2019-02-19,XLK,1,0.0002877131277718714,0.00028767174628674397,0.005548947134014266,0.007221016613713532,0.005951787334878222,0.014362335571506124,0.00836460717748477,0.004326551306635659,0.1309271343121261,-0.14282829261155516,1,2
2019-02-20,XLK,1,0.0011482981479553622,0.0011476393579137323,0.0031052216093226115,0.006953201953071208,0.004610934183687299,0.01344572099509711,0.009469206470690097,0.0002870053563387136,0.18427474125806875,0.03876564010699646,2,2
2019-02-21,XLK,1,0.00042989874470267253,0.00042980636471234845,0.003211647080696333,0.006954214828133837,0.0027311104578156,0.012101313798917879,0.010208469494160743,0.002875585039059646,-0.009947117873346789,0.03317699197532442,3,2
2019-02-22,XLK,1,0.01276021619358203,0.012679490626759105,0.0056072975272919495,0.005228075350786085,0.010962538630104435,0.02051429157109208,0.008990969832478879,0.008134718100567115,0.2555335704985595,0.3308136843455034,4,2
2019-02-25,XLK,1,0.004813000049143978,0.004801454595101173,0.005291463436900588,0.005209377888763623,0.01188933980664153,0.021015721399351817,0.007587479688357932,-0.0026695913573118804,0.6470285630297388,0.9449863121485829,0,2
2019-02-26,XLK,0,0.0021132891525361686,0.0021110592980142506,0.005037855861146827,0.005008402306781391,0.009738227257786392,0.018529028154200988,0.00933131105308615,0.005655222359680038,-0.299273691777596,0.2802026006209897,1,2
2019-02-27,XLK,0,-0.000984129508235454,-0.000984614081628088,0.005440556385268429,0.004235281032468251,0.004921385068418216,0.014331303694230968,0.011572109621241371,0.002822423744277685,-0.3082283854535164,-0.11494051024324536,2,2
2019-02-28,XLK,1,-0.0028143555182056357,-0.002818323262875122,0.006100355470094883,0.00461857560579939,-0.0010431186497318334,0.008726427108174839,0.006355888825502177,0.0008474231074522586,-0.03469189465609823,-0.14809252081862834,3,2
2019-03-01,XLK,0,0.006774045342391011,0.006751204588755666,0.003962273145365514,0.004768683551846136,0.0037427759695327634,0.012288374003607938,0.010641307136870401,-0.001120160082690589,0.30680313191994313,0.0878250730714345,4,3
2019-03-04,XLK,0,-0.003784997951863156,-0.003792179182967814,0.0042786970258177045,0.004922918659860143,-0.00030956467499099194,0.006386250147403683,0.021496383705300045,-0.007956444719157555,0.28316036970974534,0.2988222665562601,0,3
2019-03-05,XLK,0,-0.002954651805040176,-0.0029590254057878518,0.004330106843177937,0.005154968577820233,-0.0025056562070915334,0.001682289013418714,0.006757755387622228,-0.0023933291829770086,-0.4342526774713298,-0.2690023626919993,1,3
2019-03-06,XLK,0,-0.005221729432647981,-0.0052354103077822955,0.004778219223625189,0.005610994476529227,-0.006119347486838178,-0.0046316441820749565,0.006919896634145038,-0.004519131561322621,0.46553418660233636,0.04344555469499212,2,3
2019-03-07,XLK,0,-0.009504635265474293,-0.009550092577322644,0.005987019826290211,0.0065468274650670845,-0.012670280532769085,-0.014189746648280765,0.010812379091356381,-0.006686601430948336,0.4097057635591863,0.37532192925586005,3,3
2019-03-08,XLK,1,-0.0001435611929585523,-0.00014357149885313447,0.003438262077745608,0.004823346118063984,-0.00852165748151168,-0.01317478751258705,0.014931956488341837,0.012032388536796564,-0.3031413697474903,-0.04616277099456367,4,3
2019-03-11,XLK,1,0.02148707559465346,0.021259482816303965,0.012097177008931034,0.00855798574803463,0.01209232316577813,0.0075591794637071,0.018840989734837693,0.01784185046473316,0.13080748136253262,0.12517666637592129,0,3
2019-03-12,XLK,1,0.00588987174044342,0.005872594254141994,0.012069849307909988,0.0087190675807492,0.015545463607608001,0.012635086529824147,0.00950916354163077,0.0030765097766884504,0.23830169651983613,0.3524219536115958,1,3
2019-03-13,XLK,1,0.006552259077464484,0.006530886336978625,0.011311082156614954,0.008865069414694254,0.017273920113613395,0.01763237171726817,0.008745103351077007,0.0022209332409983155,-0.01202176104949415,0.2601042361480108,2,3
2019-03-14,XLK,1,0.002077353863150222,0.002075199147169471,0.008462005879140144,0.008726589511497629,0.01217108783840204,0.01760930034166952,0.005807496829613107,0.00041480613140851475,-0.4024425802978647,-0.25344202276677474,3,3
2019-03-15,XLK,1,0.012105222727853304,0.012032540487768362,0.007536912321280982,0.00919307444062308,0.014725518299307128,0.02720316084354013,0.01381787981274091,0.00856701801378309,0.9729088076872547,0.3883642731863999,4,3
2019-03-18,XLK,1,0.004247300741054616,0.00423830641799805,0.0037382445961783818,0.00891503350649485,0.012784861847967566,0.02800865485289794,0.008762313549100492,0.0035597225215148608,-0.2942709695831054,-0.013750567484264953,0,3
2019-03-19,XLK,0,0.002046349948226167,0.0020442590261908755,0.004180407041164474,0.008652010400324744,0.00941527547009402,0.02605692281122285,0.008695644061371431,-0.0020380642525644767,0.08865989108750738,0.024656821699525544,1,3
2019-03-20,XLK,1,-0.0027225259661826096,-0.002726238780354162,0.005418770469989658,0.008389644328633148,0.0031309380593356195,0.019011401688167284,0.014174742764007769,-0.0016355832368783933,-0.15159938340009038,-0.13387921848593975,2,3
2019-03-21,XLK,0,0.02511909884094865,0.02480879983154205,0.010889112860712495,0.009208366926725008,0.02002280802563905,0.03668354908821958,0.027300026503970128,0.02497944510371696,0.9901855621958071,0.6331600819151866,3,3
2019-03-22,XLK,0,-0.023571766928952576,-0.02385402540508874,0.01739969010069759,0.013429071544718552,-0.00491309561536124,0.007054464535338756,0.02302545235570588,-0.01847385956888506,-0.01931136132814648,0.47891143749236287,4,3
2019-03-25,XLK,1,-0.004364451836149641,-0.004374003859092479,0.01742702524101286,0.012422202963426644,-0.008448666089054035,2.253320768885736e-05,0.013136276141480791,-0.0010947157779173924,-0.17947538826203668,0.16596990788333543,0,3
2019-03-26,XLK,0,0.005479730083847167,0.005464770985948331,0.017628702689164843,0.01241131204145042,-0.002879848267815066,0.0028906877634913286,0.015480708841622927,-0.0032590693340400502,-0.3636868988330926,-0.24161739341990363,1,3
2019-03-27,XLK,1,-0.005722215735954994,-0.00573865033729648,0.01779427379825079,0.012593280342333417,-0.007857715460383052,-0.004225653515297689,0.019725269153842984,-0.007209886599032724,0.1336259675906366,-0.1308262618809185,2,3
2019-03-28,XLK,1,0.004110867654192107,0.004102441123431166,0.011602746552902842,0.012620576561592474,0.0011477438815921115,-0.0017163144328053992,0.010245902066502891,0.0010929212348363172,-0.3342450351205215,-0.4209716416360708,3,3
2019-03-29,XLK,1,0.009825402054578491,0.009777446656664246,0.006668022664534143,0.012430339741221827,0.00910940445930808,0.006707040365720562,0.006766815592504216,0.0014887076906238675,0.3612531665986698,-0.1817805420806563,4,3
2019-04-01,XLK,1,0.013648331935792735,0.013556032328968293,0.00729670570130174,0.013007923885448738,0.017305272663152627,0.018078546894945813,0.010706576676843277,0.003881168506284652,-0.12244200959072149,-0.2726437684684242,0,4
2019-04-02,XLK,1,0.003466499350038177,0.0034605048903655344,0.0073512687343321005,0.013011569057239575,0.015679927766849122,0.0190903161851661,0.007060162659464459,0.002664139457242818,-0.0638100154878678,-0.30143688123579493,1,4
2019-04-03,XLK,0,0.008104011061902172,0.008071349903195468,0.004206595298984715,0.012976623146376242,0.015959674722163086,0.02370386366787236,0.00898045819087834,0.002112995643627884,0.17662529375334057,-0.17885448157529205,2,4
2019-04-04,XLK,1,-0.004217205513379341,-0.004226123004643423,0.006859858967374603,0.010687845161558077,0.005535988541292447,0.018740719983562748,0.012392913122166576,-0.003823347677802364,-0.1705890835676689,-0.24878793578149405,3,4
2019-04-05,XLK,1,0.004764193543844275,0.004752880690634953,0.006551246772838448,0.00646822394738916,0.005189930497210726,0.020018572329821627,0.004221075123724811,0.001451004008627526,-0.4166963688049309,-0.4958434017383777,4,4
2019-04-08,XLK,0,0.0038199669263598857,0.003812689380136902,0.004526741718468827,0.005849404758827709,0.0058335461580936165,0.019518046180495574,0.010958566866447214,0.006205455954045538,0.08943634683597135,-0.3828839552698716,0,4
2019-04-09,XLK,1,-0.0047238795414979995,-0.004735072323272416,0.005724095413702005,0.006481920549387422,-0.00044812743980526815,0.011387123252759368,0.0063258220124931845,-0.0003953450234939712,0.8386161233395806,0.1396907933342153,1,4
2019-04-10,XLK,0,0.00698762095864347,0.00696332067044203,0.005418098547628917,0.005715366276529714,0.005211701549497683,0.013857910205080648,0.006849371509516746,0.006058997570692995,-0.3588291753781594,-0.22165077885502982,2,4
2019-04-11,XLK,1,-0.0013090436207493505,-0.0013099011668082916,0.004794455230287397,0.006013840771742791,0.001996879180060196,0.008514651931096795,0.005748560318118038,-0.0033969445142471018,-0.10677234432659499,-0.2864373689411651,3,4
2019-04-12,XLK,0,0.006947802510537171,0.006923777746029369,0.005201834753768886,0.0057699728593481065,0.006604919185221769,0.01176277867592912,0.006909122482366909,0.0013035911265098041,0.11142868278487272,-0.16192525019788562,4,4
2019-04-15,XLK,1,-0.00039054634610213856,-0.00039062262918809765,0.005243903019155638,0.004702937168392712,0.004710770722728297,0.009015120968990153,0.00820202152639546,-0.00039055826390296035,0.1584687317358271,-0.0029416676559416155,0,4
2019-04-16,XLK,1,0.005079403501225155,0.005066546848965459,0.0040249776852484525,0.004772814277377802,0.00633760617714807,0.011614432751785086,0.005842598907496807,0.0019475659882726038,-0.030411575368036514,-0.011608531437458325,1,4
2019-04-17,XLK,1,0.005572348587197684,0.0055568804886294565,0.0037559191624672024,0.004502379814070455,0.008735557459523813,0.014963021136789267,0.006180732744070863,-0.0007726652737406194,0.27458815938726033,0.281154387267849,2,4
2019-04-18,XLK,1,0.002834744477319795,0.0028307341662112684,0.0028705951660493436,0.003886497295042802,0.007561123191270669,0.014840385607701068,0.007715037932621367,0.0006429607035642135,-0.06172486712007774,0.20221614762321716,3,4
2019-04-22,XLK,1,0.0023130744130444025,0.0023104033745053876,0.002392823469240903,0.0038369233390504963,0.0067893105448462165,0.014436119732556874,0.008262321162055492,0.006971351948228855,-0.2965131962512726,-0.16624640716802852,0,4
2019-04-23,XLK,1,0.010897702188069402,0.01083875013945157,0.0034076580032401677,0.004633815982884404,0.012351231332210943,0.021982170768052534,0.011648694325662432,0.009344543034735132,1.0648161892038988,0.5696570089556057,1,4
2019-04-24,XLK,0,0.00038044208338439134,0.0003803697336444145,0.004079113367709726,0.0038521503928274064,0.00830892604823652,0.018371590140991323,0.006082824803739612,-0.00038026114939612634,-0.3447294642001342,0.05332948143868266,2,4
2019-04-25,XLK,0,-0.00025384053521326777,-0.00025387275817490007,0.00447346799524636,0.003894194905173384,0.0048162550538346505,0.014863738004992078,0.012872244706770414,-0.004795523266813625,0.04107585273762826,0.06810285962977147,3,4
2019-04-26,XLK,1,-0.0038042486287070965,-0.003811503187129084,0.005491256535485845,0.004276865152692597,-0.0008904093413971692,0.008045205978581604,0.01097219495391166,0.0022965081842731484,-0.029628718957462552,0.004855044326490976,4,4
2019-04-29,XLK,1,0.0002548745929114027,0.000254842117900278,0.005530177168450371,0.004103235050501284,-0.002107955303161213,0.006017267549344396,0.004327401916835618,0.00012730223074097375,-0.03954679553311258,-0.05261532336603103,0,4
2019-04-30,XLK,0,0.0016544537211926613,0.0016530866202972838,0.0020529409847149576,0.004004661054131619,-0.0001014562542858144,0.005197936966650607,0.009167318720527043,0.0021644788256133555,0.7754211736328347,0.557798749157769,1,4
2019-05-01,XLK,0,-0.0025412045313606413,-0.002544438872171817,0.002202128869690815,0.004179055758836672,-0.0017039040543617157,0.0009306272788660586,0.015094301235750786,-0.012452803317855738,-0.18023234215540074,0.21824032303858165,2,5
2019-05-02,XLK,1,-0.005222203334433795,-0.005235886697258163,0.002843719100536854,0.004461138815722141,-0.004994135601193328,-0.00493073285366219,0.017581823047226334,-0.004968778191653623,0.6177331227179739,0.7908381223891314,3,5
2019-05-03,XLK,0,0.009474876999457704,0.00943027188302814,0.00556063318412045,0.005247155060298342,0.0037173106560097757,0.003193696740928509,0.00816543814072486,0.005868832617911285,-0.46822976693558715,-0.05978987259195112,4,5
2019-05-06,XLK,0,-0.007736948291419576,-0.007767033756107988,0.0067505339714256825,0.005950190836958947,-0.00316004104693568,-0.004859221130711022,0.02208935769835757,0.016502134713735617,-0.020002558641812773,-0.10970292210233856,0,5
2019-05-07,XLK,0,-0.02147485151804629,-0.021708791421644502,0.011104935855530346,0.008002432351472527,-0.019167857079964046,-0.023372363528563644,0.023270886713204493,-0.010342539601095595,0.5838433480514493,0.37317065701225394,1,5
2019-05-08,XLK,0,-0.001175936281698431,-0.0011766282372844827,0.011212145723970812,0.007945897277518653,-0.015147556726514688,-0.02149975348553812,0.012450911397635028,0.002096933503479824,-0.3373623070359165,-0.10632223742130553,2,5
2019-05-09,XLK,1,-0.006801093563321259,-0.006824326399196057,0.011234188624281374,0.00795665680066164,-0.016372303348320516,-0.024509347676468063,0.020262200185566754,0.005694613865855828,0.4121955324021569,0.19995772366821774,3,5
2019-05-10,XLK,0,0.003160271604726983,0.0031552884424228544,0.009314854808428178,0.008249552465838838,-0.00641716514655799,-0.018425633181495815,0.028628179192592623,0.009675326526976105,0.015299804672320949,0.1568516906002333,4,5
2019-05-13,XLK,1,-0.03767380983480706,-0.03840181077357885,0.016731670798647135,0.013569668987789931,-0.03141853190412636,-0.04894727949261646,0.018506048482674894,-0.009725803492846734,0.29929272001714624,0.3819545648215241,0,5
2019-05-14,XLK,1,0.016095991802421272,0.015967824813817977,0.019979284175498394,0.015239159554556384,-0.01044160807484884,-0.028319543006172787,0.018050952716496236,0.010993452161221696,-0.27716289884215983,0.0013117383443805863,1,5
2019-05-15,XLK,1,0.010873822784942533,0.010815127882600972,0.02128217772966929,0.016084755345931175,0.0034112407391011512,-0.013623432089960641,0.0227119139847408,0.01798028672578201,-0.18233238971327348,-0.17948220237650603,2,5
2019-05-16,XLK,0,0.009163773940034536,0.009122041322059626,0.02173749110625287,0.016603046666474705,0.012471301344262109,-0.0018256220452345095,0.017120118668222585,0.008493688156719005,0.02632138537804174,-0.11165676212300035,3,5
2019-05-17,XLK,0,-0.00802733243841447,-0.008059724938156432,0.021947335393483376,0.016102595639834943,0.006489402674089817,-0.005317596787704604,0.015955386148707767,0.0022603134026684115,-0.12307134486263893,-0.22212994615059456,4,5
2019-05-20,XLK,1,-0.017378772410431065,-0.017531555990641046,0.014183967553559086,0.016608023338851058,-0.013005316327240002,-0.017209070467737564,0.013223631748246248,-0.0005397505761423039,0.08348407770287736,-0.16511205440374854,0,5
2019-05-21,XLK,0,0.012285785599388088,0.012210927836132424,0.013323338110363367,0.016390039313516826,-0.00218238532153725,-0.0030579290570913464,0.007214441236281997,0.0017368722172712984,0.011346135499434418,-0.126905781055495,1,5
2019-05-22,XLK,0,-0.005201773473685334,-0.005215349798430413,0.012365865961119582,0.016418393804685166,-0.0054934876899591645,-0.005771747387594672,0.007920579731579272,0.0013424416295993887,-0.22370309478407935,-0.313552586265451,2,5
2019-05-23,XLK,1,-0.017562407148586923,-0.017718455982417947,0.012199973875791257,0.01708179881562014,-0.015847438075838216,-0.01975727469110622,0.01195983774005685,-0.004077236263824,0.39619480778745086,-0.02286701485955045,3,5
2019-05-24,XLK,0,0.00027268458640405946,0.0002726474147194402,0.012613013800330638,0.016982198409670916,-0.01004824064734644,-0.015697974768765555,0.011400601715681833,-0.005157400269327567,-0.26953753955376514,-0.25051921477376526,4,5
2019-05-28,XLK,0,-0.002864845600646815,-0.00286895712527091,0.010730225185121732,0.012119430412753823,-0.010264365082151672,-0.018227807368780824,0.012919855351740723,-0.005983985430585063,1.1934297872340425,0.640672545369821,1,5
2019-05-29,XLK,1,-0.00588307205362959,-0.005900445495006235,0.0067677291717917485,0.010743718031452921,-0.00986582784069534,-0.0215986228350612,0.011578276112350953,0.001516204076147138,-0.4275049664762851,-0.03838245328873746,2,5
2019-05-30,XLK,0,0.006193010596658555,0.006173912714897423,0.008816488730513095,0.010187138852191068,0.0003008744229600069,-0.012627674543096101,0.008924914314662915,0.0038445526878661098,-0.2259806978068154,-0.2376636414853026,3,5
2019-05-31,XLK,0,-0.01668688595642831,-0.016827680517370158,0.008481337781456573,0.010064805894817975,-0.012635463075922448,-0.023697879177484227,0.009829697514537095,-0.00470724008698967,0.05422704785254595,-0.17763344382644497,4,5
2019-06-03,XLK,1,-0.017527220291400636,-0.01768264075371162,0.009955335297328989,0.010755994876308978,-0.02277405543827571,-0.034582027934997095,0.03125,-0.019027815924750432,0.6365471187229024,0.2915030469160176,0,6
2019-06-04,XLK,1,0.03341360778455171,0.03286750475846345,0.02106561526799919,0.015816366863337684,0.01015816516919088,-0.0008489280464011317,0.025443865872831335,0.02041100390589169,-0.23383932966904697,-0.01322803373125725,1,6
2019-06-05,XLK,1,0.013015892906367954,0.012931914093493369,0.021459949746125122,0.01588786047920225,0.01969352592029372,0.013598928696735069,0.013656059339277507,-0.00027037105616466124,-0.046395781719902995,-0.056263127669784474,2,6
2019-06-06,XLK,1,0.011630770947933522,0.01156365344904886,0.021754799352488342,0.01631255695767644,0.02676727568819004,0.025092763946830354,0.015511112839919166,0.008902126619136794,-0.17180705483543812,-0.22045510122151035,3,6
2019-06-07,XLK,1,0.01858286904485884,0.018412317189162586,0.01853878064011247,0.015889217466651073,0.03364535433648408,0.03999446498638193,0.021279404470932607,0.013299640477858421,0.0058377018242818934,-0.19434027418537814,4,6
2019-06-10,XLK,0,0.010237795501242264,0.0101857442316029,0.009508332534703528,0.01594086068633003,0.02656793835272797,0.04540468206702841,0.012379523118090086,0.0029971770046423583,0.1227224589521434,-0.10576373852632137,0,6
2019-06-11,XLK,0,0.0,0.0,0.0067652187400273935,0.015808783409799188,0.01578385386064718,0.03992447059916859,0.016720296485631028,-0.010032138640474277,-0.14213669246423744,-0.15284147710894802,1,6
2019-06-12,XLK,1,-0.005586510228339225,-0.005602173137845945,0.009663162076693167,0.015785739990754333,0.003224522374370542,0.0287221633960566,0.0058746339060857375,-0.0007832579606906893,-0.34226543493129935,-0.4119199822884718,2,6
2019-06-13,XLK,0,0.0030047501010055377,0.003000244861909973,0.009389849271221355,0.015798504770383963,0.001069191459204255,0.026762401322903973,0.007160565932035711,-0.0005207774612520908,0.2988719082783766,-0.2268642612962799,3,6
2019-06-14,XLK,1,-0.008727275035816051,-0.008765580733007372,0.007432797170214971,0.014749692535862325,-0.007434480043766678,0.01210275108703307,0.007624580430938935,0.000394357557739232,-0.14448588280600771,-0.31938350498507617,4,6
2019-06-17,XLK,1,0.0007885935304161595,0.0007882827539118509,0.004870546442091437,0.012495444863445516,-0.0045484317610168246,0.0055056459679210246,0.007222626930229264,0.00013134781392052386,0.10772711657604517,-0.1774017044694821,0,6
2019-06-18,XLK,1,0.01811962628704067,0.01795742231191033,0.010413886934135034,0.009587361841859505,0.0119808865222919,0.01761204485487977,0.015460501404950453,0.0074054785732665706,0.7304060484862744,0.4099715412512439,1,6
2019-06-19,XLK,1,0.0036107818524375723,0.003604278629422808,0.009627434869968688,0.009290997418134493,0.012252983203379753,0.016112411589799036,0.010419315421299319,0.001029094845035648,-0.23545843324351712,0.09734073692987288,2,6
2019-06-20,XLK,0,0.014649401695537856,0.014543135774809812,0.010850935738218553,0.009569240547714158,0.02126338353926238,0.025427912631959426,0.01165144604372505,0.0,0.12292259441282982,0.21107269452537492,3,6
2019-06-21,XLK,1,-0.004727863894964379,-0.004739075595690867,0.00959766155039428,0.008830189743145587,0.00993853043426629,0.01741311177076965,0.009057266105380442,-0.001020561700186107,0.4911711141024626,0.6782885915555719,4,6
2019-06-24,XLK,0,0.0019157161387042265,0.0019138834947196592,0.009442307057226951,0.008471479142246103,0.005214622571412475,0.017035282887776892,0.004843912015231948,0.0001274969613710465,-0.6033878504672897,-0.30481306046744616,0,6
2019-06-25,XLK,1,-0.01835339971289285,-0.018523912907159712,0.01213285244774332,0.010716835936766306,-0.012609587328351046,-0.0020460207578525402,0.019892853800288872,-0.01785260849997461,0.5972321961075475,0.09579375258861411,1,6
2019-06-26,XLK,1,0.010775966935919534,0.010718319968988421,0.013133613026590548,0.01093635093786824,-0.002746763479223313,0.006647790403098153,0.008357998636185582,0.001028697884890806,-0.30889222492322466,-0.25188591697428386,2,6
2019-06-27,XLK,0,0.0025694857015237105,0.0025661902170650563,0.010878452209455158,0.010933240578818563,0.0014371331067037918,0.0072152490437760175,0.005633112763641926,-0.0007681162223137762,-0.24607462620738318,-0.4215195570806852,3,6
2019-06-28,XLK,1,-0.00012838872871412388,-0.00012839697125244243,0.010737585564029633,0.0103108100286106,0.00200283065568696,0.0042246301066042324,0.0074082794083238455,-0.003193255806316094,1.6008628884826326,0.39434668372807447,4,6
2019-07-01,XLK,1,0.0158893673948044,0.01576445286785999,0.013123775594226473,0.011043415987582798,0.015785148135481153,0.015752576101631055,0.012276128453655659,-0.00688967855621238,-0.1971951370379118,0.07776556488969155,0,7
2019-07-02,XLK,1,0.002648718450305232,0.002645216777524606,0.006718444803270109,0.009941548935848163,0.012069906995838098,0.015550590659986874,0.0060575892210247406,0.0031549723212991924,-0.45475813569057055,-0.37258498982008226,1,7
2019-07-03,XLK,0,0.007674056215722924,0.007644760429206254,0.006340267412545219,0.010056877202104034,0.014026750412138744,0.02001572286316411,0.007152712728843534,0.005144886687841451,-0.31376377790909793,-0.5435856949514006,2,7
2019-07-05,XLK,0,-0.0018731076671099078,-0.0018748641269779043,0.007153194875946515,0.009313267187211195,0.007281851415199103,0.016463879543903603,0.011705383404697864,0.006293266446891442,0.10897075892021424,-0.45687372559374495,4,7
2019-07-08,XLK,1,-0.00762960147683811,-0.007658855780297458,0.009003571038556389,0.009575204322497876,-0.0036669725611230275,0.007389503969745359,0.0059246339323685395,0.00012598646924554877,0.25928864430527176,-0.22142752029690516,0,7
2019-07-09,XLK,1,0.0035293968817251553,0.003523183176679545,0.005837364066240278,0.009599385340223218,-0.001003591675638904,0.009458212796010779,0.011022459688562568,0.00874195412059315,0.23993619217415785,-0.044925605840019034,1,7
2019-07-10,XLK,1,0.00791252789468011,0.007881388001496958,0.006655678604347138,0.006722834296094469,0.0049843218802683165,0.013296014472338635,0.009118203587244978,0.002373250652014976,0.09284525070812344,0.07727508634846947,2,7
2019-07-11,XLK,1,0.003738204639016862,0.003731234916155568,0.006006489090894991,0.00630605029603999,0.007605535990375056,0.013628231066054042,0.007209469895043425,0.0012430839938995188,0.12302395979660874,0.18107033133266537,3,7
2019-07-12,XLK,1,0.007324763926291222,0.0072980681240406575,0.006257935714239521,0.006412095414177418,0.01197312296741515,0.017097950383573313,0.006559390585138658,0.004207875310014959,-0.31701344232835926,-0.20095884114607487,4,7
2019-07-15,XLK,0,0.003327501194841931,0.0033219773131643038,0.002252821743675975,0.006261707540384938,0.010124774178844831,0.01618963041301069,0.0040560696728006275,0.0006145901104067904,-0.18925890577037174,-0.26510818785920376,0,7
2019-07-16,XLK,0,-0.009335439183630001,-0.009379287504926559,0.006978997288208586,0.006133261299806082,-0.001856439660561926,0.004984454808600214,0.009961844581412613,-0.008117034221274404,0.27357620108176905,0.009985428717411704,1,7
2019-07-17,XLK,1,-0.0026038253269183853,-0.0026072211761647424,0.006546511558646435,0.006269405473174669,-0.0049234065445012964,0.0011824458031737262,0.006806968205254877,-0.004455452930131178,-0.1620970058833081,-0.14208210074780048,2,7
2019-07-18,XLK,0,0.007459152666500213,0.007431470757743863,0.007188091282616763,0.0062450935943502706,0.0012851110335934113,0.0074717132952872856,0.011961209672505444,0.009718399682732788,0.19588550983899822,-0.00803145808988559,3,7
2019-07-19,XLK,1,-0.004318623697636026,-0.004327975888398061,0.006582271328621359,0.006423484117560557,-0.001929291715919934,0.0021987705065744656,0.015760549047966196,-0.014172218134880054,0.45595861381201686,0.3483012468643687,4,7
2019-07-22,XLK,1,0.011525118299710257,0.011459210040727363,0.008653922802145369,0.0064399026970566545,0.00904938761097962,0.010886547160708693,0.01024693618586034,0.00765435489607446,-0.40711662114609104,-0.19564502770934178,0,7
2019-07-23,XLK,1,0.005513783268123795,0.005498638011430135,0.006754982485713755,0.006493314301811302,0.011063118234529545,0.013385317443869837,0.008405438813349814,-0.0002435941522533156,-0.20496194781001342,-0.33142835630761536,1,7
2019-07-24,XLK,0,0.008285435256574436,0.008251299461544015,0.0060024650636048464,0.006525306763306389,0.013670750885782956,0.018637153875712853,0.01000487681776424,0.009638859496729907,0.6814582046717768,0.13592132937067913,2,7
2019-07-25,XLK,1,-0.004108773280032563,-0.004117237481913172,0.007251031106206112,0.006899972127625236,0.0061287910818126345,0.012134369770448128,0.007266543252254654,-0.0019377017476829767,0.07197718507956052,0.2394117808691394,3,7
2019-07-26,XLK,0,0.0021841148834409463,0.0021817331718532174,0.006000457914334147,0.00667233196404146,0.0036699765862622247,0.012541801365316463,0.004608820709314413,0.001697991447304987,0.1206038253018118,0.3328427154024465,4,7
2019-07-29,XLK,0,-0.0006052838061688659,-0.0006054670643647064,0.004890543674569453,0.006687710887539805,0.0008245246469662515,0.010528949910067809,0.009439656362382495,-0.0010891485039581353,-0.23803528713512345,-0.01036447347213365,0,7
2019-07-30,XLK,0,-0.0064210121461539815,-0.006441715516624313,0.005740383162653068,0.006214686999591307,-0.005457064568978542,0.0023713139327339317,0.006953759745464713,0.00048799457035070455,-0.13090685927394607,-0.133419708935403,1,7
2019-07-31,XLK,0,-0.0151206717447252,-0.015236154700443816,0.006633140632671336,0.008138528832034505,-0.015768534936874468,-0.013183216565679778,0.03177686893338192,-0.0203759899012537,1.2907794676806086,0.7731214328508813,2,7
2019-08-01,XLK,0,-0.005075949842788918,-0.005088876237231865,0.006621513732074245,0.007899002994455699,-0.01584747451605306,-0.017375864890648685,0.03287607887422542,-0.006797713840858249,0.7091995518486245,1.4866752910737389,3,8
2019-08-02,XLK,0,-0.016301412554061923,-0.016435742424669275,0.006761256087416457,0.009278185933244695,-0.023422928667053533,-0.03145172089110526,0.017689073502818644,-0.008279965378188163,-0.22408698366455104,0.7665438534706441,4,8
2019-08-05,XLK,1,-0.041745689747857195,-0.04264207668604447,0.014751648517930501,0.014477751814495274,-0.048223218608433926,-0.06516097999167958,0.02482458541074184,-0.015466628589107438,0.2438192554052181,0.8859852749110266,0,8
2019-08-06,XLK,1,0.01663343463226785,0.01649661417002113,0.02109706285123554,0.015928935028419675,-0.02007942029210008,-0.04363927083038477,0.015110117400456372,0.0031262928703767105,-0.31178081404124114,0.18809227648202897,1,8
2019-08-07,XLK,1,0.006232852429703506,0.006213508541787149,0.022503344755167225,0.015733164517810618,-0.005671763475795122,-0.031350964674837556,0.026139471109467134,0.017864188354354674,0.07475405727175888,0.19308024586876016,2,8
2019-08-08,XLK,0,0.024519389813632664,0.02422361464132461,0.02693708196551349,0.018554646657568463,0.0212507994289155,-0.003839663042503494,0.019203686957867106,0.016387130576046145,-0.22304493159203975,-0.10452842655795902,3,8
2019-08-09,XLK,0,-0.011336505597342339,-0.011401253585981763,0.026369722130965386,0.018581357592443053,0.011130209298945148,-0.010039724198030342,0.015838824493179852,-0.00544855949255438,-0.026201255659221045,-0.1492028318019356,4,8
2019-08-12,XLK,1,-0.013122480714806373,-0.013209341184919232,0.016675650700496078,0.018679594775784875,-0.006515346477822148,-0.016730461837733857,0.014624752203715705,-0.006286053662001855,-0.30047647791634025,-0.4126141243510576,0,8
2019-08-13,XLK,0,0.025045092849837802,0.024736604646939053,0.01851757975887467,0.021123689218022792,0.012161281173903138,0.011246011521209631,0.03204542895849645,0.025972375656838725,1.3906952833825987,0.27576733759719096,1,8
2019-08-14,XLK,0,-0.030730404481509654,-0.031212485438155912,0.02483547288286199,0.022639055500369525,-0.017615443418709575,-0.015050604339153839,0.019630468711456583,-0.012573817375363066,-0.09497826654583996,0.11790580664255934,2,8
2019-08-15,XLK,1,-0.0018191136722021106,-0.001820770268808225,0.020440814152380058,0.02265467951090989,-0.012926208378286952,-0.012367829208312808,0.013631092670353498,-0.0027261987251789633,-0.33547877959888495,-0.20762891719622778,3,8
2019-08-16,XLK,1,0.01900548024678228,0.018827132289700454,0.022955421936990864,0.023311692832205456,0.006376663978071351,0.007399869572461526,0.012111872619684959,0.008632884469478392,-0.3074452666594306,-0.4172628167797364,4,8
2019-08-19,XLK,0,0.01520172929287078,0.015087340817763195,0.022497870597695615,0.018673665114286378,0.016422318283944914,0.017841358618954972,0.008175091289335017,-0.000503092874514167,-0.27370701576472756,-0.5259590962890133,0,8
2019-08-20,XLK,1,-0.0050331935529573935,-0.0050459027347442564,0.019767536653689112,0.018424410760031176,0.012160844280512784,0.010053400060558104,0.009323394710369949,-0.0037798039734946555,0.05833893959203351,-0.4633897380053187,1,8
2019-08-21,XLK,0,0.011761556537499551,0.011692927033782219,0.010644926096025199,0.018620895227208976,0.016156807482254232,0.018667019624577952,0.007014875933222204,0.002129502255368626,0.007628002926466593,-0.4133010605735771,2,8
2019-08-22,XLK,0,-0.002374867443200035,-0.0023776919136011543,0.010772911659980419,0.01710391488315848,0.0061014477678558166,0.015704604407111633,0.016082794293125317,-0.004986928443393287,-0.09608036851439661,-0.4366336148891754,3,8
2019-08-23,XLK,1,-0.03307850982558158,-0.033637975889570626,0.019091960240388978,0.019944319140467855,-0.02444874372196615,-0.016240798841356763,0.04094745984042387,-0.027718338182008685,1.6861510909785227,0.4609786649802434,4,8
2019-08-26,XLK,0,0.013865405367305073,0.013770160034589196,0.018785519208602202,0.020024825997101505,-0.007836887887284316,-0.0035913463431129777,0.008704560692114583,0.0015360357522868895,-0.49220301094666874,-0.2552663742900281,0,8
2019-08-27,XLK,1,-0.0015341302865499173,-0.0015353082693581044,0.01875468369553945,0.018185313840942095,-0.006966295395001487,-0.0034955179139097847,0.015492078993055556,-0.007999965122767858,-0.03142346864893564,-0.18484045362292234,1,8
2019-08-28,XLK,1,0.0008965692884455034,0.0008961676102710037,0.0172947954840798,0.01500363513326369,-0.0014812155435923735,-0.004164558309238897,0.01518661971070356,0.0063063772510887845,-0.28839828565733083,-0.33056978689250116,2,8
2019-08-29,XLK,0,0.01739337116469364,0.017243837919107552,0.019943146516607484,0.01571759983698451,0.016561464777863133,0.009645889272499097,0.01034699930377563,0.003785527466975552,0.1374185867357658,-0.18063701773910867,3,8
2019-08-30,XLK,0,-0.000251732185038378,-0.0002517638749033324,0.008853508965592189,0.014773127926349184,0.0102124139326496,0.007792907878003907,0.015111765818463858,-0.00674411037324195,0.24072112898061726,0.024577702616815023,4,8
2019-09-03,XLK,1,-0.012196513313258217,-0.012271501132154139,0.010615955398797835,0.014526278938487517,-0.0029191873474884167,-0.003349362354185037,0.016356039946800283,-0.003930584216972351,0.17489131945133685,0.15717546543625627,1,9
2019-09-04,XLK,1,0.017056965595617868,0.016913128866088645,0.012631526504982525,0.015501053048154849,0.009526577450123197,0.012584277878561867,0.0076816595166916656,0.006170480306920507,-0.3470411826821542,-0.2398921408777026,2,9
2019-09-05,XLK,0,0.020901226939980422,0.020685793014012965,0.014239119415755615,0.01643717539559605,0.0218987620878075,0.031695790047973516,0.01222974553541387,0.00765908301365902,0.2993634693507905,-0.028038269547528194,3,9
2019-09-06,XLK,0,-0.0008578548844937472,-0.0008582230525666645,0.013746003551222378,0.016398572803048867,0.016057758257130406,0.028612065929745745,0.0062385582413513,-0.0030581039755351682,-0.08893491183176849,-0.12761640711552136,4,9
2019-09-09,XLK,0,-0.007484990540596814,-0.00751314365413025,0.014770190792196786,0.011561163727217166,0.005044425017391996,0.016142141372523344,0.01783096157116335,-0.012090838995823307,0.3782035169014546,0.29876001565428734,0,9
2019-09-10,XLK,1,-0.005068318735107713,-0.005081206226225099,0.013131440283823017,0.011457634625691547,-0.004797765033348056,0.008155157144333458,0.011798273569898265,-0.0004966876279205152,-0.21824323788528788,0.020569784053499962,1,9
2019-09-11,XLK,1,0.010437399839602568,0.010383306253911151,0.011874033360770203,0.01156942234840527,0.0020703139524993475,0.014610488223819162,0.009661820226220563,0.007308265989808762,-0.04556474108637221,-0.019602122651584897,2,9
2019-09-12,XLK,0,0.005410299366580329,0.0053957162725852825,0.007407296525015311,0.011519251075589121,0.007020296302180595,0.015576293292226095,0.012221950668905444,-0.0007332872013875763,0.3572741861775053,0.25691643587275537,3,9
2019-09-13,XLK,0,-0.007338331286987909,-0.007365389295046931,0.00822350300328023,0.011098852268077483,0.0004684240614512003,0.006111588990560524,0.006860193279870557,-0.005757608809534958,0.2946206248531831,0.5027977036651918,4,9
2019-09-16,XLK,1,-0.002464193497233924,-0.0024672346189986705,0.007477148783313266,0.011171884473887754,-0.002169167533250249,0.001856289958653612,0.009069396781132864,0.005839250008412334,-0.5327151981419654,-0.28244169879436387,0,9
2019-09-17,XLK,0,0.004076243173684935,0.004067957802306843,0.006968879929713935,0.010026685894520547,-9.82291707860572e-05,0.0025531437251726796,0.005677599401777097,0.0033325633627268748,-0.003184095056886549,-0.25615093144124923,1,9
2019-09-18,XLK,1,-0.0001231719250058827,-0.00012317951129015015,0.005142641669480761,0.00884113484167701,-0.00012297280329498506,0.0007264349357194444,0.014292705524561272,0.0014785006379136145,0.12068092399984409,-0.17357690569390927,2,9
2019-09-19,XLK,0,0.0022142806212055444,0.0022118327147726546,0.004438874509646095,0.005792458302186137,0.0028312209435295,0.003078185803797817,0.010180324340510747,-0.0008585759336720848,-0.050656377814082276,-0.20129337151970184,3,9
2019-09-20,XLK,1,-0.011661218630485193,-0.011729743886718769,0.006142558370294372,0.00685533152279697,-0.007274408229986373,-0.007408951018103238,0.01792069550259982,-0.014852081334757261,0.8323793250747544,0.3844041527698503,4,9
2019-09-23,XLK,0,0.003114558527741451,0.0031097183377624127,0.006443722558445658,0.006589921943372483,-0.00369309336101753,-0.004158871020882082,0.008097689710505953,0.002989977615562711,-0.4788591676879629,-0.2452171295831822,0,9
2019-09-24,XLK,1,-0.009688004792386185,-0.009735238827426329,0.006934285476365901,0.007114799091510256,-0.010141985594369296,-0.013196222021884196,0.024185575793806764,-0.016164826552250856,1.2652922982541348,0.5892176975661543,1,9
2019-09-25,XLK,1,0.011915293359435086,0.011844865148050943,0.009785816673323748,0.0073800014637195755,0.0025176231313071007,-0.0009590971082126254,0.025244939297829342,0.013313206757447068,-0.32540439288877854,0.04813959298528592,2,9
2019-09-26,XLK,0,0.0011150601226335155,0.001114438904849191,0.009712653281797743,0.0071211982629486885,0.00472666686273282,0.0010673323891960962,0.011283368194573111,0.0014878501539643005,-0.23980897579579474,-0.1766401431977448,3,9
2019-09-27,XLK,1,-0.01337111263829438,-0.01346131090132463,0.010198049966342482,0.007937491550903742,-0.00729985821171375,-0.01082486726767351,0.022904620284820036,-0.013371229993147053,0.4062799115443434,0.19860691870785518,4,9
2019-09-30,XLK,0,0.010541145126222728,0.01048597462411216,0.011477422387448316,0.008780327297399509,0.003114285659721716,-0.0001762419199661247,0.009996289690869856,0.006247657223872731,-0.13931200663427767,0.0008843052199480894,0,9
2019-10-01,XLK,0,-0.009313450183993432,-0.009357091540244777,0.011398497620175257,0.009074041228718778,-0.006351933445720603,-0.007939134287127225,0.0207689494109549,-0.013722346627852865,0.0018997582125910295,-0.02662361861498541,1,10
2019-10-02,XLK,1,-0.018801607399271836,-0.01898060479652708,0.011762452825693659,0.01055486687264517,-0.01917038721574893,-0.023254348186906526,0.019936835352178627,-0.012239763037263407,0.7922575143118951,0.5884929387537501,2,10
2019-10-03,XLK,1,0.012263719657545247,0.012189129463914927,0.014236781361590995,0.011577033039767863,-0.0033204899079077865,-0.00884321242284214,0.025431282604083467,0.012651729888428515,-0.11554660133233441,0.30740209187926415,3,10
2019-10-04,XLK,0,0.01653179542748373,0.0163966329158014,0.015409986554870213,0.012466677309744458,0.010969260205877296,0.007177068540478837,0.011654138716919454,0.00939849588117878,-0.3739540527237555,-0.1557622636907693,4,10
2019-10-07,XLK,0,-0.004220807094369894,-0.00422973984510655,0.01482606043847648,0.012506956436811023,0.007511457746165018,0.0033022934557143113,0.009093120810152759,-0.0008719443932312406,-0.02916331456154464,-0.19769176023680768,0,10
2019-10-08,XLK,1,-0.01832698092022622,-0.01849700053649128,0.01657839694155808,0.013487201861103146,-0.008362357979024071,-0.013864034572590556,0.015058312353855309,-0.011921251707015941,0.35288246040265925,0.11367693694657421,1,10
2019-10-09,XLK,1,0.014859080228498467,0.014749765641670631,0.015075520923332707,0.013832176607426229,0.0022576239236886675,0.001755085249859123,0.009678188369718399,0.004399272426546458,-0.2864451374001169,-0.1946861778092699,2,10
2019-10-10,XLK,1,0.006882868844198642,0.006859290033844889,0.014540449696626398,0.014042904301452726,0.006077104050951299,0.009042115519287908,0.012651911725718733,0.00789173542487498,-0.0832463541920695,-0.26351218977015367,3,10
2019-10-11,XLK,0,0.013795493065096753,0.013701201460411205,0.013950170222999884,0.01385886134531007,0.017361302957192182,0.02055618008438964,0.011909162149134483,0.0014733302772041552,0.6993434843212989,0.22103589190759632,4,10
2019-10-14,XLK,1,-0.0006128288068910637,-0.0006130166632174472,0.013598155078368502,0.013578747244455628,0.013426222424470557,0.018669003327537625,0.004663115270333264,0.00036812836032988123,-0.6454234656180733,-0.5486258627464891,0,10
2019-10-15,XLK,0,0.011040256312592422,0.01097975755677627,0.006288695174639267,0.013333367243448592,0.015324781962427592,0.026528911207611028,0.01038492509910523,0.006963954861947105,0.43089990817263546,-0.3387412016729573,1,10
2019-10-16,XLK,0,-0.006915862231011705,-0.006939887641238762,0.008525710615469336,0.01155079051290342,0.003506429674544842,0.014916873511808815,0.005611797945862107,-0.0014639837110521138,0.2381986696121141,-0.11067342577318584,2,10
2019-10-17,XLK,0,-0.0019547377843676106,-0.0019566507776103137,0.00890350841550864,0.011366630099263935,-0.0014667701260222543,0.009865078892760337,0.013393382575272344,-0.005357297293631745,-0.3156682946277285,-0.3282516089518185,3,10
2019-10-18,XLK,1,-0.009548257500297308,-0.009594134373966945,0.007942128168340386,0.010927840009771091,-0.009402736436486925,-0.00022233859460896177,0.015814649017452394,-0.008091161397377348,0.2709622919063779,-0.12734643835383552,4,10
2019-10-21,XLK,0,0.010752395416087746,0.010694999475175493,0.00972167861854706,0.011230763387818607,0.0006115697939415021,0.008571062214725256,0.008846310678246523,0.00479173599426319,-0.27354090508004536,-0.3377052400195576,0,10
2019-10-22,XLK,1,-0.013450475945306906,-0.013541753000828383,0.00935633030836273,0.010319083226016424,-0.008625935290027642,-0.007369631441388802,0.01964853017307198,-0.01537713081143087,0.4919628350133296,0.04153360261826,1,10
2019-10-23,XLK,1,0.0008676245908911806,0.0008672484222422838,0.009443464930367726,0.009358700516789204,-0.005076227017829504,-0.007534101080480693,0.006216585827462993,0.003978611135273443,-0.0686720236836541,-0.014327692820711335,2,10
2019-10-24,XLK,1,0.014613121561301678,0.0145073788100758,0.012246452002993213,0.010174459173392852,0.008866039244271207,0.005152887100230208,0.008454876072121103,0.003921084333181948,-0.1764659136061758,-0.16831190510585703,3,10
2019-10-25,XLK,1,0.012083152607048175,0.012010734097537945,0.011545195951247507,0.009963464779832433,0.016026909378709764,0.015616207018299244,0.013914309598463655,0.012083459783741632,0.12387477426558768,0.026743153639323225,4,10
2019-10-28,XLK,0,0.012663093477895737,0.012583587004739272,0.011812827199290606,0.010493301707281438,0.0234004424436296,0.025400025426373984,0.004781847203614901,0.003825459521662053,-0.11318949550455681,-0.10709566188221409,0,10
2019-10-29,XLK,1,-0.009050872116767805,-0.00909208009367335,0.010101742429816209,0.010707219065542768,0.007921940243460046,0.015139942894819569,0.010369520032889146,-0.00822410523071825,0.07337584198951586,-0.0375067749333049,1,10
2019-10-30,XLK,0,0.006128914138181729,0.006110208734226408,0.009667532583990172,0.01042579452871065,0.006854990645210224,0.019036874237488233,0.011023222849716923,0.003115290427541365,0.6467321272099376,0.5327606555489455,2,10
2019-10-31,XLK,1,-0.000597090823152624,-0.0005972691528675078,0.00916618956401058,0.010372787674795355,0.0020599945035630896,0.015979852597392874,0.009660169382570423,-0.002146694197392685,-0.12116469603186408,0.2800292684928323,3,10
2019-11-01,XLK,1,0.011951651400009089,0.01188079442756429,0.009138224951653066,0.009824098496296103,0.009803419634170085,0.023449777809908312,0.010125056641099636,0.008576548503593495,-0.11666918946834182,0.11550514596828876,4,11
2019-11-04,XLK,0,0.005196587947495557,0.005183132279922731,0.007945657973623456,0.009591609097560894,0.012298336528231202,0.02464387160774595,0.005157084423113775,-0.0024613113598662547,0.02630889260730207,0.09743899284297663,0,11
2019-11-05,XLK,0,-0.0011748680999135175,-0.0011755587984789706,0.005400283322767953,0.007704152707414007,0.006798082071478362,0.01813261653348963,0.007732818330570453,-0.003983554117973594,-0.22411015950341795,-0.1339628888221378,1,11
2019-11-06,XLK,1,-0.0004707088396728176,-0.00047081965785533697,0.005642908911738698,0.007800117051240984,0.003353437595593034,0.012535898853719418,0.006000025132123161,-0.00035292681525735293,0.08086280665333301,-0.06115479301886029,2,11
2019-11-07,XLK,1,0.007885118405928315,0.00785419331873305,0.005572831716092483,0.007155174894642647,0.006581941755804843,0.016028054393958602,0.008417128980558958,0.0011690258715316647,0.644590448082824,0.4367742588986896,3,11
2019-11-08,XLK,1,0.005605164413382324,0.005589513934434631,0.004003692966357169,0.006664922007571492,0.008785468548965225,0.017858763976578373,0.012175145607828392,0.008194855919479608,-0.5523233042549404,-0.3442689639418338,4,11
2019-11-11,XLK,1,0.00046417334185222536,0.0004640656467311821,0.0040344949372107955,0.005942472758110812,0.006777188819859781,0.015702233070475247,0.008875419369467898,0.006189494636124735,-0.32490256899705716,-0.5430869835774006,0,11
2019-11-12,XLK,1,0.0033658962410505477,0.0033602442913309716,0.0034848652753076644,0.004312730500432652,0.0067778385398622465,0.015243283800282281,0.00811308481856578,0.001970307966509893,0.9512723845428841,-0.11340934639473266,1,11
2019-11-13,XLK,0,0.0021977609645134066,0.002195349420570203,0.002905876724468307,0.004259286798214012,0.005081037570259017,0.01399739079172213,0.007316280087643677,0.006154903908259433,-0.07186156595662463,-0.12966330660228875,2,11
2019-11-14,XLK,1,-0.0011541208643575107,-0.0011547873747144166,0.002605924512468165,0.004321177448413854,0.0018290916860792539,0.00943650515214478,0.006373152170434479,0.002780971671873456,-0.2074914455965965,-0.2676278852789754,3,11
2019-11-15,XLK,1,0.008088553756555594,0.008056016739472316,0.003518789202289338,0.003579410071914489,0.007320401372094443,0.014560015524977654,0.004130815881221316,0.00103266019867941,0.15942409666245294,-0.12065144308588793,4,11
2019-11-18,XLK,1,0.0029802434122894184,0.0029758112905753364,0.003312181937624962,0.00349595541533179,0.007205715381208622,0.014763183440470895,0.008599931290832155,0.0033253172637514347,-0.07806128228364295,-0.15046938096511775,0,11
2019-11-19,XLK,0,0.0019432384762694266,0.0019413528308254158,0.003344116943988804,0.003233337493207775,0.0063364552029538945,0.01360824209826772,0.006602183735103248,-0.002048950578283799,0.08179877440063898,-0.07059748718124648,1,11
2019-11-20,XLK,0,-0.006045471874100872,-0.006063819724173136,0.005225073087677973,0.00423958296577912,-0.0008941966423272607,0.004959169130601682,0.01429061372533901,-0.0037727429570056977,0.757584792083706,0.5547032665358094,2,11
2019-11-21,XLK,0,-0.005049382159306504,-0.005062173366030098,0.005903211027687761,0.004395518296182607,-0.006303655287718035,-0.0013361013629058505,0.006324054777946638,-0.0031045678816969276,-0.24250599762518277,0.25096212977179677,3,11
2019-11-22,XLK,1,-0.0012685425460607913,-0.0012693478272503,0.004038587346244535,0.004168574870524591,-0.006083378975517251,-0.003142627511123375,0.009660682775994125,-0.004140317688174921,-0.37191422203738655,-0.21011058451816744,4,11
2019-11-25,XLK,1,0.014550669351477863,0.014445824183363598,0.008302697156341706,0.006078181599786734,0.007569239753963064,0.009398468391287995,0.010347223397838175,0.010002242855951195,0.2512563667232597,-0.05141112554106986,0,11
2019-11-26,XLK,1,0.000910800434311021,0.0009103859072774334,0.0082807776665491,0.0060646928376162715,0.007885915422898515,0.008602698238981299,0.00443685304753512,0.0003412830349956589,0.3198550862291212,0.22912383607133235,1,11
2019-11-27,XLK,0,0.005573071520411643,0.005557599415472403,0.0075398998953154685,0.006187212150246388,0.01053762287005977,0.012157110358871348,0.0054421286184480845,0.0024943449922365285,-0.03893206678180772,0.15696823210402755,2,11
2019-11-29,XLK,0,-0.0029406522657478007,-0.002944984478727708,0.007022265325141747,0.006314584361735966,0.004214695201852692,0.007312703642675222,0.003628525750827909,-0.0003401607718154481,-0.3924051986949778,-0.293436413506571,4,11
2019-12-02,XLK,0,-0.014292278191944563,-0.014395396509577107,0.0106493763295567,0.0076848682884136845,-0.010836346057375934,-0.006698225173197292,0.019047623166717847,-0.014739177634282105,1.0393655041284484,0.36421396765353276,0,12
2019-12-03,XLK,1,-0.0088609401508849,-0.008900431742565829,0.007848744902586009,0.008017421915252173,-0.015747291633551597,-0.013955704250267598,0.01204254406637725,0.00701506468706191,-0.029057822130906907,0.25459575227556663,1,12
2019-12-04,XLK,1,0.004063716861914202,0.004055482265720833,0.008438582846761949,0.008147012044623219,-0.00846165429299317,-0.008598035245161229,0.004729538015487961,-0.0024224141026480484,-0.38522476705313324,-0.22759241634159533,2,12
2019-12-05,XLK,1,0.003700075802334668,0.0036932473605144622,0.00797557076655565,0.00810382406282481,-0.0010819736215139653,-0.004541729664758409,0.005530629702386807,0.00011524526011013438,0.1295538361414419,-0.08059169480112816,3,12
2019-12-06,XLK,0,0.011060236759253383,0.010999519627682197,0.010387134996971333,0.008651079392030872,0.010897000949925406,0.00524624807207652,0.005145174399185174,0.003430174421429579,0.17837983176062377,0.08563845473311704,4,12
2019-12-09,XLK,1,-0.00524164355610135,-0.0052554291636144335,0.007969721928078094,0.008868091019029143,0.0046724315838835295,-0.0008354531198849768,0.006734349204203909,-0.003538380966032344,-0.38228934644428747,-0.32776477738586096,0,12
2019-12-10,XLK,1,0.0008019247673298757,0.0008016033974622694,0.005900623375160547,0.0074628108902017685,0.0026165369170423336,0.0005154097993949058,0.007776764480667198,-0.000800545435381543,0.0862429860512568,-0.25932766900628,1,12
2019-12-11,XLK,1,0.006752714301889728,0.006730016848984999,0.006152984831275469,0.00780814616321899,0.005969893997933795,0.0072369908519984705,0.00707765704773606,0.004109596080163339,-0.20013278492081488,-0.3714681267726966,2,12
2019-12-12,XLK,1,0.010686684105202904,0.010629985088570049,0.006972718265866414,0.008357333959071291,0.011859969756768507,0.017441810800227664,0.017443835312589022,0.013567466125044308,1.4485676687923879,0.48703926151515775,3,12
2019-12-13,XLK,1,0.006636952671060126,0.006615025068848368,0.006221976240175672,0.008458121053068396,0.014580017725365213,0.022637899728248367,0.011823027593994211,0.007656799052687065,0.08544238385408476,0.47868770844573394,4,12
2019-12-16,XLK,0,0.008939462467277837,0.008899742016817314,0.003731041945070371,0.006619902573231232,0.01675645009826976,0.0277981498983344,0.0049905396182781244,0.001330850050115232,-0.24800237658153124,0.13382703231630422,0,12
2019-12-17,XLK,0,-0.002325926818295465,-0.002328635987779659,0.005020049891891,0.0054432446379869505,0.008237815071269194,0.020817541976767995,0.005859577636029705,-0.004090603976462495,-0.24438074207631455,-0.10429606967079752,1,12
2019-12-18,XLK,1,-0.00011098677725573936,-0.00011099293674377009,0.005702042972664753,0.00563767289595472,0.0033865731617630512,0.01656851641726864,0.004213296852551275,-0.0013305548656570162,-0.1306486856039787,-0.21728299400026796,2,12
2019-12-19,XLK,1,0.0072165538623789605,0.007190639139526223,0.004964630774477105,0.0057197250669979586,0.006546019320681218,0.019394526325440697,0.0069899578609896006,0.006546144294515462,0.058117839354828726,-0.16220420143238423,3,12
2019-12-20,XLK,1,0.005805934924075107,0.005789145438332977,0.0048702760115111494,0.005267632320571849,0.008458847272373893,0.021311653719231716,0.0037378665491726477,-0.00010996192096681943,0.7051005537744097,0.3862655401570809,4,12
2019-12-23,XLK,1,0.0028587520729643767,0.002854673612280312,0.003975935736373724,0.0042219340444252145,0.008627277423357782,0.01943035364411716,0.003726887589326341,-0.00021927295544067467,-0.3363303818672866,-0.10210632452383372,0,12
2019-12-24,XLK,1,0.0003290005086236114,0.00032894639982394835,0.003249744341079204,0.004273115067379752,0.005727327079920741,0.015052914264065631,0.00372117715951229,-0.0014228398698101518,-0.6850821614382114,-0.704491954311899,1,12
2019-12-26,XLK,0,0.007452923487626606,0.0074252876801321754,0.0030669703721945447,0.00431639076186462,0.008458791912765884,0.017810127179978208,0.006234274230795901,0.005359267878530159,0.6907663367956163,-0.4954574575185332,3,12
2019-12-27,XLK,0,-0.00010884890878970488,-0.000108854833261951,0.003322762694783127,0.004005106611592285,0.005074060019888638,0.013995192302957093,0.006609606721208005,-0.004117426044515686,1.337856140860059,0.21557265002408244,4,12
2019-12-30,XLK,1,-0.005766732397329166,-0.005783424200977105,0.004810213048007042,0.004821439888763881,-0.0016607964209760517,0.005727815772287537,0.01327675730554592,-0.0055501375516161045,-0.1469568905763441,0.10476925468002207,0,12
2019-12-31,XLK,1,0.003173512611799323,0.0031684876490323255,0.004843334512347507,0.0042695336179502325,0.0005018661622699927,0.007064552802853896,0.009004059487998678,0.006588321907672011,-0.29648539827301834,-0.1779352370155176,1,12
2020-01-02,XLK,0,0.018763162311641324,0.018589305549979063,0.00922440731548183,0.006566751139315286,0.014513254332014558,0.0219154403361439,0.011567564268369933,0.009621615023226351,1.2899032908686583,0.7389329325765033,3,1
2020-01-03,XLK,1,-0.011243122523673654,-0.01130680419619523,0.011370573070959253,0.008098690495633385,0.002192463642354703,0.007600173079426398,0.010431454162782747,0.003368440320608667,0.13010878157112216,0.7678515700902662,4,1
2020-01-06,XLK,0,0.002382564789099817,0.0023797309818731627,0.011366415910733493,0.007951909693630283,0.0031648493647811193,0.007653317200969623,0.015423361303329611,0.012469912628325634,-0.4794095311688139,-0.08988744417335814,0,1
2020-01-07,XLK,1,-0.0004323851244570909,-0.00043247862985973384,0.01075204662005546,0.007896454316272452,0.0002593845377947268,0.005499052050039088,0.006471161514411755,-0.002157081266216166,-0.017044145873320482,-0.06147716735145681,1,1
2020-01-08,XLK,1,0.010700510454276335,0.010643665148591275,0.011373839400925855,0.008393528573983067,0.006956401991849104,0.01372447760864004,0.015871314803619703,0.009609148815116843,0.5136035824936864,0.35654442381979634,2,1
2020-01-09,XLK,0,0.011335692452350221,0.01127192493746465,0.009257322614836746,0.008786048094230375,0.015789470592353583,0.021528045941733076,0.007841452180060821,0.0021192851798388992,-0.3311029310582083,-0.14575276322741004,3,1
2020-01-10,XLK,1,-0.0023264680625815215,-0.002329178494042239,0.006333334302875984,0.008856694437389397,0.009069209700604208,0.01648341221697991,0.009686230116122144,-0.006633026537648667,-0.014413557229922547,-0.18949696853066256,4,1
2020-01-13,XLK,0,0.01250680686042882,0.012429242801073936,0.007123411293788284,0.009307434554488497,0.015239837183850913,0.02519808158621273,0.009601139949725526,0.0079130619293047,0.012641383898868819,-0.16238897515611728,0,1
2020-01-14,XLK,1,-0.004710576536681388,-0.004721706267723391,0.008302189864611103,0.009190696077818765,0.004989045465471076,0.016333210412394328,0.008468348621767647,-0.005959223060440836,0.03930586689340654,-0.12778779661896544,1,1
2020-01-15,XLK,1,0.001156698467556394,0.0011560300073059082,0.007895097974966412,0.009233242840259625,0.0025908566940660016,0.013694660179626617,0.008198431619726724,0.0005255733874143056,-0.10645445192319614,-0.232321618743344,2,1
2020-01-16,XLK,1,0.013447032090827538,0.013357423176977523,0.008449760401921315,0.0083915243127897,0.012022244441981744,0.023967283313052867,0.008559495497940621,0.006993717615889145,-0.19933411944232504,-0.3318987221619645,3,1
2020-01-17,XLK,0,0.006737810978456604,0.006715213378845952,0.007687108031146661,0.006686660420033123,0.012953985901375642,0.025662717880627905,0.008357383139667515,0.0020636048433274046,0.8765160440778987,0.3174700876326533,4,1
2020-01-21,XLK,1,-0.0004115868403513634,-0.00041167156546384476,0.007023247283752065,0.006867817025031446,0.009273757460488197,0.020369844321871167,0.008675855613905041,0.0026854176518280645,-0.17016758229075302,0.07790542736626471,1,1
2020-01-22,XLK,1,0.0036052289240833257,0.003598745664037839,0.005484768738086531,0.006640939800740065,0.007987085795831517,0.018790793852606402,0.007779733004780223,-0.0026615019933735403,-0.13815855354659246,-0.07172894648222206,2,1
2020-01-23,XLK,0,0.004721076739001573,0.004709967407828586,0.0050931163845487374,0.006354056724301462,0.007119354879709938,0.018933859956193455,0.008817806019845031,0.0036911782513831164,-0.034547754912339634,-0.05690572966783236,3,1
2020-01-24,XLK,0,-0.004698892905008578,-0.004709967407828586,0.004558463521837428,0.006488907719332828,0.00041080908876467426,0.011135859505946755,0.017645324839207086,-0.011966335035717575,0.5790832018400149,0.4171755138876887,4,1
2020-01-27,XLK,1,-0.023812338396610455,-0.024100434818769223,0.011615931237815109,0.010663728019644785,-0.019363476916212652,-0.013719561856237239,0.01208492519569765,-0.0005254629028321761,0.5062877370074605,0.9034517740423511,0,1
2020-01-28,XLK,1,0.019135912350675133,0.018955123512041094,0.015734963865029393,0.011630802472023317,-0.00028882442106459294,0.0036966633637611768,0.01511366000352444,0.010318926814434425,-0.12340827444300151,0.5395507002535604,1,1
2020-01-29,XLK,1,0.0025789121819828065,0.002575592494192147,0.01567935067701646,0.01142371240849045,0.0028065732708089097,0.004101695658952131,0.011050872751024675,-0.0056277809563667815,-0.32252664793935426,0.017917851939221574,2,1
2020-01-30,XLK,0,0.008643948238936883,0.008606803217968917,0.0160932916400227,0.011588559199550822,0.01120348458079845,0.009828278279167435,0.01605927082968449,0.009059061755684385,-0.056469095831794935,-0.06443046636735095,3,1
2020-01-31,XLK,1,-0.027443492573919204,-0.027827099855136428,0.020496262506784244,0.014370811484444183,-0.01226770079352879,-0.01673010695029853,0.025756821086034363,-0.021754696599051465,0.3527210338323232,0.1801464602521301,4,1
2020-02-03,XLK,1,0.013217372845820696,0.013130785510247378,0.018188894286407003,0.014899538007498337,-0.0022724388359984804,-0.0031889387373406075,0.015716680235008367,0.012049390895504157,-0.07005481260615776,0.08131184244229628,0,2
2020-02-04,XLK,1,0.026193242098073943,0.025856074138689955,0.019923251052726767,0.017116765577337077,0.019249864284803575,0.020771786565111583,0.013228890772019134,0.00864970115551132,-0.23839110529758012,-0.18043142596469186,1,2
2020-02-05,XLK,1,0.005851484134625773,0.005834430694288795,0.019892426374331282,0.017151753216439268,0.019928032677335672,0.024350192252494907,0.018064513099992244,-0.010421866518687966,0.7120820199185247,0.3066883002701537,2,2
2020-02-06,XLK,0,0.009127464152736353,0.009086060600727919,0.019913955438785477,0.01727307553149924,0.023812053603384786,0.030819156074133547,0.00978918910762377,0.004994506012901762,-0.5869468146924794,-0.45712066861432643,3,2
2020-02-07,XLK,1,-0.009144194496519709,-0.009186259271702912,0.012772264478086291,0.017544838210990125,0.0055275017211533495,0.019033558418037888,0.010385469561275527,-0.004493678360144908,0.22897168581921568,-0.3134451091133358,4,2
2020-02-10,XLK,0,0.013541778525155035,0.01345090808809335,0.012799527243518063,0.015148558800306817,0.010076661655546992,0.026610119020695544,0.019876916643842377,0.019473315440320983,-0.015086154958428688,-0.2653780959759279,0,2
2020-02-11,XLK,1,-0.0033649085380415,-0.003370582574761638,0.009281631286037834,0.014672314560921204,0.0035077769414542104,0.019251445854149507,0.014733327138493634,-0.01090266807749145,-0.07596222075411685,-0.2683148932295224,1,2
2020-02-12,XLK,0,0.010824317062620104,0.0107661534869119,0.009883390424934625,0.014819510747698807,0.01016221019435437,0.02549904510223633,0.009961555797519676,0.00394517731814628,-0.19548782586820956,-0.38460105003889034,2,2
2020-02-13,XLK,1,-0.0026525278582587575,-0.0026560520436573753,0.009818044330857777,0.014919468716393184,0.0056663274949102505,0.01918508872671132,0.011981451029431907,0.005248032384472539,0.2180567441248107,-0.2304141044650414,3,2
2020-02-14,XLK,0,0.004334002361854994,0.004324637621739402,0.0076613815406996145,0.010210112653512817,0.005502803552819291,0.01683415304057112,0.007176521026137052,0.002359396980823909,-0.16283405842137977,-0.30291817653061115,4,2
2020-02-18,XLK,1,-0.0037269897018905596,-0.003733952232914284,0.006370563827112238,0.010429112048732295,0.0006894995592199304,0.008028010953459397,0.007613251701677848,0.004350429543815914,0.6649882185855847,0.19037921226771592,1,2
2020-02-19,XLK,0,0.01191180499361022,0.011841417851760294,0.0072997710306111725,0.007887617820803274,0.008456886733953839,0.016334043508446472,0.007531340850446179,0.005379529178890128,-0.19471531318457636,-0.02747894654283156,2,2
2020-02-20,XLK,0,-0.010409553603418664,-0.01046411195553043,0.008513236900037089,0.008987464790748335,-0.0019035822129811475,0.003749704035375334,0.02427608336919181,-0.00828700864434131,0.5843303883097812,0.6004897907567195,3,2
2020-02-21,XLK,0,-0.022414383259718562,-0.022669403500085394,0.013255837740684803,0.011428650493785674,-0.020276182377792717,-0.01761453021015913,0.024407127422804018,-0.01739125059199429,0.13578174027335654,0.6530492868429463,4,2
2020-02-24,XLK,0,-0.0413316629553897,-0.04221010641380696,0.02002762101462156,0.01707874843403767,-0.04833696481982508,-0.05414402448121136,0.030738312971357092,0.006971624325285733,0.41694371049198975,1.050203494984006,0,2
2020-02-25,XLK,1,-0.031993836319245905,-0.032516824287036616,0.0206665199156134,0.017838158688358124,-0.06135554232667084,-0.07637785334052594,0.04782200184393554,-0.04064875312266613,0.48552113527140195,1.4853075792435053,1,2
2020-02-26,XLK,0,0.004551204581430879,0.0045408791667234105,0.018020465034811497,0.018280381921466696,-0.03732321344497935,-0.06468507208464658,0.029256171486852327,0.0007556914271811211,-0.11400442365383634,0.8973620489479366,2,2
2020-02-27,XLK,1,-0.05393745644502568,-0.055446598421196924,0.02209049680200151,0.021940023429293617,-0.06193179507110147,-0.10237255123500966,0.04372070052236589,-0.02186043535369041,0.2163968177677027,0.9403603348966652,3,2
2020-02-28,XLK,1,0.007640041052828339,0.00761100374289736,0.027712565430120555,0.02278616720324262,-0.031837242935362275,-0.08317483764439859,0.06115665101376906,0.04940035277682875,0.6491423617561458,1.5045532487155295,4,2
2020-03-02,XLK,0,0.05782482075223894,0.056214743878368,0.04273461556370343,0.031902573518086896,0.028314959409382556,-0.021551337287549432,0.05691421519218043,0.03912854944735654,-0.3741095567094366,0.3884523513923672,0,3
2020-03-03,XLK,1,-0.03797629541296321,-0.03871618767714802,0.04381306905681664,0.03318310653930837,-0.005595323900514315,-0.047089417606032136,0.06041910622387667,-0.0433996568273909,0.35682187616949923,0.6417745348756017,1,3
2020-03-04,XLK,0,0.04292262231626842,0.04202698565036478,0.04884056479745423,0.036870118258021674,0.0345931612841337,0.003380747188262534,0.035049538744276604,0.020899075993733383,-0.5291296273681639,-0.2627582792088987,2,3
2020-03-05,XLK,0,-0.031560075048950864,-0.03206882702019165,0.042955753900656604,0.037590646219517555,-0.004930006771807105,-0.016831820402171682,0.03056195517085155,-0.005038876983891188,0.09594523292105994,-0.22115761663648892,3,3
2020-03-06,XLK,0,-0.0211382800617117,-0.021364892660411527,0.04486321824713027,0.0375483291397626,-0.027115117821019497,-0.02651860820001828,0.03360296784226316,0.012757748432645674,0.17570329872090418,-0.12295796964795846,4,3
2020-03-09,XLK,1,-0.07591951941857222,-0.0789561109371042,0.043105274709624865,0.04202960699524478,-0.07813832003784182,-0.0872632742088989,0.05516057733510623,0.007109607968087846,0.02581907905010783,-0.12268267687159928,0,3
2020-03-10,XLK,0,0.06669897148316806,0.06456880644443652,0.0579343836096367,0.048424916810083075,-0.011571660255927152,-0.021339950817934716,0.05870680160341948,0.022875806226558288,0.20373546595218528,0.043315617466284984,1,3
2020-03-11,XLK,0,-0.04723848987632584,-0.048390658352650995,0.053627882408769464,0.05013727835439636,-0.03588573785558291,-0.057891656345353315,0.04115373547371437,-0.020987230581697273,-0.11045379303754954,-0.08207556061451904,2,3
2020-03-12,XLK,1,-0.09760492446301716,-0.10270285532661161,0.06379338557191717,0.05601691735034075,-0.09773450484350199,-0.13783247516478292,0.08910125656439233,-0.026988686743218075,0.03453799273981817,-0.04714584311179615,3,3
2020-03-13,XLK,0,0.11731958426157818,0.11093258862086586,0.09416020579188572,0.06970939325430156,0.0196446823214107,-0.03205381752789205,0.10088643489970428,0.05119248708937585,0.005481702717641923,0.02680627782412426,4,3
2020-03-16,XLK,1,-0.13813995842788707,-0.14866238626655948,0.10850653778257864,0.07788023287296739,-0.10028751383586043,-0.14520632544975065,0.11182371035363711,0.011712162905654645,0.23379337156186208,0.24505241967863478,0,3
2020-03-17,XLK,0,0.06808126406831772,0.06586382759491771,0.10878340621738038,0.08258226125099112,-0.014245890770932967,-0.07344317794794308,0.08751851748746266,0.043490016196670124,0.2408744928906219,0.531283634376349,1,3
2020-03-18,XLK,1,-0.03767750336946485,-0.038405648912646306,0.10825704225888275,0.0805721349115087,-0.02936143072611852,-0.0873939916998544,0.0767104791818758,0.030822438202693876,0.06544488595897824,0.4896635662866753,2,3
2020-03-19,XLK,0,0.0036205009301448765,0.003613962693028938,0.09858933162521145,0.08076543291582258,-0.024577777116292165,-0.06582292496220787,0.07132219091349326,0.012992273547198683,0.14934774755987212,0.5519331186722694,3,3
2020-03-20,XLK,0,-0.04582519280979103,-0.0469083882710879,0.07542198475820168,0.08130862027709673,-0.037232881520894656,-0.08874016826763964,0.07684238717805551,-0.06346713652904178,-0.2673882298050613,0.09192479815255084,4,3
2020-03-23,XLK,1,-0.00913449291644075,-0.009176468207724664,0.04517601593973858,0.0787873532202183,-0.041394836102855326,-0.08374561983557138,0.058282679364695625,-0.00410243182220457,-0.06065189509530755,-0.005330992414101066,0,3
2020-03-24,XLK,0,0.10241483302448251,0.0975030763976239,0.059306377208392845,0.08342393360228344,0.05530741831231967,0.02283851513066204,0.04433428068894676,0.03951241365581847,-0.11334252999114858,-0.12234833947685997,1,3
2020-03-25,XLK,1,-0.0012886774633095177,-0.0012895085221660274,0.055206896093976776,0.08230611750368935,0.04452404297155965,0.02905590252580681,0.06483375821842899,-0.008823463413539541,-0.23693663794820052,-0.3257213320595572,2,3
2020-03-26,XLK,0,0.06192766311011022,0.060085806667606434,0.059523132294896364,0.07742512815099134,0.08623074889257554,0.0822203980572116,0.05363739583455848,0.048668617642904866,-0.01835395471183421,-0.3309830431949402,3,3
2020-03-27,XLK,1,-0.0451951210052256,-0.046248274565316105,0.05934505361684866,0.06954775161998078,0.0168986373709743,0.04037133267799242,0.03773824041641035,-0.014669079325517923,0.03650103321530218,-0.30045521233553907,4,3
2020-03-30,XLK,0,0.04211772989513296,0.04125492149317589,0.05706028573023577,0.0521322083236059,0.02910159606995033,0.07042035448249617,0.03390252346728586,0.02837772668948843,-0.18817003901828488,-0.40818771588343694,0,3
2020-03-31,XLK,0,-0.01868143773917319,-0.018858139958757736,0.043874426148847095,0.04925419314709623,0.0029201527381561565,0.045949596795565206,0.03953008680852367,-0.016399416875593435,-0.15777945333001964,-0.4606741573033708,1,3
2020-04-01,XLK,1,-0.04765471632689444,-0.04882761701402005,0.05064656456911393,0.05030962077539882,-0.04255589383342906,-0.006928645256078614,0.04227347511415085,-0.013532613376996927,0.37500500140039206,-0.20199863170241583,2,4
2020-04-02,XLK,0,0.023386558585410055,0.02311728322541784,0.04049600184567471,0.05067001055129964,-0.01031003311193801,0.011219945857924518,0.03238496564071462,0.027009378243830737,-0.19571226957268195,-0.27478612687946624,3,4
2020-04-03,XLK,1,-0.015447317656900994,-0.015567870559039854,0.03579950998118796,0.04804667396936736,-0.02196510268463936,-0.012143053724796404,0.034363384774764597,-0.011155214014843031,-0.2860825441619407,-0.4269313929495063,4,4
2020-04-06,XLK,0,0.08532137561486963,0.08187614185762371,0.05133291013165108,0.053055587224961426,0.056658033815330855,0.054182739261410706,0.05278847208088011,0.039622341664007764,0.13984543266185234,-0.28306295193060127,0,4
2020-04-07,XLK,1,-0.008960607910766583,-0.009000995604379725,0.050368583647866956,0.04453255665023921,0.040412340510086686,0.03775707011638341,0.044085396740395175,-0.042700571407741694,0.23095989685221419,-0.05932846549170845,1,4
2020-04-08,XLK,1,0.026883542748757927,0.026528528945827468,0.03998733808149696,0.04480140161679293,0.04571777023026957,0.05552717390452955,0.027129923303887298,0.013564961651943649,-0.3808274716245136,-0.3778602198536003,2,4
2020-04-09,XLK,1,0.0002349243343566787,0.000234896743956714,0.04114457931239778,0.04099917242498888,0.028612804158282268,0.05200767832049302,0.023552601482717327,-0.011486314713090869,0.43134538401522504,-0.07342583073485309,3,4
2020-04-13,XLK,1,0.00222998921348605,0.0022275064778369824,0.038252106266313694,0.0372192174748799,0.010723899995628283,0.04557466792079379,0.02191846095891581,0.006245566527043174,-0.35553415962383916,-0.35211384457963557,0,4
2020-04-14,XLK,0,0.04192535991547408,0.04107030920646659,0.021149432761137694,0.03720021058469027,0.040122571287396935,0.08006069696609863,0.025088724814323577,0.01924619415231257,0.2560075252157967,-0.15216253379584355,1,4
2020-04-15,XLK,1,-0.021805063371963085,-0.022046307103692264,0.024857182077045677,0.0374698975356989,0.007828320283415069,0.04803655690873576,0.015596337820502388,-0.0019495203542978952,-0.18631171528367785,-0.2830978980497575,2,4
2020-04-16,XLK,1,0.012179605045416153,0.012106030459708705,0.023156256923324684,0.03184123826998563,0.013274092350147315,0.0462491684880737,0.01882722090493949,-0.0009073588830226974,-0.0847158734946748,-0.2814421433958232,3,4
2020-04-17,XLK,0,0.013282129907499662,0.013194695776805876,0.02294411326276657,0.03169121674260723,0.01723133815759126,0.04655953643763766,0.018962598096012927,-0.004350244093814744,0.19508526424310024,-0.09759390704880333,4,4
2020-04-20,XLK,0,-0.016020832720803124,-0.0161505536182327,0.02568972816660861,0.03175005729286573,-0.004601353777378581,0.017021749853110002,0.017149370629128257,-0.00249859412922227,-0.2785170833804729,-0.324880918746853,0,4
2020-04-21,XLK,1,-0.04189908432808598,-0.04280216660933389,0.02357710186523503,0.024430672686575935,-0.03577323365243279,-0.026098005927464807,0.036493865293381465,-0.028178714807775198,0.605576517861518,0.09563471575359883,1,4
2020-04-22,XLK,0,0.038502551664878926,0.037779821398781444,0.030871093706538903,0.02681662713078846,0.0005265450910572067,0.006229113880949155,0.023088588430159398,0.013922693053152775,-0.26653441171982295,-0.13796937839959023,2,4
2020-04-23,XLK,1,-0.00686565480628798,-0.006889331848746405,0.0303496062349927,0.025943099263784943,-0.0033760541027169078,-0.0025284283936883867,0.02123530868954887,-0.009133410843827272,-0.11910785619174435,-0.2232040703848387,3,4
2020-04-24,XLK,1,0.021200578508526302,0.02097897288378414,0.031567714264863524,0.026607421864462764,0.019227690736588032,0.01461884078074216,0.02363746588548905,0.01698216525101933,-0.20239399894187893,-0.3250044573291684,4,4
2020-04-27,XLK,0,0.008574933076324287,0.008538377165368427,0.030544872773148424,0.026628934811022322,0.02429240515091191,0.018654583908107814,0.00939286553079147,-0.0004472874358810517,-0.07618596387326027,-0.351266059685552,0,4
2020-04-28,XLK,1,-0.013312469561607476,-0.01340187484112132,0.021018317777161136,0.023660609105534382,0.0013623740583399435,0.005976489372361948,0.02740326770761395,-0.02541439836196478,0.6198633210672753,0.08011015006706979,1,4
2020-04-29,XLK,0,0.041043040331918634,0.04022313395770016,0.02190315985952956,0.02566877089343151,0.03207960425372258,0.04157440879577057,0.026420928119891256,0.019316139302848843,-0.09267995377479454,-0.00755401445002879,2,4
2020-04-30,XLK,0,-0.004465110815631057,-0.004475109196615978,0.021459352821673546,0.0257392101231492,0.016909634963024445,0.033033153052157926,0.013911517765228419,-0.006521013587552503,0.34613404984776985,0.2956188291520534,3,4
2020-05-01,XLK,1,-0.027458851592639166,-0.027842892397659025,0.026006579201650618,0.027285339328350297,-0.011607276213089879,0.005076184652044402,0.023378120040413602,-0.005592841067852369,-0.22264202299327307,0.02565176868945107,4,5
2020-05-04,XLK,1,0.013273524277703563,0.013186202913777034,0.026435655069897566,0.02695308185892735,-2.209857442170282e-05,0.015833020682572974,0.023618447150469787,0.01796817725923069,-0.10555143350201335,-0.08671095921311922,0,5
2020-05-05,XLK,1,0.013765371194973008,0.013671489040274487,0.025311306702392275,0.02196964767487398,0.006769064142639447,0.021556438594223737,0.01679295794579956,0.002304896093358131,-0.19029732500699037,-0.20867215090366031,1,5
2020-05-06,XLK,1,0.007774740015483506,0.007744672468680935,0.017308770728125623,0.019279757026590783,0.014126878724701308,0.024182701508236093,0.014099733897963714,-0.0018437979888518159,-0.024955970209386114,-0.20266990976676413,2,5
2020-05-07,XLK,1,0.014995251305238932,0.014883933965800455,0.018062805367615006,0.018977379524138315,0.024816792234521712,0.031938030744926627,0.008576362159380409,0.0013937058802937514,0.244837967062157,-0.007075636044499123,3,5
2020-05-08,XLK,1,0.014666731194299398,0.014560214926234938,0.002943975876622319,0.018562705820982756,0.02660213732822081,0.04000720483695441,0.012301204926501344,0.005090092386058677,-0.2782140282993817,-0.27766393928838873,4,5
2020-05-11,XLK,0,0.006647074371341155,0.006625079984245552,0.004024330386364976,0.018553221516980026,0.02162996363066627,0.040049966134965365,0.021565907134063613,0.013598283714439689,0.3644294949282598,-0.03802543427995497,0,5
2020-05-12,XLK,0,-0.020648069575438188,-0.020864221554965034,0.01467222597216721,0.019550309467256076,-0.003986719543184969,0.012789848275012394,0.028183683321841457,-0.024634661118711303,0.3020492276876854,0.24232790620750477,1,5
2020-05-13,XLK,1,-0.017230197389456414,-0.017380364681660154,0.01737011916006332,0.01635456612736875,-0.020730729154250338,-0.004671519193873874,0.038399790564995484,-0.017755867693287724,0.25516603801493964,0.4842117046601402,2,5
2020-05-14,XLK,1,0.012740833627687298,0.012660352087288107,0.01689618223561957,0.01671821930605881,-0.007386033028383809,0.006275622999000641,0.03147269481686442,0.019848640312919788,-0.10214423343212875,0.3348611315518366,3,5
2020-05-15,XLK,1,0.005053623992135714,0.005040897293699498,0.015158865925600808,0.013169266894505635,0.0004279321423112936,0.006384587541013564,0.024254356498530468,0.021195263490433457,-0.08014385467527696,0.2065161720717037,4,5
2020-05-18,XLK,0,0.024500170431948742,0.024204855053024943,0.019412933436234448,0.01436715144179728,0.02417128418072423,0.024774055648346227,0.013849540747419726,0.004721483466202686,-0.28535857994920233,-0.13245430026970328,0,5
2020-05-19,XLK,1,-0.0036548230136372872,-0.003661518197387359,0.01586418514755347,0.014407547626872219,0.01614610596681887,0.016579182308755103,0.015866352762485807,-0.004070974710071071,0.0029650483692233998,-0.14000511901714874,1,5
2020-05-20,XLK,0,0.021905307477772862,0.021668833357515904,0.01170666909523005,0.015423241736955069,0.026013455872214708,0.032828101435583346,0.010338054019392527,0.007960266890771414,-0.09460105112279027,-0.22550849420323416,2,5
2020-05-21,XLK,1,-0.013948981779066116,-0.014047183100524663,0.01646462539665059,0.016221486410799797,0.005059615505289328,0.015484514408057093,0.016427167129874305,-0.012936366699087676,0.13135444151275277,-0.1218794585258961,3,5
2020-05-22,XLK,0,0.0036407109481402244,0.003634099601844465,0.01651352317243138,0.01570718169516912,0.00238932027846972,0.017344088253965717,0.010416666666666666,0.00510414441426595,-0.10164418704085199,-0.22198321568152213,4,5
2020-05-26,XLK,1,-0.0010362757888345842,-0.001036813093818978,0.013158310756380132,0.015636965837711018,4.155552335083357e-05,0.015240839780042537,0.022149973031229356,-0.020625877027677136,0.4062716337833161,0.07053190219159022,1,5
2020-05-27,XLK,0,0.005706051796649625,0.005689833947109868,0.012926546526476167,0.013653313541746134,0.0025649788943573615,0.01728369043388378,0.027495347596982092,0.005810388088265084,0.4944118393624959,0.525604068821953,2,5
2020-05-28,XLK,1,-0.001959841611452795,-0.0019617646139549194,0.007644537254220049,0.011767625872291436,0.0021547267697223926,0.010074904152340691,0.02081170499822497,0.0017601798066093086,-0.4557606390644623,-0.12579008941600556,3,5
2020-05-29,XLK,0,0.012609545295537705,0.012530707030610877,0.0058700834045472055,0.011758465008410287,0.01095875707730709,0.017531805324642935,0.020300840609260296,0.009583679888722798,0.6812941543641298,0.4395739298445074,4,5
2020-06-01,XLK,1,-0.0003062598283882778,-0.00030630673550735565,0.006154042315162519,0.01189141760547274,0.007633770896553704,0.012519419176929336,0.01097323014442488,0.004409807155731893,-0.24850513289270149,0.0876161215031257,0,6
2020-06-02,XLK,1,0.00939345653107182,0.009349612369896398,0.00621012673643508,0.009894944580366835,0.011955795431402683,0.018765521229253013,0.016812732179952963,0.007336470605063697,-0.16108894660808248,-0.09634785076629337,1,6
2020-06-03,XLK,0,0.007788769881653446,0.007758594000899066,0.006330577854943603,0.009668755359353735,0.014252145825457418,0.02225493539712131,0.011283448449359799,0.0037275348501372807,-0.016926014490167396,-0.11854755030316699,2,6
2020-06-04,XLK,1,-0.008230582556629229,-0.008264640809490853,0.00844666316700657,0.008181220830122975,0.0017029820306162513,0.012480309719360427,0.01682787389050312,-0.004332933438451488,-0.31299067880449083,-0.38694667957123363,3,6
2020-06-05,XLK,1,0.026313481685514617,0.02597323778661842,0.01289101534206448,0.009592476121722955,0.020940482741773847,0.03354100357792911,0.023716215050630703,0.019093573360372155,0.3710730044653474,-0.16005370761400117,4,6
2020-06-08,XLK,1,0.005029017049661633,0.005016413780461804,0.012345152860116159,0.009574344475515167,0.017917517402836314,0.033021850438514466,0.016398261164348216,0.006816109741484649,-0.22288065367790177,-0.3409692249109727,0,6
2020-06-09,XLK,1,0.004709697653158651,0.004698641726956332,0.012396159916806808,0.00930507320082323,0.01553064213574018,0.031603047892412306,0.015580335016248857,0.009762329435152482,-0.08818241559311102,-0.3700152658153676,1,6
2020-06-10,XLK,0,0.01669893948966794,0.01656104520771695,0.013134427267459276,0.009883994848491399,0.023395151612602083,0.04130813888093887,0.018809409083639733,0.009404704541819867,0.65827656073648,0.11370274105963762,2,6
2020-06-11,XLK,1,-0.057343073959870816,-0.059052873742195366,0.03279762611478591,0.022742343388378557,-0.03401711435594268,-0.019766442525677164,0.04242420536092106,-0.04066474621711064,0.629465017876472,0.6727120899767751,3,6
2020-06-12,XLK,1,0.012940747538348951,0.012857731491010327,0.030485537689651867,0.02276028516209422,-0.017648887847399486,-0.008507544851170556,0.03562564709222543,-0.013496010978091137,0.08920034220723672,0.7644958344577051,4,6
2020-06-15,XLK,1,0.009656903146047169,0.009610573286703339,0.030880449784551428,0.02288048067609483,-0.005114714836121359,-0.0013531469014408382,0.03627050175073501,0.02838119175990983,-0.3087070021022478,0.20405525681737346,0,6
2020-06-16,XLK,0,0.021321041906779303,0.02109692845124389,0.032711785789999885,0.023568961233626364,0.01587579510083903,0.016248412201463447,0.024034263903712688,-0.0025298678148149827,-0.06644165218553666,0.09962943923063183,1,6
2020-06-17,XLK,1,-0.00019505268647024288,-0.00019507171171939675,0.031489974329678275,0.023557382577033006,0.018949316263809912,0.013177515812726304,0.011058293046319877,-0.005820142549569234,-0.3798566713679221,-0.3051860182131888,2,6
2020-06-18,XLK,0,0.0044882580200327205,0.004478215826763332,0.008225123684752297,0.023219178527148308,0.01382624715349512,0.013576683232626285,0.009579625594373071,0.006353801340118398,-0.2082058623197608,-0.44669567132499877,3,6
2020-06-19,XLK,1,-0.0068965243885947825,-0.0069204153192008455,0.010660244843661197,0.02207756118131263,0.0012535631841228412,0.005764663511615531,0.024570472200856567,-0.018715851156000794,1.2803487592219986,0.2103492600540633,4,6
2020-06-22,XLK,1,0.018840712749445654,0.018665424798466113,0.01219812098422705,0.022775761232068682,0.01258877389071933,0.022454644810442792,0.019982378183024764,0.017533558426262634,-0.5288363171355499,-0.42663869756961414,0,6
2020-06-23,XLK,0,0.007219871926484878,0.007193933424779697,0.009549802350146816,0.022817568246598353,0.015146353165649273,0.027297271289754566,0.012880436080216304,-0.001717396330203639,0.29108427195006104,-0.27197820066741707,1,6
2020-06-24,XLK,1,-0.022555533761958846,-0.022813800769175163,0.015678943142459482,0.02350283121097225,-0.007869572861782692,0.005660299607036956,0.029462569911102174,-0.018522076407875936,0.3362203069161236,-0.03104323217295002,2,6
2020-06-25,XLK,0,0.012809394908620542,0.012728048538349412,0.016656487539161244,0.013042078090563515,0.003062239622781071,0.012855410245517618,0.02323769698654554,0.011325948865922737,-0.19237304134415711,-0.15563775780836875,3,6
2020-06-26,XLK,1,-0.01969504677292433,-0.019891578960644196,0.019141191731345007,0.014984968794481782,-0.015894500758707464,-0.009420666865244454,0.02224797333593698,-0.017798378668749584,1.1561672120928783,0.8132153452249709,4,6
2020-06-29,XLK,1,0.01093152916856921,0.010872211897722917,0.01736994964187757,0.015057859097638968,-0.0027591297794998804,-0.0010827936900266177,0.02314592860996683,0.011031249483383354,-0.581096585929948,-0.20331950207468885,0,6
2020-06-30,XLK,1,0.017924910946772732,0.017766154058882933,0.019374338347089782,0.014621356811883682,0.015392534305203931,0.014589641327153346,0.023280800056362093,0.017825775729400115,-0.11037784679089024,-0.25464222375008017,1,6
2020-07-01,XLK,1,0.001627138979875209,0.0016258166234890403,0.014866500723660822,0.014598320107082535,0.012342367334670534,0.013827031897484021,0.011380975897066799,0.0009564470720227703,0.31570909090909094,-0.03837430987193202,2,7
2020-07-02,XLK,1,0.005828377686253994,0.005811458402512848,0.014231029986158137,0.014625038309869236,0.014924554020881775,0.017171260327906612,0.011074284449098868,-0.0035968279917101375,-0.1181342472315885,-0.17188404317625983,3,7
2020-07-06,XLK,0,0.017478863060220284,0.017327864713653884,0.00714560221668113,0.014894579712389142,0.021691071107519777,0.029824666370790842,0.009753361552243753,0.004501579004947479,-0.16184198155093343,-0.2569442386343429,0,7
2020-07-07,XLK,1,-0.010456477987946133,-0.01051153106437841,0.011861493708334276,0.014759347468894868,0.004606540271035131,0.016993141593792727,0.02046922595694209,-0.009346668099510583,-0.011379641285787279,-0.26920908223171414,1,7
2020-07-08,XLK,1,0.016322287467541274,0.016190510929528834,0.011490788600575468,0.015377162897263074,0.014790419199485871,0.030537323841518305,0.01376019091554304,0.008330987310623834,-0.15990065306739953,-0.3695043936465042,2,7
2020-07-09,XLK,0,0.003620320490399065,0.003613782904193119,0.011327635767015613,0.012497859023034,0.011886812160732063,0.028521839647069447,0.018968740487405912,-0.004511950926834457,0.3332182786823741,-0.12781348114724644,3,7
2020-07-10,XLK,0,-0.00027736239433862053,-0.0002774008664014893,0.01174737607428797,0.012347893107670387,0.006312742047346553,0.02385331353056097,0.0123307453563329,0.0020396923739866082,-0.17127612872724818,-0.25597935987727494,4,7
2020-07-13,XLK,1,-0.02072533925597675,-0.020943123455845036,0.014070821342926322,0.012572881380863038,-0.012207366205481796,-0.0014339915730504638,0.038073408494301894,-0.02899085928540711,0.9634081740760361,0.5837791702229531,0,7
2020-07-14,XLK,1,0.011526794833636611,0.011460867471182024,0.014318668220020075,0.012609504657281978,-0.0028128951597310436,0.0058910599891153215,0.03171430315290179,0.019619024367559523,0.03952902761635957,0.5487619984065684,1,7
2020-07-15,XLK,0,0.005417489288219057,0.005402867478351503,0.012297369039230609,0.011693479116094212,0.0027388049322869534,0.008356108969016951,0.020270292695744565,-0.003702346561359744,-0.2087631267219464,0.18113028732532044,2,7
2020-07-16,XLK,1,-0.012356192391802079,-0.012433164851912704,0.01313982889114442,0.012675541966363385,-0.006318762423745072,-0.005640289404175158,0.01220774793723707,-0.001690302458321503,-0.27749461714439505,-0.126989611640816,3,7
2020-07-17,XLK,1,0.0048916678775623446,0.004879742544284582,0.013629629207375217,0.012644556984867005,0.0008807894119395865,-0.0022320961469177725,0.011969316907377127,-0.0010286198601111235,-0.26018881761987356,-0.332307223567605,4,7
2020-07-20,XLK,0,0.025554488482255833,0.025233430694826087,0.013659907284802002,0.013964328377466403,0.019352437789913246,0.02092921903623468,0.030710361242190516,0.02268272535681646,0.33893504531722063,-0.11054526297304412,0,7
2020-07-21,XLK,1,-0.010040138998597792,-0.010090881118477668,0.015194700204953894,0.013922456135327813,0.00649594326569658,0.008358059491768488,0.02102591781605428,-0.017038221096735525,0.10438114041272972,-0.03252440977956039,1,7
2020-07-22,XLK,0,0.00802152472385087,0.007989523313894686,0.015355189517319626,0.01322995214880384,0.01139719725741295,0.014927451342515496,0.011053767273663632,0.007092891394413844,-0.20041713665481942,-0.2331377565860444,2,7
2020-07-23,XLK,0,-0.025976642908756897,-0.026319995040639643,0.019465958374013013,0.015782920790725075,-0.015203492000646968,-0.009948047248495295,0.03181608353538075,-0.020781628838900862,0.5537396859196166,0.1585062108904427,3,7
2020-07-24,XLK,1,-0.012113637971196245,-0.012187606038838172,0.0199833754817922,0.01612969375453174,-0.024191104897145266,-0.019315326294426893,0.023111433388448684,0.004679570891546236,-0.01875835132079351,0.09240083495362272,4,7
2020-07-27,XLK,0,0.01577929855238369,0.01565609972507298,0.01671283833129322,0.015691663512597022,-0.003803656561350288,-0.004787096055910545,0.012660657725338904,0.009637228909235863,-0.2620332058869743,-0.14491098638674826,0,7
2020-07-28,XLK,1,-0.011697751329615702,-0.011766708311294671,0.016856954825438315,0.01569079454557792,-0.010197246048238684,-0.0150987867508382,0.012484763412136274,-0.00863604786902622,0.05425833924769341,-0.039093075156598656,1,7
2020-07-29,XLK,1,0.01448743863396551,0.014383498377569914,0.018309966800743222,0.016366736433048448,0.008281556459722506,-0.0003639562743850133,0.013394945196968423,0.010659345633875576,-0.2602129545480045,-0.24608578625585864,2,7
2020-07-30,XLK,1,0.005600076976388868,0.005584454841619735,0.013644998721748694,0.01588032603046876,0.011548140904297677,0.003894670191295635,0.020815664713075978,0.014787602165405736,0.6347008417380753,0.20234257348429918,3,7
2020-07-31,XLK,1,0.02496769347201888,0.024661093529766642,0.013852544374263191,0.0175453999963669,0.026721090318386764,0.02551962454764012,0.025676146709684256,0.009046032910128746,0.16834595116158235,0.3133651847517853,4,7
2020-08-03,XLK,1,0.024630811672406105,0.024332363974392646,0.015293943648165895,0.017418118970826065,0.03984778442274406,0.04728748358275814,0.014562716683358453,0.010899680312488221,-0.03409857935820981,0.2220078965610779,0,8
2020-08-04,XLK,1,0.002563059977408688,0.0025597809409010353,0.010415045419814466,0.01678477236154339,0.027722438492696178,0.045154262940531265,0.00912229869710406,0.004693993110503576,-0.2612488181855551,-0.09349167821769189,1,8
2020-08-05,XLK,1,0.0037023849951451915,0.0036955480379878836,0.011468817167530284,0.016743213702203642,0.01911855222420078,0.04466382944330949,0.007293513258318554,0.0005272193056661191,-0.27885107614235793,-0.33938210752205844,2,8
2020-08-06,XLK,0,0.01405265384550436,0.013954830690172226,0.010841474879214325,0.013122016593764503,0.019352574111426213,0.05069690080408984,0.018018837235174938,0.014854552968902153,0.2653662752118022,-0.13337434102333212,3,8
2020-08-07,XLK,0,-0.014897151500710137,-0.015009228540794783,0.014711682211788755,0.013620776731071023,-0.0016676725172405371,0.027062724238211766,0.01886961563773777,-0.010956540315047555,0.6754393453419028,0.4177795986943065,4,8
2020-08-10,XLK,0,-0.0028134676885459564,-0.0028174329278916055,0.010562136910544338,0.013697351656304773,-0.004948103463613629,0.01814202234819695,0.019831538736282774,-0.00473851281033329,-0.4001645060088367,-0.14768842833398665,0,8
2020-08-11,XLK,1,-0.017986293758520344,-0.018150013249027097,0.01323017433649356,0.014710100723901508,-0.019300617787653684,-0.0053226069806221465,0.021052606715351717,-0.014772275570618632,0.14338761740649963,-0.03058599842789944,1,8
2020-08-12,XLK,1,0.022715291106112367,0.02246114042052083,0.017794518781521957,0.015482771963777599,0.0028878983215432363,0.011158351443656844,0.018436050207776656,0.014517321878641255,-0.24663029865636477,-0.27344710372703296,2,8
2020-08-13,XLK,0,0.0004387095816120734,0.00043861337670003664,0.016109465175613045,0.015592615648188243,0.005985003547940293,0.006047177962485328,0.011922509108354726,-0.0009643255075466932,-0.19322664262368983,-0.3818761528838692,3,8
2020-08-14,XLK,1,-0.000701851574635981,-0.0007020979877561118,0.014556319919263377,0.014118280511956885,0.005030519209928475,0.002288419126706742,0.00842030581953287,-0.0011402936617539684,-0.2723510511978766,-0.5052260505828029,4,8
2020-08-17,XLK,1,0.0066736041638435495,0.006651434248408528,0.014661989597222567,0.012080333735034093,0.009563708987472275,0.007655850240116946,0.0041023062054206996,0.000610977524750583,-0.019150008399126506,-0.463229239580228,0,8
2020-08-18,XLK,0,0.0037509104785158343,0.003743893355400374,0.009474977965423117,0.012099142580851803,0.006807116978194028,0.009988427459304727,0.011143990706034501,0.0018283047480127771,0.09240819122648203,-0.3766169216743246,1,8
2020-08-19,XLK,1,-0.0012166695235448222,-0.0012174102667970033,0.003345524084921478,0.012099353472022768,0.003790528302434426,0.007813100308770027,0.009795465298490139,-0.0037274644842295204,0.5945576707726763,-0.01477757528205259,2,8
2020-08-20,XLK,1,0.013312399028311273,0.013224567682983412,0.005970567797860466,0.012012586543899181,0.012730822632620376,0.02033481195441489,0.02017471779902429,0.017117895934259008,-0.10087503686953103,-0.09155672111791813,3,8
2020-08-21,XLK,1,0.012708198032289175,0.01262812654629375,0.006135883068520617,0.011109941424781132,0.018409728257463565,0.02951311102253973,0.01338249603395182,0.01175261859971387,0.19414199796922604,0.18750281562583004,4,8
2020-08-24,XLK,1,0.008648590063664141,0.008611405252269222,0.006169420093983272,0.01095483545540183,0.01961059132592413,0.03341938728476612,0.014292871056472187,-0.005683720399906794,0.0753502609787684,0.2773842859495965,0,8
2020-08-25,XLK,1,0.005043646203058971,0.0050309696257944125,0.006000918709578308,0.007500391169770714,0.01692608688688413,0.03130307830236423,0.009267827546504017,0.007329978088230227,0.1330608371957227,0.44978947614192655,1,8
2020-08-26,XLK,1,0.020324609124421134,0.020120820906852188,0.005725940513553429,0.006967882715663083,0.02528120800127498,0.04498075521080058,0.014651077550166695,0.00976740608411545,-0.11623237886644977,0.2590703849636573,2,8
2020-08-27,XLK,1,0.000819368840711876,0.0008190333413153894,0.007473313324554672,0.006929607784481927,0.016501564393925472,0.03860390394067603,0.016897956692442602,-0.0033469686702806123,0.10394217335844025,0.3219926707100449,3,8
2020-08-28,XLK,1,0.008764323457544743,0.008726139715632186,0.007256196778893282,0.006396309780048687,0.01657425582265515,0.03950036296109172,0.009382343961390545,0.0048136082952937335,-0.27960515455976054,-0.07950408551529797,4,8
2020-08-31,XLK,1,0.0031666522839830513,0.0031616490002965847,0.007671945465785475,0.0065639226081498254,0.012124268922688586,0.03500856406238384,0.01188840438789211,-0.0008087219804859033,0.45425660296656134,0.24363486253393218,0,8
2020-09-01,XLK,1,0.01910152255480546,0.01892137887043699,0.008958144096475051,0.00733145869177384,0.02083673534053676,0.045286630743190504,0.017567803441930308,0.01002727389121632,0.3451995798319327,0.5085562561917563,1,9
2020-09-02,XLK,0,0.00889519030441055,0.008855861153918454,0.007061169416060495,0.006392686172778743,0.021568501002463103,0.04409645778455973,0.02278602836873077,-0.005324565891868819,0.5771534322950422,1.061623637705435,2,9
2020-09-03,XLK,0,-0.05699442615221717,-0.05868308560497848,0.030499768577441376,0.022014654839566883,-0.033078320581579446,-0.018098703563682372,0.05039996337890625,-0.04167999267578125,0.340809506126996,1.2824580862447363,3,9
2020-09-04,XLK,0,-0.013940899798279838,-0.014038986823135424,0.029918103998523436,0.022326065247200082,-0.0387368906680593,-0.03193013744441975,0.06522831148347463,-0.00839489570972742,0.15476164100291712,1.1979853271313123,4,9
2020-09-08,XLK,1,-0.04520844717120176,-0.04626223161483134,0.03307766891392679,0.02625995135374518,-0.06581853236613988,-0.0709897048269772,0.033001848901190574,-0.007480405655783169,-0.23477476728457636,0.514702875759323,1,9
2020-09-09,XLK,0,0.032629972854755884,0.03210891963013607,0.03713747818492543,0.028762363361810147,-0.019993936877048535,-0.03822013548556191,0.028823698314202943,0.00804985990653744,-0.23143559184628626,0.10089013844403238,2,9
2020-09-10,XLK,0,-0.022582790536204267,-0.022841686910262116,0.03467678342973747,0.028216747180824946,-0.020362091469067756,-0.05356185155139381,0.043198361676993424,-0.03582920392184232,-0.12706680658333291,-0.08198594180366436,3,9
2020-09-11,XLK,1,-0.007642964206121539,-0.0076723213363756315,0.028404501895723303,0.028098327191304368,-0.016284901085639625,-0.053611320000674145,0.03324629803389377,-0.016884268195325514,0.15747840223234033,0.00785645562453019,4,9
2020-09-14,XLK,1,0.020980798263913414,0.020763732212253583,0.03170905873662537,0.029125102544936516,0.009258598886865643,-0.02737486558954827,0.014367763402130756,0.004266853960203312,-0.3346086788066641,-0.34989710949715613,0,9
2020-09-15,XLK,0,0.009884723313813737,0.009836189006377616,0.022077358275684692,0.029439904226752286,0.012694556389508449,-0.01186069655351718,0.01375011239820632,-0.005295030630954662,-0.26161535288837134,-0.5189882220550396,1,9
2020-09-16,XLK,0,-0.015454764618502148,-0.015575434389699438,0.0180364346434549,0.028236438721986504,0.00015687995213675698,-0.017765467619084263,0.022138678644144594,-0.019830752518909964,0.07538717662263705,-0.4744535783831465,2,9
2020-09-17,XLK,0,-0.008284623075743958,-0.008319131289358683,0.015031199709618403,0.027544658036814572,-0.007938652521901512,-0.014669135444653869,0.024109336808106247,0.01544783810995389,0.5482813056984264,-0.16395028513069154,3,9
2020-09-18,XLK,1,-0.01723516245942802,-0.01738541681340111,0.016748124618559304,0.022525921388664567,-0.022991434609805905,-0.024866877824179512,0.03274517809689378,-0.018874562872076135,0.3760738859871857,0.1908233034490885,4,9
2020-09-21,XLK,1,0.008313137360105083,0.008278773549752039,0.012918940019894574,0.022826749754067954,-0.010299597109090564,-0.012079083517952838,0.030867554825734875,0.02684933736444064,-0.08260034036369202,0.17314187382133506,0,9
2020-09-22,XLK,0,0.015830340744135363,0.015706347755773287,0.01472741064732789,0.018463882536600553,0.00890672522438618,0.0020727480706146384,0.02400847224442887,0.00448511248207468,-0.33464819263296663,-0.16229071537290718,1,9
2020-09-23,XLK,1,-0.03116785025268154,-0.031663902170707914,0.01900660539693933,0.017567926597853455,-0.016008629730169255,-0.024415799591742227,0.03561427842403465,-0.03167654144080463,-0.07164394182649758,-0.18745458782885271,2,9
2020-09-24,XLK,1,0.0056027023970306455,0.005587065638172017,0.0196848193523645,0.01662201444347887,-0.006629097412853446,-0.01695794280518581,0.02891549646774265,0.015050639124479808,0.3429588574224516,0.09223027861330046,3,9
2020-09-25,XLK,1,0.02390364963378322,0.02362243003586295,0.021170909795607967,0.018321346937636696,0.012727908882698147,0.0054481738842864225,0.03269264872797281,0.02335195068289045,-0.39298210348444973,-0.29377587599256016,4,9
2020-09-28,XLK,0,0.019132862774253523,0.01895213119183392,0.022187130505208034,0.018108161822287732,0.02539646477034907,0.02374134032188424,0.010877963281686885,0.0025036770348180453,-0.09589891651920146,-0.3441089473131034,0,9
2020-09-29,XLK,1,-0.003358344597063745,-0.0033639964938387834,0.021861604923113107,0.017873193023684914,0.019234675022492542,0.020737533142047626,0.008450424396168001,-0.002069482290620917,0.19331318819678134,-0.22485432793074656,1,9
2020-09-30,XLK,1,0.008381294122664862,0.008346366102715663,0.010890823790876646,0.01720012067709127,0.016957929571370878,0.02722381966522458,0.019624765963520585,0.008904632105141726,0.07037552155771909,-0.1784920272677748,2,9
2020-10-01,XLK,0,0.010539833096056883,0.010484676279137517,0.010527203800791965,0.016964366087691796,0.015902195464550406,0.03399012876046981,0.010987179302829898,-0.0032961408946445224,0.2131873252562908,0.009000226570791359,3,10
2020-10-02,XLK,1,-0.025353983002874947,-0.025680933396471595,0.017205015345033756,0.018239598840491384,-0.01155794573560609,0.004755348411578986,0.02138571773083777,-0.0007823727622852289,0.37579589605708286,0.4123143976330248,4,10
2020-10-05,XLK,0,0.02192464626701951,0.021687757426234633,0.017935182725074612,0.01915018908637635,0.007790607062135857,0.022298154275834703,0.015894923150789615,0.014685529689620867,-0.6706020680990883,-0.48367273773877395,0,10
2020-10-06,XLK,1,-0.015494655699396676,-0.015615952476244921,0.019652818465224806,0.01965417115803474,-0.007671486717357623,0.005215657723708356,0.026113650372286194,-0.013142182211270422,1.1891513047446742,0.12405241689137503,1,10
2020-10-07,XLK,1,0.018332689151038473,0.018166671370344112,0.021159984920864062,0.016521057953294335,0.008685530110385198,0.01736502478252966,0.010526279363293882,0.007787793530103593,-0.5163314992815182,-0.4308094681088753,2,10
2020-10-08,XLK,1,0.005180123200664299,0.005166752517125062,0.02075035323509221,0.016523753471808216,0.013146919098634413,0.016409305361799742,0.006902935335502927,-0.00353563570762136,-0.22188356269819276,-0.5105068463966843,3,10
2020-10-09,XLK,1,0.01529092384643449,0.015175195904047811,0.015068924826551405,0.01570974298643276,0.019494007433935145,0.02645130054698308,0.01101486214775314,0.010510384232678763,0.42690116325077154,-0.2845636678523321,4,10
2020-10-12,XLK,0,0.027292271222029596,0.026926477822341255,0.0163522673081288,0.016680819590595707,0.03676444100898335,0.04789617443836547,0.02402624336611773,0.012382141648362167,0.32847616010647895,-0.057462716664355096,0,10
2020-10-13,XLK,0,-0.006398554571403925,-0.006419113065055271,0.012940111221451535,0.016902109683942335,0.01810981729073169,0.035093944249453335,0.01517846660381317,-0.009607641171824732,-0.0808816623007963,-0.11968061446131184,1,10
2020-10-14,XLK,0,-0.005299044196431235,-0.005313133927911551,0.014268744183337697,0.017235553852462945,0.005603964669348205,0.025007644139607876,0.02041149964474333,-0.007725498643621846,-0.17485153686314137,-0.24420098200830165,2,10
2020-10-15,XLK,0,-0.004507306625910368,-0.004517495159175766,0.015238559399764205,0.017316150159379446,-0.004017666939879705,0.01736226075695435,0.016916656494140626,0.012250010172526042,-0.09281684326407047,-0.2609652908719544,3,10
2020-10-16,XLK,0,-0.002881338357776708,-0.002885497404144566,0.01439652375435154,0.014431580409571676,-0.008415958248568778,0.0092072172357891,0.01326342824040326,-0.008351045097130175,-0.12444444444444447,-0.2439997118551941,4,10
2020-10-19,XLK,1,-0.018328903513629813,-0.01849895902495824,0.006196961932840554,0.01489924063176132,-0.01926815895406986,-0.010477722188352523,0.0300665699595654,-0.023248186585164452,0.43937215224961457,0.05805403230119932,0,10
2020-10-20,XLK,0,0.003448092530880409,0.0034421614897723884,0.007945618273853436,0.013678255120251188,-0.010401200579950975,-0.010089212291991667,0.016673631246011508,-0.0003351563974759265,-0.12336005392263061,0.006319809438540158,1,10
2020-10-21,XLK,0,-0.0015086242418592688,-0.0015097633612244366,0.00814942478476467,0.012641065250191496,-0.007134217416798649,-0.012704853322325849,0.011846715446844907,0.0009242195719551859,-0.16440349841418034,-0.1543285444512842,2,10
2020-10-22,XLK,0,-0.004700722724924833,-0.004711805868154784,0.008148410443806629,0.012683984811157628,-0.007001340934540523,-0.017508690901639645,0.019801985268572547,-0.0051183135491657756,0.10800374636454757,-0.08447233472317073,3,10
2020-10-23,XLK,0,-0.001096429014832756,-0.001097030532846155,0.008291019474592971,0.011529549966014442,-0.00361742283160138,-0.017168878887681815,0.011032551891160137,-0.0025264900434600495,-0.23531854312492584,-0.2798062499476238,4,10
2020-10-26,XLK,1,-0.02169862610748019,-0.021937503152450688,0.009716861932113005,0.007784187499134979,-0.02024274463598741,-0.032400768071157326,0.031076577093851327,-0.010757231592090468,0.7637499030331238,0.27894631001784553,0,10
2020-10-27,XLK,0,0.005005578282400336,0.004993092025387114,0.010078099745200192,0.008563994627643394,-0.010552924717070367,-0.022479973307991563,0.009877192500769787,0.0001717482007557576,0.04813845578695042,0.3269743692542417,1,10
2020-10-28,XLK,1,-0.0424215777090704,-0.043347658105312714,0.019209812786502373,0.014571350238237876,-0.04009702455845898,-0.05561616408560499,0.02617295097759967,-0.023897021871398885,0.7181717091183752,1.0233387566416998,2,10
2020-10-29,XLK,0,0.016680054853128956,0.016542470572499468,0.023430286190121757,0.01666585675407994,-0.015269957447441751,-0.033231829280866876,0.02510271124984665,0.012774703180163847,-0.4074781876018878,0.15448810298493076,3,10
2020-10-30,XLK,1,-0.022139851873824723,-0.02238861699848016,0.023610921760173306,0.017270846925694527,-0.02422277508728954,-0.04629168973858422,0.026033312702525686,-0.008230436383899016,0.33178422381369477,0.416965698253831,4,10
2020-11-02,XLK,1,0.0025257664807161184,0.0025225820934435816,0.023842178239516232,0.01723482550729673,-0.013544397447046497,-0.03745712079533703,0.022737453552449237,-0.005102494848229275,-0.06997671053751464,0.2662816520372344,0,11
2020-11-03,XLK,1,0.017635248318439878,0.01748155168152765,0.026132763606518134,0.018676612516625595,0.009857404034621986,-0.015185867069719916,0.02276578317766558,0.00973124111331534,-0.12768825031822228,0.06854957880083079,1,11
2020-11-04,XLK,1,0.03890365355426417,0.038165977840753484,0.022497647455995688,0.023345862809980134,0.038040840769855144,0.02458119952924731,0.025827994535693344,0.008237507095683827,0.4670246349581788,0.4319320502771349,2,11
2020-11-05,XLK,1,0.03106386781797621,0.030591150563274994,0.024297738710335776,0.025388312405834747,0.05577341313303763,0.05403735894812489,0.011692542540249977,0.004643877643209795,-0.27870419128976265,-0.007365867929710723,3,11
2020-11-06,XLK,0,0.0035493965184751897,0.003543112276440219,0.01622749845391161,0.02535878134952448,0.040087665341704604,0.05489668049806573,0.02283635712636325,0.00595731604391087,-0.12323680249483993,-0.1638896887234783,4,11
2020-11-09,XLK,0,-0.00723811541956354,-0.007264437669542545,0.01901404134728207,0.024184680878751412,0.01594195453338676,0.042890694149843256,0.03841820338087367,-0.0278673212936051,1.0440910399276286,0.5640392345024501,0,11
2020-11-10,XLK,1,-0.018641422529478202,-0.018817363807763776,0.024683422141876285,0.02524689099728422,-0.011895769369442921,0.021684202827863652,0.02507312964263636,-0.01002929011561418,-0.40810999743513665,-0.09026681652132107,1,11
2020-11-11,XLK,0,0.0237233024544794,0.023446277656557157,0.020793979797681855,0.02054495902411848,0.005239295775646191,0.03719927695815328,0.018219746326620337,0.013455918009356131,-0.3844696326003467,-0.39749226104038893,2,11
2020-11-12,XLK,1,-0.008906575307748743,-0.008946475944976662,0.016150255792200623,0.021015603101232145,-0.002109073697264874,0.022008248717861667,0.018472685339828616,-0.008906496882965178,-0.009372886269204739,-0.39032025942228077,3,11
2020-11-13,XLK,1,0.008487248458375563,0.008451434265138502,0.016678742413064933,0.018536816665563987,0.006995772097792896,0.021698387312969247,0.012387480761122383,0.0009084202962944668,-0.1742656485145756,-0.4647418642714427,4,11
2020-11-16,XLK,0,0.009653469118778402,0.009607172098538896,0.016687255249958885,0.01839197162703614,0.013903152475728486,0.02188740895216479,0.013447712777243772,0.009570197763147865,0.25419352661244043,-0.29966057741416907,0,11
2020-11-17,XLK,0,-0.005556860751679715,-0.0055723575380390855,0.01311549957579504,0.01875604620186352,0.0028844778743228883,0.008971227236346024,0.009691198131349775,-0.0005748989290087233,-0.3313195462924342,-0.5060234976045166,1,11
2020-11-18,XLK,1,-0.010682980761449024,-0.01074045348692465,0.00974344332254221,0.015864102822339504,-0.006404484258636933,-0.004193728560708987,0.014158718909888424,-0.008972702808399645,-0.039901804937923835,-0.4698179353412115,2,11
2020-11-19,XLK,0,0.00805720758242634,0.008024921592749479,0.009424881164089483,0.012601419287064661,-0.00034594641783669555,0.003655358627988381,0.01631293432859837,0.010070737154439707,0.27375613027622925,-0.28480480876271796,3,11
2020-11-20,XLK,0,-0.010299981060567509,-0.010353392942953121,0.009919824669532777,0.012953953538580842,-0.008862586489768454,-0.005473208209080593,0.011772456497942759,-0.011196185038975421,-0.184233908121627,-0.38187349221092526,4,11
2020-11-23,XLK,1,-0.0002495637936427153,-0.0002495949398682029,0.007840541450029678,0.01277572642346315,-0.005350819413013519,-0.005210723458040745,0.01850926017102179,-0.0033200656933405227,-0.010972387502773406,-0.24825113180096248,0,11
2020-11-24,XLK,1,0.013907190013789483,0.013811372393988108,0.010937314234667291,0.01172692394587704,0.008381740641628888,0.005874086698961722,0.019246720401554007,0.01003815393464785,0.3902314673192617,0.13096986015923506,1,11
2020-11-25,XLK,1,0.0021355172278048062,0.0021332402519940175,0.009114800444985357,0.009154915485240816,0.007830645198945385,0.007397943509394267,0.007939703739433784,-0.0013096180331736596,-0.10617573712776884,0.030569340003991474,2,11
2020-11-27,XLK,1,0.005327514159733093,0.005313373158195134,0.008790438822660545,0.00859247219152893,0.011028525130222011,0.01069530896685289,0.006114462559988336,0.0,-0.42347206722247754,-0.36660109518202844,4,11
2020-11-30,XLK,1,0.0066853101735844245,0.0066630625871590965,0.005396157438066563,0.008461014527591649,0.01216447134178944,0.015544218615575867,0.019817323852111202,0.007013542579418467,3.587264083805403,1.4546267397208528,0,11
2020-12-01,XLK,0,0.012795419202271452,0.012714249492995933,0.005025158301759985,0.008831258609122745,0.016814092016607995,0.026268061219027805,0.01421684050655748,0.004497972358182731,-0.29625308726248245,0.6303710263605833,1,12
2020-12-02,XLK,0,-0.001519219585607745,-0.0015203747698162573,0.005347558671029699,0.008523547102261221,0.010144336595049541,0.022041837871196845,0.011402921482850924,0.0027302976842370446,-0.29285928434121655,0.10447732415529387,2,12
2020-12-03,XLK,1,-0.0006406446844183789,-0.0006408499849115401,0.005850794153161478,0.00728409908112506,0.004976979045094421,0.01772190143294039,0.009359236452698396,-0.001759868946033432,-0.1411202833129661,-0.07825288660731966,3,12
2020-12-04,XLK,1,0.010016745402446903,0.0099669103221105,0.006363976297034475,0.007441392841280269,0.009547542891762184,0.024007766625051774,0.010882616604522033,0.00856205236754817,-0.24802183602654004,-0.2984333475107753,4,12
2020-12-07,XLK,1,0.002856266285528042,0.0028521949077653375,0.006411008324878777,0.005604808818487227,0.007717322697194717,0.021711355443401636,0.006978013235738066,0.0022995869806025472,-0.14030582692976024,-0.3927115014797943,0,12
2020-12-08,XLK,0,0.003243624567950798,0.0032383753656795022,0.004549030193261121,0.0053345129103218505,0.008172822971658222,0.019479485741945135,0.011640808005330185,0.004197012863637803,-0.11438003907741368,-0.4550371816823726,1,12
2020-12-09,XLK,1,-0.01916257237627228,-0.01934855422675863,0.010998988316779987,0.008711692355292362,-0.010375295459230105,-0.0021661516804369896,0.024934929207010757,-0.018543407569372977,1.1899629761119845,0.16418485895081947,2,12
2020-12-10,XLK,0,0.0014473213992527434,0.0014462750391270873,0.011043124007639604,0.008714746072809663,-0.008580133148007763,-0.002762057088496306,0.014722534010577345,0.007603905445129984,-0.4211720839750345,-0.3160457711742306,3,12
2020-12-11,XLK,1,-0.0020875326872080713,-0.002089714620668204,0.009417831692909348,0.008725539038990971,-0.007901758063263209,-0.0061487361825913744,0.011307661364069957,0.00395772153159251,0.30265869125972755,-0.14415645865096471,4,12
2020-12-14,XLK,1,0.0036202160767031533,0.0036136788671390363,0.00953677785622411,0.008570276375530471,-0.0016806469338135344,-0.003562567673056183,0.010186110597949818,0.000561434830388855,-0.15106886172369305,-0.1560110111409173,0,12
2020-12-15,XLK,1,0.01667349006405905,0.01653601346710687,0.012891079729909063,0.009223324054381248,0.014932333741462633,0.011621311859215444,0.012212537146409172,0.00578908299577346,-0.1769749814576964,-0.22502354943166236,1,12
2020-12-16,XLK,1,0.0067808158296749355,0.006757929498431459,0.007137728531815731,0.009300098331289319,0.016429813700306495,0.016195213330725267,0.012283445343257874,0.005433090089812992,0.13297872340425543,-0.07692307692307687,2,12
2020-12-17,XLK,0,0.007909764094372163,0.00787864589439824,0.00684787527021558,0.009394850695310344,0.017761481996594997,0.02105586701652884,0.006919603665336377,0.0006220015090328429,0.11599348155045974,0.051524230298886975,3,12
2020-12-18,XLK,1,-0.0034965093365311173,-0.003502636411720772,0.007307267402821859,0.009265146782478017,0.007906116937094865,0.015704867484939378,0.01148268573157009,-0.004965469723633484,0.5378878748370273,0.5155309934627983,4,12
2020-12-21,XLK,1,0.001000326344519964,0.0009998263515313965,0.00763387766264645,0.00925974551956985,0.0031932125329923178,0.015130444128323983,0.023272400845351156,0.013852608047456005,-0.1391027162670826,0.2376456440840471,0,12
2020-12-22,XLK,0,0.008666433444960209,0.008629095480208626,0.005240283425850162,0.009522227463103519,0.007696698782898137,0.021762009100758206,0.012190444957401805,0.003105902446820825,-0.05895405785113117,0.10670514679427501,1,12
2020-12-23,XLK,1,-0.007585552969571641,-0.007614469601741725,0.007071115093069734,0.00702021768612513,-0.0012197682627170803,0.010718722032605044,0.010901410570917506,-0.008736583083483533,-0.2116197625259868,-0.08532874033592763,2,12
2020-12-24,XLK,1,0.006629545983681817,0.006607667188126776,0.006789461057571252,0.007060003495195231,0.004370406893817735,0.013592371557627159,0.008097863460502985,0.004905434234532223,-0.6120097692198783,-0.6282271302790629,3,12
2020-12-28,XLK,0,0.011312428703794675,0.011248921679198887,0.007506408910030008,0.007087649828645939,0.011688668335193553,0.01984532501292624,0.008055877560682195,0.0013810644439766883,0.8635679423436573,-0.2774487245922108,0,12
2020-12-29,XLK,0,-0.004749927002377419,-0.004761243755697642,0.008461502770065934,0.007751657539775451,0.004050326757964573,0.010705049665420852,0.01318292908529004,-0.01013489197863002,0.08204626116754365,-0.20255071208882391,1,12
2020-12-30,XLK,1,-0.0005390121591726249,-0.0005391574784479047,0.00786096370883114,0.00651463537649008,0.0025172756798981233,0.0075773562961429786,0.007518187047577218,-0.003989292275506174,-0.07917298165448916,-0.25928823835535675,2,12
2020-12-31,XLK,0,0.0014633675403679103,0.0014622978615168591,0.006266201824391739,0.006349743783625746,0.001185782659675283,0.006999048779294803,0.010932313308321402,0.0010008844670366572,0.35829218561918097,-0.0007084610491007171,3,12
2021-01-04,XLK,1,-0.016305177531195203,-0.01643956980064143,0.010040805341073508,0.008214820606704646,-0.013376159146500588,-0.00903575324785355,0.03420576293716059,-0.02127327292403159,0.9005642769297548,0.748888700274434,0,1
2021-01-05,XLK,0,0.0064895504302084905,0.00646858395758354,0.00859869763086743,0.00839619061976335,-0.004223495377928321,-0.003205695708077272,0.011049319452749829,0.008776703329132713,-0.41184363283405967,0.07637758114149285,1,1
2021-01-06,XLK,1,-0.017245409148937907,-0.017395843257792087,0.010853386304783837,0.01011525659489004,-0.01623660595727605,-0.019203469169523202,0.022539151979776482,-0.0029946982051051105,1.2050900383451713,1.1485255587679832,2,1
2021-01-07,XLK,1,0.026954268606802723,0.02659740084767037,0.018259813689177742,0.013259123695659146,0.010138647932998124,0.006663474402047731,0.01949422843755344,0.017145500308896992,-0.279037346833957,0.48669074381440725,3,1
2021-01-08,XLK,0,0.0064656233101141325,0.006444810829988157,0.018477195997103662,0.013032890798296037,0.015501256630571891,0.011174294549535446,0.014016558404371942,0.0015318393993721644,-0.36965194382251165,-0.0705094055059915,4,1
2021-01-11,XLK,0,-0.008259497784629866,-0.008293796426729116,0.01684173727658973,0.013299029409043152,0.0043369904018437655,0.002341936535655176,0.011275053300884005,0.0014671957259837878,0.44121540895734435,0.21664204288354494,0,1
2021-01-12,XLK,1,-0.004780939209091617,-0.004792404456649635,0.016991565940361095,0.012818149194717599,-0.000975326156732792,-0.0013232214469497405,0.014360720730357815,-0.0035516267656964242,-0.04279344879349356,0.09785570841026403,1,1
2021-01-13,XLK,0,0.006353613177062067,0.006333514066585444,0.01375545872267125,0.012942417734858698,0.00015401598830311336,0.0050375575507448644,0.010059607635511052,0.005029862855090382,-0.20387145097488468,-0.15192029102949944,2,1
2021-01-14,XLK,0,-0.008777253665878337,-0.008816000651535205,0.007650083577711956,0.013243451267686947,-0.006819667738464985,-0.00294293318416472,0.014746530061045706,-0.01121345229876241,0.14844324228971284,-0.0694372480003812,3,1
2021-01-15,XLK,1,-0.010253363951231553,-0.010306291790490363,0.0067331155350032175,0.013539470490474804,-0.011911100447822398,-0.011174991049004324,0.015246918775170919,-0.008790391722958797,-0.19095284419640568,-0.254161607365163,4,1
2021-01-19,XLK,1,0.013027932154339839,0.012943798582687016,0.010139026706317064,0.013254977781550638,0.0018939417526013802,0.0007908960459601655,0.011301672199117322,0.006079491510083705,-0.08477043318672273,-0.27709066733649,1,1
2021-01-20,XLK,1,0.019832556692446435,0.01963845371499051,0.013267655852232486,0.01448387745600034,0.017688133656863725,0.01834156701858003,0.016990901740771173,0.012070361936063015,0.017321255704605187,-0.2618412701598236,2,1
2021-01-21,XLK,0,0.012913979371808937,0.012831304949969535,0.01386500207018902,0.013020512534441928,0.025345213140790523,0.026071116282471607,0.016169242848199556,0.007480092094598724,-0.24,-0.36620895860788727,3,1
2021-01-22,XLK,1,-0.0038250863521643863,-0.0038324207039588387,0.012734435911874047,0.010792809091692189,0.015038488933183602,0.019862567626837135,0.007455983598927587,0.00037658572237921274,0.2569422707150204,-0.15289430541491877,4,1
2021-01-25,XLK,1,0.008357063325292513,0.00832233641410074,0.008777133527689978,0.010890642287185762,0.013422728603423861,0.025880828708992,0.030447377965754564,-0.0029032932653342424,0.6191611227720659,0.3140070676274944,0,1
2021-01-26,XLK,0,0.0006719005724735716,0.0006716749483430817,0.009446925861709383,0.010262050511781995,0.0065638872884268284,0.02316115534741825,0.008183846549783658,-0.0028272068481434366,-0.5279700305407247,-0.3353257935421394,1,1
2021-01-27,XLK,1,-0.018876559030894025,-0.01905699556013829,0.012327849180683373,0.012274108913411384,-0.012228861794943313,0.001981057611830872,0.02631388995941018,-0.014168973673412496,1.849233132403938,0.7913446315117922,2,1
2021-01-28,XLK,0,0.004106690847264449,0.004098281407856952,0.010485835667559298,0.0122047558366831,-0.006231598580792919,0.004442714026097416,0.01906638652774861,-0.0009836187078274923,-0.339111114741511,0.1619770902030171,3,1
2021-01-29,XLK,1,-0.023553590990055606,-0.02383541085758445,0.014375495697512028,0.01432661551139783,-0.023908352769632546,-0.019357253814695996,0.027934221590407565,-0.018648288293310663,0.17560686211499488,0.3334866141025785,4,1
2021-02-01,XLK,1,0.02505225984758752,0.02474359650782798,0.019521012698643474,0.01573441133703001,0.0032489235003696493,0.0015990476061309433,0.025295131702664862,0.013030789979727075,-0.4095315194078809,-0.20476605144107218,0,2
2021-02-02,XLK,0,0.013544598994838175,0.013453690870035118,0.020850767222184662,0.01576899681834697,0.016961000766453127,0.011432261408173439,0.008168437634503525,0.003821901210320174,-0.23481651621174082,-0.3784098864287243,1,2
2021-02-03,XLK,1,-0.0034343231650897366,-0.0034402339898926826,0.018337848696038547,0.014832961122581041,0.010415262181499907,0.0065526035698588725,0.01050516800242649,-0.005438799887497411,0.34668993600930764,-0.16172747234920248,2,2
2021-02-04,XLK,0,0.01595624409435703,0.01583028139262499,0.019237150962502066,0.015121564277231951,0.02100430405842224,0.020858337804265492,0.013411725675614373,0.010505836620114156,-0.2972491965303936,-0.4074228408327639,3,2
2021-02-05,XLK,1,-0.0022122369996228075,-0.002214687610782917,0.012288126321395013,0.015063391736027765,0.009037345204240932,0.016694327694978472,0.008233554260290288,-0.005219374119307736,0.15731110619360233,-0.30493862892650825,4,2
2021-02-08,XLK,0,0.010493680922695425,0.01043900442555401,0.009067900403241026,0.015178901894792545,0.012708730938062462,0.02520647133847631,0.008243250285028396,0.006403256106884974,0.24425842911470386,-0.091622565655187,0,2
2021-02-09,XLK,0,-0.0011701340251901726,-0.0011708191665329437,0.00874191192110332,0.015210312208821483,0.0075985981757045185,0.022052837625601285,0.006525878851618967,0.0014664682584081094,-0.09911894273127753,-0.19390520773811892,1,2
2021-02-10,XLK,1,-0.0014642647405539444,-0.0014653378238156378,0.008363401237198613,0.013450977440080438,0.0018512232319971567,0.016842971149803487,0.015168101487578882,-0.00546926254863718,-0.10308750781827491,-0.18329378262933083,2,2
2021-02-11,XLK,1,0.010998613845239813,0.01093856896443679,0.0067837771651923385,0.013647441975142295,0.009518220738212735,0.023569945900633105,0.008739963012162687,0.004224339535054817,-0.20060437006043697,-0.2946903677849746,3,2
2021-02-12,XLK,0,0.0051491349209074055,0.005135923458020386,0.006038340301286915,0.009497584355862414,0.00988070252123685,0.02151496532416175,0.011198321977082747,0.0077806285063064,-0.1070871553570012,-0.28889618701158715,4,2
2021-02-16,XLK,0,-0.003246670998770851,-0.0032519528704897382,0.005925713350464886,0.0076547328404001575,0.0045523467544832386,0.013730193520507639,0.010493076902915434,-0.007187005924871355,0.4391319793948725,0.03990536007667034,1,2
2021-02-17,XLK,0,-0.00883150259858645,-0.008870731454945435,0.007694250295162922,0.007968584524207234,-0.004811511454324124,0.0025922898590666765,0.012274479392885906,0.00036533245811107176,0.5711258768591472,0.524872468079584,2,2
2021-02-18,XLK,0,-0.004893551874933344,-0.00490556450555335,0.008059628870235504,0.00809605265241116,-0.009494317690601495,-0.004326187505134693,0.014391121389241236,0.005535055350553505,-0.28281876031110065,0.10042088979518038,3,2
2021-02-19,XLK,0,-0.0014678112228503348,-0.0014688895130232638,0.005143546078127961,0.006493753999228363,-0.008309580129319816,-0.006099953666654612,0.011902189990033599,-0.006571697090468075,0.06671048307591199,0.13339747668337498,4,2
2021-02-22,XLK,0,-0.02205046702366742,-0.022297212552452095,0.008260941928644162,0.009631000919081924,-0.022280485714117004,-0.026401401450855677,0.013766974522206205,-0.009897319413066919,0.22052782912302327,0.3212081014384278,0,2
2021-02-23,XLK,1,-0.0027811594209820045,-0.002785034030449829,0.008331607098046845,0.008634808186007821,-0.017112429961241515,-0.0262161048919356,0.03737388815741137,0.014062950087058134,0.696633152440649,1.0092264464895995,1,2
2021-02-24,XLK,0,0.01530018411178835,0.015184316662351094,0.013263093948893682,0.010406529060802845,0.0012041684432209099,-0.009958270866933794,0.03151347162530375,0.022932676865919637,-0.31928557259984136,0.3036300496057185,2,2
2021-02-25,XLK,1,-0.034964122881518844,-0.03558999997312906,0.019558703570911634,0.014883841172415271,-0.024741582958859976,-0.04007318411315142,0.037300546269471074,-0.026290125468144035,1.0831340076006848,1.269344165369318,3,2
2021-02-26,XLK,1,0.0053075841134799795,0.005293548530374004,0.020442445688958758,0.0143157530539437,-0.011616604452406532,-0.02982752077946793,0.024145009757420226,-0.004569966299099012,0.03490723848713939,0.9822094806856316,4,2
2021-03-01,XLK,0,0.0322137361247159,0.031705754263316344,0.0249236690740097,0.018458633364687935,0.01737609261543338,0.0041760151575203075,0.021894427230009218,0.014972463919525992,-0.30237443539575803,0.25647031137628584,0,3
2021-03-02,XLK,0,-0.015863774396216,-0.01599095085765434,0.026331279931031702,0.018937206131845005,0.0011158867516603,-0.007780363314984329,0.01932034512040652,-0.01724777477398716,0.0011705915120006072,0.16856316878554756,1,3
2021-03-03,XLK,0,-0.025158172297178427,-0.025480049141781258,0.02681916626327947,0.020087748133815,-0.01622155529614322,-0.027290409800546533,0.02437179336743886,-0.020435944959332993,0.2050897479316851,0.3175048442863868,2,3
2021-03-04,XLK,1,-0.02209848960543115,-0.02234631913644769,0.02401961963628531,0.020761637597194144,-0.0329038482399141,-0.04180739026542091,0.03875373944985811,-0.019066862753098445,1.5746614206948237,1.6276727240444435,3,3
2021-03-05,XLK,0,0.018884370245471516,0.01870827404873676,0.026164733734399957,0.022320256790920204,-0.012013600706873517,-0.0184361864967304,0.035898224567126824,0.006321192152738408,-0.4011377989386088,0.40820530809475586,4,3
2021-03-08,XLK,1,-0.02419536849803028,-0.024492885247686225,0.01856339990169745,0.02251051422273543,-0.02233019204517883,-0.03689238184882293,0.02910812657534292,-0.023286501260274334,-0.2352872251322533,0.01199726630025899,0,3
2021-03-09,XLK,0,0.03401407093517306,0.03344838424816565,0.028068764042497158,0.025748756169022807,0.015104483994724305,-0.0021703567824542525,0.017938941383476924,0.010406121716478034,-0.34774022200531174,-0.3376110983682328,1,3
2021-03-10,XLK,1,-0.003996598867868406,-0.004004606612072692,0.0255046468654798,0.025050428488806627,0.01077936282476566,-0.002240472250377712,0.015512077951054686,-0.014599636903227992,-0.19698788891209018,-0.47112155809267964,2,3
2021-03-11,XLK,0,0.021375103417341723,0.02114985997578689,0.023168717133668932,0.023496426450419078,0.02312781355304372,0.017238372203578933,0.014596307335738037,0.00623390121690995,-0.276082127959261,-0.5926852329955808,3,3
2021-03-12,XLK,1,-0.007177279278258508,-0.007203159856286057,0.023380518405820925,0.02363528049504583,0.011936016997686316,0.009378809896330775,0.011546066072260715,0.004817287725133646,-0.06889274702906578,-0.5920606214008338,4,3
2021-03-15,XLK,1,0.010653709939787648,0.010597359049417499,0.01726787607394973,0.021321395898861065,0.011839556511828553,0.021772736421378447,0.01444752471939015,0.009885203452656505,0.3329636237964346,-0.44122954431822925,0,3
2021-03-16,XLK,0,0.007529028097016166,0.0075008264306068995,0.011548150408219446,0.020830465281593203,0.013742483904013447,0.02863476649028973,0.013823438835949263,-0.00014947524611253195,-0.20971962616822426,-0.5403000318466422,1,3
2021-03-17,XLK,0,-0.0008216670307439333,-0.0008220047841254186,0.010955347411880222,0.018755272203933228,0.006640705295893223,0.024419054413337582,0.0209447665846649,0.007308078444410493,0.47758415478988003,-0.2947239771414587,2,3
2021-03-18,XLK,0,-0.027748809171456168,-0.0281410811298084,0.015253415330582902,0.019672071101636837,-0.01778704081538951,-0.006618046833662072,0.017213955839185988,-0.014256386544587094,-0.0919943820224719,-0.18294749988848746,3,3
2021-03-19,XLK,1,-0.003000308151646758,-0.0030048180992299223,0.015116325933221063,0.018892141445071706,-0.01804799577162053,-0.010090198531414796,0.012382714639646962,-0.0032302580767894253,0.5482007188026023,0.3864639384318913,4,3
2021-03-22,XLK,0,0.01966350290244967,0.019472673752249925,0.017458373249972573,0.01752116541784431,0.0022655335219814443,0.00452696265536412,0.02076601184064154,0.014228509336531397,-0.412880902706356,-0.09746407744185315,0,3
2021-03-23,XLK,0,-0.00621798861961842,-0.006237400822596051,0.01687664837865516,0.014487676879721714,-0.00020046056949674096,-0.0026415853454790916,0.015957049675016516,-0.008923789714193397,-0.19112623715919475,-0.226005895410344,1,3
2021-03-24,XLK,0,-0.012133108554741479,-0.012207315568367072,0.017162628831290962,0.015019795328619386,-0.006329558813095604,-0.014849832325718237,0.018355569145672136,-0.018052106266172825,0.09901618042879679,-0.1271631420013809,2,3
2021-03-25,XLK,1,-0.0006178289731114672,-0.0006180199080789706,0.012050408024830997,0.013058843884148384,-0.006430753865403593,-0.013430577725992099,0.01740621222059544,0.005361740837019679,0.5885962813348911,0.31233946762260345,3,3
2021-03-26,XLK,0,0.025428618479011122,0.025110689553784482,0.016454795172031196,0.015467414480419665,0.013629895032781558,0.010472415761541676,0.02745343066106867,0.025984074501502162,-0.3406636246843574,-0.14683445038831322,4,3
2021-03-29,XLK,0,-0.005200329765060574,-0.005213898541745365,0.014659453322997658,0.015209484410813838,0.008189173295042762,0.00563906595733199,0.012550114224612552,-0.00219254959971492,0.16358041281444846,-0.011425987957501937,0,3
2021-03-30,XLK,1,-0.009471480698920565,-0.00951662042504342,0.015084476618239829,0.015185783376942244,-0.0008713315385973086,-0.001757525556441264,0.009538343921337539,-0.002441871932596324,-0.23573433115060805,-0.24502105434885535,1,3
2021-03-31,XLK,1,0.015910896746997638,0.015785645258247882,0.014842389937747275,0.016218253118051265,0.009854594870720268,0.014596718796778818,0.015182570901593723,0.008198602186919418,0.16584311769950277,-0.09959725089600302,2,3
2021-04-01,XLK,1,0.020103849167985022,0.01990443502338657,0.015677792807851,0.014161293400858858,0.020688058584490854,0.030456645031025964,0.010129604245457623,0.009086855881265569,-0.06991393612608876,-0.14644431095700583,3,4
2021-04-05,XLK,0,0.020667193213397717,0.020456524452354685,0.014562249621866169,0.01474417797789413,0.033050380361651976,0.04463967054788176,0.017832302475838384,0.014750087648174684,-0.10345884779397418,-0.16330365909962874,0,4
2021-04-06,XLK,1,-0.004266940826977206,-0.004276070197899884,0.014348700740996069,0.014363905445563338,0.019940830292335177,0.035628894951122314,0.009271322627349993,-0.00267995888548724,-0.12055833618304479,-0.24113621670632357,1,4
2021-04-07,XLK,1,0.00530195931061983,0.0052879534083585256,0.010776390621834183,0.013869348744164758,0.013798535820219948,0.03538035024038022,0.011556885570063494,0.006105511896431885,-0.10873484393227051,-0.3105004225109457,2,4
2021-04-08,XLK,1,0.014448948590584987,0.014345557273425236,0.010647324556486254,0.012586956419172981,0.017108896113398275,0.04179973705173334,0.006942465017380735,0.005009998154354904,0.4025106096061555,-0.0325409223849481,3,4
2021-04-09,XLK,0,0.009613934362564747,0.00956801457423051,0.009430820530383643,0.012197611555077315,0.017614698023913578,0.04223494160885277,0.015366977629967995,0.013294264610581884,-0.3353647328309036,-0.29332579627697475,4,4
2021-04-12,XLK,1,-0.00479680770423363,-0.004808349309675108,0.008486752745562473,0.01146717326701925,0.008664502596093637,0.030854508515547607,0.008074221757461449,-0.000708308674738691,0.6920540368045953,0.18659897326030883,0,4
2021-04-13,XLK,0,0.009426488345736006,0.009382336253718648,0.0072466052570296,0.010757955471972655,0.011333015765620402,0.032694677872178834,0.008190380725250876,0.005577866687122328,-0.2886276482051927,-0.11632178450552655,1,4
2021-04-14,XLK,1,-0.010602034944228844,-0.010658636936377697,0.010724010392258483,0.010962387017714164,-0.002915207206593662,0.01425917048409131,0.012851137004858168,-0.010463415015720625,-0.008801852277346756,-0.11006695008180323,2,4
2021-04-15,XLK,0,0.017174233452258436,0.017028423387994707,0.011456369427186084,0.011075745992259736,0.010049307138254138,0.02392490896389421,0.008860828359114642,0.007946588657268383,-0.016707975963338728,-0.09326940310410203,3,4
2021-04-16,XLK,0,-0.00020936932716131285,-0.0002093912479779192,0.011125446815647488,0.010391112850557455,0.00766490266660913,0.018023364674486286,0.006065325998108183,-0.0009760135754712204,0.06045988684172343,-0.016983171480778547,4,4
2021-04-19,XLK,0,-0.008304178108059834,-0.008338849875528354,0.011768749607606597,0.009766943263781087,-0.0021344541362183778,0.006830028034402025,0.0144400165743859,-0.003855341634930112,-0.12326002941277059,-0.11879811419015196,0,4
2021-04-20,XLK,1,-0.008866325765688576,-0.008905865520381973,0.011528347836168495,0.010232779883480963,-0.00879653391743962,-0.004326033463304069,0.016712468500031205,-0.006769561184721627,-0.037117222547298656,-0.14085776738228495,1,4
2021-04-21,XLK,0,0.0100816004685651,0.010031120132760307,0.011453176249419354,0.010495853641650801,-0.0007164229864996541,0.002982234366962322,0.015007116065116607,0.01187765360206165,-0.06271395871736185,-0.1888727029220637,2,4
2021-04-22,XLK,1,-0.011738385770554194,-0.011807824555203794,0.008867982257308995,0.010532383879376838,-0.008644502494286943,-0.008916916825239762,0.01865940765773727,-0.009998578553913366,0.2591255862203108,0.044120783310125145,3,4
2021-04-23,XLK,1,0.014935576114533555,0.014825138670988558,0.012319109372258887,0.01117685157108542,0.007014100244389976,0.005226541087903325,0.016470197752215508,0.013062589307950115,-0.23739722970769472,-0.20005905483457442,4,4
2021-04-26,XLK,0,0.005115704345838079,0.005102663586565193,0.011716705632571477,0.011073271272026498,0.010283612575779921,0.008706258567989567,0.006514941748303415,0.004763521371497373,-0.12952959711906364,-0.2483811285846439,0,4
2021-04-27,XLK,0,-0.002439834995313195,-0.002442816242870016,0.010532245628945164,0.01078551633737819,0.0046625582107382435,0.005778289582912821,0.008353034370405556,-0.0040373229588582015,0.3990950226244343,0.05665638846524135,1,4
2021-04-28,XLK,0,-0.0092952676743705,-0.009338738265162405,0.010920669161920405,0.010642833653863478,-0.003948705548100451,-0.004158740030669961,0.0072407647050746924,-0.0035149384885764497,-0.012086490482350776,0.049263733114540464,2,4
2021-04-29,XLK,0,-0.000846588349602273,-0.0008469469079006586,0.00909882436526317,0.008919248689025716,-0.006230506863483809,-0.0038120665603071924,0.020292448549235245,-0.008956677254891493,0.25491993415145164,0.2865913183902602,3,4
2021-04-30,XLK,0,-0.013627630089402487,-0.01372133856385993,0.0073478926733496945,0.009733096338182149,-0.01562905095378686,-0.01489327726381462,0.011270431582416616,-0.0034952955605294677,-0.21117123563346896,0.025841346153846256,4,4
2021-05-03,XLK,0,-0.002791391724208392,-0.002795294923351399,0.005439839345619221,0.009521552444038796,-0.012644122077995479,-0.015699633029397253,0.012602271642085838,-0.00811676336360864,0.021014040856435656,0.04182615084101582,0,5
2021-05-04,XLK,0,-0.01794557053823509,-0.018108545013225452,0.007185081682214018,0.010623710126406343,-0.0216676605128463,-0.030596304696486,0.021841355168471837,-0.010559099361783814,0.8434174239760128,0.7509273420881459,1,5
2021-05-05,XLK,1,-0.002412125493096995,-0.002415039354469961,0.007729490587690491,0.009620554792654707,-0.01661550918534216,-0.02895072826684897,0.01283262790147112,-0.010512557277158389,-0.4354404706921826,-0.028504391936252982,2,5
2021-05-06,XLK,1,0.010037946037851242,0.009987900481926992,0.010944564838965406,0.01015058627373835,-0.0013041301827694252,-0.01728056953792867,0.018252384311656017,0.010482392272131257,0.2750182290277259,0.2105805275066699,3,5
2021-05-07,XLK,0,0.008560042715114458,0.008523613293452748,0.011242174062568649,0.009121875458682965,0.00822350254296822,-0.006268566702596345,0.01019904813121748,-0.001436450149963116,0.3388057411462764,0.49094478954538334,4,5
2021-05-10,XLK,0,-0.02524632599054044,-0.02557048194524647,0.015759190594039168,0.01111642246507326,-0.011798371713777955,-0.025849042662910326,0.02139340446675793,-0.02052613707258214,0.0564891699571799,0.43530883803748877,0,5
2021-05-11,XLK,0,-0.0030252298224821006,-0.0030298150801959522,0.01411709283049686,0.011099456322376387,-0.012339249649413131,-0.023199950984130413,0.020913254588656633,0.016399669410103655,0.33360287954242884,0.7169802457254513,1,5
2021-05-12,XLK,1,-0.028125311659984664,-0.02852840429367376,0.01820608272608137,0.01318597307944907,-0.03280689121778968,-0.04345292548014068,0.021709731788258618,-0.013596736966526947,0.08754455240546011,0.6689248380698194,2,5
2021-05-13,XLK,1,0.013251339261919348,0.013164308274156156,0.01902106273050608,0.014653381859262089,-0.013011267324957498,-0.024681423858973206,0.015743851886181732,0.0022599099944091336,-0.2313205007037321,0.21926677041844744,3,5
2021-05-14,XLK,0,0.022021421752792092,0.021782452181011713,0.022410140455758558,0.01680565364265642,0.013308943701506815,-0.00047790752768117617,0.0161290194531991,0.010703155294082155,-0.2559618582599158,-0.12234938872780055,4,5
2021-05-17,XLK,0,-0.007353992969516998,-0.007381166882289847,0.01944684113413207,0.01687420258578781,0.00666725047093597,-0.004660435510419059,0.010874399322012165,-0.0014794863077250248,-0.03303810259763418,-0.17485528315400556,0,5
2021-05-18,XLK,1,-0.008001096455685808,-0.00803327699594547,0.019724349483593317,0.016175677967069316,0.0004183915323949794,-0.010500942668489333,0.013592349887416125,-0.010859136246777359,-0.2784744762466804,-0.37885661183354047,1,5
2021-05-19,XLK,1,0.0035101776683370556,0.0035040313735636985,0.013049792033126083,0.01626825573944145,-0.0006395450397036484,-0.005476915056909726,0.02253073172267575,0.019344467086069198,1.6054936441399992,0.4681564653479702,2,5
2021-05-20,XLK,0,0.01912619171494878,0.01894558535136337,0.014225370508111708,0.01720729180196359,0.01261519059468208,0.014227620787069295,0.01860495470093068,0.015047058959253571,-0.44972074346330426,-0.20164602806066056,3,5
2021-05-21,XLK,1,-0.0054769731434760605,-0.005492026751515056,0.011462737937195542,0.016954207077287356,0.006756454763074737,0.010798847948281898,0.012351038620899908,-0.0105347061513518,-0.15924460132396812,-0.3123098309500433,4,5
2021-05-24,XLK,1,0.01776933538632597,0.01761330638931735,0.012677510688074729,0.01579927783907439,0.019176127091715678,0.026406122605405313,0.013399331777971075,0.009394066540406453,-0.0649826128749541,-0.3341755332534754,0,5
2021-05-25,XLK,0,0.00028843647644083426,0.00028839488663745527,0.010907709216814186,0.01570804368654132,0.012398345365521868,0.024017880088170962,0.008263341024675339,-0.003736468199343358,-0.14991306977095775,-0.38508899034912647,1,5
2021-05-26,XLK,0,-7.203115862119969e-05,-7.203375299003056e-05,0.011308094211866938,0.011544194946829092,0.006051966970940681,0.0184306854753864,0.007634119639890396,-0.0015124717654720378,0.18367746180796396,-0.2018673500345961,2,5
2021-05-27,XLK,1,-0.005265399627354839,-0.005279310697019923,0.009527146167755832,0.011648424506965675,-0.0006521379775543679,0.0094643959220988,0.008735138736338334,-0.0044037004875608155,-0.14700181799059453,-0.2699227138870671,3,5
2021-05-28,XLK,0,0.003552948111255505,0.003546651301532755,0.008706628932571611,0.009716733210964357,-0.000303420501057694,0.011259657544237411,0.006276568165042831,-0.0015150906351810804,-0.1877653109752876,-0.37653793528638724,4,5
2021-06-01,XLK,1,-0.004913151620564604,-0.004925260829188538,0.0037536566543915984,0.009489007122143489,-0.003934410185416293,0.00428055093091495,0.012228434009471162,-0.009351194157712565,0.3995402597965867,-0.10716089144182095,1,6
2021-06-02,XLK,0,0.006898031447527542,0.006874348874980285,0.00529308338539223,0.008885674070046931,0.002907435681627435,0.007702947938565297,0.010797030683876812,0.004855059195255888,-0.21764259262128705,-0.29347050378235573,2,6
2021-06-03,XLK,1,-0.00930256697987697,-0.009346106083401473,0.00675090441632729,0.009770453416386467,-0.004608060340472897,-0.0038501889127281475,0.011341423357117667,-0.0012359008736724272,0.2597492622447566,0.017152433739409556,3,6
2021-06-04,XLK,0,0.019216824538454746,0.01903451329218875,0.011095224710385768,0.009787863268732518,0.011427618179893129,0.013030213619449116,0.014180230341255054,0.01302273937100936,-0.12094770933559729,-0.0636000978050798,4,6
2021-06-07,XLK,1,-0.0002145451659464337,-0.0002145681840532987,0.01118353795781098,0.009461108981744192,0.008893140735293459,0.010036029970951654,0.006004262863028857,0.0006433995754588053,0.05377997961118175,0.006690768925854851,0,6
2021-06-08,XLK,1,7.134166724798163e-05,7.133912255241626e-05,0.010581663060916008,0.007870527596206926,0.0056602232209237435,0.009096094433317381,0.011659315704185613,-0.004692191418498911,-0.2445179904955872,-0.21027513430272582,1,6
2021-06-09,XLK,1,0.0007147245717371575,0.0007144692777663053,0.010421081248241214,0.007867242716523545,0.004315665242309086,0.008762989597592474,0.006397454814762109,-0.004122736724917904,0.09669085435715408,-0.12237523371206671,2,6
2021-06-10,XLK,1,0.0073520376261388964,0.007325143136596601,0.00831535736778621,0.008094649672396221,0.006289145381007666,0.01436078742734459,0.01132556695493413,0.005271069850995571,0.15486408423295162,0.03243233344321128,3,6
2021-06-11,XLK,1,0.005951479001615301,0.005933838905633593,0.003589260919685379,0.007776002466772013,0.009470985125380693,0.017428793946790533,0.005590606174869548,0.004670608403596543,0.07318587367188756,0.10047472671383617,4,6
2021-06-14,XLK,0,0.010142988025988009,0.010091893135713903,0.004342383794959336,0.008106625890688342,0.014774627490092396,0.024071715885523925,0.013299552329400006,0.00914786465536837,-0.055699717369386614,0.018758581337708025,0,6
2021-06-15,XLK,0,-0.006136086934125373,-0.006154990082802847,0.006433001026155284,0.008257012308396995,0.004949629858607363,0.014304032798978517,0.007187709402384695,-0.005373372338190555,0.3196926469816044,0.3189054543609873,1,6
2021-06-16,XLK,1,-0.005402419226753219,-0.005417065065962845,0.007596551461053082,0.008598632868497382,-0.002813764053069212,0.0066108259349464404,0.01890764810454963,-0.007282972848011244,0.2734290034218414,0.5556534898265375,2,6
2021-06-17,XLK,0,0.011568931334868804,0.011502522940761928,0.00847017926751058,0.007997850573661262,0.005511484081480944,0.013922039381636386,0.018677037677062937,0.01450291973434703,-0.17386006207428084,0.2532765373853114,3,6
2021-06-18,XLK,1,-0.00913523578152331,-0.009177217921339853,0.009833552829529421,0.007108717019685556,-0.0038417901224263584,0.0031913426828622526,0.0094597858594624,-0.00434454731138567,0.31217458176271107,0.5282074473005334,4,6
2021-06-21,XLK,1,0.010716911126886774,0.010659892051986475,0.009980766652221357,0.0076380376184412594,0.006547728091079952,0.011355619262414018,0.017337313874550578,0.010289708366675079,-0.4102783355591211,-0.10202636572309698,0,6
2021-06-22,XLK,0,0.009068716867519644,0.00902784298463466,0.009836297500241672,0.007836460274911342,0.012291323729144876,0.01700704721170032,0.011377842290407593,0.009702634670854401,-0.24623655913978493,-0.3248717335092194,1,6
2021-06-23,XLK,1,-0.0011059537615062398,-0.0011065657796516248,0.00903402971707828,0.007928563231077846,0.006958543592361588,0.012574443949726177,0.005737207724889947,-0.001244160351554404,-0.10614706263779017,-0.38989127067258755,2,6
2021-06-24,XLK,0,0.0062977744403027724,0.006278026328254249,0.008234626543919973,0.007875560194012194,0.010114925506229833,0.015728186005386835,0.005019912919342577,-0.00013756204588654333,0.4845846935074356,-0.10089800365527901,3,6
2021-06-25,XLK,1,-0.0011691371304370923,-0.001169821104410218,0.005612010519293624,0.007920589162171053,0.004190140952941235,0.012052186079188898,0.004466391135412029,-0.002061451620107421,0.17157749002361755,0.0360318836655269,4,6
2021-06-28,XLK,1,0.010466235603614482,0.010411843749225547,0.0055462430667416315,0.00795589727689574,0.009951581016691913,0.020083742352213996,0.007680141967528904,0.006308702992482564,-0.12709755453294225,-0.1029505892034609,0,6
2021-06-29,XLK,0,0.007291345994698162,0.007264892640700182,0.005245993766823509,0.007450251983268744,0.012895934642179752,0.023572112910874354,0.009534794517643838,0.006742528644133514,-0.21725834965836877,-0.2704801714770899,1,6
2021-06-30,XLK,1,-0.001082450577331917,-0.0010830368500709397,0.005239882995420901,0.006962821362653583,0.0074229920069486255,0.018121810920939563,0.005555981737010386,0.0004743365130145822,0.12049810767916003,-0.1296761651889432,2,6
2021-07-01,XLK,1,0.001693054628900681,0.0016916230275381139,0.005218940864498267,0.006501023616425438,0.005684191133094707,0.01650067001297062,0.006781499759052701,0.0030516541960788454,0.056566426963027494,-0.04866316106162283,3,7
2021-07-02,XLK,1,0.01318380525689733,0.013097655260137842,0.00594665961631186,0.005511867475960682,0.012567628081996851,0.02424963590949125,0.009621805428359049,0.008343463422847733,0.0982589416152484,0.11828830137432211,4,7
2021-07-06,XLK,1,0.0038035251504431322,0.003796310038111983,0.005513304997127591,0.005215433339583862,0.011389333875708063,0.02319417428611903,0.014316114005451628,0.0016646691449753693,-0.07115805946791864,0.04241089461907821,1,7
2021-07-07,XLK,0,0.005450991983556808,0.005436189096003297,0.00538006434500161,0.005011355128105993,0.01223379348900644,0.024173886193215477,0.010040321544283397,-0.0009247598270220365,0.25383721126143577,0.24543332189746203,2,7
2021-07-08,XLK,1,-0.009454381640860876,-0.009499358013976611,0.008172541920104864,0.006515505866239954,-0.00022677191321929246,0.010842661929665987,0.013703288854923525,0.006381488803592821,0.14797296389362935,0.3315077204100303,3,7
2021-07-09,XLK,1,0.009210764371243796,0.009168603969700762,0.008568771260457495,0.006709366563353425,0.004570909762221964,0.016176704659214725,0.012830781721308474,0.010425003775438835,-0.42785405766056817,-0.2230267288724278,4,7
2021-07-12,XLK,1,0.0007938991373437343,0.0007935841661161902,0.007067656769324522,0.0065705755437108285,0.0034217436983607907,0.0128379468562978,0.006851075528491365,-0.003162027127070629,-0.0159782319605557,-0.2053384969203521,0,7
2021-07-13,XLK,1,0.0040971640986322555,0.004088793577616379,0.007087985711825588,0.006186196066570342,0.0055192817247435855,0.013467077555807228,0.013967964017298008,0.005825532219217468,0.5803983533618862,0.2290235427839693,1,7
2021-07-14,XLK,0,0.007371275789962217,0.007344240710636996,0.007366924633888002,0.0061916899973788195,0.010510401242617817,0.017381704854603663,0.009467203666572553,-0.0006529518224369548,-0.1523403583550399,0.01666353728981229,2,7
2021-07-15,XLK,0,-0.00823195319467751,-0.00826602282326494,0.006879141629374519,0.007123188183737961,-0.00042136701713202385,0.006237656248077483,0.013147530367863761,-0.007064375958664732,-0.029534096905360574,-0.024845534135318648,3,7
2021-07-16,XLK,0,-0.009881594322698417,-0.009930741310969715,0.007588088821613575,0.008183106300666909,-0.009124345686199797,-0.005281463454322011,0.017554328209015507,-0.011834339115889145,0.20583390638243437,0.1451247682095067,4,7
2021-07-19,XLK,1,-0.013772395263122239,-0.01386811457099757,0.009257934523910551,0.008393007993475667,-0.018773272076746617,-0.01792167279136203,0.010437028544139268,-0.001885386772968917,0.6083127768494205,0.694114951713463,0,7
2021-07-20,XLK,1,0.014841888212188348,0.014732825199135213,0.012359153021720814,0.009724213310385942,-0.0022153237784620083,-0.003345776043318427,0.021145155874823233,0.009800573559203425,-0.3932712129957945,0.007840494427824751,1,7
2021-07-21,XLK,1,0.009638770931268636,0.009592614336944472,0.01281902625651607,0.010067137127299366,0.008981549101144903,0.005840931092476298,0.012103527188388667,0.010041961924971851,-0.16863736442958488,-0.14663221759832146,2,7
2021-07-22,XLK,1,0.007374293667146592,0.0073472365005073925,0.012663346476515484,0.009622150848964714,0.014804132614822052,0.011128905245772813,0.006044666145809262,0.005256261943486537,-0.21711623344776854,-0.29498796493268464,3,7
2021-07-23,XLK,0,0.009934819327997113,0.009885793451860359,0.011168623268167364,0.00968376108154129,0.01918062644574281,0.018938637484789078,0.009565338956023945,0.005465978895846647,0.31305727828937746,-0.09297572219649863,4,7
2021-07-26,XLK,0,-0.0005179625373200603,-0.0005180967262541358,0.005609461306022179,0.009714014839734528,0.010375803354772506,0.0163199280188282,0.007590982494517409,0.0020112732678458428,-0.2848873268554889,-0.3484327726708939,0,7
2021-07-27,XLK,0,-0.009453155681273362,-0.009498120353836015,0.008336292191069898,0.010327899354923167,-0.0025036193288566766,0.0060239712645180354,0.02106969205834684,-0.008233415056472853,1.0114528431961216,0.2837457119296707,1,7
2021-07-28,XLK,1,-0.0012419497462883289,-0.0012427216050143741,0.007694500728829762,0.010068430806254792,-0.0049234147506227455,0.004952953689347561,0.014833720777419505,-0.0015683558457724588,-0.22933365764132274,-0.018008207448689362,2,7
2021-07-29,XLK,0,0.004646713869800978,0.004635951222656587,0.007231807346014072,0.00973523286019891,-0.0009502622618795531,0.008495042540811903,0.00923805029811772,0.005700026792605241,-0.13704702608096864,-0.14973885633918282,3,7
2021-07-30,XLK,0,-0.000651291594318093,-0.0006515037768215493,0.0050687800644205845,0.00898067919793238,-0.0001432786039043954,0.005789698907976426,0.007081050359304855,0.00576966692481485,-0.15641780127341942,-0.2568324577808956,4,7
2021-08-02,XLK,1,-0.0035855729582606743,-0.003592016532194542,0.00511418998530798,0.007425908727612909,-0.0016591049390850543,-0.0008432529995661131,0.010772948936083408,-0.008047181931628662,0.20262494087970984,-0.019761855426679742,0,8
2021-08-03,XLK,1,0.006411415076701621,0.0063909493845120124,0.0042218300545573606,0.006344382073795891,0.0036273380876072903,0.0033328361518349947,0.013191433475149488,0.004571259230206921,-0.11309933470979583,-0.102583446773303,1,8
2021-08-04,XLK,1,0.0020152078191422174,0.002013180011710247,0.0040132007666352785,0.005792672397583477,0.003881525443910183,0.00387498709495282,0.00845750435869658,0.0027974279942729165,0.046005468923213444,-0.054152263876381834,2,8
2021-08-05,XLK,0,0.005514327900481009,0.005499179657123321,0.004183950712208372,0.005609831979732494,0.00746201263054358,0.008104151277545268,0.00699382583261043,0.003691279180013496,-0.4105168332921185,-0.4285807234815603,3,8
2021-08-06,XLK,0,-0.0008386009636662806,-0.0008389527861609736,0.004213694775193911,0.0047351535215543515,0.004710213539357966,0.0070360611187614275,0.004078922864819179,0.002654604533574523,0.13906451322925717,-0.32017096768424624,4,8
2021-08-09,XLK,0,-0.0032285748647318258,-0.0032337979576881892,0.004098895547709082,0.004858694258392609,-0.0004919530017770679,0.003836964036421975,0.0071594469712276745,-0.004385917861375903,-0.05321723575524806,-0.34584891874502444,0,8
2021-08-10,XLK,1,-0.007191334478856892,-0.007217316764457138,0.004861328606295987,0.004403153972634356,-0.006933800925506106,-0.003556883023045687,0.012739273334703573,-0.008988614815925068,0.4477786113194966,0.018009112008940065,1,8
2021-08-11,XLK,1,0.0001307186573107355,0.00013071011437126856,0.004662749814442573,0.004375031807296628,-0.0056828750420364615,-0.00373753681694855,0.010209338521864085,-0.003316390368606227,0.039361314218818944,0.0912263451432993,2,8
2021-08-12,XLK,1,0.005741371115241645,0.005724952258623794,0.004743942538522658,0.004506958533041319,0.0011169537632114146,0.00155923417658399,0.01149506732812336,0.006792458245620959,-0.3585619853022638,-0.26226931979867907,3,8
2021-08-13,XLK,1,0.005449198300108815,0.005434405135311238,0.005582353497530287,0.004750369405983751,0.00640233521784328,0.005977724361907244,0.006158813278717585,0.004797442419215965,-0.18955640634445436,-0.3719830470666964,4,8
2021-08-16,XLK,0,0.004516541031364785,0.004506372067452524,0.005473487288247034,0.0045605878388946764,0.009204704814267162,0.008661979333382419,0.015521984420284421,0.0069202390247638055,0.6860481636712368,0.09188647085749513,0,8
2021-08-17,XLK,0,-0.008285595343650476,-0.008320111679908315,0.005922777597898609,0.005244826099747469,-0.0006471376515635452,-6.465310585623829e-05,0.010016821744434324,-0.002197308935049173,1.0068465735532661,1.0018197788527408,1,8
2021-08-18,XLK,1,-0.013795194126097199,-0.01389123208098475,0.009136328058943566,0.00683871899681904,-0.013155974611170573,-0.012663251961288036,0.017073420791042047,-0.011490451121898454,-0.2924220316387265,0.3850339241463485,2,8
2021-08-19,XLK,1,0.009785001402370375,0.009737438294512124,0.010046290399936295,0.007413695339571426,-0.0029957261750279685,-0.002206385835428426,0.0206035479633652,0.015386660131743723,0.43095570127288374,0.7545056352272645,3,8
2021-08-20,XLK,1,0.012877535953428332,0.012795325513676126,0.011572988904800994,0.008577414636130905,0.00886189940257065,0.010065902979769614,0.012375299387255895,0.009070942001375011,-0.2343890933595978,0.2610721854406419,4,8
2021-08-23,XLK,0,0.012905943506829276,0.012823371505453096,0.012754562613347706,0.009266999039746572,0.019162165856807967,0.020857289596320383,0.011719512664648839,0.01024659728502012,-0.26859588067220064,-0.10518381073872207,0,8
2021-08-24,XLK,0,-0.0011409013120364797,-0.0011415526353832917,0.011560823214603394,0.008768863782025921,0.013846617862441013,0.016849812436076306,0.004431859579336575,-0.002405758983002414,-0.11714063541435238,-0.20417298076730506,1,8
2021-08-25,XLK,0,-0.0005715039169257308,-0.000571667287536215,0.00708029066398555,0.008795550270969874,0.006519052240910872,0.013515122275967961,0.007217926883794769,-0.0029125408810718755,-0.011177519135996627,-0.20375830403490813,2,8
2021-08-26,XLK,1,-0.0062862192112213,-0.006306060682806702,0.008807367951305167,0.009155761145792987,-0.0032864379231696272,0.00562944744682059,0.007947104414494269,-0.005086069216834784,0.2784823549372244,-0.024114251302357337,3,8
2021-08-27,XLK,1,0.009649044398182927,0.009602789673849976,0.008037952423315693,0.00944643685215016,0.0034421555786308122,0.013372646955099432,0.011172827334770983,0.008746696510751587,0.16855498233332789,0.06730745921310999,4,8
2021-08-30,XLK,0,0.010759520926659771,0.010702049159636573,0.00740295289596658,0.009832183383418822,0.011732800198053006,0.02164844420414247,0.00896067494167343,0.0077616944409941175,-0.2883141218556584,-0.2434670678652323,0,8
2021-08-31,XLK,1,-0.005260219300483704,-0.00527410296283648,0.008103047861077997,0.009501344831030526,0.004768686412535583,0.013383002827239254,0.008072644056859327,-0.005882368106725201,1.1912275102724696,0.6220194810659807,1,8
2021-09-01,XLK,0,0.00025210529335462084,0.00025207352015588214,0.008054618537379573,0.007610266930558425,0.0032199185186962964,0.009369528501694369,0.008531463390680701,-0.0031993585967542743,-0.07651904783578356,0.4262156341204191,2,9
2021-09-02,XLK,1,-0.0010699077782115873,-0.0010704805381092086,0.0070120720825558236,0.007514051779188957,-0.0006799316226999697,0.005116380358888506,0.010094680261457318,-0.004765250106268101,0.0729331979615373,0.5040299346836918,3,9
2021-09-03,XLK,1,0.003968999654379912,0.003961143954571256,0.006029763464822483,0.006727677741603093,0.0015712576075623819,0.0067978614858721365,0.008136705820370725,0.005172242708114675,-0.025944436278112604,0.40264537245034293,4,9
2021-09-07,XLK,0,0.00025081776421287394,0.0002507863146963274,0.0033167548121471433,0.005613241221994648,0.002200455312723948,0.006001726791456274,0.006831786749174108,-0.0009402015192990922,-0.0699369953972685,0.23186875923661088,1,9
2021-09-08,XLK,0,-0.003826741686647095,-0.0038340823959321924,0.0028121166811469083,0.005791423461750611,-0.0015468558792145481,0.0013810229908222116,0.011105464672141883,-0.003701917295795705,-0.41859262339137404,-0.29231111056250236,2,9
2021-09-09,XLK,0,-0.003778263232590895,-0.003785418898798021,0.0032369051833324837,0.005961267616533529,-0.004430386402686559,-0.002848963349305622,0.008747636520074095,-0.004468165401822796,-0.026634340333496098,-0.31843968426310754,3,9
2021-09-10,XLK,1,-0.009861741167630389,-0.009910690218175588,0.0051694489026215115,0.00649462277347909,-0.011635930935482874,-0.012769715463112119,0.018796789812612447,-0.015339173502601293,0.5303467431233762,0.011978893258806522,4,9
2021-09-13,XLK,0,0.00031923932139421574,0.0003191883753643765,0.004160479759069944,0.0055771003766656915,-0.007965101399921015,-0.011632240938823535,0.01634774877278038,-0.007223511567170961,0.325382606761045,0.2765974244512466,0,9
2021-09-14,XLK,1,-0.0012764487678366132,-0.0012772641224776393,0.00387349879149897,0.003821893548401254,-0.005554326038610724,-0.010884713001512836,0.010231970434703343,-0.00552914103736488,-0.18580427426693402,-0.007634574175972131,1,9
2021-09-15,XLK,1,0.00875513737364697,0.008717033400598595,0.006765480508460781,0.004917696781962886,0.004352098357012224,-0.00158750056610657,0.01178263110279911,0.005350051755100946,-0.11352242887215436,-0.09278176502008306,2,9
2021-09-16,XLK,0,0.0005697885176385586,0.0005696262497973947,0.006624119591885227,0.004925025166520049,0.0052442666477487965,-0.00041162993828625094,0.011316668925395684,0.004132552501868181,-0.011665197806502103,-0.08226254681435086,3,9
2021-09-17,XLK,0,-0.015575102078233205,-0.015697668300560075,0.008816218687754113,0.006843027786939809,-0.008961776425013168,-0.01395214084977281,0.014536871096794366,-0.013013413747497793,0.4034033910060315,0.2814495992183401,4,9
2021-09-20,XLK,1,-0.018214394574314396,-0.01838231887767794,0.011406515331378597,0.008147903299288165,-0.02198596537401054,-0.02777394388660781,0.021970841373640297,-0.0035963370124181583,0.5739046022150642,0.8643940225487274,0,9
2021-09-21,XLK,1,0.00039349497656382404,0.00039341757771982344,0.011571479640181286,0.008156807194790205,-0.016849264134415565,-0.02322829444370267,0.012001802669048992,-0.005674744837530869,-0.4826097439261664,-0.028950993463900954,1,9
2021-09-22,XLK,1,0.013710434260636006,0.013617296596445172,0.013131268776756,0.009946673940999236,0.0005572768919546167,-0.007303996427306836,0.01657211766241371,0.008220750777798009,0.5166946626930371,0.3549756893817493,2,9
2021-09-23,XLK,1,0.013395285737679119,0.013306362122346371,0.015280698377734601,0.01111463110395627,0.015357273123101756,0.006842234165981953,0.013648329956844533,0.008176168528229742,-0.3021228555300708,-0.09122798202739812,3,9
2021-09-24,XLK,0,0.000702639892516066,0.0007023931566783048,0.01303718265013654,0.010647595692386673,0.014094235209453077,0.007319750895591115,0.00893028875139476,0.0068102335942767725,-0.40348110985973173,-0.4438568624905499,4,9
2021-09-27,XLK,0,-0.009699318798920165,-0.009746663581664983,0.009920512155308404,0.01110480293939877,0.0006191654951945846,-0.0016709609668140724,0.00997492153836168,-0.0012870644766571164,0.28857574405272723,-0.25631058728432266,0,9
2021-09-28,XLK,0,-0.029641480994127223,-0.030089668550082216,0.018124556112471473,0.014396436443047467,-0.02671873830112015,-0.027750871587205572,0.02010445099483422,-0.01703655784819198,1.5434965034965034,0.7229531286514619,1,9
2021-09-29,XLK,0,-0.0012614388038547641,-0.0012622350874957888,0.01591946191136318,0.013779602447530298,-0.02272928116573747,-0.02445959428495381,0.01230077724863288,-0.005356873099778308,-0.3450744424020571,0.08591737268083355,2,9
2021-09-30,XLK,1,-0.00718077721106225,-0.007206683082429777,0.012073010327271918,0.013676469914449287,-0.020479841737587323,-0.02619520437120826,0.017781512455864193,-0.012956051499825606,0.33598272829042064,0.34959304936719904,3,9
2021-10-01,XLK,0,0.015068400407906024,0.01495599978761497,0.01611564805241573,0.014533775609706274,0.001030427886395291,-0.009171377108818102,0.023755488750130456,0.01141069469439912,0.36115467027376424,0.6819787410915825,4,10
2021-10-04,XLK,1,-0.023157791838846253,-0.023430146471002722,0.017809557681361665,0.015204828419775718,-0.01285436844534682,-0.02937569818635455,0.026542800802934304,-0.017518244479826656,0.1162875573281037,0.7782517634367929,0,10
2021-10-05,XLK,1,0.014250872496410327,0.014150283342067915,0.01595730098921911,0.016128302800397957,0.001774327381810492,-0.014076280724345414,0.01894039867237428,0.01220003741673927,-0.3506982057392709,0.0987754721131604,1,10
2021-10-06,XLK,1,0.006526054042455209,0.006504851547531665,0.016236651800989495,0.015530269307241027,0.007304012633084778,-0.005435052559864317,0.022298554999689562,0.01825647676169933,0.21348014681348015,0.2820070745480987,2,10
2021-10-07,XLK,0,0.009130199739513456,0.009088771440701748,0.015789035740721363,0.015110334501063395,0.012170345339015398,0.006340519078484652,0.009576325918752506,0.00045908475893646463,-0.5026696796384433,-0.36315698163117804,3,10
2021-10-08,XLK,0,-0.003737425412007389,-0.0037444270371747024,0.014811099283316661,0.015070093825874039,0.007865852028297038,0.00573127229314685,0.009926783321202304,-0.007575682081445583,-0.07384547337099656,-0.4227025306422193,4,10
2021-10-11,XLK,0,-0.005527691992653017,-0.005543026216721536,0.008490325626335574,0.014920119224619586,-0.001757208116525577,0.002873360496309152,0.01414595060098125,-0.0010576656755715943,-0.1875461294664178,-0.5309071835066432,0,10
2021-10-12,XLK,1,-0.005161432206500782,-0.005174798410051196,0.007014477957717096,0.011626529728747285,-0.007132552496241118,-0.002137360760797513,0.011930640554301061,-0.009030454916269776,0.19256409228755023,-0.40250105253575774,1,10
2021-10-13,XLK,1,0.006119525113756019,0.006100876860246629,0.0069252747473247745,0.011778260401540154,-0.0012017733928080254,0.003396341668124192,0.010464280903190116,0.0017881250668879438,0.09343878476928769,-0.33444205108693204,2,10
2021-10-14,XLK,1,0.022544020578163515,0.022293659918297237,0.012003199051337564,0.013246502718227443,0.018436931508720944,0.022388515920106933,0.014136149338804128,0.012238187695284784,-0.221518727973117,-0.4475621734290972,3,10
2021-10-15,XLK,1,0.008017376070749371,0.007985407666027733,0.011533005067823671,0.012746777367072729,0.02128945160092255,0.027637296651754628,0.0077314406052079255,0.004509998827154528,-0.15910825678414442,-0.4727809205705874,4,10
2021-10-18,XLK,1,0.008466254834422537,0.008430617103096338,0.009855273625782144,0.008908586371807737,0.021757014504703687,0.03011137816863374,0.017414841751568124,0.014125403355536198,-0.08991173156379118,-0.4277771764265963,0,10
2021-10-19,XLK,0,0.009921712305103192,0.00987281527970918,0.0065871297146132025,0.008565035492173766,0.020684941635167986,0.034489554016051915,0.009260967406296125,0.007231204781377792,0.1350965589585733,-0.28050080553563217,1,10
2021-10-20,XLK,1,-0.0027709009541428964,-0.002774747006521139,0.008997455682373558,0.008952744877570676,0.008662975451700028,0.026806658182011667,0.009500405710592599,-0.0037120695157163413,-0.08908146105716064,-0.2266673526215266,2,10
2021-10-21,XLK,0,0.003852234132202925,0.0038448332787561768,0.005143206421533843,0.008817109893505782,0.0070447349636422185,0.026482272603364665,0.009501488860416726,0.006904488695718067,-0.16649758012207494,-0.31172860276072145,3,10
2021-10-22,XLK,1,-0.0034602447470797326,-0.0034662452400500143,0.006191743848694764,0.008789874887866088,0.0003913531698209738,0.01868746804294208,0.011390796904453474,-0.003083639101296661,0.24610902705722726,-0.10589138119379604,4,10
2021-10-25,XLK,1,0.003282502850838531,0.0032771271988725204,0.005483353310199025,0.008122721614502974,0.0015247711658725738,0.01692394491512994,0.007483821662260928,-0.0005031245444842033,-0.17239391513210567,-0.23464219922640872,0,10
2021-10-26,XLK,0,0.0028316719089023223,0.0028276702784255647,0.003552944066592055,0.007360320573773486,0.003614490547210636,0.013938598601851204,0.008562469482421875,-0.003874969482421875,0.27598483089544157,0.011514280499345775,1,10
2021-10-27,XLK,1,-0.000878391141837076,-0.0008787771533995681,0.003163992631462108,0.007661564078002423,0.0016102784076523768,0.007931002526602393,0.00864393946489771,-0.0025680452176286665,0.32286043549463206,0.35971508950210795,2,10
2021-10-28,XLK,1,0.010047539101344816,0.009997398162658655,0.0051120950431073975,0.005108589538233521,0.009287077866809934,0.014097804191316898,0.0065539167826957475,0.003932273875679876,-0.2688674919761578,0.013404766103752186,3,10
2021-10-29,XLK,0,0.004289923482189817,0.0042807479925208725,0.003946481149935221,0.004909401037283289,0.009663363399263103,0.014852215699161286,0.016074329065004878,0.014253449395689273,0.5781230402608806,0.5110197758516646,4,10
2021-11-01,XLK,1,-0.0014856033767554067,-0.0014867079795886085,0.004650672148674831,0.004811647553389551,0.0051977343999600745,0.010766306209938126,0.00705750881114072,-0.0014858261312314437,0.21306589574702706,0.6724077241991395,0,11
2021-11-02,XLK,1,0.008804072801802398,0.008765542934216164,0.005326948724945337,0.004631331700406968,0.00985598510352581,0.017166430200015403,0.009906545464267875,0.007429956336110576,0.09800501203872036,0.6797191635544051,1,11
2021-11-03,XLK,1,0.005838739195798803,0.005821759818147143,0.004526993683387942,0.0043440151475631975,0.010209701283244499,0.01972043848479421,0.012025318411007672,0.0041106702642169845,-0.031177045340970988,0.49654416771415044,2,11
2021-11-04,XLK,1,0.015641832958562585,0.015520760388587185,0.0062829939261892336,0.0058467646228508195,0.019241711564981445,0.031007004662567228,0.016009189454382185,0.011809121352700763,0.10442441086124732,0.492332210541208,3,11
2021-11-05,XLK,1,0.0051740638633446245,0.005160724387994087,0.006213153128036095,0.005136444248416397,0.01758917704430285,0.030798153735298595,0.011825196831450165,-0.002150027503000907,-0.15571913535066262,0.1874756118365195,4,11
2021-11-08,XLK,0,0.005386522915128422,0.005372067486999477,0.004426863632571076,0.0050849683721771325,0.014800853431989669,0.03059634223437535,0.0062045613603244525,0.0021477187736455706,-0.4723740484486203,-0.3808752905250329,0,11
2021-11-09,XLK,0,-0.00410757981156773,-0.004116039090242829,0.006988537455736118,0.005906541028608114,0.005070694949923071,0.021406239421436046,0.011710166264841901,-0.005587603074832467,0.31625068460996797,-0.199171704669872,1,11
2021-11-10,XLK,1,-0.016498369717728667,-0.016635983521178233,0.012075355313352128,0.008901838959210373,-0.012543547889481976,0.001320588016395341,0.01686748826360128,-0.008855429040380272,0.5329489389526243,0.18074747219459852,2,11
2021-11-11,XLK,1,0.00468007472681875,0.004669157226985909,0.009499997599485955,0.00860734070626931,-0.006825432552242883,0.0032835881194732686,0.004525978936776166,-0.002474223918277498,-0.608209765479588,-0.53170638558606,3,11
2021-11-12,XLK,0,0.012159691981353582,0.012086356816962684,0.011037653198171696,0.00910678856820086,0.004973523411230918,0.01193317559241347,0.012179613743342853,0.008803083517325096,0.2118410894910825,-0.4109689604378117,4,11
2021-11-15,XLK,1,-0.00101594872390387,-0.001016465149612955,0.010668739606533835,0.009079048736508284,0.0049666182461847175,0.007340893053166431,0.012084765037079186,-0.005000573635286228,0.020091145195276106,-0.3625471574855874,0,11
2021-11-16,XLK,0,0.010529982632583534,0.010474928507539616,0.0115590245510112,0.009204375539676594,0.013586497037566314,0.014164671039657684,0.013717554279572015,0.011740693820620113,0.08395381979471916,-0.2588115626885298,1,11
2021-11-17,XLK,1,-0.003019341178539081,-0.0030239085851384573,0.006743347022786594,0.00940810151027098,0.005866048956080228,0.008239021286300163,0.009432261190049716,-0.0010678526828565335,0.13878630306969608,-0.10415066361577341,2,11
2021-11-18,XLK,1,0.009976788023389194,0.009927348434014327,0.00714973260189922,0.008698981147803889,0.01014486683856064,0.015956001794728225,0.012812931985858051,0.0041922928159448215,0.2948669719415222,0.2219724903167677,3,11
2021-11-19,XLK,0,0.007290930027319176,0.007264479684243597,0.006340201769421388,0.00880112944665138,0.012697765168529607,0.020783860735564152,0.010839033178480636,0.0036911466478044613,-0.11267281105990778,0.12928087758867113,4,11
2021-11-22,XLK,0,-0.011149435949317055,-0.01121205680350279,0.009484873824329408,0.009712741002375819,-0.0012618257868712845,0.008549332123719111,0.02878239953025855,-0.015001755408472506,0.6061102141736194,0.6490163257925265,0,11
2021-11-23,XLK,1,-0.0023021371019665837,-0.0023047910936018212,0.008533656294896745,0.00962602505811701,-0.0036902877286926206,0.005198159863564866,0.015881528501157406,0.0015407081886574074,0.027703187166978394,0.5809262431225994,1,11
2021-11-24,XLK,0,0.007277778224311859,0.0072514229908149375,0.008812700303177979,0.007509466140926068,0.0013765070615323616,0.009086830294277926,0.0184524172828311,0.013333366030738467,-0.3761585236561126,0.02820764597324321,2,11
2021-11-26,XLK,1,-0.024964639504808317,-0.025281541467372826,0.013649413971527332,0.011667151735435564,-0.018913462941931525,-0.01650692303016399,0.022525468293252453,-0.010845552064287504,0.35780933062880327,0.28952078879657295,4,11
2021-11-29,XLK,0,0.025001365560432642,0.02469394484356524,0.01886361972141768,0.013636287852776903,0.007007766067367749,0.006394235196542253,0.015849538889485194,0.009972649939607045,0.008559500641962536,0.21968463722147957,0,11
2021-11-30,XLK,0,-0.008346119706072685,-0.008381143574892391,0.01853376870454527,0.013994550103600243,-0.0005924024724425214,-0.002937084773565357,0.022241913111863937,-0.004601762709716076,1.1644208520484551,1.194429787890349,1,11
2021-12-01,XLK,1,-0.013691266119824963,-0.013785855865031671,0.019461650721883706,0.014261068285170538,-0.011229962263578641,-0.015138941574823983,0.032434010435758796,-0.023988248316074046,-0.2771127568119437,0.4373027506606544,2,12
2021-12-02,XLK,0,0.009194222661895513,0.009152213097250339,0.019730324070309557,0.014624637585681454,0.0005958426087093738,-0.005819133383576869,0.025474691159212654,0.01862077646109365,0.19926722307223899,0.5449960775523928,3,12
2021-12-03,XLK,1,-0.016732198665983966,-0.01687376324827561,0.017624504788632048,0.014999501822985444,-0.015137032711394105,-0.019586833905148593,0.034972090331814795,-0.019534457439148986,0.03408402386052356,0.4604324350383262,4,12
2021-12-06,XLK,1,0.009507598004985685,0.009462685245636315,0.012564434681907249,0.015181169249173445,-0.0016768800333313294,-0.007549074182621185,0.01998670096247108,0.006581706019403843,-0.2201279141737157,0.07395493641856299,0,12
2021-12-07,XLK,1,0.0349129332361644,0.03431730070170236,0.020938547701021323,0.01885043834537417,0.028496377574493303,0.0251959922954752,0.01605690894563314,0.01470415208314954,-0.24098686786383217,-0.1854081561963038,1,12
2021-12-08,XLK,0,0.004579146220370811,0.0045686938268625354,0.018377714575609314,0.018802055750780526,0.024775199701897677,0.027265585079872645,0.011820565908498724,0.00422989755356292,-0.18923704297514898,-0.328155732378298,2,12
2021-12-09,XLK,1,-0.010789635868587388,-0.010848266103659299,0.02021385090785866,0.0191748765359848,0.009539675018474192,0.015459475101722298,0.01567556327242763,-0.008329490980650783,-0.2605409774048216,-0.501701936586567,3,12
2021-12-10,XLK,0,0.020064983436272055,0.01986633451807851,0.017103362250801064,0.01766224040503644,0.018105473242335357,0.030408913145046235,0.013680502775498246,0.009466632057531024,0.440416254868903,-0.2822616668762047,4,12
2021-12-13,XLK,0,-0.014867164331306415,-0.014978788355747064,0.020917028367214163,0.01723305340516305,-0.0035051560445051866,0.01381133421921854,0.020257948758717052,-0.016891158531621105,-0.15347545668090057,-0.3852836183096032,0,12
2021-12-14,XLK,1,-0.016426948836642974,-0.016563367182011568,0.015572712842459188,0.017915901481138488,-0.016381207145495846,-0.0032706513313530694,0.02279664919855047,-0.0044065805725488644,0.29182797749594735,-0.13772889576292224,1,12
2021-12-15,XLK,0,0.026497667500532174,0.02615268519032643,0.02066404665314049,0.018843642059890385,0.008944435944799656,0.018628591501268277,0.03614602874687901,0.025650133837190992,0.04340316223039098,-0.06823909092766745,2,12
2021-12-16,XLK,0,-0.028343133272544008,-0.02875255461724624,0.02431435461199092,0.02139194431722529,-0.016880696328585687,-0.010862327243667202,0.03929205999337524,-0.031960604548358536,0.10628634492126143,0.08665333869787561,3,12
2021-12-17,XLK,0,-0.0066858921385976045,-0.006708342840041404,0.02075948177564205,0.02069969154134182,-0.015435771435808876,-0.019054375002699686,0.0193838205891326,0.004367400616120986,0.4331171903976263,0.5772956363045163,4,12
2021-12-20,XLK,1,-0.011894065923188757,-0.011965366256482923,0.02055392127029267,0.020924564411467516,-0.01979172747226121,-0.03025899934482268,0.010484822591145833,0.00345458984375,-0.2715654952076677,0.17016693630414825,0,12
2021-12-21,XLK,1,0.025306365751596616,0.024991461346824728,0.024120929570088538,0.019284810545722918,0.004264683264841862,-0.00429877293520331,0.024560778656004662,0.014461564610404827,-0.4851146721552485,-0.3707035057745781,1,12
2021-12-22,XLK,1,0.013077308710113478,0.012992538948969568,0.021132599131008723,0.019752091149005325,0.019365552849246015,0.009315943906939017,0.017813981562003894,0.014451701562457528,-0.20430913460394506,-0.48003311940478366,2,12
2021-12-23,XLK,1,0.005582163186325095,0.005566640652824084,0.014998917276695249,0.019472322959916175,0.019918351547148383,0.013864980774918712,0.00836189759750061,0.004238985535561678,-0.2679086736143299,-0.608049227793819,3,12
2021-12-27,XLK,0,0.021452597124605566,0.02122572903442599,0.014758894029714175,0.019625786347310974,0.03075048746303244,0.0343414504185382,0.017854092128880037,0.01739324384463472,0.35475767416212234,-0.44335772781398763,0,12
2021-12-28,XLK,1,-0.005208163201192106,-0.005221772958281079,0.012297075091981637,0.01896441882501612,0.01336700213091091,0.026684886466844526,0.009888123190454403,-0.007062945136038858,-0.13902582425037313,-0.5007360757546088,1,12
2021-12-29,XLK,0,0.0008537460980995171,0.000853381864193814,0.010422600257639891,0.01781739624283036,0.007123495149529813,0.02352500985546624,0.0092155138464033,0.0005120405035409264,-0.15184465339426734,-0.5416745121675439,2,12
2021-12-30,XLK,0,-0.0065958286567201485,-0.006617677260646104,0.011302554463034813,0.0161863170389313,-0.0026489218469778475,0.01611859320065645,0.011537361832941797,-0.006990598174894431,0.08656248064576055,-0.4563635480975513,3,12
2021-12-31,XLK,1,-0.004864598840689682,-0.004876469514655035,0.011714096172624323,0.012857117037763726,-0.008553296397415644,0.008139033102152249,0.006760285957831893,-0.0038957772711620954,-0.026922784617723017,-0.4065359265061693,4,12
2022-01-03,XLK,0,0.00948994740390896,0.00944520072603705,0.0066535960333379395,0.012501442748942273,0.0021469434168643886,0.01303242982289654,0.013440529901528666,0.008156221247350309,0.9821146148589281,0.37108821026756167,0,1
2022-01-04,XLK,0,-0.010597193729226406,-0.01065374385661677,0.007791254007954042,0.012315283295227198,-0.006123718318269078,-0.0023610751779433725,0.020759832467494146,-0.01228531209264624,-0.18001457926985442,0.2604825691796566,1,1
2022-01-05,XLK,0,-0.030749778753750845,-0.03123247416571484,0.014489629464507709,0.014528160576685416,-0.028276500676209015,-0.032237680649169986,0.026180158889382833,-0.025079564004281123,0.41929360884190303,0.701182196495169,2,1
2022-01-06,XLK,0,-0.005049844181027052,-0.005062637732621944,0.014561100994970022,0.01371870204082345,-0.02502212325455022,-0.034621475567864435,0.016349238216496254,0.0029345161438595526,0.005874286875116486,0.5920688615735004,3,1
2022-01-07,XLK,1,-0.009195596642446402,-0.009238137132204116,0.014429838542691453,0.013537873533667632,-0.02497349582286601,-0.03961790360178563,0.01983751979033753,-0.008544502445955796,0.2828015079605506,0.7936475253116524,4,1
2022-01-10,XLK,1,0.00018071980069511717,0.00018070347283938304,0.011767017850902424,0.01039168232718904,-0.013716212543100181,-0.033464151572619394,0.029854427275014316,0.015294260964862126,0.06601811824747617,0.7176895375544747,0,1
2022-01-11,XLK,1,0.011990900663678472,0.011919579385797796,0.015683952339064666,0.011885200052417647,0.00493045618205068,-0.017422470075956542,0.023500268340091154,0.01461969544367559,-0.40902238057437523,-0.02500086293890591,1,1
2022-01-12,XLK,0,0.004703688378086879,0.004692660603198284,0.008285766793642284,0.012135937451770797,0.009150116158501254,-0.008659695262184908,0.014539047034496677,-0.0027186256700633105,-0.05537391449218021,-0.11689722541023106,2,1
2022-01-13,XLK,1,-0.0258978692607017,-0.026239123814848497,0.014618630435578829,0.013977743889190118,-0.013326208134250228,-0.02842558687137875,0.03625970834940315,-0.03089443708689107,0.15424382716049378,-0.029867478005647707,3,1
2022-01-14,XLK,0,0.008456466567826837,0.00842091096364772,0.015067236054917386,0.014713272499413333,-0.004779272985508176,-0.01549000399008682,0.015987752590208654,0.015375157775411562,0.067269584483302,-0.019598038441631327,4,1
2022-01-18,XLK,0,-0.024010645062035207,-0.024303599454380098,0.018452930431573488,0.014943826720741077,-0.023775135738740127,-0.031222803936455823,0.018304287612142988,-0.009611308635175866,0.1048167005198779,0.06269478348210256,1,1
2022-01-19,XLK,0,-0.013969504213479866,-0.01406799606821263,0.01598072221653237,0.01504622449602472,-0.02751866796856195,-0.03659866017023383,0.030377675024542028,-0.017068144237261253,0.010820354577188107,0.037090525944921016,2,1
2022-01-20,XLK,0,-0.012913710468248407,-0.0129978172994214,0.013662831724459193,0.013016709698675863,-0.0266908462339851,-0.04276144668052029,0.03417422590137213,-0.0216229382052236,0.5066863236837678,0.4767889411836772,3,1
2022-01-21,XLK,1,-0.019878155806172693,-0.02007838423592645,0.0125342472690041,0.013653265132794324,-0.03404897161325238,-0.054234671585164373,0.029284479563879178,-0.017507002597044314,0.2767316333856258,0.7215384659511366,4,1
2022-01-24,XLK,0,0.00518377352110555,0.005170384019310248,0.011181135116898125,0.01426318304322669,-0.01594729048916732,-0.04299814760275,0.05930416661681284,0.02220618409303357,0.403960297063932,1.1344053474906408,0,1
2022-01-25,XLK,1,-0.023141791531692824,-0.02341376698209352,0.01097435895591932,0.0149200996691647,-0.02606742241558957,-0.0567540124631668,0.030376719234863358,-0.0036162999868571146,-0.27482963327765697,0.4714724657643101,1,1
2022-01-26,XLK,0,0.005872853028443092,0.005855675050111309,0.013747907434768312,0.014067161515082546,-0.011337623524995566,-0.04195951487803884,0.04407041275190088,-0.02075042342501481,0.09634620813235628,0.4619205433492901,2,1
2022-01-27,XLK,1,-0.006888386399183655,-0.0069122208497747195,0.013579436117439052,0.013212890284393828,-0.010342478064060301,-0.038063199259119496,0.03156875133846872,-0.02272426825287154,-0.2640000597057254,0.01688553605944354,3,1
2022-01-28,XLK,1,0.04373099230417776,0.04280178605104901,0.0246686430757297,0.02060411981536168,0.028003276203023342,0.008083766354763045,0.04606549531279573,0.030927872002191947,0.12140908768265102,0.07574890956277458,4,1
2022-01-31,XLK,1,0.025126738807545124,0.024816252563752528,0.02627551242663999,0.02230605283116005,0.04453653789756151,0.03591858962839223,0.03106801197106314,0.02486717351003045,-0.34169002622298583,-0.3032933570154419,0,1
2022-02-01,XLK,1,0.0025929085828895193,0.00258955279501194,0.02024966231346226,0.020946002695500385,0.03279184650539202,0.038199587997757245,0.016153957312646836,0.0012331028129458203,-0.19680642835067474,-0.4386579129511534,1,2
2022-02-02,XLK,0,0.008128801015685028,0.00809594027156546,0.020044982312880023,0.020400028794749284,0.026459477004940002,0.04384267506935746,0.014378740683948897,0.005960434975798684,0.09042403098786655,-0.3886963178641091,2,2
2022-02-03,XLK,1,-0.029014606448332314,-0.02944385349018752,0.02714332407078257,0.02232133084442099,-0.012707411965327542,0.01258750329775471,0.02552828794570787,-0.015056649637344939,0.09255512687807776,-0.31614656267040875,3,2
2022-02-04,XLK,0,0.004025990010998237,0.004017907399626708,0.019612638634415362,0.021061034413425953,-0.01069885010957572,0.013262603505127757,0.022515954366270963,0.009423853566581486,0.06660589835423147,-0.2363090695588942,4,2
2022-02-07,XLK,1,-0.006641752644278909,-0.00666390723473409,0.014895763103181052,0.021290582678045962,-0.013072843386374933,0.0043584089492660905,0.01715505554860276,-0.00738797849706852,-0.5080110627359411,-0.5653083829433794,0,2
2022-02-08,XLK,1,0.012363057270367905,0.012287258772521348,0.016555045813757992,0.01944193338526647,0.0014851249532885635,0.011036493935504321,0.020627655310853428,0.015565722718130743,0.44569365229165814,-0.31507452927938295,1,2
2022-02-09,XLK,0,0.02218077561988907,0.021938360307541593,0.019655172340922594,0.020109145725634294,0.023251875596611793,0.025945874746507558,0.013594184746880757,0.009165222164279436,-0.15819449569059307,-0.3477719070880271,2,2
2022-02-10,XLK,0,-0.026149313696914978,-0.026497286574654666,0.018589387209307744,0.022434796161589048,-0.004511234588501334,-0.0060965830117938324,0.028607002588395405,-0.006405464923811862,0.780900896850907,0.19553236163305399,3,2
2022-02-11,XLK,0,-0.030543735448538722,-0.031019916661525038,0.02312934972223568,0.02064436498864629,-0.029219302017530313,-0.03458635297299206,0.03957982943128879,-0.03151374674511591,0.10054839992174736,0.363884137810218,4,2
2022-02-14,XLK,1,-0.0003227699052638089,-0.0003228220066811005,0.023241366795827768,0.018404178133381643,-0.0250106913460465,-0.03058984966350553,0.01974367643780359,0.002330402772579734,0.17637074670000108,0.533039805590179,0,2
2022-02-15,XLK,0,0.02628517085294879,0.02594565243033564,0.026386964168082717,0.020768661713679745,0.0026247074236067647,-0.002936422902272584,0.015270148140446102,0.011070850120477156,-0.4044074637342069,-0.09049292786737351,1,2
2022-02-16,XLK,0,-0.001006913564372769,-0.0010074208423880293,0.02295256019900298,0.02047397436061366,0.008371861265555225,-0.0008308575307068855,0.02021163533167104,0.005829044910802841,-0.1685613035756668,-0.2289160833056928,2,2
2022-02-17,XLK,0,-0.02992104510730631,-0.030377814000656755,0.02381194551715477,0.020604116550906822,-0.014576447285454486,-0.027691677304813034,0.023653499464967316,-0.02079229467556858,0.22581724759083,-0.044057252781500744,3,2
2022-02-18,XLK,0,-0.010130133569317468,-0.010181792543368928,0.02027523630828791,0.02055605930293645,-0.021490848405447793,-0.033170632826091784,0.022519871578522876,-0.013524858308422066,0.016236790543795898,-0.011807183946415223,4,2
2022-02-22,XLK,0,-0.009249413870418222,-0.00929245530986833,0.020371240553981804,0.020604300110031327,-0.02577630114806506,-0.03752889835682527,0.026982180882003347,0.0012596290507766465,0.0625345702229878,0.001985073203300214,1,2
2022-02-23,XLK,1,-0.02502801553942502,-0.02534654228370581,0.011997577627160395,0.02056665931906761,-0.03565289137927952,-0.05362661496397381,0.03879421973895273,-0.03505901631410466,0.40849123955141753,0.32843613796315396,2,2
2022-02-24,XLK,1,0.03415916209311409,0.03358869276377874,0.025268425167858873,0.022775139925851378,0.005812158380534838,-0.013832994677878574,0.07504042468345981,0.07096136271640137,0.3455281762646716,0.6011749367764636,3,2
2022-02-25,XLK,0,0.013593632409535372,0.013502067851878685,0.023259244974419738,0.022565884558833526,0.01901369365566752,0.003093435426251734,0.024654085910857493,0.012064859110575948,-0.4447160756399138,-0.10132082493449224,4,2
2022-02-28,XLK,0,-0.0018139781217425544,-0.0018156253724086469,0.022581415717275108,0.020427694426760235,0.01498070686997277,0.0018077043618514033,0.021544158210184388,0.008905772710100106,0.23039686802159598,0.10593080651625852,0,2
2022-03-01,XLK,1,-0.019991044097382726,-0.020193568683136043,0.02439672072772757,0.021351451918484272,-0.005257373636921692,-0.015755529809103108,0.02912242530932872,-0.016287705456570212,-0.1406344228681703,-0.014855031432461696,1,3
2022-03-02,XLK,0,0.021657169749044858,0.02142598516206018,0.021037790152918776,0.02070308000387347,0.006984875348844399,0.008617689629390357,0.026166966257913052,0.014201106618301356,-0.144781954887218,-0.16067761301913241,2,3
2022-03-03,XLK,0,-0.011928097210481603,-0.01199980777957066,0.017310192338935222,0.02088680058263701,-0.0052083883198892345,0.0007286482221529056,0.02526361530116393,-0.02018513396071323,-0.08368890764445691,-0.23873996996589508,3,3
2022-03-04,XLK,0,-0.017517357857137816,-0.017672602424950057,0.016925941047857364,0.019489069768835854,-0.016730430408466335,-0.014050271196183628,0.02182108804461786,-0.009786390063816913,0.13989407520489872,-0.1373542716957118,4,3
2022-03-07,XLK,0,-0.036594276290660366,-0.03728064364802908,0.021378499771400928,0.022226046692608782,-0.04036238051632135,-0.044993309852275676,0.040903591210480324,-0.03575719168107355,0.2294322738971688,0.03532769635948929,0,3
2022-03-08,XLK,1,-0.004851743008100318,-0.004863550921331061,0.02118990000047199,0.0221820507124606,-0.0354976551571502,-0.04491034286709039,0.0457325660811172,-0.0021545562140217957,0.12275363465412203,0.12689993183334103,1,3
2022-03-09,XLK,0,0.039562348628729316,0.03879980595805321,0.02819882267903925,0.024886648730871097,0.009455412061688317,-0.00844398718973638,0.024682982026973922,0.012070243199041781,-0.042576371875203245,0.08739574637836389,2,3
2022-03-10,XLK,0,-0.017487476764368348,-0.01764218902414605,0.028584861385992262,0.022643252036008792,-0.0003817893077585621,-0.02211971649107214,0.017938782292227926,0.0002046161869721519,-0.22302801791244187,-0.08918660452201244,3,3
2022-03-11,XLK,0,-0.017594023732358965,-0.017750638273437147,0.02859167988802229,0.02216433820862103,-0.010291420854653288,-0.03268689807740588,0.030214959760282097,-0.026226881294998162,-0.2182495154544527,-0.2714255446873124,4,3
2022-03-14,XLK,1,-0.018534239395767704,-0.018708150638008902,0.02488030126188734,0.022388034410504756,-0.02477573412391809,-0.04246263180668075,0.02824270030779341,-0.014016698691681151,0.29800818350436664,-0.031381912850663385,0,3
2022-03-15,XLK,1,0.03359545622920823,0.03304345797346553,0.029901234056079647,0.025485075243985657,0.004426420655294638,-0.007032273049413562,0.03080485270412285,0.025471931953785706,-0.1744409817466358,-0.18059729894810217,1,3
2022-03-16,XLK,1,0.0325031631148871,0.031986109397885265,0.027896350032305946,0.026844136463637654,0.03474072782765081,0.027595277932461748,0.03588078492799995,0.01959587667302527,0.18188381215805993,-0.03699572147716412,2,3
2022-03-17,XLK,1,0.007090758003629238,0.007065736789053645,0.025562431439626762,0.026726980601864937,0.03452945964286558,0.03520602012046914,0.018590040325782462,0.012526684833924941,-0.31856049455401825,-0.33209842881482343,3,3
2022-03-18,XLK,0,0.02046617260587502,0.020259554855424966,0.021616713047521274,0.026657089333758276,0.04011002263173813,0.05257798671340552,0.03084145743103137,0.024105198780949508,0.506458301833812,0.0019501858602546385,4,3
2022-03-21,XLK,1,-0.0018993970263384563,-0.0019012031682867914,0.015604668780389096,0.022790671490688724,0.019822242435455495,0.043140236370446505,0.01851244495759702,0.003507687922224677,-0.19916982701144892,-0.16609247357903079,0,3
2022-03-22,XLK,0,0.014369968394850163,0.014267698973591258,0.013072518001913013,0.022461515913752825,0.01988171548172102,0.048638780861808506,0.020245826385781256,0.013648127600582163,-0.21733642475404402,-0.2963449438147989,1,3
2022-03-23,XLK,1,-0.015378772465787338,-0.015498252339138041,0.014091144738569244,0.02087493875291803,-0.0006006386290632326,0.02884575591647831,0.016296288433474235,-0.006119142983846618,-0.2931064063411454,-0.4519378112629294,2,3
2022-03-24,XLK,0,0.025988174602381342,0.025656220953482745,0.017041173781173962,0.020492718445683056,0.016640143249092354,0.047245740118218915,0.023910844459287574,0.02030158431385507,0.1539407472129184,-0.32830008128174626,3,3
2022-03-25,XLK,1,-0.0005683008787837895,-0.0005684624229349566,0.0159762593201043,0.018758316613932437,0.011598092957399997,0.03675698796377147,0.016019130456874482,-0.002144275625161913,0.04285093315759214,-0.277105974497071,4,3
2022-03-28,XLK,1,0.011882024190143392,0.011811987182450245,0.015783342374120206,0.01590979233497393,0.01632717526591332,0.03619496426479474,0.019556808201320285,0.01657248408988627,0.2499831928253533,-0.05381638755615625,0,3
2022-03-29,XLK,0,0.02123662144551597,0.021014266930517778,0.016821405013410676,0.014536034373353744,0.029039556279711443,0.04626227853501996,0.01753408851322287,0.009446186131789134,0.01273597590491038,-0.021020977304914368,1,3
2022-03-30,XLK,0,-0.013333127999992311,-0.013422812224045622,0.016100866397521344,0.01442779212263556,0.006425934226289121,0.025286666592720497,0.016291613407246434,-0.008238019843367117,-0.007944853370720928,0.016081990629083,2,3
2022-03-31,XLK,0,-0.014815506340597695,-0.01492635214158966,0.015699491031868247,0.01598864588312979,-0.009251198939183913,0.005463359180478022,0.018040939907332892,-0.014693182462098749,0.03981756083981969,0.05136329733164602,3,3
2022-04-01,XLK,1,-0.002957063270994764,-0.002961444020823656,0.0157906772409144,0.015130415171624974,-0.01247638272401086,0.0001641488371257882,0.01741155532229529,-0.003959957499058615,0.4523064250411861,0.5243290911606031,4,4
2022-04-04,XLK,0,0.018995475872561673,0.018817314458957846,0.01732901983167137,0.015886535970682802,0.004566685265371184,0.014692376330924795,0.017246840670845042,0.016365620843619835,-0.18296608246837953,0.24069006056978237,0,4
2022-04-05,XLK,0,-0.021056725925935993,-0.02128158085349252,0.01573388286822567,0.017335369678994156,-0.009896674442413489,-0.007521918715217901,0.022516607706575688,-0.016794158589847615,0.023429161496342443,0.22937422734787227,1,4
2022-04-06,XLK,1,-0.02366046423925705,-0.023944868066239522,0.017420708102793538,0.01837159376561506,-0.024783318174416036,-0.031022649760823695,0.018270691541974037,-0.007141022857163051,0.4509542907046744,0.6012901873522714,2,4
2022-04-07,XLK,0,0.0015550271069266763,0.0015538193042230475,0.017521801727324707,0.016032382806373643,-0.017855021580454822,-0.027231604089311245,0.020519796815862065,0.006905171358960665,-0.322135022527129,0.04189457914109096,3,4
2022-04-08,XLK,0,-0.013974023821457515,-0.0140725797178618,0.017824001109471743,0.01642962651387353,-0.024076257035768767,-0.03730503643672323,0.0140369352324516,-0.009552905992059242,0.1359643451349557,0.1255280730735262,4,4
2022-04-11,XLK,0,-0.025195309232993512,-0.02551814521249618,0.01095448860875745,0.016725355557725835,-0.03268441825104407,-0.05467573031602868,0.015415331057931895,-0.012823871599875416,-0.18058327578487243,-0.08939953347085206,0,4
2022-04-12,XLK,1,-0.004442380607578733,-0.0044522773011062,0.011707888261618105,0.01351735692034022,-0.024070009703495376,-0.04944607882237495,0.027923654318081984,-0.01662123488552104,0.02670939181492349,-0.07807133531255972,1,4
2022-04-13,XLK,0,0.016090850206150753,0.015962764652848627,0.015622902521389712,0.015708982792417045,-0.003051439900486619,-0.027255538773287125,0.022297317917282518,0.01547292760900549,-0.3484273098745275,-0.38853302610716967,2,4
2022-04-14,XLK,1,-0.024286345986531566,-0.02458612289679518,0.017042273661866367,0.016501642423644443,-0.0169209899937226,-0.04326951267531787,0.027583874913018815,-0.025324012202568972,0.2049035080433037,-0.25689740257744365,3,4
2022-04-18,XLK,1,0.003273042275570903,0.0032676975319079204,0.017854358842241267,0.01682318052684685,-0.006657607864098081,-0.03298347963367376,0.015008240603667485,0.008223663399809244,-0.1922444993393463,-0.3611681310103745,0,4
2022-04-19,XLK,0,0.01876049406010938,0.018586686437779498,0.01741759214948596,0.016782532134979253,0.010190954495857829,-0.007279118715855848,0.026780188591354344,0.021328823732964224,-0.035446567002830554,-0.3560594190471036,1,4
2022-04-20,XLK,0,-0.0009338387724314723,-0.0009342750715006787,0.01716813454465635,0.016143143275318295,0.006764018159100438,-0.002703774942221182,0.01605757382131074,-0.010506815031071644,0.15413428499800919,-0.22770713993201008,2,4
2022-04-21,XLK,0,-0.016962903907565496,-0.01710842191483497,0.017028702361733886,0.015418567685486535,-0.006184273908215299,-0.014943074425936675,0.03882271981259946,-0.0264550269889837,0.18250003194357478,-0.009995678238432837,3,4
2022-04-22,XLK,1,-0.027989075702482435,-0.02838823559563952,0.01817197838609329,0.01686807423867056,-0.029334251812264345,-0.035094711550242685,0.03414029680961163,-0.02693139034202872,0.19371987984353733,0.1888166822163897,4,4
2022-04-25,XLK,0,0.015026138847207049,0.014914364720983286,0.020127490223025634,0.018092433753818495,-0.012215840722540339,-0.015830463980243903,0.026465457025111286,0.019515611364365002,0.2992921411372811,0.5253091785488853,0,4
2022-04-26,XLK,1,-0.037250771809197,-0.037962307958898656,0.020961862125515287,0.019921536221953647,-0.03581709338159533,-0.04683974692481607,0.030435722127395988,-0.02842051444521988,-0.09594671794228704,0.3477546942298284,1,4
2022-04-27,XLK,1,0.014804385929468644,0.014695870698045788,0.024264856968162513,0.020976742996082664,-0.010833631499866714,-0.02874287692599875,0.02510954640234505,0.0036072604981069517,0.5431083642864849,0.9030652538982127,2,4
2022-04-28,XLK,0,0.04003126746123353,0.03925077756791229,0.0324584078106379,0.024575196333678617,0.02823349837178335,0.012022023097353784,0.03510961511259657,0.023938470190940267,-0.3067822595546411,0.24073218322278245,3,4
2022-04-29,XLK,1,-0.04167514455058685,-0.04256846094549438,0.03590077669922633,0.02687050267439215,-0.012333508038504082,-0.026669795520397277,0.0446013254739492,-0.031104469279875303,0.0658228395239604,0.25411861439936256,4,4
2022-05-02,XLK,1,0.015202962475649784,0.01508855553400501,0.03592159217315735,0.027452865076636534,0.005012149935444743,-0.00945212349577762,0.029024430158307513,0.016352915950814544,0.25057959161602983,0.4293770820071321,0,5
2022-05-03,XLK,1,0.0017412826257567904,0.0017397683507649475,0.03004743242715029,0.026528002169343028,0.001155589991307826,-0.003561157895139777,0.015395272783667579,0.001880907465836736,-0.25766125109446447,0.006985531854992955,1,5
2022-05-04,XLK,0,0.03511307416550924,0.034510671151399386,0.03277997532030181,0.029268355369314016,0.026335529443521244,0.0320490028391438,0.04952205052415492,0.031098421405507958,0.04297810686644965,0.0024976363780142563,2,5
2022-05-05,XLK,0,-0.04809562337882267,-0.049290693961334675,0.03616848051161915,0.03270415779516929,-0.015068451977170882,-0.013834700534788413,0.046632101714169205,-0.03388318932425657,0.2719612989696478,0.1998490731034046,3,5
2022-05-06,XLK,0,-0.008044229827015359,-0.008076759210441153,0.030990544185308572,0.031622073883272254,-0.021835738440524777,-0.02005596498124096,0.03104971277029828,0.001068289112872335,-0.043356328651947496,0.10152402630599466,4,5
2022-05-09,XLK,1,-0.038699803392679755,-0.039468539388053614,0.033313189760691704,0.03306824414719747,-0.04851429264260043,-0.0512999059082222,0.03194960299290267,-0.021009881345585762,0.17963295489097075,0.25033900098386286,0,5
2022-05-10,XLK,0,0.01524460863887156,0.015129577192304566,0.0351609523325234,0.03182047044314553,-0.024905073075337958,-0.035055624800991,0.02876769649977622,-0.008384558084091751,-0.11560477183972606,0.0718462075274191,1,5
2022-05-11,XLK,0,-0.0315620719218348,-0.03207088897043864,0.025656163103734538,0.032560314292142,-0.03368923779954536,-0.05953806104627046,0.04472233885646513,-0.022728918037909364,-0.043678375822097104,0.04119045195744442,2,5
2022-05-12,XLK,1,-0.010311643627928468,-0.010365176954122646,0.021333971433363064,0.028245649887520815,-0.02922161408486834,-0.0585194712524173,0.03797082469156297,0.004584048485854582,0.04958915294780608,0.06494649100851735,3,5
2022-05-13,XLK,0,0.03323461633515978,0.03269428568058608,0.030541358169587078,0.029157083036875375,0.010066563184669697,-0.02334164272334993,0.030837339795879347,0.01935775701294089,-0.32901447957355656,-0.2746569667623905,4,5
2022-05-16,XLK,1,-0.008832849080320782,-0.008872089935015204,0.02508216103275967,0.02841444990071624,0.0018449602561172451,-0.025727948241471288,0.021969916185948166,-0.0005194987578803952,-0.28870726748695674,-0.45231272561758396,0,5
2022-05-17,XLK,0,0.028961997304653986,0.028550524493200946,0.027827353300103233,0.030470210180784458,0.028763241086898095,0.0063186021651508995,0.020136699052215764,0.007269555232247293,0.06765614059253644,-0.39849162126785553,1,5
2022-05-18,XLK,0,-0.045756637942558354,-0.04683654356915934,0.032480352758856426,0.029868312434416122,-0.017375610359685822,-0.027973028901773556,0.03956705793284637,-0.032984675256064314,0.27244089408779604,-0.2220889381127189,2,5
2022-05-19,XLK,1,-0.010966123104466208,-0.011026694259988368,0.03253085240953509,0.026964538056592942,-0.027110075889840712,-0.030837808734636818,0.0218700790171121,-0.0035052310451427855,-0.11809786144603762,-0.2769670494708214,3,5
2022-05-20,XLK,1,0.0022176267025937335,0.0022151713977942578,0.026922659909198367,0.02714352248005022,-0.017938589663256232,-0.021794124513104474,0.044573468556812434,-0.011539322886757204,-0.029806273593040444,-0.26112906874083375,4,5
2022-05-23,XLK,0,0.022966452885297972,0.022706693553294244,0.02993230289211706,0.02603468293162612,0.005504907575379692,0.001464107295394923,0.024188087815044026,0.019776421079900252,-0.1497585495195679,-0.31175833443246725,0,5
2022-05-24,XLK,1,-0.014843038579106071,-0.014954298808842026,0.02518116658136134,0.025752508256742378,0.0003029145369826125,-0.009620363206550908,0.023449250501422058,-0.0009076786683624469,-0.005667959766777364,-0.25862291436276297,1,5
2022-05-25,XLK,1,0.01165932148198734,0.011591875337904511,0.015688661241333567,0.02409081191905769,0.009824365940326985,0.0013561715475929326,0.02667479476342482,0.018367413154515205,-0.2023945800724214,-0.3491383706488409,2,5
2022-05-26,XLK,1,0.024023411461044475,0.023739389110893683,0.016140927346956335,0.024763345174469344,0.0246980366820293,0.021325012503351504,0.03658537145687439,0.030036175874434086,0.13912686905964877,-0.17634775463352703,3,5
2022-05-27,XLK,0,0.03383779205747217,0.033277889561110996,0.018709073581772998,0.02484235311085714,0.04312308841744139,0.051489240870392416,0.02450129643462007,0.022405363470948802,0.04661687001015635,-0.0987591041283119,4,5
2022-05-31,XLK,0,-0.00713977483121464,-0.007165384996885571,0.020477949245631902,0.024748292675149428,0.02602139257544822,0.03950801794128456,0.01951600261535919,-0.0032645426294235706,0.19279195174980646,0.06323758384558609,1,5
2022-06-01,XLK,1,-0.002990061848318959,-0.0029945410141305473,0.017410674381117507,0.023256232541514515,0.011207934080730286,0.03527342745695816,0.027683801704113005,-0.013595434230011078,-0.31492008568133134,-0.24984128308669717,2,6
2022-06-02,XLK,0,0.024209018147801187,0.023920625072770818,0.018255342268222646,0.01728365415546575,0.021233761875237844,0.05162840838971383,0.036248515028053284,0.031501762761156155,0.04236065179484094,-0.1723224196994474,3,6
2022-06-03,XLK,1,-0.02391604662467095,-0.024206678465771958,0.023705262987540724,0.019259562401094273,-0.007655903622479032,0.019584658820412493,0.016560070231641872,-0.005046136961462068,-0.1878082547373886,-0.2868620486618929,4,6
2022-06-06,XLK,1,7.138305970944003e-05,7.138051206023732e-05,0.017312588395126526,0.019330635731100717,-0.0055266065893735394,0.013061177461992202,0.023421568424823635,-0.012345679012345678,0.11770450469646132,-0.16227941763594267,0,6
2022-06-07,XLK,0,0.011928438138853803,0.01185785506344228,0.01797205391242176,0.018605721591883517,0.004594762211224346,0.019538513628961196,0.02678511920440576,0.02281426458329271,-0.12494439855118511,-0.23538842734295296,1,6
2022-06-08,XLK,0,-0.011293738507259454,-0.01135799704282725,0.018892428942656973,0.018200061380841875,-0.006807126657828344,0.0022610565487317658,0.01592920353982301,-0.00835393044800885,-0.1999164896610569,-0.3508144464445119,2,6
2022-06-09,XLK,0,-0.02670089299206324,-0.027063837039129623,0.016252211436947078,0.02074806579268866,-0.023507967640823968,-0.02638818213598937,0.029557716793589137,-0.019561317231260138,0.10789408000726097,-0.2595490810710803,3,6
2022-06-10,XLK,0,-0.03843615669368894,-0.039194316463113665,0.020185682969815048,0.02275381566746352,-0.04891458359051093,-0.05995660400833158,0.02500366436448531,-0.021570379771660268,1.1388604432064882,0.5222036620810486,4,6
2022-06-13,XLK,1,-0.04432068601197314,-0.04533286782442136,0.02267126246319376,0.02169507710236261,-0.07122942300837931,-0.09107403006506187,0.026386251561739356,-0.01323251667683138,0.7395338593534548,1.3103170242855255,0,6
2022-06-14,XLK,1,0.006305929069383431,0.006286129889891079,0.020629806998302247,0.022424436611260905,-0.04324261621058012,-0.0756992559059193,0.015924592907552437,-0.0011884132817953292,-0.49768527438168475,0.16920790303154543,1,6
2022-06-15,XLK,0,0.02109929302657565,0.020879785214583002,0.02869242472545296,0.02451863854202299,-0.005945986310378126,-0.048312620387911065,0.03697901318766314,0.008539614095133123,0.37364660500591773,0.49351113568231963,2,6
2022-06-16,XLK,1,-0.040705302426892964,-0.041556954565248105,0.030570170962133356,0.023588191157476252,-0.027116872768358835,-0.07339873348700265,0.02470905863815489,-0.015702225690091998,0.3040016593802852,0.7511752782313188,3,6
2022-06-17,XLK,1,0.009150554180326065,0.009108941519392566,0.03049610676084778,0.02443897585503739,-0.008102627291807996,-0.054009898778637155,0.02591726367538215,0.009314015667848532,-0.1531501217467911,0.3630849100638307,4,6
2022-06-21,XLK,0,0.025447213473551722,0.02512882326451571,0.026374426873529637,0.026939286478751757,0.013088501962114973,-0.020862768829291833,0.017841566799701624,0.010704927980234116,-0.37708151219829367,-0.1699357416187336,1,6
2022-06-22,XLK,1,-0.004236686498375608,-0.004245686684257954,0.026590460347911495,0.026030079865390642,0.006912788969035022,-0.014118325252584052,0.023478951869939972,0.006742273944464762,-0.12070745143519857,-0.2844138180987609,2,6
2022-06-23,XLK,1,0.014970085058383598,0.014859139210535055,0.025622198368924275,0.027224015652450754,0.021299810227198623,0.009174685891993883,0.017420600593878153,0.0063277310533714345,0.0579553398314363,-0.26791335546329165,3,6
2022-06-24,XLK,0,0.035941559440450854,0.03531073243968308,0.015363030157417005,0.029489758341898206,0.041037671918020546,0.04751942842666401,0.024405161943995442,0.024174933405282678,0.5890713243819425,0.08543589114728634,4,6
2022-06-27,XLK,0,-0.006744200270050293,-0.00676704516030302,0.018520513905222247,0.026642131915688136,0.020871719019287305,0.038986943008057606,0.017403658097369944,-0.00993428280958655,-0.45406045770863246,-0.3892954245865067,0,6
2022-06-28,XLK,1,-0.02995080984939813,-0.030408497275026924,0.024781364117659303,0.024156238495732126,-0.011409722982755777,0.005012979249609639,0.041230129616324315,-0.03082834396878728,0.09654240795562319,-0.2621066668987573,1,6
2022-06-29,XLK,0,0.0020219481504304415,0.002019906764522794,0.024544777201023663,0.02413158733667578,-0.012326820009765482,0.0046134057954849705,0.017364922821443054,0.003270504399110613,-0.10835604948626543,-0.3269513277269026,2,6
2022-06-30,XLK,1,-0.013349896822352658,-0.013439807793001357,0.024430753776562217,0.023667484449594028,-0.02296558088963052,-0.0078106345915492925,0.02839613536021299,-7.861643240670165e-05,0.15530013522252917,-0.18472550530692855,3,6
2022-07-01,XLK,1,0.0022813160511747643,0.0022787178005829745,0.01333780430036049,0.01905822614619573,-0.011559369873618941,-0.008827351510650283,0.019791007014247436,0.008628910464839224,-0.11385206483295596,-0.19968149499721943,4,7
2022-07-05,XLK,1,0.012557977950823584,0.01247978053279386,0.01660163535958378,0.019199360747414736,0.006381101947945833,-4.648628245274011e-05,0.03246335289428013,0.026495816307879335,0.02946032475270277,-0.107702837232454,1,7
2022-07-06,XLK,1,0.008604072854849099,0.00856726877929237,0.009872798878251947,0.01778516449251254,0.012607132655559683,0.006482062449250758,0.01941379763296975,0.006419691191551099,0.12732724356739422,0.012703423911000877,2,7
2022-07-07,XLK,1,0.020673064280360087,0.020462276621245223,0.012779052077405996,0.018511579492266724,0.027193801533320183,0.022630107545699385,0.01851708718140317,0.01622155541804341,-0.1908084369394445,-0.16970464734883295,3,7
2022-07-08,XLK,0,0.00045170123662363615,0.0004515992503311139,0.00817394058760958,0.01818307235910015,0.018597919502149507,0.01991147812902616,0.017657411789298874,0.011264142890738639,-0.03479537080919115,-0.18083941416427063,4,7
2022-07-11,XLK,0,-0.013772675719215033,-0.013868398943622573,0.013099502416581471,0.014717216239133173,-0.00099101806266777,0.007728778687792426,0.01624781171181222,-0.005087035104249464,-0.0958580818880177,-0.18493610337688293,0,7
2022-07-12,XLK,0,-0.013660228884460501,-0.01375438828701192,0.014805774867493293,0.015135951960047876,-0.014998112720835732,-0.003508139643697561,0.028664757384449655,-0.01725976428466597,0.4499413135259185,0.15996361755831212,1,7
2022-07-13,XLK,1,-0.002630324442708387,-0.0026337898240980095,0.014096164824254605,0.01168580656321503,-0.015773802158679295,-0.006382032096171719,0.027440493339439896,0.0164800817876871,-0.08401899307695093,0.06323628407943449,2,7
2022-07-14,XLK,1,0.009153614397684917,0.009111973983385369,0.009791507833703457,0.012014369152121297,-0.0026220353498409565,0.0017479954563384137,0.03378166865505429,0.017281819924449424,-0.09456161871974467,-0.03812523821267633,3,7
2022-07-15,XLK,0,0.017603469861771526,0.01745032344634634,0.01391664242338831,0.01188434827665443,0.015698349217047936,0.015269932065728131,0.012562884127303893,0.00791844505801802,-0.014538779791387402,-0.03733072242177227,4,7
2022-07-18,XLK,1,-0.009669310425290512,-0.009716361755615743,0.013043769772949573,0.012665659344903114,0.0057846454870467134,0.0026155640601326358,0.026630743219951666,-0.019299721077356405,-0.2684268101587677,-0.27492978299759574,0,7
2022-07-19,XLK,1,0.030511045236510714,0.03005483961845723,0.015973225708147056,0.015200564246963625,0.0272514129232877,0.02841660287534542,0.026252346487784912,0.01916119939425277,0.24581716779825413,-0.08319268374289002,1,7
2022-07-20,XLK,1,0.0156180109726205,0.015497305008406848,0.014686209516389213,0.01555701017370739,0.030290675748401386,0.038871549908155556,0.022350535683795237,0.015467818770027727,0.01675506463594645,-0.04197601807050311,2,7
2022-07-21,XLK,0,0.014066191013845097,0.013968180172501121,0.01455814533795667,0.014966719424924713,0.03077361986734961,0.04845954703354449,0.023438645408768482,0.012811140226245027,0.03353220814854985,-0.00890771497147791,3,7
2022-07-22,XLK,0,-0.013799219189245537,-0.01389531345570294,0.01862020095809078,0.01606169455359607,0.00931190885617017,0.030613419147022647,0.023152151123887476,-0.013373602141672172,-0.18321294066802496,-0.17763556627494614,4,7
2022-07-25,XLK,0,-0.006340088491516016,-0.006360272208818962,0.017905469775982365,0.015337346623997796,-0.004773555532076923,0.020011266542307116,0.014508531505126645,-0.005905493853654021,0.31819040780074825,0.06309598740549172,0,7
2022-07-26,XLK,1,-0.016208466100602337,-0.016341260167787475,0.015217004503295014,0.015682232305015843,-0.019530573108337834,-0.00017903251614470594,0.019377563734617593,-0.015414019515882905,-0.2711881415218762,-0.1855739301636734,1,7
2022-07-27,XLK,1,0.04301504818759572,0.04211560370707357,0.02477653289002286,0.019716684854907296,0.018623798775629474,0.034347763657237795,0.0329299984757998,0.026109258520245565,0.6794390133558883,0.34713055716402197,2,7
2022-07-28,XLK,1,0.015224224224111849,0.015109498662232212,0.02489755699359996,0.01983573143376858,0.029783026890314535,0.04089896776212254,0.02527302849309362,0.01406429541589267,-0.2733746383855893,-0.010833951163513711,3,7
2022-07-29,XLK,0,0.015347548725091364,0.015230966420992864,0.022910416794079395,0.01973963404165979,0.035081645950642004,0.04778303772534431,0.019581649142298173,0.012212279234563085,-0.17977111540941326,-0.16638271661566484,4,7
2022-08-01,XLK,0,-0.0021494776116397496,-0.0021517910543646934,0.022219965530453994,0.019091454367191018,0.02176874860320077,0.035890144132723734,0.0194514330738421,0.00692699066504171,0.22976398687287514,0.0036293536607074905,0,8
2022-08-02,XLK,1,-0.007087941806150133,-0.0071131805971056394,0.01964884664813507,0.01818064246313026,0.002075624711148638,0.022812527129795868,0.020186371773924357,0.0015420286221817041,0.27213602007063065,0.24101496064587846,1,8
2022-08-03,XLK,1,0.02659415131009979,0.026246673982015523,0.013874472933964979,0.019146996694858087,0.019034448034765283,0.04293615678563456,0.02465358754234981,0.021589290219221166,-0.10542777826627647,0.0956088570536282,2,8
2022-08-04,XLK,0,0.0045673684980938045,0.004556969721934756,0.013607727568035789,0.01898505048761705,0.01617776677498295,0.041612191414895694,0.0117975704769485,0.0049099919783138725,-0.1799736014378791,-0.09265347469951402,3,8
2022-08-05,XLK,0,-0.0023073328597665865,-0.0023099988539092564,0.01333537760252531,0.017980263976403545,0.009933061495303486,0.032059642496903296,0.01758612271012931,0.013931063948006465,-0.32182057911950546,-0.37165938719140235,4,8
2022-08-08,XLK,0,-0.008502170515937046,-0.008538520148169582,0.01432456117319526,0.01817135765522213,-0.0012058837871147254,0.01656266061271472,0.0207638577468246,-0.007624720007088704,0.40161595758111357,-0.0989439443176543,0,8
2022-08-09,XLK,1,-0.010015580869233709,-0.01006607422910033,0.01487165010537831,0.017386817027497604,-0.013129838476216515,-0.0007061346304670924,0.009336787728805331,-0.0019365017386303075,-0.22847723874547388,-0.2956558206083332,1,8
2022-08-10,XLK,0,0.027302000268653037,0.02693594835066815,0.015163998302749646,0.014243267203776956,0.011655238158524872,0.020682021126397387,0.012251235219275111,0.003451972978703693,1.25007004763239,0.5567006978547429,2,8
2022-08-11,XLK,1,-0.003912322141909508,-0.003919995293947487,0.015307780729190373,0.014136051507384367,0.007271178536051304,0.01276316445561454,0.017763837547792396,-0.010121963942696176,-0.4279206359089306,-0.09938918103863725,3,8
2022-08-12,XLK,1,0.019909380003014343,0.019713780215094623,0.017369981477770878,0.014609211157840562,0.02231845869360738,0.028419657008921906,0.016415517030580508,0.013253506652263344,-0.2659398864481489,-0.32745010054677504,4,8
2022-08-15,XLK,0,0.006307510056655419,0.006287700968808707,0.015681965623202364,0.014429056439585648,0.02074339903954514,0.02952849810170366,0.012932487917115711,0.010332665212431423,-0.11502915884155385,-0.37710455279122834,0,8
2022-08-16,XLK,0,-0.0027051826290841463,-0.002708848247883644,0.013822478052506611,0.014073643855259593,0.008688760933095452,0.021014605610577997,0.014051800794059844,0.0018558944015301874,0.5344428001005221,-0.001377460529758956,1,8
2022-08-17,XLK,1,-0.007144912520928526,-0.007170559645719443,0.010940970813474839,0.0124668699206126,-0.0009451172241909944,0.011410304447567743,0.014889468277521472,0.002003091695263948,0.14941859407129732,0.1648802366497244,2,8
2022-08-18,XLK,0,0.005197267854724075,0.005183808671991308,0.01035067287402352,0.01248090230433876,1.3173024218549045e-05,0.014281182680964566,0.012048978457499164,0.0041938814917655155,-0.21024634285352417,-0.0653543705419124,3,8
2022-08-19,XLK,0,-0.018163758719990097,-0.018330744941056132,0.010007200873539625,0.014055172530755085,-0.01488553658776448,-0.004871285988495844,0.013434894048766318,-0.010026067735315647,0.016979392189880427,-0.06889457040233316,4,8
2022-08-22,XLK,0,-0.027884583795653062,-0.028280740619872624,0.013026221645181761,0.01659214455535288,-0.03260050906815082,-0.031455183842780454,0.017249670310295822,-0.014443156021931546,0.05893832173621649,-0.010766825581845052,0,8
2022-08-23,XLK,1,-0.0026392708679003896,-0.0026427598835807586,0.013035656787649117,0.016313922732177116,-0.025264408638849378,-0.03354981856778916,0.011899732020829681,-0.0006958305278362474,0.37536531337838097,0.2869547041968943,1,8
2022-08-24,XLK,1,0.0006269689788078736,0.0006267725158703996,0.013913920802648453,0.013162297093883689,-0.016131696909227666,-0.02996692440752391,0.009756161360790504,0.001324058825130662,-0.392090517824757,-0.1406350147800216,2,8
2022-08-25,XLK,0,0.016911219973009928,0.016769817260832376,0.017369247375745255,0.014579970685143917,0.007029639183900649,-0.01252921456515288,0.01568797587064919,0.014299580685164763,-0.20667468162792768,-0.2918283916536989,3,8
2022-08-26,XLK,0,-0.04270469361483453,-0.043643360013576604,0.023844841410666083,0.017727566172266115,-0.02491398632359354,-0.04779413595264348,0.04539233872130385,-0.0423113294473531,1.0096259085679007,0.3402144822294173,4,8
2022-08-29,XLK,0,-0.013225534394042171,-0.013313770618394116,0.022109048711462843,0.017137744439045668,-0.029761569435435065,-0.05165303612013672,0.013586795903405918,-0.0024571536452153322,-0.07612171654400979,0.17165348752778242,0,8
2022-08-30,XLK,0,-0.010432670871317495,-0.010487472668037512,0.021892111760929034,0.01698724825470734,-0.03032768983568712,-0.05206408057442613,0.026655118603257408,-0.015993093147098642,0.00281145137398342,0.1517135784295005,1,8
2022-08-31,XLK,0,-0.009736997753088894,-0.00978471229929756,0.02113991979357092,0.01695951108536947,-0.02813697159750228,-0.051545753618560175,0.01935815145344376,-0.01564667126099713,0.06802423730857354,0.21384728448844426,2,8
2022-09-01,XLK,0,-0.004879525650088978,-0.004891469404451065,0.015120613143966137,0.016226171087977137,-0.016599419628331002,-0.04529526092929226,0.022323469005998253,0.004927606764813237,0.1282300972380992,0.3024317446456326,3,9
2022-09-02,XLK,0,-0.013001279125944953,-0.013086535523097353,0.003374971895199375,0.016061742809537857,-0.019310936502128673,-0.047396918757119044,0.03389955455648024,-0.023089927662413978,0.03865253993470352,0.2851416189444358,4,9
2022-09-06,XLK,1,-0.006624136213393972,-0.006646173174813974,0.0032096654022426745,0.014898826616523397,-0.01701248152827617,-0.04548703833626566,0.01879275368669002,-0.007968109210858046,-0.09734683800416699,0.12313416620587447,1,9
2022-09-07,XLK,1,0.015988548769420907,0.015862078196533957,0.011407538932083955,0.016769835909025806,0.0024523545626793375,-0.02350197833735357,0.02147770119982806,0.013990820262352401,-0.22234823215476984,-0.10568519382319008,2,9
2022-09-08,XLK,1,0.0034308254994375176,0.0034249536440080774,0.01116863764789699,0.016928783357443408,0.0069756921240786696,-0.01357836925154754,0.020662710013292538,0.010894860531522717,-0.038294586943467435,-0.15438286830651793,3,9
2022-09-09,XLK,1,0.01977083300764404,0.019577928531385957,0.014094735860874903,0.017384833698983238,0.022903328756635366,0.012546036295717267,0.015995970582009297,0.011351859387889296,0.01855386866001818,-0.16570343038760826,4,9
2022-09-12,XLK,0,0.016035061302251075,0.01590785771662162,0.01103266118483444,0.013038338787769096,0.029253184530164233,0.029146832233474473,0.010358622984123897,0.00977899902124901,-0.1083845655334279,-0.23292059775082463,0,9
2022-09-13,XLK,1,-0.05308474219012849,-0.05454567468932936,0.030547040637724548,0.021063027825925597,-0.025427600196672784,-0.021127446488818702,0.0335252794824947,-0.0252547497798563,0.9790590315293193,0.44289587471910186,1,9
2022-09-14,XLK,0,0.0036362598605901297,0.0036296646507993913,0.02945392933380465,0.02107428756660631,-0.019567369140147894,-0.01456454575255306,0.016890290430154737,-0.001055643151884671,-0.34342491860557456,-0.05236178903137356,2,9
2022-09-15,XLK,0,-0.02302223138459203,-0.023291381941945133,0.030579333746363384,0.021957184086641223,-0.034839148773122885,-0.03305824799172663,0.027164871206506732,-0.015142333898116755,0.1251776373476854,0.06083714141549468,3,9
2022-09-16,XLK,1,-0.005562754327701702,-0.005578284064407413,0.02683534197713839,0.021960682467409235,-0.027899375626453726,-0.03418726091631541,0.01636787548067266,0.0031956636972485064,0.39482170209335443,0.4309955530804499,4,9
2022-09-19,XLK,0,0.008154622341865148,0.008121553065761233,0.024910172937319737,0.022042120876434416,-0.005490084582749799,-0.024048188553573935,0.01990401044094431,0.018330594130017943,-0.24463688819103946,0.08784619909326508,0,9
2022-09-20,XLK,0,-0.0058715349521746285,-0.005888840185625632,0.011962611695034745,0.022026341963445047,-0.006758423492800092,-0.02760469030870283,0.0150511424695916,0.0035092955099080988,-0.22786456672830457,-0.14290972148494174,1,9
2022-09-21,XLK,0,-0.015620073022165282,-0.01574335179683306,0.011773237732253009,0.02140904807156006,-0.0139254234167836,-0.03764499161321144,0.03556241404766404,-0.02071903987716528,0.3880786826762681,0.14785354501054382,2,9
2022-09-22,XLK,0,-0.01018400226795979,-0.010236214004502031,0.008809721830972913,0.02123041496835604,-0.018264493098943402,-0.04101326719303289,0.016592600686536486,-0.0046046509627689055,-0.046106801199371716,0.06001586671955583,3,9
2022-09-23,XLK,0,-0.013080221152113491,-0.013166520614904087,0.00937864404126719,0.019139487794628058,-0.023993955770182263,-0.04396163426804023,0.0186735329581068,-0.004024468839320613,0.2097069939752274,0.21806658728842931,4,9
2022-09-26,XLK,1,-0.00695005547605998,-0.006974319601654955,0.004088741102169533,0.016937675694973328,-0.020642384555205062,-0.03859006092199746,0.02350844286260126,-0.0038910777769023052,-0.11355832585764225,0.034200259608710315,0,9
2022-09-27,XLK,1,0.0013021735065443796,0.0013013264139178915,0.006560653796345171,0.0093831976552894,-0.010471053938817865,-0.0307902440930391,0.03035899698372067,-0.011806290221525725,0.08847478131397724,0.1354951758382974,1,9
2022-09-28,XLK,0,0.010565644878784752,0.010510218521252668,0.009606239425409535,0.010430384681847994,0.0037457192687129215,-0.014484073609876469,0.029946028682328294,0.01734572979883418,0.011680595037082853,0.11033049418134144,2,9
2022-09-29,XLK,0,-0.026057639704030078,-0.026403155431602876,0.013942036528970289,0.01100810075587754,-0.015607242289277234,-0.03403069910445422,0.0258648680816903,-0.011912525404340488,0.6424202731680522,0.6653082120988498,3,9
2022-09-30,XLK,1,-0.019157722205044192,-0.019343609310200627,0.014856575889710679,0.011719279342378566,-0.026616868825885542,-0.04521524009797051,0.03183818877251197,-0.01517288634270701,-0.3725037463902806,0.05201242596340583,4,9
2022-10-03,XLK,1,0.030981617088767788,0.030511374700080474,0.023011347692129647,0.016426275953186863,0.004231398343926385,-0.010080306539131056,0.032826597603610515,0.02288671763975646,-0.11176138984266903,-0.07379718465808593,0,10
2022-10-04,XLK,1,0.03356201497262323,0.03301110315090838,0.02768208795419686,0.020524470558806938,0.03196086227858452,0.02489148797920726,0.014887150424251485,0.01304623996771888,0.025778608601331632,-0.07785939313718682,1,10
2022-10-05,XLK,0,0.003318342885782588,0.003312849335663337,0.027571388868610058,0.019938484529695547,0.03093037201274651,0.028026050715079576,0.03027395795461836,0.017059084118259894,-0.17878395860284602,-0.23394878091010685,2,10
2022-10-06,XLK,0,-0.008189849045586173,-0.008223570099046285,0.023468539643867324,0.01983021128355146,0.014498425233523626,0.019136427213223506,0.017764092333380315,-0.005605611032202959,-0.017273499356182054,-0.24046384630776774,3,10
2022-10-07,XLK,0,-0.0411270789139474,-0.041996724781102834,0.03076933270235984,0.02360820108714889,-0.030333518996152664,-0.02042357132913586,0.02650345854968657,-0.021154163304046097,0.09762897088136491,-0.14989835917266636,4,10
2022-10-10,XLK,0,-0.01680894629238805,-0.016951819929956535,0.02741993401500756,0.02403180959482125,-0.04090334062931533,-0.03364420794815193,0.02806988063159032,-0.016808800494517696,0.06077846212457927,-0.09585177039044712,0,10
2022-10-11,XLK,0,-0.015327571398440654,-0.015446252915690906,0.01632465857621208,0.02426290436293661,-0.04064849195416831,-0.043693003394075336,0.023970813655621297,-0.0096561020940446,0.25969999161987767,0.12477205044499606,1,10
2022-10-12,XLK,1,-0.0030790572815134754,-0.0030838073313415038,0.014631448588362371,0.023677883205318967,-0.026947589223761503,-0.040532062279426406,0.012392076931628538,-0.0038458641946933297,-0.3294495552345472,-0.22583264300722505,2,10
2022-10-13,XLK,0,0.031057075794183486,0.03058456314771707,0.026328585104549402,0.02519265914681038,0.013031731383957412,-0.00998406687312492,0.0691296718519549,0.05969488073765297,1.7009410697582132,1.0134601873227012,3,10
2022-10-14,XLK,1,-0.028124412300993384,-0.02852747890834717,0.022770830922615164,0.026075527989987333,-0.008825412299925839,-0.03625575908052814,0.039699549465249735,-0.03598547770360521,-0.41009481930808667,0.16939720185156282,4,10
2022-10-17,XLK,1,0.03047922710235773,0.030023963068884996,0.026850936997640608,0.026006656272429568,0.01858424266715386,-0.0051577596006243676,0.013538381221820144,0.0058498823902664076,-0.35066714107809993,-0.2297245820613768,0,10
2022-10-18,XLK,0,0.008474667222750698,0.008438958833125731,0.024822388924193663,0.023328902257417652,0.019520216203360752,0.007595596816839301,0.03296080000143345,-0.017006851687923173,-0.04120660840023016,-0.24643242440098967,1,10
2022-10-19,XLK,1,-0.0028836211300178327,-0.0028877867754513176,0.02480119578878648,0.02319677871698988,0.009003640106846511,0.009685493006021062,0.02011308015689718,0.005900923256927154,-0.21531647378196883,-0.3969474030965192,2,10
2022-10-20,XLK,1,0.00057840502647033,0.0005782378147571876,0.021129973011512378,0.023209745423386673,0.008040973676783914,0.014373719110054584,0.02667880866503114,0.00024778045240349874,0.13160961398397664,-0.31031497924219875,3,10
2022-10-21,XLK,1,0.026754806820509902,0.026403155431602876,0.015176234689444476,0.02084574032944364,0.022179879100494793,0.038407899635295895,0.0348509849181779,0.02930457944290011,0.3778399948510007,-0.056930017004555133,4,10
2022-10-24,XLK,1,0.013833035343989497,0.013738232187066934,0.011730233027520595,0.019818913210827748,0.026697747899843804,0.046375532820281506,0.025386386635857443,0.009529869350822062,-0.2184281209856359,-0.24919255048592814,0,10
2022-10-25,XLK,0,0.019117871817147636,0.018937421561804335,0.012473491587293802,0.018623539143729616,0.03438005375918318,0.05625348336963887,0.01733002108422406,0.01661785572904004,-0.23310820906673047,-0.38715539804749444,1,10
2022-10-26,XLK,0,-0.022262016133474893,-0.022513554998583984,0.0192318838842398,0.020923019977100648,0.003948333094622614,0.02511158182903861,0.025792506914919185,0.0030343946596798482,0.4777788602045787,-0.10003476601758232,2,10
2022-10-27,XLK,1,-0.01138438652516438,-0.011449684713019437,0.020988387594115702,0.019940746878909968,-0.01234367884268639,0.010143779188318547,0.02347714975796884,-0.015069808837922447,-0.22905322557253416,-0.17720824339574326,3,10
2022-10-28,XLK,0,0.04348522852112735,0.04256629172924953,0.02601355587772675,0.020195118860860638,0.022085505233153446,0.043224858383269726,0.0398815027420179,0.03771921983561884,0.27709751342476996,0.10972084971059615,4,10
2022-10-31,XLK,0,-0.013196559426144061,-0.013284407736078307,0.0274141046286712,0.020145604317576817,0.005725818806251448,0.02327101691166722,0.011926096027493178,-0.0032737591513786373,-0.11002048823600308,-0.0026830812817565386,0,10
2022-11-01,XLK,0,-0.008367730001147322,-0.008402935987522397,0.02613827416507289,0.020637154544838034,-6.302086983522859e-05,0.010326448689047973,0.02657193158509061,-0.020546914291365063,-0.2918252809918599,-0.26856407562698725,1,11
2022-11-02,XLK,0,-0.03454277477732004,-0.035153481334053716,0.0289079616650817,0.02405293637128711,-0.02972190861314583,-0.025652150866770973,0.04703653324548882,-0.03385684592000798,0.9220243912803296,0.33225137551986994,2,11
2022-11-03,XLK,1,-0.029406919580649005,-0.02984797121492999,0.030983141142900072,0.02596037210117728,-0.05018469613598431,-0.05258547700035854,0.01822547398664657,-0.015657355678760455,-0.11506488912471535,0.14866677858752997,3,11
2022-11-04,XLK,1,0.018263001960604708,0.018098236392536826,0.020803464999467617,0.02505295031191777,-0.01937100899313482,-0.032699055037113345,0.02803200181560592,-0.0024734359757054517,0.11777197606585643,0.27689177078992877,4,11
2022-11-07,XLK,1,0.01669562559403648,0.01655778573639921,0.02480491044513774,0.025274996395870417,0.004918029389883394,-0.014145416893936225,0.02367989124461489,0.014934036580555645,-0.4173288184083772,-0.23995311844008027,0,11
2022-11-08,XLK,0,0.009592703265237201,0.009546985426512222,0.025918198324114048,0.024553200429965408,0.018902958854967622,-0.0012625655218835297,0.026848358170027915,0.001290040020028468,0.22003145498484789,-0.08903302308995531,1,11
2022-11-09,XLK,1,-0.026008549617897114,-0.026352753219910596,0.023568553108068643,0.02490394705371942,-0.005214064452083944,-0.023586948585281098,0.01877436233261791,-0.016905086277451388,-0.05969187234711526,-0.12327863566073272,2,11
2022-11-10,XLK,1,0.08217579461018731,0.07897363914045474,0.039066483975526256,0.03648783796479218,0.05555992623471995,0.05094969270002281,0.03742214101619111,0.031277031290976136,1.3349606272883823,0.8294075884635235,3,11
2022-11-11,XLK,0,0.017112408972507875,0.016967640921571103,0.039083716695910896,0.03435782453928153,0.05298956671006172,0.0658874580349682,0.02630373507811058,0.018045577552988648,-0.42797917815281283,0.039363338077680554,4,11
2022-11-14,XLK,1,-0.00856230977267336,-0.008599176943265618,0.04117971857553097,0.034142193339819195,0.02933617971489655,0.05327844136522142,0.017260949674527674,-0.0006813259170695362,-0.09082602110428217,-0.06256533893645633,0,11
2022-11-15,XLK,0,0.012120982076399889,0.012048111226364178,0.04111431044136173,0.03395210377419038,0.026744442476770658,0.06029210993319811,0.024370433666087963,-0.01037032515914352,-0.12462654716175847,-0.1965207545357699,1,11
2022-11-16,XLK,1,-0.013697202910547213,-0.013791875084354643,0.038288404396857954,0.03177383737470342,-0.003870265957982011,0.03806610493438467,0.013125182145525814,-0.006034570472650662,-0.20606785045847031,-0.32814525553079976,2,11
2022-11-17,XLK,1,0.001289714355718452,0.001288883388555817,0.013121406496075422,0.029151402299817972,-0.004151410159876967,0.028771787820200956,0.02259588166842452,0.017506009906033772,-0.19277323243328914,-0.427723153280817,3,11
2022-11-18,XLK,0,0.0011371038456349236,0.0011364578327333064,0.009986328020630464,0.02917370949875868,-0.0014362977720459025,0.021103973953091826,0.018661512627183265,-0.010042692134044061,0.46171591243742016,-0.12680285113632028,4,11
2022-11-21,XLK,1,-0.010750211023780376,-0.010808412033563641,0.010409785171776471,0.02967538841760634,-0.010180659586172758,0.004180666118044352,0.011192334868971216,-0.005101250096137112,-0.2978912729592693,-0.37750355391153556,0,11
2022-11-22,XLK,1,0.019361609161947957,0.01917655798504203,0.013034518022607086,0.02995018643509447,0.009595623316763557,0.016584334139588375,0.022630303995665593,0.014934405463585687,0.07836151031827643,-0.3096998075866281,1,11
2022-11-23,XLK,0,0.008858906248806253,0.008819896359526957,0.01109838318334147,0.027560631454797133,0.014525591604330534,0.015192389934201467,0.014746756459814084,0.011060124747571579,0.051157530601383616,-0.2603347631582643,2,11
2022-11-25,XLK,0,-0.0058045963016176705,-0.005821508447939827,0.011949091085030618,0.011840930874994932,0.006114860029238445,0.007245078868003185,0.0059937647834879945,0.0009740382229975912,-0.6558234710883277,-0.6847495290082605,4,11
2022-11-28,XLK,0,-0.02140696293818678,-0.021639415355969582,0.016139177159640788,0.012654428522845014,-0.013416969732587436,-0.012530239593363746,0.020667694778003037,-0.010220235310426089,2.9933190315660436,0.29579722626082217,0,11
2022-11-29,XLK,1,-0.009790621161691382,-0.009838864439088546,0.016013558821016873,0.012733663846795749,-0.02128889709267545,-0.020318699511664762,0.015547322694447002,-0.008501191300352132,-0.1120473975840739,0.1854591653774038,1,11
2022-11-30,XLK,1,0.05020862863860431,0.04898883837393342,0.02779306702745321,0.020630458183005563,0.02357935796910926,0.027035545099188374,0.05185465047584076,0.050695619217962264,1.0167672123213083,1.15621627215873,2,11
2022-12-01,XLK,0,0.0013972606872938442,0.0013962854269360392,0.027694822293712357,0.019898384042373474,0.022285130012070997,0.025079026424417616,0.01712103676797558,0.0004408667808674581,-0.3500668540866704,0.33868012131783076,3,12
2022-12-02,XLK,0,-0.005802276842229226,-0.005819175449141234,0.02769463962434995,0.020109203326065594,0.013674400592218472,0.01651377577198443,0.01837597329352773,0.0111302423807496,-0.41088501760540164,-0.2167891018111051,4,12
2022-12-05,XLK,0,-0.016622252286787265,-0.0167619521704081,0.02670898971087548,0.02102971440037706,-0.006701002524995059,-0.001148073858178611,0.02114362300341846,-0.009008387789515968,0.29009222779369637,0.013846692433137076,0,12
2022-12-06,XLK,0,-0.021410951635360664,-0.02164349131517973,0.028632051161793237,0.021940097217628168,-0.02912766158071778,-0.02223360110360517,0.028201849782461562,-0.02038058726771859,0.023685169440058385,0.0074178301139313785,1,12
2022-12-07,XLK,1,-0.005066787477038481,-0.005079667168900848,0.009282699793076575,0.020865963482298994,-0.024801335245348666,-0.024551816858559006,0.01487023680104097,-0.0014638045492331984,-0.11741473998237173,-0.12133029806493201,2,12
2022-12-08,XLK,0,0.01635820667599619,0.016225852645614935,0.014575961459956568,0.0214479695067592,-0.002196677377947265,-0.006606387963803084,0.01964405059473211,0.010742739547285149,-0.1390462655322745,-0.24020575748074202,3,12
2022-12-09,XLK,1,-0.006149390760692652,-0.006168376136402642,0.014572581306985613,0.021455409048665445,-0.0016014829560456745,-0.010708181265125849,0.017768639855820566,-0.0016777336422715335,0.1602757143813156,-0.1687256478199305,4,12
2022-12-12,XLK,1,0.021847017593044304,0.021611791333363328,0.017752297512887608,0.021429822700152864,0.019184510671545585,0.00859543527736295,0.020515577650853944,0.020210564780032306,0.42328988349290575,0.16658840140310183,0,12
2022-12-13,XLK,0,0.011811249422078562,0.011742041040891493,0.012715969024096083,0.021140393867521444,0.023285659802897207,0.01599623513739412,0.03858919595404357,-0.02373047677882823,0.2567437965176751,0.38908090853577515,1,12
2022-12-14,XLK,0,-0.008422272761977045,-0.008457940511419793,0.01361865896394821,0.014042051036161974,0.007643315980486953,0.00876434113719915,0.030764706585969543,-0.007469268582444742,0.050162299275564814,0.5012737894390717,2,12
2022-12-15,XLK,0,-0.037404391264509784,-0.03812188400230987,0.02267998948369629,0.018035769978496763,-0.026348019982256998,-0.023861373075285353,0.028785722368627437,-0.021361958812017513,-0.016232536717670554,0.43225193114629024,3,12
2022-12-16,XLK,0,-0.013236276436299876,-0.013324656693279202,0.023091884300922082,0.01822082373225549,-0.034242469086785965,-0.031012474193691464,0.020815477093446604,-0.009864051596632282,0.24841082408264747,0.6076031445765699,4,12
2022-12-19,XLK,1,-0.013334420722826978,-0.013424122416694217,0.017524263033313482,0.01803313513464336,-0.03544349004739922,-0.03857679066255626,0.02155278496311299,-0.013450791484436076,-0.40512183739457985,-0.06097240127338266,0,12
2022-12-20,XLK,1,0.0015148899132693128,0.0015137436250656222,0.014321826864715727,0.01722489575365899,-0.019883075630255154,-0.033953045318390496,0.016752134515102636,0.006813068768570124,-0.11589594161074768,-0.1742706340753689,1,12
2022-12-21,XLK,0,0.01655922156519618,0.016423612659929532,0.020045055806672183,0.018290259232684302,0.005979466864071137,-0.0167923765869481,0.01909815346769548,0.011886837078844612,0.16230391380129938,-0.06625440121795667,2,12
2022-12-22,XLK,1,-0.0252173570157187,-0.0255407631094684,0.01610976108324823,0.01861698584986007,-0.01262089944091338,-0.03648728273097812,0.030692385272273005,-0.012847927387088709,0.04451079028805904,-0.06262425568930485,3,12
2022-12-23,XLK,0,0.0010444773370557048,0.001043932250122559,0.015935696939028115,0.01871509222449348,-0.007629913893094531,-0.031029089225546036,0.016588469180963086,0.008253735458434741,-0.4628155263776136,-0.4896783800840906,4,12
2022-12-27,XLK,0,-0.009470305086542452,-0.009515433572108378,0.015449241145530828,0.016281443979970257,-0.013886426425517628,-0.032708073080483846,0.01369088325127602,-0.006040106394940526,0.15775790854754845,-0.3891923279551768,1,12
2022-12-28,XLK,1,-0.01612378149930127,-0.016255184049246196,0.016127042454194707,0.014917265889209783,-0.023262142990519763,-0.038102660763499996,0.02420399334844712,-0.013726465267262728,0.08734339258357648,-0.29878766717282035,2,12
2022-12-29,XLK,0,0.026187837539774828,0.025850807516079932,0.019756497720758843,0.018910080641256516,0.007307602792759882,-0.005653721988117311,0.01973575366774952,0.016228982378040286,0.057089919518267696,-0.21302868506204276,3,12
2022-12-30,XLK,0,-0.0013641758867253273,-0.0013651072217495397,0.01611212843708539,0.015606333190321597,0.005982236954858555,-0.0035273412154334105,0.015893602735347054,0.009082085220188645,-0.18699676836281975,-0.30896579978956584,4,12
2023-01-03,XLK,1,-0.009482481466786097,-0.009527726444445328,0.016629941791608944,0.015385539251086142,-0.0013934613918187289,-0.009920046438868013,0.033553322201951175,-0.01995702133919323,0.7063262143771474,0.2655758894143083,1,1
2023-01-04,XLK,0,0.002596167212852052,0.002592802992214871,0.01615270778698745,0.015013222682419511,0.0009395832849117269,-0.005880360259863271,0.017352715895082835,-0.0025827255115681387,-0.22263460601992602,0.004423100796022039,2,1
2023-01-05,XLK,1,-0.019420739611016646,-0.019611799908120453,0.017037065375033408,0.015993109049854223,-0.018101738581652205,-0.021700586179456804,0.018786577551995573,-0.014476242619959914,-0.039955980699229676,-0.025090949102887672,3,1
2023-01-06,XLK,1,0.02929526477576183,0.028874359108201908,0.018257660598937474,0.01812967315155621,0.010466730724376205,0.009370994377926545,0.036646244228495654,0.020286326028086655,0.21906357464068416,0.1971743173922531,4,1
2023-01-09,XLK,1,0.011625020035206823,0.011557968638702398,0.018871055822135212,0.016611344606042674,0.019339712494177874,0.019693903375863853,0.02121571872322551,0.002622183830399861,0.5498430425159488,0.7622907674492052,0,1
2023-01-10,XLK,1,0.006181750173798184,0.006162721536116855,0.01755083991873036,0.01667539392970103,0.019546125102984035,0.024044367232114006,0.015571674514167841,0.00865969900775444,-0.19686193249701311,0.31804486055178827,1,1
2023-01-11,XLK,1,0.017328310313893702,0.017179887304717312,0.018054294564273942,0.01677981548566497,0.028000233315395695,0.0369882651254152,0.017195370845721016,0.014133189723081014,-0.2005346039862862,0.02068069119623961,2,1
2023-01-12,XLK,1,0.007432483315517935,0.007404998514266126,0.009410454075071342,0.015104229653810856,0.02110953585693509,0.037457399028115734,0.022650030308795848,0.005875034811766395,0.11633958424189572,0.09870346895736692,3,1
2023-01-13,XLK,1,0.002843971976272286,0.0028399355391703907,0.00557929055060632,0.013538493010363683,0.014839070118580988,0.03555301459372617,0.016215349117756916,0.012413733502151964,-0.33892412068808353,-0.26948773773737766,4,1
2023-01-17,XLK,0,0.00452129858385919,0.004511108217664095,0.00567359610406615,0.013372314229651645,0.011716508410818838,0.03478234161781768,0.013045907749839696,0.005909019161133096,0.02684867824922188,-0.2579892589287113,1,1
2023-01-18,XLK,0,-0.012893075168900259,-0.012976912254060835,0.010912060736102583,0.013826778547763575,-0.005059747400279702,0.016521678538051532,0.024351437835775525,-0.018434287661610965,0.3366839954727694,0.0008100701486277728,2,1
2023-01-19,XLK,1,-0.011670172029970005,-0.011738802966670292,0.009580232986109017,0.014798591570715966,-0.014731356277525642,0.001276205737906988,0.01316406275999844,-0.003894746926135008,0.050875430539609745,0.030763123666236902,3,1
2023-01-20,XLK,1,0.02705668778156145,0.02669712687349879,0.016152245483489445,0.014072264994077573,0.010027931365187648,0.020251229605838805,0.026299445770690516,0.021942047709952894,-0.03531580744281326,-0.02476771637237174,4,1
2023-01-23,XLK,0,0.022765338656879353,0.022510075179470235,0.018680342838407846,0.01310118321343273,0.026956352478104018,0.035753668417883855,0.026768779176490516,0.018654787328088392,0.661447642237291,0.5191323459743244,0,1
2023-01-24,XLK,0,-0.00044677154097827465,-0.00044687137311871794,0.018906492006676885,0.013236289387537114,0.021515123915146317,0.028873009067782673,0.010556289472132977,0.005240674626475557,-0.46424341572727346,-0.13665646951564447,1,1
2023-01-25,XLK,1,-0.0020852068567527304,-0.002087383927525721,0.01686201716967449,0.013500846791046319,0.012299664809590771,0.021226354488830923,0.026969678474195076,0.015075799190636837,0.14047838671713486,0.0043923168070545415,2,1
2023-01-26,XLK,1,0.015971246443062803,0.015845048010800333,0.013318737996795315,0.013374809478694481,0.015804521506500357,0.032054038934349105,0.01692541384530385,0.006134529285540206,-0.22175119577191782,-0.20385795578557842,3,1
2023-01-27,XLK,0,0.004187291072697663,0.004178548765326973,0.01082960496634684,0.013358014906311126,0.011963000304591631,0.031231175461954974,0.018111901166997835,0.010571395214130088,0.21390815101506933,-0.020922122648121877,4,1
2023-01-30,XLK,1,-0.01909305095588032,-0.01927767708165451,0.012661716777944976,0.015401053112841546,-0.007005597392841012,0.008802206323496486,0.012876529492269542,-0.00769635541583671,-0.28368783857587787,-0.2963989160646011,0,1
2023-01-31,XLK,1,0.013945965670448146,0.0138496154556762,0.014164914370563483,0.01579918454682036,0.004328772172501827,0.01912932831976666,0.01506454118598654,0.01394593502161311,-0.0859297725024728,-0.34953030920699535,1,1
2023-02-01,XLK,1,0.023536138234175885,0.02326343398066033,0.016495568568649893,0.01572889334570816,0.020174642069004767,0.035532097462595,0.037244203855893505,0.024289732348980835,1.125073267505298,0.33419766121932515,2,2
2023-02-02,XLK,0,0.02730701510122957,0.026940829895077734,0.018564219166567506,0.01529696039457614,0.037641504526977565,0.05200430975825032,0.02027691997544191,0.0100325949914645,-0.0015276245438343716,0.29389332391186906,3,2
2023-02-03,XLK,0,-0.008323950414504733,-0.008358787948393065,0.02030154270735023,0.015342909427524518,0.0214861848973813,0.03530135819533897,0.027046285065891903,0.009039176316447954,-0.14229706757331062,0.09459596884088928,4,2
2023-02-06,XLK,1,-0.01220341633546207,-0.012278489411115423,0.01816936854575443,0.015530927321727355,0.00044259746647123954,0.01842054158034956,0.012767536261664077,-0.001141252964281046,-0.1962168791110781,-0.052784626636244614,0,2
2023-02-07,XLK,0,0.024993096183953956,0.024685877137399004,0.019561919331302042,0.016709553965260453,0.014459908768247764,0.03688390090677762,0.02773618103136141,0.02345806264622326,0.21042735833063642,0.12090618988086055,1,2
2023-02-08,XLK,0,-0.012052286651837218,-0.012125504347057614,0.020347099136430638,0.017574852598736278,-0.0015067787675714372,0.01863292879073919,0.021346070846102037,-0.013975870277170552,-0.19933537897403908,-0.09108122093006454,2,2
2023-02-09,XLK,0,-0.005500244961769485,-0.00551542700465113,0.015685373820377744,0.017509263776771297,-0.004292532886509548,0.009477121151791446,0.026180585225423176,-0.020625008477105036,0.0037369802019560083,-0.09722430800784354,3,2
2023-02-10,XLK,1,-0.0046089428303113245,-0.004619596755476962,0.015433444062488432,0.01770083067974882,-0.0069325192280916825,0.0021846423177220853,0.012930401584786295,0.0028576165700992476,-0.21882129277566542,-0.27566846569458436,4,2
2023-02-13,XLK,1,0.017310095870992193,0.01716198295095417,0.01612381143254789,0.016393056121358694,0.006313687803113366,0.013224937296114625,0.01617823669757908,0.013339991346892179,-0.14701468321570532,-0.37622818192739105,0,2
2023-02-14,XLK,1,0.0042714079575594255,0.004262311388827378,0.0113420647812746,0.016185044121637855,0.010782979692819161,0.012195482074139896,0.020965215564480194,0.009005197585431345,0.5005111866663496,-0.08934938479497734,1,2
2023-02-15,XLK,0,0.004671369096942657,0.004660492112773973,0.009207026786073704,0.014893602177368067,0.012251632080492625,0.013397834144003973,0.013258501221934078,0.010803179608306733,-0.1688321977499604,-0.19450194406736976,2,2
2023-02-16,XLK,0,-0.017350259245662913,-0.017502538959168312,0.012828608286508622,0.013632578031589215,-0.006093163300116888,-0.0032244177828639753,0.015000034386003521,-0.0028873497331646128,0.2392717567438758,0.044947902099026216,3,2
2023-02-17,XLK,0,-0.012500665732564364,-0.012579456366646369,0.014092684078777453,0.013946378944576962,-0.017745403762128742,-0.014331654714614284,0.01522264448552385,-0.005406135274840007,-0.1841829984924469,-0.10779537149817298,4,2
2023-02-21,XLK,0,-0.023744836883425546,-0.024031289118462418,0.012868607374263182,0.01535559525097982,-0.03249121091411411,-0.035328843736422755,0.017397563969391277,-0.010511032840299486,0.15756227254728183,0.03889620345706413,1,2
2023-02-22,XLK,1,-0.0014654109487197697,-0.001466485713454091,0.011589414060926638,0.01201817953693769,-0.02405851645922974,-0.03178848004886903,0.012794268282044182,-0.003509253778496999,0.16783137044095842,0.22748293402869924,2,2
2023-02-23,XLK,0,0.016581314729864127,0.01644534570225975,0.015827688950931368,0.013496968657162958,4.340526324631e-05,-0.013456680821755107,0.01779027143368658,-0.002016701142914543,-0.08497461362495118,0.11798108975888422,3,2
2023-02-24,XLK,1,-0.017826146479644533,-0.017986946052684694,0.01590151588300234,0.01436344430852529,-0.009923212109198443,-0.0276228391032991,0.010139526540313585,-7.354713575388617e-05,0.09355182926829264,0.2048761398010377,4,2
2023-02-27,XLK,0,0.005363968850525591,0.005349634007862036,0.016571672937623478,0.014619230349769778,-0.0002484480892828156,-0.019914025136640312,0.011566974103240922,-0.004655895230535249,-0.34559571769101016,-0.20838209454560175,0,2
2023-02-28,XLK,0,-0.0021924048968919863,-0.0021948117349932517,0.012533905649621233,0.012885519208675542,-0.0024695094739252132,-0.01763652476257893,0.012465148023003424,0.0010265389693213094,0.11681755245500058,-0.13110129997547215,1,2
2023-03-01,XLK,1,-0.007325064788489488,-0.007352024812195879,0.012981895785695047,0.012533509720825706,-0.008646533374890186,-0.01925723915979438,0.012446895046501991,-0.00776100120356518,0.43712449217036364,0.22389475547931958,2,3
2023-03-02,XLK,1,0.012322798709841098,0.0122474910619772,0.011599647587095552,0.01343025950859334,0.005585278375304981,-0.002189245148400021,0.01997778076342497,0.015094403529787664,-0.2720745351507028,-0.1125439909388779,3,3
2023-03-03,XLK,1,0.021503140670992238,0.02127520983859732,0.011460596408168346,0.014936148066693694,0.02114577419320418,0.02034285669595781,0.016006310841199415,0.014992336898837782,0.3163527631411016,0.1547670648750754,4,3
2023-03-06,XLK,0,0.004780925672949188,0.004769533343960575,0.011470814115154075,0.01443994460172167,0.02009620053469363,0.02448257779854135,0.014322209079823789,-0.0016307128366949229,0.10800853209230166,0.2265938851237388,0,3
2023-03-07,XLK,1,-0.012428317995343163,-0.012506195469536685,0.013911529217328106,0.012633047062157572,0.0037242867540330238,0.00986905094797752,0.01798151268068299,-0.011656001600708824,-0.11745587279363967,0.06744724376352274,1,3
2023-03-08,XLK,0,0.008269984570404842,0.008235975621674996,0.012476068529002104,0.012717026536143256,0.005219332236825691,0.015337590682387381,0.01182378444421434,0.0047295137776857355,-0.0618271954674221,0.00978147191638179,2,3
2023-03-09,XLK,0,-0.014335617264340406,-0.014439364943849675,0.015012251529683277,0.012780704800282783,-0.010623951491817496,0.001043063832466773,0.029053635575374707,-0.015879768168097688,0.17948214690118514,0.1687064388584456,3,3
2023-03-10,XLK,1,-0.017583149783654828,-0.017739569643169695,0.011879603849879005,0.012743618062809334,-0.021900352965478986,-0.01633042454126743,0.022608770840409874,-0.016159389329993206,0.9556852655427979,1.0384681069080353,4,3
2023-03-13,XLK,1,0.005450321658327484,0.005435522404679816,0.012037845547685059,0.012747807451927912,-0.010438540240887861,-0.010746932605658954,0.03201891583203434,0.011784734357168085,0.1270617342130067,0.968514648656311,0,3
2023-03-14,XLK,1,0.0230750993214337,0.022812895146435253,0.016885493905390608,0.014659609720987704,0.011515779690941974,0.009782473014434023,0.01771893304794054,0.010052790530833028,-0.3843620969006428,0.14194399022769733,1,3
2023-03-15,XLK,1,0.000572924002888664,0.0005727599445908282,0.016398022589058706,0.014287085131655273,0.012784821880320374,0.007287589051976351,0.017736891780469635,0.011655690678628903,0.08762298252068179,0.1907577370852358,2,3
2023-03-16,XLK,0,0.028052173825605653,0.02766591849373956,0.01834032940773564,0.016151783177348222,0.033019875669988874,0.030737064075070153,0.0364093883247307,0.03166968518570467,0.13125758889852568,0.24951383207616207,3,3
2023-03-17,XLK,1,-0.0013921575126786268,-0.0013931274642695612,0.013505166092970186,0.01509932750819056,0.020297929813647864,0.02685609536124023,0.017785171009954998,-0.0033346930623712797,-0.11531502522348469,0.061501849461811586,4,3
2023-03-20,XLK,1,0.0026966715222498383,0.0026930420271735755,0.013847591539395531,0.015077889179620689,0.012482989135794265,0.027391920814525017,0.013226953584726218,0.004478965584590812,-0.4808350593190228,-0.4385300636841193,0,3
2023-03-21,XLK,0,0.008081932691479166,0.00804944877796121,0.011966672162921911,0.014232501100101838,0.013037082222603802,0.03131291622581589,0.014829183187946075,0.0026332540311921754,0.09053882620017362,-0.3846571167269621,1,3
2023-03-22,XLK,1,-0.009952651691536252,-0.010002510422949307,0.014225081821756164,0.014820556758206213,-0.0023785941240047626,0.018617230596322587,0.030409904492573823,-0.009952328544533644,0.08862425763791104,-0.3331920750344083,2,3
2023-03-23,XLK,1,0.016265390482361086,0.01613452615129507,0.009859679179411624,0.014107889218195398,0.010699798872480626,0.02955971788466738,0.023021755553739535,0.0034463743706196585,0.23701526953685215,-0.18270070415993167,3,3
2023-03-24,XLK,0,0.002610136257416462,0.002606735767651358,0.009557602089770696,0.011666471187976249,0.009391137118384352,0.024646216198724424,0.012885854328188468,0.0057883932259049494,-0.32525943691108106,-0.3961277222978946,4,3
2023-03-27,XLK,0,-0.007741930250692142,-0.007772054573693232,0.010937618052846848,0.012635417249994332,-0.00022105565668684157,0.010597602293880737,0.01498144268945513,-0.00923512732498738,-0.08944965719387499,-0.3750339636603287,0,3
2023-03-28,XLK,1,-0.0046948679998622955,-0.004705923508972809,0.010605903459953032,0.01152380227790246,-0.004172433852449808,0.002496905587184184,0.012311514433212193,-0.0029741868109310677,-0.07794201986938742,-0.38372052764602016,1,3
2023-03-29,XLK,1,0.020950336484925725,0.02073389596707198,0.012671221637717764,0.012700184519862961,0.011213638074699661,0.018021288854633832,0.011989585636499824,0.008289883525766976,0.43023675762439817,-0.06783905469676621,2,3
2023-03-30,XLK,1,0.01161913851044516,0.011552154684181914,0.011824402212486441,0.010290666286952318,0.018344986887487202,0.025920835749966287,0.008146444927102375,0.002356467423363443,-0.21423060196680832,-0.18856704114967004,3,3
2023-03-31,XLK,0,0.014306880654268106,0.014205503024903976,0.012483693958377734,0.010596029575736,0.02582743407802557,0.03498852216950632,0.017753863105776247,0.015534617390730598,0.3452295936585017,0.15878574251700517,4,3
2023-04-03,XLK,0,-0.0015893877138379864,-0.001590652130433412,0.01088154442176276,0.010802828891873163,0.015997654555781615,0.02824128506056911,0.010726901523317005,0.004530667940316571,0.4029515985613612,0.5187401945853998,0,4
2023-04-04,XLK,0,-0.005504913433329928,-0.005520121306981984,0.011123350054478209,0.011216607662482305,0.0025810904474341534,0.01893266652723047,0.0141068252634766,-0.006954122879380586,-0.2515064657415028,0.11468001059399646,1,4
2023-04-05,XLK,1,-0.01140448530569138,-0.011470015147378554,0.01108547435758018,0.011419466191190645,-0.01025586616759322,0.003914777418283943,0.014809297851305176,-0.006701065661261417,-0.00551033820332647,0.09684667731620489,2,4
2023-04-06,XLK,0,0.0056668176879202115,0.005650821679092033,0.009990709359805694,0.010560699716684692,-0.004899683084513939,0.0072230291082626685,0.01868841395898761,0.013048002088841723,-0.0026433509556730295,0.10862646436023016,3,4
2023-04-10,XLK,0,-0.0005365164552961765,-0.0005366604317496027,0.006315653242129746,0.01060126437319882,-0.0027441624636271866,0.004625846304221692,0.015177217621415363,0.009485799783260883,-0.3936544342507645,-0.31641685556925037,0,4
2023-04-11,XLK,0,-0.00939700568924895,-0.009441436108208023,0.006917103371794654,0.01078346678972547,-0.00789193564685886,-0.006663274368349681,0.009480291149153153,-0.007664892236915149,0.3440507712352372,-0.09411909675354202,1,4
2023-04-12,XLK,1,-0.005691392698707665,-0.0057076503894135655,0.006926157639639391,0.010855971051679455,-0.00928954392577619,-0.014042051739030947,0.016690295763172578,-0.012383043160634521,0.03472591388098434,-0.08386284037266223,2,4
2023-04-13,XLK,0,0.018603406930418842,0.01843248018142596,0.011002668001295585,0.010413314931110406,0.0074407206392399505,0.0027438443767346943,0.017852326581985847,0.014661880911848285,0.030674383112467618,-0.05172557611887174,3,4
2023-04-14,XLK,1,-0.005552939734611906,-0.005568414618446482,0.011142035828996803,0.009985971687949813,0.002414006494414256,-0.0026704467083821237,0.01695363982790336,6.723968566319529e-05,-0.046782682637188655,-0.10726594187576033,4,4
2023-04-17,XLK,1,0.003632714763667666,0.003626132391826964,0.011294971287212848,0.008770185290761174,0.005784265194765492,0.0021763194427149024,0.010010786951254094,0.00235155947411511,-0.36125380663816176,-0.40200120089332636,0,4
2023-04-18,XLK,0,0.0030833764669113695,0.003078632610588272,0.009904488993689316,0.008869711765323468,0.006090984592923787,0.006023289185794756,0.011507987138078286,-0.004523434619089046,0.10917409101854081,-0.27439527689040955,1,4
2023-04-19,XLK,0,-0.0028731982784753196,-0.002877333836067031,0.00936487935101009,0.0087498711998281,-0.0001205020325114603,0.0036185525146621433,0.009440282317430342,0.00620362879307714,-0.06399791594303572,-0.27999358747419956,2,4
2023-04-20,XLK,0,-0.006567651139233299,-0.006589313057348889,0.00477556855108634,0.008192800711479044,-0.0050338973190424685,-0.0029795496570321767,0.014406525498018576,0.0026378043527125966,0.3238936821597551,-0.011106664518442666,3,4
2023-04-21,XLK,0,-0.0032379637482993218,-0.0032432172965153327,0.0044007594652639235,0.007994405164502895,-0.007069318857599649,-0.00533148185694432,0.008333869219178827,0.0011518271777453053,0.0719503862931623,0.09278140621400222,4,4
2023-04-24,XLK,0,-0.004399030262903336,-0.00440873446637724,0.0035903821401752616,0.008070325302444396,-0.008666020832487908,-0.008452178365039975,0.012774375933974865,-0.0004076752010615315,-0.2580407923122181,-0.1860214938089655,0,4
2023-04-25,XLK,1,-0.02134461185261116,-0.02157570235480577,0.00777111040151063,0.010052950133926233,-0.022341493643941113,-0.027242917129423505,0.018785436241995496,-0.01653117138489746,0.21396947069318717,0.00406815850696951,1,4
2023-04-26,XLK,1,0.014864491120518686,0.014755097295790165,0.012883551155092375,0.01133313224378153,-0.0036005016710043414,-0.012356326241804605,0.012696249900010665,-0.0026621118747333617,0.23413713642879186,0.2350222883964157,2,4
2023-04-27,XLK,1,0.021216893251293056,0.020994948797613766,0.016929682632613772,0.011838391004802487,0.01619553322477496,0.008782516944147778,0.019618561464178487,0.016416918337935398,-0.11163385624182187,0.11288332258955713,3,4
2023-04-28,XLK,1,0.010857238670696212,0.010798722026685859,0.01713248206007131,0.01213492930948344,0.02295092705778945,0.018234333353742693,0.012130537344353149,0.010857147941116887,-0.024228783264927833,0.09817244436497474,4,4
2023-05-01,XLK,0,0.0005962538361956593,0.0005960761475058973,0.01664144873808791,0.012114251976517618,0.018298337483128035,0.017652947826484855,0.007829557582208482,0.0013933477919406342,-0.30508819538670284,-0.2360730440359925,0,5
2023-05-02,XLK,0,-0.009342590662921424,-0.009386506401602546,0.012092339111144457,0.012531919909997755,0.0012991019276387128,0.008240613704525224,0.016810115435612658,-0.010522908884533081,0.47159035438836283,0.09513153784119566,1,5
2023-05-03,XLK,0,-0.008427507462713035,-0.008463219688644052,0.013060387412409122,0.012792654325733921,-0.009977109782018045,0.00039806733143810114,0.0165676461078213,-0.009619897240431377,-0.035542508375626114,0.02813123785579541,2,5
2023-05-04,XLK,1,-0.004789156180229681,-0.004800660935432077,0.00828870406653191,0.0127122480150318,-0.012515886831127587,-0.003922490678038626,0.010903430654354646,-0.0008127480224853742,-0.06613815755533003,-0.03513182652450242,3,5
2023-05-05,XLK,0,0.02507802037879525,0.02476872713631284,0.014217637410952201,0.014964183607655489,0.011693055409346398,0.018663870663856885,0.020071191975989097,0.015237995931126189,0.12604732529233043,0.08656058708032366,4,5
2023-05-08,XLK,0,-0.0005291275061325429,-0.0005292675434924732,0.014227071456903483,0.014817244253726007,0.010833156792815268,0.015355145159672956,0.00702217674742453,0.0013912336410261386,-0.44434995911692554,-0.3837464905216881,0,5
2023-05-09,XLK,1,-0.007673885724214569,-0.007703481492185915,0.013958490316445332,0.012838811766949692,0.0024191934241013513,0.0034988407874607663,0.005122093148953002,-0.002195182778122715,0.8354817823297427,0.11643576905106712,1,5
2023-05-10,XLK,0,0.012200124708739546,0.012126303003463512,0.013618855872065773,0.012618315315057495,0.009816941306546534,0.011869561710956766,0.01202823405456013,0.003436681520397021,-0.1540422666196325,-0.02902132844031291,2,5
2023-05-11,XLK,0,-0.004479028932901641,-0.004489089836283711,0.013564537325536431,0.011246033702329688,0.0004896314427280668,0.006036694012489852,0.009763792780452724,-0.002836838167145446,-0.1511590439545859,-0.15136654166327157,3,5
2023-05-12,XLK,1,-0.0013230399308230556,-0.001323915920884211,0.007569215638733771,0.01075049132416032,-0.0004502906443937249,0.0046254592113625925,0.012218519640512977,-0.003038152716076481,-0.11709539121114687,-0.2221113950647159,4,5
2023-05-15,XLK,1,0.008280857287515708,0.008246759100955181,0.008489732261316977,0.011057706598456203,0.006440646231187674,0.012082431459636389,0.011052270691512942,0.0072798861700441,-0.14054122407688419,-0.3221160559334544,0,5
2023-05-16,XLK,1,0.001051273185890933,0.0010507209852113064,0.006907336645811015,0.010460379984076429,0.004363927427062819,0.011229961673812516,0.008224224980742042,0.0024343384684208133,0.3827796251066711,-0.037083484458214744,1,5
2023-05-17,XLK,1,0.013323887161669212,0.013235904826639278,0.007283624764280087,0.010325917781519372,0.014322494512726935,0.020544550005106688,0.015424840590533088,0.009084963331035539,0.2679662062948225,0.2173733601122918,2,5
2023-05-18,XLK,0,0.02046759639462281,0.020260950088107244,0.008922150520713762,0.010974744511935265,0.02645130653750427,0.034587000021185865,0.020701235026116534,0.019213359978796817,0.29996811170971593,0.5110712265163191,3,5
2023-05-19,XLK,1,-0.0004445548360763052,-0.00044465367987278626,0.00868941100232622,0.009000483498813008,0.017338791777746554,0.029906914842676935,0.0058379223956115415,-0.0006980177226205962,-0.36706000826275564,-0.020411017753489302,4,5
2023-05-22,XLK,0,0.0019050366248187789,0.0019032243438230623,0.009189605739080718,0.008894043871745746,0.011981007839461988,0.027420786270750952,0.009171406227541489,0.00490417361569561,0.10088730239673627,0.0369904968316368,0,5
2023-05-23,XLK,0,-0.014767309258756467,-0.014877431453895973,0.013550133399374694,0.010151793256995298,-0.006899654208174288,0.00866889452876829,0.014332122563674752,-0.00980959609552299,0.08308165496285036,0.131649201331147,1,5
2023-05-24,XLK,1,-0.007333532892066064,-0.007360555439287708,0.013177608410315267,0.01019691188088472,-0.014081779014385565,-0.0003368506700753837,0.009466939719373636,0.0005835581453655411,-0.06546916431442995,0.05374834110058324,2,5
2023-05-25,XLK,1,0.03836452945756208,0.037646907541390995,0.02052248040224464,0.015133022077885288,0.02024853595098275,0.03194453584210266,0.020705755340383398,0.0114891233088521,0.6546459691000952,0.6025970618167376,3,5
2023-05-26,XLK,1,0.028396608670593793,0.028000898728735457,0.023021846995766124,0.01640987345998951,0.03955594866289314,0.05187909112163913,0.02770176932232986,0.02577190864901869,-0.1614116605819228,0.26273984560589847,4,5
2023-05-30,XLK,0,0.005340342864230685,0.005326133798350341,0.02279564167175607,0.01644898649020443,0.03481873156616322,0.048487625032543225,0.01632772594119215,-0.0092104863291925,0.19548812664907644,0.37944367401056756,1,5
2023-05-31,XLK,1,-0.00833028809434111,-0.008365178845995302,0.021171066797767736,0.017180552917860203,0.015001324492143864,0.03196788727222488,0.012567494269037704,-0.0026106970860448,0.06496501798759624,0.36609237137101847,2,5
2023-06-01,XLK,1,0.010165472460720526,0.01011415155334916,0.018615371333981647,0.017094334359587526,0.010780730238174385,0.03494288908651777,0.02088421033015209,0.013373244472811895,-0.09748717683021602,0.18669655083146552,3,6
2023-06-02,XLK,0,0.005724745301684431,0.005708421218481696,0.013222172716074752,0.016463965663724687,0.00837394760227994,0.03483345645966196,0.011681525392680973,-0.0001797087438633029,-0.1807639757970998,-0.019663608310594882,4,6
2023-06-05,XLK,0,-0.005751895822959097,-0.005768501683139249,0.008013846585809434,0.016773916080149304,0.0011705507763688505,0.023512371673379162,0.013549218970480007,-0.005155878864610725,-0.23556122377475364,-0.2562336199584926,0,6
2023-06-06,XLK,0,-0.00024117398501566356,-0.00024120307213859604,0.00771613082021276,0.01683680792816596,0.0006393121737666707,0.018166145584531,0.009363222519223042,0.0021747047538494707,-0.08556237968649738,-0.3160548439601848,1,6
2023-06-07,XLK,1,-0.014948694266355589,-0.015061552127297873,0.00984393018322365,0.01686073799818667,-0.013295305985986938,-0.0019360182355321331,0.02288919702996401,-0.013045075723053074,0.3737319058502746,-0.07323222418044373,2,6
2023-06-08,XLK,1,0.01083096225311464,0.010772727496401124,0.010035448226876242,0.016338142014275952,-0.0016921658951467577,0.0022144540430373283,0.011670558593245221,0.009348641971533213,-0.22173411754403893,-0.27745582502632005,3,6
2023-06-09,XLK,1,0.0049639208760234865,0.004951641240785065,0.009915368220812903,0.012056643246677082,0.0043437687303313766,0.0036697691318601233,0.013615336410830311,0.0001204229954236504,0.3514608258635563,0.0013491563951542052,4,6
2023-06-12,XLK,1,0.02174568080316397,0.02151261619925382,0.013587087556395467,0.010637636494361655,0.021634875218208283,0.02250323040712221,0.017230062745895645,0.014777154118430847,-0.04345895543098188,-0.032945450974615764,0,6
2023-06-13,XLK,1,0.006072396879325481,0.006054034176977474,0.013330738128459503,0.010658413267581423,0.02199089340327487,0.025627118443484198,0.012797302512238774,-0.002804949293707027,0.20371068817453875,0.17666327285927808,1,6
2023-06-14,XLK,1,0.01031338534589521,0.0102605652461909,0.006641811623301566,0.010065925316963476,0.021531388378366545,0.03116631030682182,0.015312412185868795,0.011499012900905778,0.010436375468491965,0.2106777022753723,2,6
2023-06-15,XLK,0,0.01287648695960808,0.012794289856031149,0.006707997391674186,0.010258534334818334,0.023238735255132426,0.039049953187610065,0.02178094081258936,0.017005404779996992,0.05746317609875362,0.2773586971555022,3,6
2023-06-16,XLK,0,-0.008246110510798044,-0.008280297750969723,0.011002293245372202,0.011090458780696219,0.006333514720040068,0.0266395884463142,0.018605700290504713,-0.01758461037374384,-0.020639951276180568,0.22370319845770537,4,6
2023-06-20,XLK,0,-0.006758112672030192,-0.006781052125497844,0.009773124984607693,0.011190476004185407,-0.0032469089860093225,0.01603979646852216,0.012569765184777511,-0.0010474434335259685,-0.1859200995013417,-0.025968120638909964,1,6
2023-06-21,XLK,1,-0.014796528265799247,-0.014907088854223538,0.012206932080478293,0.012610862468530108,-0.016655549324283814,-0.0011028888360314903,0.01584799247875548,-0.01099418060124269,-0.14710916832887722,-0.1810070800980238,2,6
2023-06-22,XLK,0,0.008159900254914643,0.008126788273850494,0.011722123812158126,0.0111509835648332,-0.0068418928258846545,0.0026528602041551164,0.013304855577592202,0.012710854014554216,0.2625808591806269,0.023475630252100865,3,6
2023-06-23,XLK,0,-0.01085058557840235,-0.01090988250983127,0.008743399811084261,0.011871313494887882,-0.011149737111978864,-0.010440901709536932,0.010154343925506662,0.0014845606238779036,-0.032527160704667546,-0.036147258951743866,4,6
2023-06-26,XLK,1,-0.00717450215449833,-0.0072003626601526705,0.008702885624921988,0.012190409183586408,-0.012001794582002456,-0.018563813202991386,0.017535494085095048,-0.008056875508080152,-0.2606286916966528,-0.2705358147610295,0,6
2023-06-27,XLK,1,0.01970835577427743,0.019516660700137578,0.01447620497383454,0.011819032398716203,0.008565045074747868,-8.553289199453307e-05,0.018916232960708823,0.015644547458591552,0.2702246056087123,-0.07370081735038125,1,6
2023-06-28,XLK,1,0.0005858070265705173,0.0005856355086146792,0.012276017398470514,0.011680348358399158,0.007109424078731719,0.00017999388819855966,0.012368166133251588,0.006184128000926006,-0.17793681775464465,-0.21091928500055512,2,6
2023-06-29,XLK,1,0.001756028191450154,0.0017544881765552134,0.011809048326563248,0.011174396747641943,0.008117265970055021,0.002470172270084392,0.0078353192867181,0.0007016437503786369,-0.19728094551338426,-0.3311262742615292,3,6
2023-06-30,XLK,0,0.015893364542104216,0.015768387488661162,0.011253573661965052,0.011607223819263577,0.017891817766709117,0.01864444925963693,0.009199238437741508,0.005901436554458711,0.2487018251133848,-0.1241230395659958,4,6
2023-07-03,XLK,0,-0.0021280706920048242,-0.0021303382520301284,0.0099048475839641,0.011291312443846742,0.008580750913218749,0.01608258267915197,0.007478588494874924,-0.0019559128706738856,-0.4576256316676025,-0.4802803805885706,0,7
2023-07-05,XLK,0,-0.006167541170779112,-0.0061866390178222375,0.008349161766300347,0.011250955713448129,0.00040614407189765167,0.00936656502358213,0.009171127479973947,0.0008126270643163101,0.5197826016628384,-0.17734286895063844,2,7
2023-07-06,XLK,0,-0.0026679688391049172,-0.0026715342109140394,0.008608541712489726,0.010003507726322462,-0.003557948844634895,0.005002736959905052,0.011246474667389325,0.007263387326017004,0.2895823576993486,0.060341930605729566,3,7
2023-07-07,XLK,1,-0.004361296873567677,-0.004370835071489054,0.00896159330268938,0.009889668723960611,-0.007984225567680636,0.0002045840504376617,0.012639784841110564,-0.0027375697924313987,-0.040787692714007506,0.05019752988249415,4,7
2023-07-10,XLK,1,0.002628168022972055,0.002624720428643812,0.0032928785877331295,0.009060728036512153,-0.002834839792928645,0.0010729718982609437,0.010141249573113475,0.006272391976018145,0.4521519161604515,0.4960067366928156,0,7
2023-07-11,XLK,1,0.002155525288163984,0.0021532054765405206,0.003923486735922641,0.008495854591028204,0.0010125076517906173,0.0005525763289284669,0.01087080031823294,5.810084052844976e-05,-0.40772165999099375,-0.1068684283886463,1,7
2023-07-12,XLK,1,0.011335045827255419,0.011271285559950606,0.006116618409001321,0.006900550391141959,0.010524480075771336,0.009990630413871715,0.011510791366906475,0.0013237164174910072,0.6110844337735093,0.4102889689488425,2,7
2023-07-13,XLK,0,0.013047603653361106,0.012963216910063302,0.007180522809044279,0.007713611753624876,0.01863303187938148,0.01996526879707372,0.0103328057173813,0.006165449805012064,-0.4194630038995554,-0.1665136248794239,3,7
2023-07-14,XLK,1,-0.0014750061300560224,-0.001476095022478141,0.006306552134239053,0.00784499780423967,0.01154158418580531,0.015610273308025446,0.014658506768307869,-0.003961723575584418,0.23473666196038168,0.007440738523406987,4,7
2023-07-17,XLK,1,0.012784721156710921,0.012703686548240611,0.006754659503153708,0.007313226601413021,0.016782890237785786,0.02600120833714681,0.014972772685937925,0.010889281358835264,0.027287375041147532,0.03078947688659639,0,7
2023-07-18,XLK,0,0.011332865440603967,0.011269129608753481,0.006134071891991355,0.007596953613116278,0.01874029385543219,0.033600806975872866,0.023786824173498,0.013664694656472175,0.3834452052484232,0.3096553353726683,1,7
2023-07-19,XLK,0,-0.0024963069817686145,-0.0024994279510552886,0.007908277166583112,0.0071330039009279336,0.00954462981796289,0.02667022731495372,0.012948987381671773,-0.004980405743100298,0.27940997196147754,0.5336392331073183,2,7
2023-07-20,XLK,0,-0.01996536055635445,-0.02016736157112131,0.01321835089967993,0.01035896619584166,-0.01057799311265728,0.0037309370935887376,0.020989588733537616,-0.013657239401051973,0.16036207717960926,0.6334951000512394,3,7
2023-07-21,XLK,1,-0.0005108660710473334,-0.0005109966075780292,0.013197810990042774,0.010145003021141451,-0.01123886988644518,0.0004146341282509347,0.0130258125989382,-0.006823003722029496,-0.3894153391361471,-0.023884037575942152,4,7
2023-07-24,XLK,1,0.0017600392449650393,0.0017584921908779805,0.011370117837340783,0.010151144559779217,-0.007492764583478029,-0.0005381689508129339,0.008931105072341891,-0.002656724950392333,-0.23960084457414899,-0.2296016317877041,0,7
2023-07-25,XLK,0,0.01144883408538755,0.01138379214988472,0.011404120773710872,0.01050513651985926,0.005907260782996637,0.007235799404552434,0.011694296302228338,0.008191696808257072,-0.044746290302612235,-0.2680940443119453,1,7
2023-07-26,XLK,0,-0.013448470627916431,-0.013539720345291606,0.012530786451757895,0.01139625383990149,-0.003407630686560581,-0.007475188235894437,0.012458219569995753,-0.0030012956016079494,0.43504101016459606,0.054622443314791935,2,7
2023-07-27,XLK,1,-0.0028967735150824403,-0.0029009772836872116,0.008958609209184855,0.010653071497505983,-0.00554020533340438,-0.009959624423764968,0.023705422941406047,-0.01619591655518732,-0.10609227434587398,-0.08531634707416091,3,7
2023-07-28,XLK,1,0.013614371667272307,0.013522528759388308,0.01103199454539945,0.011509700574840204,0.005935889267274508,0.0024167732068474113,0.009369024329665644,0.004289478479749852,-0.18543696326766257,-0.25366936747629243,4,7
2023-07-31,XLK,1,0.0023040647308258944,0.0023014144438580075,0.011030540310777425,0.010788355430270694,0.0060809644010075825,0.004664157563178062,0.00696241128955012,0.0014037057351626058,-0.10179492177117844,-0.321928701656387,0,7
2023-08-01,XLK,0,0.0016819107258940758,0.001680497897994293,0.009777860913786131,0.010081795767402183,0.00755719492904916,0.007267442854168582,0.00973165149328324,0.004950158085582947,-0.1274954627949183,-0.3768720325730146,1,8
2023-08-02,XLK,0,-0.024740858001444876,-0.0250520566341228,0.014087588417809204,0.012619764686885032,-0.015338111287015121,-0.014552885825893869,0.02027330190179072,-0.016094454901997957,0.7882610956612177,0.15644368673539666,2,8
2023-08-03,XLK,0,-0.004075166219189241,-0.004083492336954819,0.014116014006110263,0.011174386636212338,-0.01709547269107914,-0.017067671095704506,0.010647510930417943,0.004108597441687073,-0.28432351788401,-0.08518354510163906,3,8
2023-08-04,XLK,1,-0.013600648201105736,-0.013693984270402915,0.011472232890573303,0.011796770729607999,-0.022958894136674957,-0.027698837701730317,0.017810686182293697,-0.010235292249103073,0.2747813797367724,0.17034838458544188,4,8
2023-08-07,XLK,0,0.002804501079820998,0.0028005758039153505,0.011582829768331814,0.011846104375075302,-0.01265516023040536,-0.02230614409028142,0.012043328283764464,-0.0013963549356872421,-0.3392369628182209,-0.2154010455834221,0,8
2023-08-08,XLK,0,-0.007690582659091061,-0.007720307689853989,0.010406666692305337,0.01080847224400473,-0.01076814898017009,-0.025305811955773527,0.01132358981539408,-0.0007040314214308453,0.20195050335570475,-0.062041221151658665,1,8
2023-08-09,XLK,1,-0.012917068116425123,-0.01300121888034056,0.006776691097484915,0.010761364356687005,-0.016566198145787858,-0.03350438267560529,0.017648840291791344,-0.014248067376655887,0.2477795808686245,0.18197084949041153,2,8
2023-08-10,XLK,0,0.00011919069058752285,0.00011918358794194006,0.007468390806742751,0.010854753419718586,-0.01021916817937052,-0.029253917373371907,0.02101533463318284,-0.0074379843697390275,-0.10980436029031315,0.06206516842684828,3,8
2023-08-11,XLK,1,-0.007375073641637697,-0.007402403955544479,0.0063772217867496764,0.008863185290952626,-0.012566436928529212,-0.030232040499556967,0.009352503177770836,0.0005994654849948382,-0.1539029486152348,-0.09750952172696392,4,8
2023-08-14,XLK,0,0.015937781642611393,0.015812108740397512,0.01124688622614012,0.0111067598400604,0.005646194539230542,-0.009718316255464154,0.019492593314228653,0.016973561468083525,-0.04121797252135162,-0.13608067708254912,0,8
2023-08-15,XLK,0,-0.009848876442918542,-0.009897697445678588,0.01153903968750169,0.010934861942033242,-0.0013798399416735663,-0.013270737051303216,0.012776550889046057,-0.006920609167404063,-0.09310611928737411,-0.21991391602148103,1,8
2023-08-16,XLK,0,-0.00953016766035697,-0.009575870309229906,0.010878390048145815,0.008934735604559554,-0.008738907107661453,-0.018092325915492702,0.013191707335822514,-0.007401692247354691,0.044093782029381634,-0.14238057486827982,2,8
2023-08-17,XLK,1,-0.009501456779103745,-0.00954688359585365,0.011224350728888268,0.00906200090581422,-0.014125797073745061,-0.022335954404633318,0.017242349548411827,-0.013889673007153533,0.28993598789291775,0.09386299744891313,3,8
2023-08-18,XLK,1,0.0015177555980274704,0.001516604971099511,0.011272895043504396,0.008753267740807475,-0.010331108390293053,-0.017235399278846875,0.016499034299426982,0.01177633407016142,0.08274407838412023,0.19236806221202585,4,8
2023-08-21,XLK,0,0.019095625233064517,0.01891559206836302,0.01256363377029206,0.011248150129520455,0.010325028358152633,0.003641811066763978,0.016886816796245055,0.013871317083549441,-0.03849589269764109,0.11156440705223147,0,8
2023-08-22,XLK,1,-0.0011303906126534091,-0.0011310299859950135,0.011718418178028387,0.011070535795492852,0.009146629996936717,0.00394582062663118,0.012793292249808748,-0.010022385315290743,-0.13485319200779722,-0.037518954314806785,1,8
2023-08-23,XLK,0,0.0180444126717767,0.017883544555640007,0.012520104298129345,0.011786608731055907,0.021633894707711265,0.02033504599907987,0.018594365769477438,0.015564635470134862,-0.10989455896072808,-0.11177392269696396,2,8
2023-08-24,XLK,1,-0.023047659614093274,-0.023317409719894044,0.01719801672666199,0.014173990917349609,-0.004648647639020287,-0.002508509994718522,0.035990730836909735,-0.035182041490153367,0.37730886366333105,0.21062786816854406,3,8
2023-08-25,XLK,1,0.01017899599942318,0.010127538912698242,0.017458716037977735,0.014325657575887232,0.00100864994298,0.006556808456098295,0.020574887278966857,0.006142736659569922,0.12618278411946293,0.3075370132349091,4,8
2023-08-28,XLK,1,0.008179639893127533,0.00814636795060597,0.01580112002960878,0.013630333176097522,0.006830934077902917,0.014469307798359754,0.00982409621142385,0.0005882160215035907,-0.42856960718065096,-0.24423977120964802,0,8
2023-08-29,XLK,1,0.020048392671966786,0.019850069966804718,0.01736439916964192,0.014391204503143476,0.020276239183698808,0.031356896821210345,0.025058961362336308,0.022995246203611618,0.5299091902987572,0.11536203029105252,1,8
2023-08-30,XLK,1,0.007550345041638096,0.007521983854881675,0.016245675131878762,0.013684206109461035,0.023333958347962147,0.03390762557545446,0.011871220145646563,0.00737623919956822,-0.1055287374761189,-0.022121953747179957,2,8
2023-08-31,XLK,1,0.004862538727387733,0.004850754770475696,0.00584328273045702,0.01270049744566715,0.018000260580609773,0.03224983453540964,0.007476727974407804,0.0025683290394313534,-0.024717525638726312,-0.04131434029758885,3,8
2023-09-01,XLK,1,0.0030740835008020717,0.00306936816719805,0.0066472982837054795,0.012641652383000789,0.012341180568410826,0.028628869590419992,0.009561000757673658,-0.003168123874161429,-0.22725980908437404,-0.2320204426810749,4,9
2023-09-05,XLK,0,0.003575498369383645,0.003569121470961889,0.007051460349538835,0.011878453395664922,0.008152813443590423,0.0270782800405176,0.012460187243127576,0.006087888926152268,0.08824611124332038,-0.14235928772616602,1,9
2023-09-06,XLK,0,-0.010575223145015022,-0.010631538198681234,0.007076631589575604,0.012773617276422495,-0.004166440372992963,0.012078270445642136,0.015328698521619635,-0.006699174973714669,0.8034272991133553,0.4621637173347861,2,9
2023-09-07,XLK,1,-0.014460400984557586,-0.014565971547265022,0.009086252974683549,0.012990020735410245,-0.015900394305191967,-0.003409996973352092,0.010075101391276977,0.004193034382171024,-0.31028704969354914,-0.010665296280191305,3,9
2023-09-08,XLK,1,0.0020878388929097547,0.0020856623862259838,0.008579124428054604,0.009896494674560899,-0.010604529613065017,-0.004654389494819333,0.009047660220163036,0.0021458944502769405,-0.31396240889911775,-0.2913370227041592,4,9
2023-09-11,XLK,0,0.005208722259359089,0.00519520378789462,0.009015143871950633,0.0096426736507539,-0.002584037227418956,-0.0023319361039828568,0.013194900372737793,-0.0035568534557467975,-0.03634330444506573,-0.27257379514099556,0,9
2023-09-12,XLK,1,-0.018136017445776198,-0.018302490858402187,0.010294892541206585,0.011475194129416761,-0.013546945490410356,-0.02067879446792087,0.015211392779945926,-0.009870019465940629,0.47991006672468806,0.04635480854860674,1,9
2023-09-13,XLK,1,0.0025216327797858984,0.002518458798471457,0.010863900241889242,0.009250616286418363,-0.00647351585178102,-0.01678084504861388,0.011145620243320711,0.0029330673808857597,-0.18248795229927306,-0.1166201240587037,2,9
2023-09-14,XLK,0,0.007252451732761456,0.007226279171997696,0.010236389405171045,0.009218912621885136,0.0009879671785548716,-0.008167077709264392,0.009882553807809339,0.0011045368950538266,-0.053512908640396484,-0.14275734382550376,3,9
2023-09-15,XLK,1,-0.019220509531853947,-0.01940762504233362,0.013079697243018138,0.010447810053204743,-0.013791693428266028,-0.023428441712884718,0.018590841596176615,-0.015676918811217678,0.384621880673901,0.17469631349116788,4,9
2023-09-18,XLK,0,0.004806080270937763,0.004794567938546379,0.01300620694207813,0.010589066585842365,-0.004426632517493645,-0.015039904973194962,0.01136568656604613,0.007735810938113603,-0.2419035130519639,-0.11500849053581153,0,9
2023-09-19,XLK,0,-0.0005315564831204211,-0.0005316978093521385,0.010564278513841042,0.01035279722296803,-0.0038824617068006217,-0.011427679390403012,0.011741657298266924,0.0037359283981592815,-0.17168486896357527,-0.2548531436646323,1,9
2023-09-20,XLK,0,-0.015715421769186944,-0.015840218222619384,0.012070476812275148,0.010826524721773657,-0.014892391605746291,-0.022403128697687347,0.020091937529949824,-0.018383190518189263,0.30641284024961757,0.04314140632725105,2,9
2023-09-21,XLK,1,-0.015246208955746465,-0.015363627385545975,0.010615183294023394,0.010908436228422082,-0.020899812633772497,-0.03276583572892544,0.01237493763658629,-0.004792287022578564,0.36994907252518483,0.3988426800175362,3,9
2023-09-22,XLK,1,0.0021335140699503263,0.002131241360804559,0.009833341580059957,0.010911602035746681,-0.013950150746812162,-0.02610213048219412,0.011409181312900371,-0.0022453885175898335,-0.1494722274984398,0.1467388123042701,4,9
2023-09-25,XLK,0,0.003223744999666378,0.003218559874447635,0.00946085338881379,0.010727976571109911,-0.00551074126329576,-0.018088480019536446,0.009878621031298334,0.005793017357279058,-0.15635916987031218,-0.05253540429419823,0,9
2023-09-26,XLK,1,-0.01800660414889521,-0.01817069585282649,0.010466854038716443,0.010710287377324594,-0.01475700194545193,-0.031035571544976492,0.015500996440081504,-0.011534232775591971,0.4111218257794922,0.30561046867619535,1,9
2023-09-27,XLK,1,0.0015434932078541852,0.0015423032465200492,0.010429827945869549,0.010639429143813385,-0.007950066263991529,-0.0246470602143416,0.015115248625912058,-0.0032565209173387095,-0.21846442449417125,0.005807978037289718,2,9
2023-09-28,XLK,1,0.007089069361341238,0.007064060034807973,0.009856375784619176,0.010618669287158803,-7.350739121458894e-05,-0.012703070497669278,0.023041197219072645,0.011892215579049082,0.09980111785481594,0.07507797403267791,3,9
2023-09-29,XLK,1,0.0034277168494516452,0.0034218556179936854,0.009969131797862775,0.00961464216234875,0.003943878319664806,-0.006551173106124186,0.019032606806670547,-0.006364426469569499,0.23807816421656502,0.300867474300091,4,9
2023-10-02,XLK,0,0.010736213590239352,0.010678989663618133,0.011172533135603832,0.010290090107289237,0.01379119088045555,0.0063468397743911,0.014694248782557736,0.010243326570566343,-0.1402435185534947,0.08542769485112944,0,10
2023-10-03,XLK,1,-0.016959186147810335,-0.017104640010022543,0.010729072248636813,0.011270341437160807,-0.004510439396804955,-0.006871616265330394,0.023308112878177162,-0.011350501470030349,0.08659802873420142,0.12061817209676762,1,10
2023-10-04,XLK,1,0.012463150885154928,0.012386125148771576,0.011874925074914262,0.011474703737922321,0.004593255197110624,0.006543075596421977,0.014355019173879902,0.011655783199193711,0.023950723778203065,0.11028132992327366,2,10
2023-10-05,XLK,1,0.001333957307910305,0.0013330683773027374,0.011699689529178882,0.010320849741386978,0.0037809458599527,0.007227952542931737,0.013644633616011126,0.0013948513938242708,-0.2087112187545248,-0.1036428348833014,3,10
2023-10-06,XLK,1,0.018712618445769102,0.01853969134954525,0.013892023342623405,0.01180226790937182,0.017258730395481425,0.02369680675141872,0.03304876932283727,0.025731714760384907,0.3828162688180987,0.20283953939962207,4,10
2023-10-09,XLK,1,0.005171728058747993,0.0051584006040892305,0.013562355476855454,0.011834206555785348,0.018332221008325655,0.026398970361256824,0.017525018791701787,0.011364279375199189,-0.20970070253103645,-0.06669489009201501,0,10
2023-10-10,XLK,1,0.0015377651525645408,0.0015365840024657018,0.00756230310205938,0.009431866137824155,0.01201154411085259,0.02339277825471142,0.01164234467547999,0.0008273706287665089,0.5528190452995616,0.39498503331779,1,10
2023-10-11,XLK,1,0.00927068215468796,0.0092279731390974,0.007200923766082704,0.009478637161579713,0.014109258649787737,0.027478402347851816,0.009831036774877388,0.006181215529166592,-0.4907953810261336,-0.28341548134874484,2,10
2023-10-12,XLK,0,0.0009360872243788787,0.0009356493679595346,0.0072837482796003486,0.0095474950166999,0.007941913101976894,0.023695554692037435,0.017828975981612746,5.842348984644344e-05,0.4828668232395179,0.04404622976905448,3,10
2023-10-13,XLK,1,-0.014320691139099506,-0.014424221845967367,0.008939632209335196,0.011292812659196636,-0.006972270924970436,0.006205707567068952,0.021409482364580026,-0.016275774798358688,-0.014449103584364353,0.03386945212382031,4,10
2023-10-16,XLK,0,0.009606753345865027,0.009560901912654352,0.00970402719260835,0.011210950534786709,0.0011996501397490977,0.013115449367356202,0.012669465059803865,0.007933197021125982,-0.0420859897781759,-0.015594330810986379,0,10
2023-10-17,XLK,0,-0.00464017673600936,-0.004650975775329691,0.010069502812173696,0.009318634803205087,-0.0035750064889336075,0.004481271207820159,0.020462806667757683,0.008030492526406528,0.0531895876019306,0.03341541575307816,1,10
2023-10-18,XLK,0,-0.010268043452967723,-0.010321123475754312,0.009425739656142622,0.009787411259034488,-0.010081062267618623,-0.00748594623130916,0.015510789469794499,-0.0032685745396859537,-0.16027105720142576,-0.11834377930217643,2,10
2023-10-19,XLK,0,-0.005723776299450312,-0.005740219883297648,0.009063859542812098,0.010069861333888657,-0.010702199950441305,-0.01411784415912376,0.018112732720547225,-0.00967993876548884,0.5542339148552415,0.29932979077409416,3,10
2023-10-20,XLK,1,-0.016910645762668874,-0.017055263436752455,0.0097711622107259,0.009397325548001555,-0.02198953404795556,-0.028331091840570477,0.018178539191507515,-0.016438627038487523,-0.23216518772696804,0.006008367674352755,4,10
2023-10-23,XLK,1,0.0011591330744382677,0.0011584617983775303,0.006750687987396768,0.00911310526093909,-0.013653623300435735,-0.02433656894543257,0.023263003851692287,0.007426999309270988,-0.012468730456535293,-0.019513993544923558,0,10
2023-10-24,XLK,0,0.006884556324549429,0.006860965977481648,0.009344961568416773,0.009551035677580609,-0.0018242065787320572,-0.015225268201476627,0.012319448927875135,0.002912948968897369,-0.2624579457747872,-0.23097769639975618,1,10
2023-10-25,XLK,0,-0.011799403660919361,-0.01186956911076198,0.009583975274119047,0.008998295289825481,-0.008319106937532572,-0.022411897781939638,0.020656384298361745,-0.01650108667754738,0.38900218239061224,0.03169573160604555,2,10
2023-10-26,XLK,1,-0.019104866127539366,-0.01928972230452608,0.011430030576908128,0.009843246414326438,-0.019441032268826874,-0.03479656225227623,0.02946214635938924,-0.020843542389306163,0.3294869153101174,0.3254787963452779,3,10
2023-10-27,XLK,1,0.005805643982285114,0.005788856175939827,0.011494497299285126,0.010122778654394673,-0.01033156766026444,-0.024780000156238602,0.014518808490881413,-0.0003102503711974803,-0.21382904525728452,0.03508615302205165,4,10
2023-10-30,XLK,1,0.010737446029468245,0.010680209010922148,0.013128568295192591,0.010302562676709773,0.0018703462275391214,-0.009873816852019157,0.012039247598603694,0.0054331350014215915,-0.1263461396288721,-0.09359248222761685,0,10
2023-10-31,XLK,1,0.007122894797179535,0.007097646803671864,0.01316697727453076,0.010923158679522094,0.01056083000307928,0.00049400358717544,0.015282577464604066,0.006628625051274703,-0.23180638609951487,-0.28344024458909767,1,10
2023-11-01,XLK,1,0.019328264014440988,0.019143845655473335,0.01435418978923936,0.012668352473470581,0.025203954277712715,0.02016786435085871,0.018867868454938513,0.0175288470513064,0.9227619886906073,0.3082180059384396,2,11
2023-11-02,XLK,1,0.016928010742770727,0.016786328664002426,0.005952683823144399,0.013573664387808207,0.030151517544136697,0.03538386747607092,0.010077639004319027,0.007824957296376714,-0.22692854892150216,0.03592727793835593,3,11
2023-11-03,XLK,1,0.010293403657433586,0.010240787337324697,0.005059440635308827,0.011993236662120993,0.027506276524464912,0.04108333066849479,0.01754590079954116,0.01130474688144449,-0.032780405864407225,-2.2985335356051628e-05,4,11
2023-11-06,XLK,1,0.00657881783765224,0.006557271861988845,0.005789299312686129,0.011935984635113228,0.021989637162403985,0.04239765517142957,0.008721437014313133,0.00523282672096982,-0.29132028247072494,-0.2724784316912884,0,11
2023-11-07,XLK,1,0.01093206338120356,0.010872740333604192,0.005199357897240005,0.012064470226807102,0.020172419528652563,0.04777908064927261,0.012691069343997967,0.0082491642655457,0.17394046417759834,-0.15616224729812345,1,11
2023-11-08,XLK,0,0.005664133347569544,0.005648152461129818,0.004456034013987191,0.010402234614401297,0.015764934481561355,0.04590139771543278,0.00843879396928962,0.002223739187993705,-0.17708637124130844,-0.2832811956899548,2,11
2023-11-09,XLK,1,-0.004665226057521732,-0.00467614218865009,0.006258333997941896,0.006626918104685097,0.005286411670584634,0.031958550856747925,0.014770244398941706,-0.00613532828804239,0.34061404163247033,0.0028869995716245267,3,11
2023-11-10,XLK,0,0.026121844008783812,0.02578649604144445,0.0111869545100416,0.008446577355135803,0.02242831748047336,0.047545754400393436,0.021760138347745567,0.01994210485296434,-0.07152894689243527,-0.04971982313612966,4,11
2023-11-13,XLK,1,-0.005848903737761146,-0.005866075565544193,0.01306233883991244,0.009973458355046259,0.010028445891834714,0.032012296911739124,0.006712518429060886,-0.0016781509458409026,-0.12148594377510036,-0.1503081355912551,0,11
2023-11-14,XLK,1,0.02000320037298864,0.019805764911835055,0.01440320501546296,0.010487349540092512,0.021835448868730012,0.041794147628131384,0.010264904203518565,0.00463574145716217,0.40796588486140717,0.14956199601687947,1,11
2023-11-15,XLK,1,0.0012635657778530263,0.0012627681504477906,0.014731801542322134,0.010359178285006558,0.015714703983365164,0.03417951233565608,0.008531569628226314,-0.003172008814297414,-0.203569092098568,-0.03188324693685207,2,11
2023-11-16,XLK,0,0.004992479918079162,0.0049800588144659486,0.013324423210847779,0.009990327081549356,0.011507624151559925,0.031633759358401736,0.00989501960046819,0.0069814138205990545,-0.12125222470679509,-0.11918212382498916,3,11
2023-11-17,XLK,1,-0.0020742627386484136,-0.002076417001123154,0.009973958056449924,0.010369060669180408,0.0057662031138807635,0.023132529710423677,0.008152352455728266,0.0001641340405735007,0.14923487051654893,0.03100516364483452,4,11
2023-11-20,XLK,0,0.014496472728917409,0.014392403421027211,0.009244576224558843,0.01069030402454899,0.012568971923430317,0.030718559422970415,0.01595365889974318,0.013221866279218085,-0.16279805389447044,-0.13695439511808827,0,11
2023-11-21,XLK,1,-0.00808833825489974,-0.008121226322690411,0.008425611063624794,0.01158509899947551,0.002288443905984039,0.01719750105850748,0.008775229466613537,-0.0035751240990590564,0.2010219319551645,0.03395986772302373,1,11
2023-11-22,XLK,0,0.004457685759464924,0.004447779706104882,0.008465627321665517,0.011585854143432713,0.004021047045146275,0.01667210736903546,0.011236571898851647,-0.0018367259292830019,-0.16009527518950173,-0.13486197478667428,2,11
2023-11-24,XLK,0,-0.0019483619847853184,-0.0019502625110066063,0.008575731966004706,0.011361999676933124,0.0007271373522204083,0.009436905799113271,0.004933255828901052,-0.00027107801115597275,-0.6260010344766083,-0.6488581064561613,4,11
2023-11-27,XLK,1,-5.4257196270723895e-05,-5.4258668246376374e-05,0.00841914026673783,0.008758618557707794,-0.0010617980909314317,0.006693023159231037,0.008960054038404587,0.0013575889670706786,1.0077256903047354,-0.26467249106603274,0,11
2023-11-28,XLK,1,0.0018982636670987763,0.0018964642414536215,0.004740901399172651,0.008243980868228976,0.001594023636680486,0.005157870441784285,0.00794431779064556,0.005278056519458402,0.30788598574821857,-0.03225296192600324,1,11
2023-11-29,XLK,1,0.0007577828708995593,0.0007574958984264413,0.0023781802375327714,0.005865041269370183,0.0013324137374346456,0.004362196661822582,0.011391698267910219,-0.006501916572717024,-0.02242926155969638,-0.003676035064858141,2,11
2023-11-30,XLK,1,0.001460134012161829,0.0014590690530242867,0.0015178324263278556,0.005864229095910001,0.0023710571006014813,0.00425212530543595,0.012388252754447247,-0.0026930948515436395,0.27668270570531517,0.26500956304522694,3,11
2023-12-01,XLK,0,0.0022683151683806635,0.002265746425274884,0.0009278260558189045,0.005750772626908042,0.0033737083874589846,0.005221599521832765,0.011479372211685053,0.004873344113964023,0.018058789289872035,0.25958266568244426,4,12
2023-12-04,XLK,1,-0.012177964728137813,-0.012252723702003365,0.0061855649126127035,0.007134068047889694,-0.0076864930041469215,-0.007299552246662011,0.013117011154205792,-0.0022314723390529085,0.30228270036162996,0.5704386796518142,0,12
2023-12-05,XLK,0,0.006000477763639767,0.005982546591589255,0.006920765304349198,0.005596727680530032,-0.0013753561848617313,-0.0007855727075167795,0.012559002911672246,0.011407271431552941,-0.40503133609193387,-0.06342004506061072,1,12
2023-12-06,XLK,1,-0.008459120475553195,-0.00849510189294822,0.007735388471908157,0.0056532155034456685,-0.007641124548754208,-0.008652570675729443,0.01681303548011613,-0.014603689211114799,0.35880974781854746,0.2576343013835223,2,12
2023-12-07,XLK,1,0.012140665550041785,0.012067558785098242,0.01010440409484691,0.006816314625898022,0.004493956938951937,0.0032144269613472165,0.011157693895545768,0.007347771920256319,-0.0544822623783211,0.16217442962606965,3,12
2023-12-08,XLK,1,0.008536908463042225,0.008500675127728563,0.010826370446838039,0.007244101054529635,0.01188294471807172,0.010546292754427311,0.012778864543787967,0.010721307477005232,-0.08040893687898454,-0.002943965027376816,4,12
2023-12-11,XLK,1,0.008732246859456838,0.008694341299157138,0.008043878931857464,0.007594457028827214,0.015248332891617089,0.01722836313705267,0.014238940124564387,0.01171346337452001,1.9507369933170944,1.394514500613273,0,12
2023-12-12,XLK,1,0.006638603157288925,0.006616664671756922,0.008061025652743034,0.007726172103126155,0.016376434513718507,0.02133836933478883,0.011513878421291248,0.010341082726547055,-0.6016605195341231,-0.06999183368893647,1,12
2023-12-13,XLK,0,0.00881080235223175,0.008772213732010314,0.0019848144100576034,0.007930973116633485,0.01623108366815873,0.026840261630367346,0.011211141750765088,0.006421396838935411,0.9524555973272049,0.6284037488463512,2,12
2023-12-14,XLK,1,-0.0024578581894680873,-0.0024608836814117296,0.004840745636941572,0.008131427539532183,0.007670910430807698,0.021256142223530228,0.014370819352156918,-0.003239941028480335,-0.4751692464704882,-0.15325997707982986,3,12
2023-12-15,XLK,1,0.005032985430977188,0.005020362296787262,0.004640592187094717,0.008150637756755397,0.007378029117798501,0.023043836901994963,0.01186107822640235,0.006087979967373066,0.17525960304393484,-0.026965180216876328,4,12
2023-12-18,XLK,1,0.0029904267502027793,0.002985964318298784,0.0042921511733242275,0.0061103743207523206,0.00617825928715976,0.02122368582670675,0.009673740066807069,0.0031897123657704932,-0.4408533356865514,-0.431257180812868,0,12
2023-12-19,XLK,0,0.0038050870519654723,0.0037978660202018233,0.004071566349321306,0.00610174776164212,0.006357386584497249,0.02045656048364286,0.00469219105744738,0.004014411564891023,-0.11189583744328269,-0.48963523509905615,1,12
2023-12-20,XLK,1,-0.015110651230850425,-0.015225980395214833,0.008314679580115676,0.007805424133884014,-0.007688761918317022,0.001210329116816622,0.01767516056194798,-0.013984208946095686,0.5254786974099248,-0.217026264063519,2,12
2023-12-21,XLK,1,0.01122999317522333,0.011167404942910686,0.00988133560594362,0.007703396259595747,0.0019034682384713175,0.008658998981140975,0.010647146248161737,0.0010438253751105585,-0.17465125083728927,-0.344078655014072,3,12
2023-12-22,XLK,1,0.001303555697731884,0.0013027068066415737,0.009695438687751495,0.0075494246487107005,0.0024010162478438346,0.006902151419012403,0.007850244132684429,-0.0015596726916471322,-0.0988884968242767,-0.3999358521733307,4,12
2023-12-26,XLK,0,0.004165576948727878,0.004156924951787211,0.009774410495561109,0.007304864863201633,0.005526918466944419,0.008466303244754503,0.005620033518995037,0.0035385749130958876,-0.39230543318649047,-0.5522633507400247,1,12
2023-12-27,XLK,1,-5.19289560514391e-05,-5.1930304405978234e-05,0.009656944628449536,0.007203719645072877,0.005202172608682387,0.0064575194888465415,0.006322888002068141,-0.0005700990520412892,0.8951929892389974,-0.1308221748728512,2,12
2023-12-28,XLK,0,0.0011927424431619205,0.0011920316910005724,0.0045534788824684765,0.006791118936077277,0.0028464387750108955,0.006459814195579616,0.00382392247223286,-0.002325325228954766,-0.18268364415279736,-0.16802799255193224,3,12
2023-12-29,XLK,0,-0.003056068352031205,-0.0030607476648825127,0.0026119994372192025,0.006829543901330354,-0.0009240676058395181,0.002255550368523318,0.010560611406894805,-0.003571995899708908,0.2678203714874057,0.08518312787973303,4,12
2024-01-02,XLK,0,-0.026184473177953027,-0.02653339079087491,0.012239024002424869,0.01082403517520902,-0.02240586034919767,-0.02203353801394914,0.020594141206887753,-0.012746224381995337,0.931438977572884,0.9995923601498076,1,1
2024-01-03,XLK,0,-0.010189839508603304,-0.010242111320637903,0.011258398566033978,0.010954370679474613,-0.024922170534402377,-0.028796359224516288,0.008345464316015091,-0.0010768155539914925,-0.22744994776049676,0.4459114647504432,2,1
2024-01-04,XLK,0,-0.00733046781058988,-0.007357467718642319,0.010472188729703982,0.010716436440131226,-0.02316779284290138,-0.031652643458651375,0.00911108347167533,-0.0011931298955005895,-0.33330401319406266,-0.059371766571056694,3,1
2024-01-05,XLK,1,-0.0002714617627617155,-0.0002714986151755028,0.010126707511593832,0.010077358454650312,-0.0140724398779144,-0.02908223684223954,0.012420048184603039,-0.0014101841779983462,0.3482584603206016,0.24299085313936808,4,1
2024-01-08,XLK,1,0.025092483889665784,0.024782836705093736,0.01871885677829165,0.012820198092562398,0.014731289726859664,-0.003110903067721549,0.021669788925722723,0.0199405694706969,0.005137426149499191,0.2027575910597843,0,1
2024-01-09,XLK,1,0.0015892505353951591,0.0015879890131689223,0.013910377846044531,0.012827537840283908,0.014598425055035724,6.335362344267459e-05,0.014362766500272075,0.009343798722478636,-0.3529626519659742,-0.22414887516252036,1,1
2024-01-10,XLK,1,0.00851694853845153,0.008480883961001773,0.012310464732284674,0.013111898962004927,0.017646790259914447,0.009756045853983597,0.012319577914135772,0.00803674178834649,-0.07978333239293578,-0.3042116759671667,2,1
2024-01-11,XLK,1,0.005087765104980102,0.005074866160797775,0.010129364452750277,0.01325615001859487,0.014753698437011131,0.015549656461097294,0.018894568845819408,0.00015657800443802275,0.3588202832791709,-0.06473676510308812,3,1
2024-01-12,XLK,1,0.0032356577774730333,0.0032304343014004644,0.009515999329903857,0.013301746030300555,0.009356453260464859,0.01928399253583879,0.007294294533993559,0.0016152390413857998,-0.3355745077689033,-0.3751555993119682,4,1
2024-01-16,XLK,0,0.0024968759863186474,0.002493763970607965,0.002741791893536225,0.013292177057135557,0.007665258463322333,0.021698984787785314,0.013749996821085611,0.003750006357828776,0.332895660244946,-0.16469585128584174,1,1
2024-01-17,XLK,1,-0.004929350263044641,-0.00494153958350374,0.0049474395172251695,0.009859839053911894,-0.0001563330559709586,0.014334210391359514,0.012075893353911309,0.002509336625936943,0.19815550799959247,0.07262269134101773,2,1
2024-01-18,XLK,1,0.020284504142036974,0.020081514033106984,0.00923739630119668,0.010261633717408685,0.014823395499074188,0.029393903165781055,0.011526733974522306,0.00684403755736572,0.34090296973562983,0.4303578692061918,3,1
2024-01-19,XLK,1,0.023050308554662946,0.02278866323310602,0.012187572113100308,0.010573886460791222,0.029088180900620042,0.044330747837916684,0.018787509704292202,0.016400912397165495,-0.030953337420978055,0.32396249933199583,4,1
2024-01-22,XLK,1,0.004396374087475063,0.0043867382663762555,0.012064867908630901,0.010245740343732575,0.024333423602871163,0.039738241949693,0.009893142200084566,-0.000497095937164282,-0.1835031527502018,0.09190564488010122,0,1
2024-01-23,XLK,1,0.004028607672138751,0.0040205145609490955,0.011874510631964296,0.00857118652022259,0.018969903213168937,0.03689158365957712,0.009540837390856328,0.003080874082010302,-0.11391542521210507,-0.009571400196236812,1,1
2024-01-24,XLK,1,0.00688620750284219,0.006862605864525584,0.009190820995156914,0.008376517342670503,0.014231799664264466,0.03646639078630454,0.012890504881611316,0.0,0.3307800177927893,0.25241596966592206,2,1
2024-01-25,XLK,0,0.004181860398986048,0.0041731407219831596,0.008212716570451266,0.00841891817086663,0.00996598216527289,0.03371076203505008,0.01457678581099216,-0.004972645465836439,-0.03284762509064543,0.15173603052693507,3,1
2024-01-26,XLK,1,-0.011514050727467806,-0.01158085066314829,0.007421355577299984,0.010248040673313141,-0.0032214403160980565,0.01659287283314881,0.011249884337519568,-0.004539390029393516,-0.3818316013918015,-0.27460619908220807,4,1
2024-01-29,XLK,0,0.009169942376758389,0.009128153727232302,0.00814360336607612,0.010292620932993454,0.0033906972692414605,0.02007589005635535,0.010098976664023825,0.007920822294631808,-0.2760731545532076,-0.47051868321359314,0,1
2024-01-30,XLK,0,-0.008251577789252229,-0.008285810503258162,0.009348969523734721,0.01119789628485225,-0.0049477148791945424,0.007016939879080697,0.01247969980527107,-0.007910384808174686,0.6036965286140636,-0.1536647402677248,1,1
2024-01-31,XLK,1,-0.020998431006765017,-0.021222033804050078,0.012174619506390448,0.0136274746659007,-0.020464816565880062,-0.017026074355091292,0.01620002746582031,-0.01160003662109375,0.33004668777955537,0.10891832962677639,2,1
2024-02-01,XLK,1,0.012596214174869225,0.012517541829390133,0.014249249069506155,0.012739666544153538,-0.004248187534692249,-0.006871546089960434,0.010631332681885734,0.00856551084691007,-0.12223231381020183,0.004936366817160476,3,2
2024-02-02,XLK,1,0.01034128018578051,0.01028817495146317,0.014638000140755027,0.010954518681272061,0.0055589020354627205,0.002369218312922916,0.02077362775277584,0.017252693409240714,-0.10006012556455113,-0.059533690264659156,4,2
2024-02-05,XLK,0,0.0022743024941711543,0.00227172018281685,0.013933236781851379,0.010903651164772146,0.008748692066815389,0.003828009814713207,0.012213118080154857,-0.001772878039396622,-0.21643541896490115,-0.23582215299012943,0,2
2024-02-06,XLK,1,-0.004587918171613636,-0.004598474969713884,0.013534531569855625,0.010966711416418523,0.004270555334286552,-0.0007329450754812727,0.01379855646079107,-0.005667228005427653,0.2568856457337749,-0.03522804240454791,1,2
2024-02-07,XLK,1,0.013232897742170735,0.013146107767670223,0.007708460499275485,0.011575627346445254,0.01075823536827536,0.011893907694182193,0.010384372188587487,0.006151877479112003,-0.10344555580096548,-0.09157611041309,2,2
2024-02-08,XLK,1,0.0031303478005229035,0.0031254584627413706,0.007054942987876064,0.011544658158557406,0.009023441699278267,0.014569370171234164,0.005322582315615012,0.0014161265414793717,-0.1247250523500325,-0.15687790061054785,3,2
2024-02-09,XLK,0,0.013458130340829655,0.013368374108681635,0.007760734548854327,0.01134687467254524,0.016998826690360014,0.025135015198139765,0.011702455246862812,0.009225958405166856,0.167266440160029,-0.024607817114595698,4,2
2024-02-12,XLK,0,-0.00760200348888751,-0.007631045998539143,0.009781305471006066,0.011576765710834214,0.005763580093502529,0.016008953951465177,0.012077151925718193,-0.00755428624542385,-0.07397392397650748,-0.1197820655964219,0,2
2024-02-13,XLK,1,-0.016968792178841174,-0.017114411809758145,0.013287650082040633,0.012658527954093928,-0.012256647052566794,-0.0016445807312188698,0.014569614645050338,0.0048069837602288295,0.8096380612282856,0.504131464834239,1,2
2024-02-14,XLK,0,0.010455833802877734,0.01040154963556894,0.012695978877543729,0.01043990141220419,-0.0023566508888323012,0.005230347276635294,0.010818971992238163,0.0029862466225727734,-0.3940409262361635,-0.05568538008511292,2,2
2024-02-15,XLK,0,-0.0020988106865357237,-0.0021010162763026585,0.012639841685493206,0.010065589365948974,-0.0038393560214567968,0.0010184668447701384,0.009943985403924667,-0.003412122686171736,-0.08439906374028971,-0.11039992617153249,3,2
2024-02-16,XLK,0,-0.00919548636007772,-0.009238025826316942,0.010184433140552012,0.010197100937452012,-0.007904650185563966,-0.00834659359116785,0.015170734684641769,-0.011853622808689025,0.027231299321996305,-0.07255859228001871,4,2
2024-02-20,XLK,0,-0.010169322905515643,-0.010221383719248855,0.010405571651589727,0.01066567024394068,-0.012431449392426686,-0.017377589573104868,0.01787668098235745,-0.004320242103891302,0.5732164755103513,0.37445447527217146,1,2
2024-02-21,XLK,1,-0.006283901615636522,-0.006303728428863842,0.008387319162427196,0.010741665783873559,-0.015232368505379568,-0.022344931444391536,0.010978458958415748,0.0034244480571075354,-0.08558197115935717,0.22519567007015873,2,2
2024-02-22,XLK,0,0.03272276993135148,0.03219878038344515,0.018011757106763875,0.014693426199312977,0.016098045998103272,0.00898819250920968,0.011741728116141187,0.006702594994549686,0.1627889485032341,0.3501400967941486,3,2
2024-02-23,XLK,1,-0.002332773985101899,-0.002335499141275399,0.01802210494713509,0.014696438911431861,0.012887443786333552,0.006530792850581113,0.014561255358417489,-0.010173580870039403,-0.33569072209405115,-0.11833384842553485,4,2
2024-02-26,XLK,1,0.0009741362306898704,0.0009736620678992836,0.017143555365569916,0.013956552658829037,0.01096113982610225,0.008673475997021285,0.0068868429707150255,-0.003394912168164449,0.4807530022719897,0.24635459993142894,0,2
2024-02-27,XLK,0,0.0008760200398434392,0.0008756365582307524,0.01567386271323208,0.013770574823108592,0.006735368465522695,0.009849542352691643,0.009269612394179873,-0.0018442362396716217,-0.45287361360747,-0.3144870599511427,1,2
2024-02-28,XLK,1,-0.004716283218421546,-0.004727439974890224,0.015400231438362087,0.01260908145896844,-0.0033303527755693674,0.004130316659736621,0.006341713050064294,-0.0014147448029194092,-0.16579864588758464,-0.38082727839058206,2,2
2024-02-29,XLK,1,0.011138219878027211,0.011076646695558523,0.006049924679555931,0.012667512577078658,0.006584758547612424,0.014269722274498964,0.013751892333850362,0.005782605958646671,0.43916436547004434,-0.11019987618158256,3,2
2024-03-01,XLK,0,0.01826256770007295,0.018097809920571528,0.00922934664536785,0.013692672601537989,0.019543289179817736,0.029609244996154693,0.017589484810882853,0.01566189622684866,0.09593886608602786,-0.041485898238501906,4,3
2024-03-04,XLK,0,0.0,0.0,0.009353127525618099,0.013067650362675345,0.014371334621997578,0.02550620410667559,0.009407942907799028,0.0014253909692999351,0.5562237378965957,0.3963657525039752,0,3
2024-03-05,XLK,1,-0.02457751949171394,-0.02488458849557329,0.016461142302864256,0.015396158131776524,-0.010473694525607091,-0.002159818386622825,0.021707873003115226,-0.014855237461805497,-0.117443919427895,0.22738132166549652,1,3
2024-03-06,XLK,1,0.007928612521419298,0.007897346229967184,0.016522534537142603,0.01513812797631563,-0.005032247714916727,0.0018808041985627355,0.014201112063331653,-0.0025031965742390826,-0.20726273084000268,-0.015955836621919905,2,3
2024-03-07,XLK,0,0.015781191933263994,0.01565796369209682,0.017240711839138716,0.012240632965979794,0.007283818229610661,0.015379327874619486,0.015216732418385228,0.007177720502758783,-0.15258124056155264,-0.12750035271997484,3,3
2024-03-08,XLK,0,-0.01487078679241638,-0.0149824654921078,0.016489114527267052,0.013362422335327013,-0.004446004696421868,-0.0007132199508652626,0.024328961718501754,-0.016646089806866975,0.23029833014322487,0.05380167707121686,4,3
2024-03-11,XLK,1,-0.002748930082073775,-0.002752715328882438,0.016403530629104865,0.013417440938154402,-0.0033737873493419057,-0.004079359794440629,0.009447733840579656,0.0018411089827991155,0.049368973055618826,0.12652816752358742,0,3
2024-03-12,XLK,0,0.020504748154393848,0.020297356029495006,0.014314271471997415,0.014808522017593495,0.011756290878494946,0.013729634477642083,0.020357330617541313,0.010777410326933638,0.11083561258659036,0.18810771352761946,1,3
2024-03-13,XLK,1,-0.01080463353315153,-0.010863427467512565,0.01583166778530927,0.015264100599910506,-0.0006415760614069121,0.0008342460450532219,0.012501211245229725,-0.007795414733267844,-0.262753986699496,-0.15013296373173823,2,3
2024-03-14,XLK,0,0.00019160720404531872,0.00019158884972991785,0.013729293963156025,0.014929681017300635,0.0011796225682818573,0.0001628391942232188,0.013596060346830639,-0.004007233839601166,0.2503082229193003,0.03489388966178253,3,3
2024-03-15,XLK,1,-0.015087585305030404,-0.015202560854986835,0.013782138930207797,0.014350482742153413,-0.012296431736127156,-0.012500401392445237,0.009378987005633548,-0.0007289041567409397,0.22531079934095555,0.21700159924624662,4,3
2024-03-18,XLK,1,0.004915017676329292,0.0049029784096408235,0.014044557399608701,0.01452373389538161,-0.007308974724144712,-0.005679841307316136,0.011009700225098274,-0.0038147341740440693,-0.2779345401204071,-0.08572747886608179,0,3
2024-03-19,XLK,1,0.005186627350678652,0.0051732231275369855,0.009311350595298995,0.0122221573215552,0.0010208377807070512,-0.0015471716601632712,0.015295433252179575,0.010132017629108618,-0.05547169278952635,-0.10973084886128359,1,3
2024-03-20,XLK,1,0.011187718324410234,0.01112559869232399,0.009946361294525176,0.0124655204191722,0.010956862654060373,0.008253456782708835,0.01426295703025568,0.010408151471183145,-0.0024495526579140225,-0.10629170000883181,2,3
2024-03-21,XLK,1,0.0007152715788023567,0.0007150158940021356,0.009934803370026215,0.01140284105077336,0.010312024111347018,0.009116807723715148,0.01071103237919039,-0.009861729864200877,-0.07826373396020181,-0.17728911685541615,3,3
2024-03-22,XLK,0,0.0003336677374816688,0.00033361208278215315,0.004388807859644182,0.010157332017405513,0.006173863606550034,0.008046796960071267,0.007529123308608545,0.000285906870854005,-0.06538336582196236,-0.2131772132510612,4,3
2024-03-25,XLK,0,-0.006621952975535472,-0.006643975380868916,0.006580379903899452,0.010405583092444569,-0.002611652239129403,0.00037188987042391375,0.010051925530474463,0.002885754659482491,-0.23717737029634134,-0.37020630554228207,0,3
2024-03-26,XLK,1,-0.004124290904757633,-0.004132819249484498,0.00682282490869189,0.007903680230736076,-0.007000642797041268,-0.0023122255186207585,0.010130429941729028,-0.007693413186227148,-0.0272733486750667,-0.3458738663647214,1,3
2024-03-27,XLK,0,0.005104513568417124,0.005091529704494668,0.004563997623029519,0.0073870029711938364,-0.0010051116052122167,0.0026243463537403144,0.009379368820489844,-0.0011963439658305938,0.46338892532558784,-0.04040365253319611,2,3
2024-03-28,XLK,1,-0.0021560093105011946,-0.0021583368446336237,0.0044870182731091696,0.007423807569988451,-0.0016585570396719929,0.0005423640645825234,0.004898376961052679,0.0001921363191796087,-0.2913645458183274,-0.280376976354454,3,3
2024-04-01,XLK,0,0.002784806219541469,0.0027809358305592724,0.004855247599622171,0.005229714950683791,0.0021400443618615483,0.0016161555196998467,0.009486900113240082,0.0006707842707339418,0.31627213588724246,0.012900691443688439,0,4
2024-04-02,XLK,1,-0.009624121857055301,-0.009670733019911282,0.005814737841431693,0.006181119310306632,-0.005901933631554002,-0.008280345129788813,0.009586964311440951,0.0015009807796736645,-0.020300648659779652,0.01671160373695968,1,4
2024-04-03,XLK,0,0.0026591234313502188,0.0026555942176633707,0.005870494623533964,0.006007361883644932,-0.002999759739305552,-0.005652773280524381,0.013168156820608174,0.007725929612793775,-0.06552696572139216,-0.02632659579321983,2,4
2024-04-04,XLK,1,-0.015815712156721173,-0.015942115071839957,0.008125476538573146,0.006482849613909056,-0.01439944338361332,-0.01875387247852256,0.029135053951266327,-0.025122962360923973,0.5430927835051547,0.46103907628198537,3,4
2024-04-05,XLK,0,0.011464449863652915,0.011399231050197578,0.010891086070142298,0.007853592848332177,-0.0013447610389188958,-0.005884294381918065,0.014975645483993903,0.007073155845083842,-0.22204946309703122,0.1316273990804777,4,4
2024-04-08,XLK,1,-0.0011624251497005522,-0.0011631012898405402,0.010623943861284901,0.007826878160638191,4.85617988610354e-05,-0.005267609779004978,0.008761726897814643,-0.0017910500237582993,-0.36560801948660293,-0.2599992714556316,0,4
2024-04-09,XLK,0,0.005043437468854162,0.005030761939067041,0.010179275016571687,0.007889003430966393,0.004692680768800361,0.00036210412068404807,0.014666826957443755,-9.651310874023744e-05,0.15690762755667143,-0.14871729858463656,1,4
2024-04-10,XLK,1,-0.012255800352108603,-0.012331521995511352,0.011469219963908065,0.008674579025769836,-0.005035329079416284,-0.010489155559001428,0.008004292032475326,-0.0008784844371000749,0.4718747340651859,0.19561667130392113,2,4
2024-04-11,XLK,0,0.019979467669127615,0.019782497357424766,0.012259363032429934,0.01090237322954437,0.010237826530699934,0.009241717536597305,0.02193363784619093,0.015465460607359482,-0.2365575855689177,-0.07172358037926851,3,4
2024-04-12,XLK,0,-0.0161877419872416,-0.016320194835990343,0.014439644757456106,0.012064803567451222,-0.005124065201691841,-0.005725958414876886,0.012699312433675928,-0.004313893656053534,0.5323185277746223,0.33631194151096677,4,4
2024-04-15,XLK,1,-0.01898543827866961,-0.01916797577431062,0.016559766345799993,0.013158146968622607,-0.019558214380872796,-0.021129795254887895,0.027094982790672264,-0.02496607599272941,0.06191464650208811,0.3570484571064054,0,4
2024-04-16,XLK,0,0.0011909393828646309,0.001190230777106116,0.016088733848257854,0.013041752229868697,-0.013118613169996185,-0.017539732161396815,0.010150464076153111,-0.0009903555178358812,-0.13235208563616263,0.14581700732327185,1,4
2024-04-17,XLK,0,-0.014423164191743054,-0.014528189108681921,0.016351668141644744,0.013417769626760164,-0.021744531250261323,-0.02766645218152708,0.020444441430362656,-0.01802466121720679,-0.12227437307228106,-0.012647381823009063,2,4
2024-04-18,XLK,0,-0.011415521743127433,-0.011481178964001693,0.00785081745411303,0.013058779125641854,-0.021142631685425073,-0.035213811140262674,0.01473921240267331,-0.011117216810290468,0.16731345107865314,0.1629372449515436,3,4
2024-04-19,XLK,1,-0.020602322847284915,-0.020817511421128643,0.008651916299169405,0.012863719044166251,-0.028842646829292495,-0.04859088133262812,0.022621701951431032,-0.01685136608743318,0.43188094708322966,0.557652358761225,4,4
2024-04-22,XLK,1,0.008933642267125341,0.008893973368492958,0.012044181515518329,0.013729540202439161,-0.012927231535566297,-0.034384375872341666,0.017215589054474924,0.0012370779854622691,-0.3924405850091408,-0.08721368568356325,0,4
2024-04-23,XLK,1,0.01482621775964077,0.014717383805044726,0.015488199573497882,0.014892975705575911,0.006443081847432586,-0.015113321791741186,0.013585532295971385,0.010612157029259389,-0.0858922472806054,-0.18108287697912606,1,4
2024-04-24,XLK,0,0.004565381411983704,0.00455499166835871,0.014769158611906377,0.014919019072626343,0.011885149673644513,-0.0073038849400621775,0.012437692060281554,-0.0028198679133914837,-0.246173343428026,-0.362589555603801,2,4
2024-04-25,XLK,1,-0.002171186134498182,-0.002173546576371699,0.013633367283340178,0.012549345316204125,0.008636769492690544,-0.0038665255768062234,0.016772340050342456,0.010431624925289984,0.2628545228270125,-0.2006302085492765,3,4
2024-04-26,XLK,1,0.011285423941630901,0.011222218632787495,0.006561275146314041,0.012933179747241964,0.012474220727818786,0.010222072286572459,0.014611309247901686,0.0033641200874951634,-0.1265387275242047,-0.27114636366652867,4,4
2024-04-29,XLK,0,0.004303643454511175,0.0042944092653112165,0.006632556614713357,0.011709690062218612,0.010238847000790585,0.014995600443147517,0.008164887905332,-0.0008463515305622848,-0.2582490449516043,-0.41872477454140467,0,4
2024-04-30,XLK,0,-0.022024132276153185,-0.022270284380747185,0.012779236814868847,0.013529880015422838,-0.011154614049329381,-0.004594959251878472,0.022999954223632813,-0.01864997863769531,0.9919143939798261,0.15771580477107028,1,4
2024-05-01,XLK,1,-0.010240983918002877,-0.010293783583487759,0.012937278413199641,0.013186572134049643,-0.01754925071330582,-0.012490089766194146,0.021923976808391598,-0.004917563302245172,0.3700582758389712,0.5004614298897996,2,5
2024-05-02,XLK,1,0.014413719415283355,0.014310829269543746,0.015350520961741927,0.013711855151902324,-0.002843819993844976,0.0014992396131112695,0.015604387712215555,0.0016264717723656157,-0.34779207572261117,-0.0072543363785472215,3,5
2024-05-03,XLK,1,0.027859581904347896,0.027478564224973745,0.019693954814338693,0.014051878378319534,0.02212291195632754,0.02418506401092202,0.00770787866642752,0.0007905709896333873,-0.001769115442278868,0.05844312747990643,4,5
2024-05-06,XLK,0,0.011750111767048432,0.011681615242868482,0.020107412782350766,0.014163365458322318,0.029726541165267406,0.030653527968214078,0.009443232833862922,0.007918479704730585,-0.39766002823585955,-0.33457110905368226,0,5
2024-05-07,XLK,1,-0.003269506115233467,-0.003274862628974695,0.015077174576037326,0.013988187044273799,0.018184260405928576,0.02361325148852922,0.006763000038456929,-0.006179167420833292,0.24932053359930184,-0.15370583068711574,1,5
2024-05-08,XLK,0,0.0028397044486205836,0.0028356801047744185,0.011898269752255667,0.01398624564579273,0.010417970899948337,0.023028688286926613,0.007762992387024009,0.006436385625955221,-0.2838895098195753,-0.3836311819404623,2,5
2024-05-09,XLK,1,-0.0002930035298476241,-0.0002930464637689312,0.012556102640074654,0.013914431526095554,0.0024868646056772636,0.019074654339437114,0.0057699279559213406,0.0013202497663355635,0.33634336677814947,-0.16208078262647518,3,5
2024-05-10,XLK,1,0.0037113842067821867,0.003704514013787019,0.005639883437711151,0.013657146223840557,0.0032704334355773135,0.01995857550691449,0.009132887185182318,-0.001506013156137176,-0.08715691999666308,-0.22597815995402093,4,5
2024-05-13,XLK,1,0.004719229489985599,0.004708128837147996,0.0032788290591154227,0.01366250626756358,0.006452695540995812,0.021820899561374674,0.006568464575253318,-0.0026081069160230107,-0.24809796888208546,-0.41327590295073546,0,5
2024-05-14,XLK,1,0.008861496318098627,0.008822463681827486,0.003316839809105559,0.010519993500507552,0.011349343644570853,0.024755622783290576,0.011189679961612069,0.009203613030491265,0.49273776967487093,-0.08242932281393822,1,5
2024-05-15,XLK,0,0.02251135506705193,0.022261714073207983,0.008792088209251616,0.009973921906247022,0.02595841160658341,0.03823887582968166,0.017171505882767373,0.016122132035364584,0.45631641086186536,0.4176278615403821,2,5
2024-05-16,XLK,0,-0.003473788848999293,-0.003479836462967789,0.009610292107810262,0.010544654491295385,0.015051904701859353,0.027009177019098773,0.00759997348538482,-0.004081489777771161,-0.15668898424723587,0.2107766405779652,3,5
2024-05-17,XLK,1,-0.002213798985479798,-0.0022162530610092546,0.010483794952608904,0.008106339790918661,0.0067587005885283435,0.020160560912483083,0.010574302156725649,-0.004511662095053694,-0.368836291913215,-0.18943886521441133,4,5
2024-05-20,XLK,1,0.011755234904078149,0.011686678868757738,0.010724769247029867,0.008106848043450831,0.011096582397323917,0.02751093326215681,0.013535869417062871,0.010753189607241085,-0.17584033613445382,-0.31933277955742745,0,5
2024-05-21,XLK,1,0.001633108353411572,0.0016317762820454718,0.010977562210729317,0.007722936459429734,0.006744137048003029,0.02408258635839089,0.00889968545410531,0.005480341649917545,-0.02173081825133827,-0.3048734929529632,1,5
2024-05-22,XLK,0,0.002236076783055596,0.0022335804839510587,0.005980648334023063,0.0077440718084331095,0.007002284235350542,0.021353751219685746,0.009569366459371977,-0.0006039154560890733,0.9189303628428116,0.26777990574767063,2,5
2024-05-23,XLK,1,-0.008134327264724406,-0.00816759141521839,0.007268991688830075,0.008674452108163238,-0.0022164654843128684,0.008921761196827749,0.02256428430881825,-0.019347456782075747,-0.20220656878553844,0.013489619720375101,3,5
2024-05-24,XLK,1,0.00843544770853022,0.008400068141930284,0.007623190278240083,0.008775318628081312,0.003039169298526989,0.012811428070213404,0.011358821852829177,0.005889822880210121,-0.3716863112207991,-0.3430427983191221,4,5
2024-05-28,XLK,0,0.004228760671089571,0.004219844589827382,0.006098456657243267,0.00877615376683137,0.005602734627617956,0.012524212788777689,0.008456179474549389,-0.001432454846577994,0.48760666395774077,-0.04609498663551548,1,5
2024-05-29,XLK,0,-0.006339670381761087,-0.006359851431385621,0.0070774570049234225,0.009256280774641324,-0.000837549759761469,0.003101851679738532,0.009072991844376628,0.0042558618096971736,-0.0247427843030138,-0.056834291651624125,2,5
2024-05-30,XLK,1,-0.02281930168372892,-0.02308369182363812,0.012194260951142457,0.0097601965083043,-0.018788998472347163,-0.018320757507309215,0.016388862420391503,-0.011820639305474294,0.2195822149609057,0.20127914515216871,3,5
2024-05-31,XLK,1,0.0015726800980151445,0.001571444731723659,0.012327720305364965,0.009775486104818718,-0.014268160707774147,-0.015796133358114806,0.023568575841258127,-0.0013779676423760325,0.15601018123361343,0.38846109642569826,4,5
2024-06-03,XLK,1,0.0025218222884766384,0.0025186478304757287,0.01118930206792048,0.009822836146024954,-0.0075930031521902475,-0.012791713881276201,0.017896814791795026,-0.005099881046728266,-0.20304610545484647,0.08153040821370006,0,6
2024-06-04,XLK,1,0.002088396665987702,0.002086218997034095,0.01082273388107695,0.008917715859951046,-0.0008423930884685626,-0.009253795475820947,0.009355120161332456,0.0026118484517778286,-0.3347112588284171,-0.2815079203056401,1,6
2024-06-05,XLK,0,0.022213875179986076,0.0219707411006409,0.01597771456449985,0.011662687474585168,0.020300144563855982,0.012203527212465426,0.015789476325967597,0.01419174919713889,0.3720922971243015,-0.04260394993409511,2,6
2024-06-06,XLK,1,-0.003336230293901843,-0.0033418079191394057,0.009901702146177742,0.01170887983866413,0.011854304207312705,0.008845512734057648,0.007224217564862925,-0.003889952433053954,-0.1969779719643182,-0.18946730122562983,3,6
2024-06-07,XLK,1,0.0023245360356964895,0.0023218384813725734,0.009841940124819693,0.01135916520651474,0.00904205601021757,0.01014357001257915,0.009195239722709971,0.0012539092098869697,-0.09337451824983001,-0.23891245340292466,4,6
2024-06-10,XLK,1,0.0025510811113778065,0.002547832627549873,0.009839986045136419,0.011085430328681846,0.006472378645850485,0.012265229392712795,0.009307953857909402,0.005957084787937837,0.052542743725189966,-0.20673920673920676,0,6
2024-06-11,XLK,1,0.01859810289270225,0.01842727300119229,0.011221185038743628,0.012467529667558326,0.0166321430801728,0.0291298799551849,0.021938755072521004,0.021196623080036028,0.8885787254261448,0.43181025069512446,1,6
2024-06-12,XLK,1,0.02211924848794866,0.021878166469813998,0.011192253066729073,0.013567741230077236,0.03034627582287386,0.046848544307928064,0.0241050575446978,0.012052494461346425,0.40112585697213654,0.8169101964414611,2,6
2024-06-13,XLK,1,0.007909832401452155,0.007878713665422588,0.00918038091070949,0.009487937338778838,0.027469307180640223,0.04685515744448154,0.010214379498766291,-0.0013648463519986844,-0.2877247323412565,0.2652075886939067,3,6
2024-06-14,XLK,1,0.003747392818127304,0.0037403888339939684,0.008872731065712874,0.009351855110789595,0.020163991672733195,0.04235436542122417,0.006401752530870585,0.005165554829780629,-0.38042793218629856,-0.1817237841763446,4,6
2024-06-17,XLK,1,0.015153520515895691,0.015039852796158826,0.007572638087751627,0.00937168671344954,0.021913311705291205,0.04834393078826005,0.019629302946170497,0.012662662418390081,0.4752943569920911,0.18289589586323896,0,6
2024-06-18,XLK,0,0.0012547746894822076,0.001253988117632332,0.008564038075036893,0.00944673482156088,0.013125418977390613,0.040091702201239476,0.007261692809420335,0.00025933674956076983,-0.25208143002430494,-0.1353224630027462,1,6
2024-06-20,XLK,0,-0.01123541483850976,-0.011299008897575291,0.009713342638899763,0.010236718118289943,-0.0015534165251226417,0.022436381456531818,0.01957411534305559,-0.01565927914578088,0.5260780382124501,0.26348830774808474,3,6
2024-06-21,XLK,0,-0.0017482290789265775,-0.0017497590147614872,0.009542664783150594,0.010088614496315368,-0.004680066861676546,0.014614435239359569,0.010443062934870653,-0.001966254247321861,0.02395227667446953,0.21817606876304851,4,6
2024-06-24,XLK,1,-0.024516378959127394,-0.02482190938194684,0.01476969140748469,0.01400531982811758,-0.024951991187055045,-0.013420088370928118,0.019056918380558556,-0.014270524860012242,0.013893600389374816,0.1586003020251867,0,6
2024-06-25,XLK,0,0.01834365452298492,0.01817743927853943,0.015845459905052223,0.014770529951837493,-0.0033827890814569495,-8.10383753481192e-05,0.017094406511433603,0.010935045368761782,-0.3362087776209941,-0.24612372683942274,1,6
2024-06-26,XLK,1,-0.001147841572255559,-0.0011485008469360736,0.015697919465366406,0.014047298310984368,-0.00033513109134397645,-0.0040671248937399485,0.01251327283882965,0.00035373996179365524,0.036532182069207275,-0.19696020455459973,2,6
2024-06-27,XLK,0,0.00048614662795953834,0.0004860284969714357,0.015226788165450809,0.012335122478534381,0.001974287487658266,-0.004329884682115925,0.00859168474396151,0.0024357973619324575,-0.16237473043257644,-0.26565202159781576,3,6
2024-06-28,XLK,1,-0.0005302079866905673,-0.0005303485966487997,0.015235894711198227,0.012082637851291452,0.003023685086345651,-0.004773396503594429,0.019679498250922505,-0.004006355835848642,0.5760765308698066,0.15959604213403855,4,6
2024-07-01,XLK,1,0.007558653667361526,0.007530230183720121,0.00826645450349513,0.01227325799099382,0.005682653919355296,0.0024542781554590665,0.02224481785759793,0.006046674638744459,-0.2567703912493394,-0.14934644775889594,0,7
2024-07-02,XLK,1,0.005001367029944692,0.004988901738914642,0.0038123187317428485,0.011294645218873614,0.00841666895958304,0.008192972410732802,0.013896261711589582,0.01380773156525148,-0.2375667988277883,-0.3233663589755358,1,7
2024-07-03,XLK,1,0.013488805029176598,0.013398640997087874,0.00568688587091071,0.012154164790592711,0.01671095942222456,0.02126853805142148,0.016262300418374318,0.014950811667520492,-0.11692055506881838,-0.38827371256734744,2,7
2024-07-05,XLK,1,0.0030579814545135253,0.0030533153394012302,0.005253635534784146,0.011430485676908521,0.014020682960338648,0.022380981723792326,0.0104977951137736,0.001936119352974279,0.06762465595596234,-0.3020078338159723,4,7
2024-07-08,XLK,0,0.0068276044934811875,0.006804401953891315,0.003930834000688502,0.011439776865342257,0.013670091111799954,0.026450331428953255,0.008218114663432776,0.00359541291929503,0.1497646811954796,-0.1447817303704496,0,7
2024-07-09,XLK,1,-0.0008103354513766536,-0.000810663950622903,0.0052824025402128235,0.006546986575661634,0.007326636084562965,0.02032105234499748,0.013960170202803273,-0.005898075276650129,0.1313518446095685,0.025519223315655593,1,7
2024-07-10,XLK,0,0.014512600146922905,0.014408300262712892,0.006600223901586172,0.005758856086086602,0.01444330768532276,0.030112899589495923,0.0139047809902229,0.007588254231906038,0.00815799783375204,0.03850938164691575,2,7
2024-07-11,XLK,1,-0.025033729292862184,-0.025352402729206247,0.014945811533322492,0.01104649564039047,-0.010580354861742025,0.0019413403705754728,0.02974290888398852,-0.02650814038214537,0.6122248382746245,0.5867980561555075,3,7
2024-07-12,XLK,1,0.008932747970627375,0.008893086990184429,0.015495539428778926,0.011200996534636357,-0.002525755255010753,0.007645623440167837,0.020312438438201803,0.006154012844253575,-0.30755706791436266,0.07643817500551031,4,7
2024-07-15,XLK,0,0.0017964637217320334,0.0017948520107449184,0.015173237421315886,0.011136562131592294,-0.0005206173419749494,0.005991610203302855,0.015490017892502778,-0.0032767532850810424,-0.1166714443670912,-0.0069037912149889635,0,7
2024-07-16,XLK,0,-0.0033301564555765495,-0.0033357137678278193,0.015243563448737979,0.011231168222498117,-0.0031343899722285906,0.00027854648901626256,0.013289581549637015,-0.005665126748948566,-0.11309689383402877,-0.10238544335275845,1,7
2024-07-17,XLK,1,-0.03889657292451576,-0.0396732513747553,0.01996613270499038,0.017143452222326126,-0.03088421361659932,-0.036680546446082984,0.01788689926296238,-0.016396341048175094,0.6257285486526751,0.3728974046010449,2,7
2024-07-18,XLK,0,8.924347317718073e-05,8.923949121619756e-05,0.018773429508691316,0.016306271003752336,-0.02460435021803764,-0.03336141984073315,0.023410622463315538,-0.010757439214427351,-0.12887045432622746,0.1383350384760016,3,7
2024-07-19,XLK,1,-0.01564330105661582,-0.015766948690542293,0.016919903603236613,0.016568226379199944,-0.028946627298348515,-0.04353411483734937,0.018728404633082153,-0.010394763649092293,-0.21817443620123278,-0.12654427895162224,4,7
2024-07-22,XLK,0,0.0236792453818504,0.023403240616594267,0.02289583910801638,0.018648820526897196,0.0011956193538584792,-0.017323932343887627,0.015729051244754898,0.010322234624804168,0.2512510622226418,0.06086229083653372,0,7
2024-07-23,XLK,0,-0.0039806157759147975,-0.003988559514547241,0.02287288715973657,0.018625508203978784,0.004540925023990283,-0.017357730414315653,0.01034820480173401,0.00017762162676471254,-0.47830516148505886,-0.42855371644659357,1,7
2024-07-24,XLK,0,-0.04138534762980994,-0.04226610719692658,0.023752077388241997,0.020785793146018472,-0.029691708166827313,-0.048978356737022,0.03419421529447521,-0.028705074155066675,1.5856657264771825,0.397416780180071,2,7
2024-07-25,XLK,1,-0.010700438943081036,-0.010758100343628563,0.023383360773107913,0.020068002629145584,-0.030654839178636206,-0.05156717546839873,0.038998324328064896,-0.009645196527406598,0.47949765048109194,0.9341910642164597,3,7
2024-07-26,XLK,0,0.01268905467192738,0.012609223232055378,0.024935955052324855,0.0204505065199898,-0.0142475628844968,-0.0320010724519012,0.016401030731391944,-0.0007853923369930225,-0.4471216561111636,0.0508302221711181,4,7
2024-07-29,XLK,0,-0.004438585481178037,-0.004448465247344657,0.019789720505580897,0.020227095134518407,-0.00888368818548424,-0.028076099809195565,0.0194954128440367,-0.012293544384317661,-0.3722067397288379,-0.3325966007303104,0,7
2024-07-30,XLK,1,-0.02512549565850819,-0.0254465297644888,0.020543437678465233,0.02081087183148298,-0.019991436138883212,-0.042324592650397896,0.03715527929261122,-0.028733997757638574,0.4562760423758816,-0.05422638218996123,1,7
2024-07-31,XLK,0,0.042351417994673346,0.041479139827859335,0.025867353587141553,0.024045555488161088,0.018735728839035737,0.0007729295337441933,0.021812473931403495,0.011137315351481367,0.3664840199726964,0.2680106272027931,2,7
2024-08-01,XLK,0,-0.03729422742243138,-0.03800744597897676,0.031498307247261374,0.026429854924753613,-0.016574040677193813,-0.030456967945618696,0.05650780019937126,-0.03464710203633508,0.16267962228000554,0.39955652787021356,3,8
2024-08-02,XLK,0,-0.028104815635403235,-0.028507315352158002,0.03190523434461844,0.027217873751649153,-0.03378356684450745,-0.050648722718271144,0.026726472429657866,-0.001560632441999446,0.09594265334227914,0.41550567673905237,4,8
2024-08-05,XLK,1,-0.033313870265352485,-0.03388141767011632,0.0331189568495682,0.02596443588086172,-0.050356561227720364,-0.07011496310698218,0.05716221672330173,0.03121249606623639,0.6878248915238219,1.0625687413540112,0,8
2024-08-06,XLK,0,0.01359269433699195,0.01350114235970068,0.03501115497538156,0.027202649721743473,-0.02876099846017033,-0.046448783886813505,0.0316818394290839,0.0007983019905019878,-0.21807826916958317,0.43359478450986355,1,8
2024-08-07,XLK,1,-0.016202185956239346,-0.016334876575225366,0.02052181908011875,0.025185849249720938,-0.024219022398481505,-0.05355699043968032,0.045655827516933395,-0.039474328210356055,-0.28166733127710997,0.010043448758042972,2,8
2024-08-08,XLK,1,0.03734674664039361,0.036666248130369006,0.029997360371044657,0.029040264385615223,0.018194308508462154,-0.014020743839630034,0.03593649439599697,0.01891395641079506,-0.17992930620383374,-0.13877351430519247,3,8
2024-08-09,XLK,1,0.004494131405870405,0.00448406295202286,0.027226179604226845,0.028634482562823867,0.02184521193092137,-0.004483077755228715,0.016911831062178504,0.005083379263589451,-0.34133672257066283,-0.4253502521429742,4,8
2024-08-12,XLK,1,0.008170045940520287,0.008136851791108235,0.019232910358197373,0.028921931590024364,0.020648323648765787,0.007557542429653896,0.017452882285106254,0.005041902674123626,-0.10019296111414067,-0.4867503319894242,0,8
2024-08-13,XLK,1,0.030727002946383086,0.030264381365324056,0.021537255625569907,0.029645992577358518,0.03862275885508004,0.0366173890812429,0.019677933994324555,0.01810552556014324,0.1654273793151675,-0.3993476654713207,1,8
2024-08-14,XLK,1,0.005475473636374462,0.0054605377265852795,0.01556683804150683,0.02618492750244155,0.02683099286634638,0.044294473127339806,0.018511608035065408,-0.0006976460301598837,-0.10772430897235885,-0.44508089564232023,2,8
2024-08-15,XLK,1,0.02876425314162523,0.028358327728840393,0.013068541441591757,0.024428171358838846,0.04014120811178046,0.06893455559691941,0.01879334763647582,0.015622817719069454,0.06684300188290138,-0.37913365180660963,3,8
2024-08-16,XLK,1,0.0016737841283975818,0.0016723849128483792,0.013708929690775102,0.02158040155767872,0.026644383948620343,0.062155650851241306,0.011689290080433791,0.007004426825514644,-0.2954574105979745,-0.5257129440253013,4,8
2024-08-19,XLK,0,0.016486080250446733,0.01635166019068013,0.01317287028609641,0.015990782510861962,0.026678533901456802,0.06578450781564738,0.022998921218558798,0.0188790206300371,0.939073124179888,0.057477283779146404,0,8
2024-08-20,XLK,1,-0.0035102652227045894,-0.0035164406595207254,0.012905853221945568,0.016819759343764142,0.013293112931030304,0.050270244493147986,0.01278622040159723,-0.0008910817118802715,-0.44467172144384126,-0.3162632693174373,1,8
2024-08-21,XLK,0,0.005886023241575389,0.0058687682823954646,0.01287290118838173,0.014017500805464869,0.00946911808282258,0.042662365481886955,0.011898387885772322,0.005258502525248061,0.043923784202946736,-0.21063653345172184,2,8
2024-08-22,XLK,1,-0.023007377815403518,-0.023276178467768638,0.014574611022583919,0.015543730073051315,-0.013190861954759714,0.011343709716170602,0.032798459537637964,-0.02843412560558572,0.20491324879291128,0.008043395271619902,3,8
2024-08-23,XLK,0,0.016198576060115766,0.016068778936713102,0.01644259891282888,0.015730458501172176,0.0005003552337476957,0.01915350432860574,0.01725220732456146,0.006200039857399083,0.17585538773173637,0.1704358917601576,4,8
2024-08-26,XLK,1,-0.012546913256012981,-0.012626290430054254,0.015317161749253214,0.01710975024083942,-0.008598296063373145,6.781107759845639e-05,0.02046836764162848,-0.011664286174586164,-0.4130886621102893,-0.2952064866906815,0,8
2024-08-27,XLK,0,0.006059266811138109,0.006040983273376099,0.015886593694413833,0.014880060563830788,-0.0010057642530425515,0.0021349967149622007,0.01938306392431507,0.012330542947124943,0.22128637059724343,-0.11595166832945347,1,8
2024-08-28,XLK,0,-0.013798410012274664,-0.013894492956819882,0.01604246628027458,0.015902147905022215,-0.009310031502773097,-0.013723026774586589,0.022727286773699312,-0.012511245803232075,0.1758359456635319,0.03853883301377237,2,8
2024-08-29,XLK,1,-0.00902375227411123,-0.009064712925371587,0.013171721152319365,0.013144385983372812,-0.015627532575312686,-0.021043218859065793,0.025924925060003098,-0.009294666146545975,0.47906067405745256,0.4716161162898138,3,8
2024-08-30,XLK,0,0.013290973917063242,0.013203423820760563,0.012158262051142423,0.01395043836999986,0.0007448678512562701,-0.007553843749188993,0.01701465027030014,0.0023656989137735753,-0.24532099618469672,0.0710364807278665,4,8
2024-09-03,XLK,0,-0.045930997400447926,-0.047019280380599326,0.02294948674696946,0.0187091848812128,-0.03563655811089994,-0.04676602972573207,0.04197251906088733,-0.03573391415657253,0.46946777596433265,0.5448467791715927,1,9
2024-09-04,XLK,0,-0.002568982138426712,-0.002572287635429049,0.021744005572255237,0.018729028306727076,-0.026664975335534025,-0.042882489579143535,0.022299112595240016,0.007641274144074559,-0.16496227769575644,0.22455789785220692,2,9
2024-09-05,XLK,0,-0.001526171778638341,-0.0015273375650650678,0.02212401159092611,0.01832474104492196,-0.01897845382572616,-0.0372101012357694,0.0191198869019982,0.005716767969210321,-0.28022708840227084,-0.1301381812764273,3,9
2024-09-06,XLK,1,-0.025937419292801356,-0.026279726164201378,0.023358158230611256,0.018625025149978762,-0.03216007893464701,-0.055024701130923614,0.032029817300103146,-0.02514578205855792,0.40183440753594457,0.18055318325191583,4,9
2024-09-09,XLK,1,0.016378924744620216,0.016246237050764556,0.02423601804390478,0.018650676532776574,-0.003950409344933181,-0.03205623253893264,0.014289233473666892,0.003923456384437823,-0.12209629451008763,0.03404725071432768,0,9
2024-09-10,XLK,1,0.014957114671559912,0.014846360046014695,0.017126903101217592,0.01982465568371551,0.01080190200714548,-0.012602960642349115,0.0196942860811242,0.008002291194635434,-0.07315509979857171,-0.07533933758380684,1,9
2024-09-11,XLK,1,0.034131925780840344,0.03356235574339106,0.022600803314981988,0.023229949271976,0.03745599110073772,0.02347680670327934,0.047991233352988744,0.03060446939094025,0.26136520794230966,0.11429538846050469,2,9
2024-09-12,XLK,1,0.008274428315706572,0.0082403829089861,0.022029103386688988,0.02303242533373117,0.03616717891372745,0.031984325799437885,0.020333048438967934,0.009016429345167868,-0.16952258630411632,-0.08736169538904304,3,9
2024-09-13,XLK,0,0.005015031591766306,0.005002498206915007,0.011292067089301399,0.022834434150771427,0.02535959289505363,0.035697884042375616,0.010336525049642654,0.003779435493592747,-0.24111201222157264,-0.2745214351266707,4,9
2024-09-16,XLK,0,-0.003810540278825658,-0.0038178188835953364,0.01423726949094082,0.02250022588017282,0.009859501644025936,0.03210529409637464,0.012474277593795359,0.003427004702230858,-0.14285359246464702,-0.35998025512457454,0,9
2024-09-17,XLK,0,-0.0019582874517031224,-0.0019602074035294237,0.015247729776934973,0.015867861346033654,-0.00021908159761452328,0.025764518015330307,0.01839495840810518,-0.011857551157015896,0.013366580648902504,-0.30099300993009925,1,9
2024-09-18,XLK,1,-0.009125262263663614,-0.009167152503709808,0.00697723542342961,0.01631223065342494,-0.009007819336403267,0.01284887832840309,0.019570306613322482,-0.011605693781133743,0.822832618025751,0.26894969256233914,2,9
2024-09-19,XLK,0,0.02970029644039962,0.029267785570590732,0.015250470266381386,0.018103842153712822,0.016454569641151995,0.03603564103082513,0.013257452404873818,0.0015675676894754817,0.09358322345702264,0.3211364769820366,3,9
2024-09-20,XLK,0,-0.00487441460047966,-0.004886333306243884,0.01571436402493206,0.014800543694129155,0.009581763925467612,0.022172360936222324,0.013423747056771202,-0.0009428333873038028,0.04010334433759155,0.34789660868141836,4,9
2024-09-23,XLK,1,-0.00018459919999158636,-0.00018461624052168446,0.015461601468824504,0.014793526756364837,0.0067563984122114285,0.014884276530555685,0.005442321976849439,-0.0010795011522846077,-0.4831502539191874,-0.28037413704652314,0,9
2024-09-24,XLK,1,0.006844119381398839,0.0068208047148017314,0.015297212284438174,0.0145419378507787,0.009224649882369818,0.01550649766792378,0.015424636245651036,0.0026454861742798343,-0.06205110405040981,-0.30432802273424886,1,9
2024-09-25,XLK,1,0.0028622289688147173,0.002858140590870306,0.013462763247745629,0.010795923826092384,0.005334932576985807,0.015139851360741474,0.009678668374075744,0.004839368373508248,-0.13012041333371294,-0.3521441488809126,2,9
2024-09-26,XLK,0,0.013244101815337306,0.013157165453663744,0.006895901920573209,0.011159916566919502,0.015008514151871433,0.024746623484422692,0.01771422370319984,-0.006167185548686368,0.5126644413901433,-0.005683162609006143,3,9
2024-09-27,XLK,1,-0.009330156575368509,-0.009373955130694611,0.008387831655261118,0.01188096310931626,0.002878125171634993,0.012876337408999294,0.014722713379458413,-0.010723333280356082,-0.3408402561439945,-0.3305193863515514,4,9
2024-09-30,XLK,0,0.0029320734827702477,0.0029277833392811203,0.00823549122939088,0.011683010107030394,0.0025401418726811453,0.012859271011725903,0.012939469746856058,0.0073175059137000125,-0.0973776625422561,-0.3862900472410723,0,9
2024-10-01,XLK,1,-0.024362262923755318,-0.024663932498498298,0.01440329204101682,0.014540529060133547,-0.018965139538124287,-0.012473310264391024,0.027855543891203455,-0.02145809191717343,1.0535597411097375,0.2025235598972861,1,10
2024-10-02,XLK,1,0.007400411343690072,0.007373162651435727,0.014990622380898795,0.014226575195963775,-0.009623019316209458,-0.007438946572853267,0.017429968591731012,0.007171720977548781,-0.5987393098075322,-0.4712651187098701,2,10
2024-10-03,XLK,1,0.004146230329381995,0.0041376584023637974,0.01310813448280634,0.010620659941666711,-0.001586248704317006,-0.0031411642047088906,0.014599510248334648,0.007096329897163185,0.27632159562262815,-0.25427084891017937,3,10
2024-10-04,XLK,0,0.011130518386177846,0.011069030010689929,0.014121363922043275,0.011024876186263464,0.009354744958043115,0.006531805567387083,0.012982444516260763,-0.0017723831403532733,-0.13407550822846082,-0.26431366098389164,4,10
2024-10-07,XLK,1,-0.006879978981620072,-0.00690375515280639,0.014335511794950927,0.011335340414779656,0.00422808053721857,-0.0011294669881115604,0.011548116687963749,-0.0024076747327977017,-0.11554739279725301,-0.3186997721002759,0,10
2024-10-08,XLK,1,0.018682284375530545,0.018509914039119835,0.009413300513551935,0.012586015542545992,0.01600313407024112,0.0155775769534785,0.015353923319965728,0.011404446398147196,0.7751895991332611,0.19403166351893808,1,10
2024-10-09,XLK,0,0.011188164036502801,0.011126039472988403,0.00961431931218305,0.012921590645341716,0.019571200764507024,0.02410169649963212,0.014905715938216154,0.010390158061249486,-0.03623741226731769,0.12567163381143454,2,10
2024-10-10,XLK,1,-0.0002602989108067,-0.0002603327944488143,0.010200291897987284,0.012405938092388368,0.012497484574878648,0.02238590495722126,0.011881366827086248,0.006464906450349513,-0.24903031742262327,-0.1075706455618407,3,10
2024-10-11,XLK,1,0.0017360897628846406,0.0017345845009808514,0.010061051877525913,0.01181554661760567,0.009358519590894732,0.021572529360339265,0.007874347662871442,0.0041329372040356865,0.5545834650925829,0.3299087444242723,4,10
2024-10-14,XLK,0,0.013041004063513828,0.012956702298785316,0.007957808117237477,0.012273409867344345,0.01358560002411524,0.031216122085163223,0.009169988350294186,0.006629966217561113,0.10862244321392245,0.3846787921217476,0,10
2024-10-15,XLK,1,-0.02198272660172873,-0.022227947141868043,0.013953438920140615,0.011680161128264876,-0.009348537290389092,0.004815817349401064,0.028803442278478898,-0.022735074035122864,0.4453731830135981,0.9230946587786613,1,10
2024-10-16,XLK,1,0.0031047404307313897,0.003099930676946805,0.012866868639335676,0.011612655483868905,-0.005342104770130418,0.004624784636242829,0.012292970354180848,-4.356803444575274e-05,-0.5938615174125845,-0.23173591822686124,2,10
2024-10-17,XLK,1,0.0030514986974123914,0.0030468523251281354,0.01299088984185568,0.011609900378245174,-0.0020299438388393654,0.004487788385251212,0.011307472050482392,-0.010748527620973747,0.05077446690282694,-0.19558657361249587,3,10
2024-10-18,XLK,1,0.0035639406965086717,0.0035576049089831585,0.01308471997610518,0.011283467985505639,0.0014398952710188428,0.0056004952849249,0.005793576794448226,-0.00164291424209324,-0.2502313590692755,-0.3930662129043996,4,10
2024-10-21,XLK,0,0.004677252256337416,0.004666347900398549,0.011459301349267155,0.010794461845555008,0.007723434913909033,0.006687077358694893,0.009774533976872982,0.007819640439058575,0.3935199471016091,-0.1751038557084107,0,10
2024-10-22,XLK,0,-0.0010347054093010621,-0.0010352410864875594,0.0021729899829363445,0.009469103475878626,0.004002967633882637,0.003976867834398989,0.01057370099107411,0.004290195513654058,-0.02423130456788558,-0.1768824750631094,1,10
2024-10-23,XLK,1,-0.014325736593416738,-0.014429340617543751,0.007856176422089405,0.01005049405631377,-0.009556271355153023,-0.009530507876465588,0.0206159200407465,-0.010654453291048334,-0.013875380924593173,-0.17176970307543604,2,10
2024-10-24,XLK,1,0.002933078529214095,0.00292878544696773,0.007841776761655855,0.010121542831268766,-0.005797716983554024,-0.006060813436433943,0.008414687263015924,-0.0011335651645625403,-0.20560194621605632,-0.33426638160939803,3,10
2024-10-25,XLK,0,0.005194228399125533,0.005180784927008908,0.008100161785765886,0.010265377914934821,-9.553960420793928e-05,-0.0006726142240768285,0.012673603499560978,-0.00047743321729853993,0.7204932958119517,0.15388138119384842,4,10
2024-10-28,XLK,1,-0.0003038971245715727,-0.00030394331065952684,0.007592945494627685,0.009164386793548905,0.0011394013643086787,0.0005867997508137712,0.007631302292962957,-0.0074157161446854756,-0.29051811228171454,-0.13435972084450998,0,10
2024-10-29,XLK,0,0.013465363990814438,0.013375511674558638,0.01015531007305132,0.006956247672375987,0.013236546382564551,0.012019176920649688,0.018165275188082135,0.011532140899494553,0.2631543260103064,0.21320859776687295,1,10
2024-10-30,XLK,0,-0.01590094358705363,-0.016028719910146982,0.010770626760754272,0.008943305600345248,-0.003895756792123284,-0.0041679132188887635,0.010164759807561981,-0.006834213479690281,0.11938375650866928,0.303251410090152,2,10
2024-10-31,XLK,1,-0.03209792028438607,-0.03262435414088749,0.018136712726329485,0.013443466485580141,-0.030095690176140777,-0.03283927432737144,0.021709422498936676,-0.021357131194410642,0.4518534503428764,0.7284976163969057,3,10
2024-11-01,XLK,0,0.007514414261610591,0.007486321695772347,0.018518114232439774,0.013725376443318654,-0.017335220627131886,-0.02259414332811205,0.015282314008299745,0.0064275798365331545,-0.044953840564152525,0.5002827834190331,4,11
2024-11-04,XLK,1,-0.0007592125178189635,-0.0007595008655965074,0.018487486151537367,0.013493746480118885,-0.012464456865758033,-0.01980625285302673,0.011422509696398294,-0.001695473997421556,-0.45427034878694084,-0.18113860628280676,0,11
2024-11-05,XLK,1,0.014078745422595906,0.013980560361437355,0.018646607276121073,0.01460508612375729,0.00715554281845332,-0.0038854849909422118,0.011763198924358339,0.010961131729933227,0.15228619411261457,-0.06975851836692926,1,11
2024-11-06,XLK,1,0.028471971871973256,0.02807417827816927,0.022566349520106624,0.01671645152529882,0.03240332555749448,0.022267737459736425,0.01383662770409364,0.00899382450222218,0.5080159494018974,0.3203367835104167,2,11
2024-11-07,XLK,0,0.017441616465770693,0.017291257293532425,0.010943838061427623,0.017397153483686978,0.03648792272272039,0.03632050603385917,0.0120440984651335,0.010426849961757242,-0.04602563868779519,0.17961541583613694,3,11
2024-11-08,XLK,0,-0.0010950295490649298,-0.001095629531960185,0.012637663867394124,0.017451150663740242,0.02351200198606218,0.032090765147641864,0.006916326853152685,0.00016872699791555876,-0.30838191723215136,-0.17411549874457888,4,11
2024-11-11,XLK,1,-0.005523677047695075,-0.005538988963174063,0.013919729904105083,0.01764069662652703,0.007329205060967903,0.023881211727293294,0.011976537255562093,-0.005397877758782314,0.004256260018793867,-0.18335056412100503,0,11
2024-11-12,XLK,0,0.0012719364478344097,0.0012711282219388664,0.014309592410271951,0.017219499226830512,0.000694953286892952,0.023925563116547144,0.009164596036042569,0.0019516799622948846,0.036272567151034885,-0.1544811108915516,1,11
2024-11-13,XLK,0,-0.0034723533111180593,-0.0034783959219844007,0.009147754717653571,0.01625852692195416,-0.004450422347165306,0.017845729329260207,0.010481651961290268,-0.0013579124706884255,-0.15950496627184363,-0.2729244299045668,2,11
2024-11-14,XLK,0,-0.0033995217702874614,-0.0034053132737073,0.002602059170102163,0.011203764167738023,-0.005402833977033117,0.009021932777140362,0.008357732657037962,-0.00500618514683064,0.04303589484327608,-0.19040950416567537,3,11
2024-11-15,XLK,1,-0.024815513702675096,-0.025128609168310057,0.010164009203938488,0.014670919372298936,-0.023082740247286848,-0.018045314972408577,0.017182556852047916,-0.012606303619527245,0.7009694032111482,0.38278616056366466,4,11
2024-11-18,XLK,1,0.0032354840164787735,0.003230261100809706,0.011222296441538422,0.014635130666498882,-0.014533969733166341,-0.01727741609311051,0.011805329320898842,0.0032354956611093167,-0.4508539778090438,-0.23929026082322635,0,11
2024-11-19,XLK,0,0.008193452230956133,0.008160068131275011,0.012599045028865292,0.014235998338455336,-0.0023289436696461996,-0.011106036284917242,0.01539410486464341,0.014560797351886316,0.11999740546150361,-0.14414090671398583,1,11
2024-11-20,XLK,1,-0.0008645261324456976,-0.0008649000506864013,0.012682724226328003,0.010786613697629743,0.0004328376839088932,-0.011022414110132162,0.01537596673158226,-0.0017276115345453108,0.2848786702959403,0.12896085325951434,2,11
2024-11-21,XLK,1,0.010167438016275732,0.01011609732728136,0.014090774224276872,0.009591085618439419,0.011524122778636237,0.0007200446563511154,0.02043966393394174,0.0004713571266791403,0.19352294239610557,0.34523646228643723,3,11
2024-11-22,XLK,0,0.0005140182077463251,0.0005138861456401855,0.004788320816038208,0.009614530501760775,0.007774059890977902,0.002764504909200882,0.008238214146821162,0.0023170366025002257,-0.33053871863139406,-0.09774780506425751,4,11
2024-11-25,XLK,1,-4.291171899273305e-05,-4.291263972699966e-05,0.005170998860596708,0.009513416203128835,0.004143948920059648,0.0036952120703552804,0.01376616878297867,-0.007520412422972646,0.5706549331528177,0.3506184816880913,0,11
2024-11-26,XLK,0,0.005008823318081834,0.004996320893477346,0.004630661041458545,0.00968105285478064,0.006206279384037616,0.00932537405381284,0.00737272973078072,0.00046878590757641,-0.44066731314872676,-0.23244117074469006,1,11
2024-11-27,XLK,1,-0.01354577006160429,-0.013638351008996352,0.008822353808816024,0.010507969007336101,-0.007806293323920577,-0.00273885353992942,0.01621134283561663,-0.006819043403425254,0.02247407454971584,-0.21557567636800723,2,11
2024-11-29,XLK,1,0.009284021837169476,0.009241190202232907,0.008583975214413297,0.011013875860371395,0.0011907867917804182,0.0068666172676496995,0.010037919524676746,0.006936070326637487,-0.3455584513454957,-0.47077882505890956,4,11
2024-12-02,XLK,1,0.009498243706058895,0.009453419003079055,0.009541618205706287,0.007211701726453778,0.00866962484694489,0.013269834822231763,0.012783264519824358,0.008764442519246364,1.254630073889262,0.22160523675084365,0,12
2024-12-03,XLK,1,0.0036024231599764978,0.00359594997510726,0.00948171073321553,0.007213147617668931,0.00953259904829995,0.013720350941811121,0.010087231955613061,0.0078740418282413,-0.4066948990232172,-0.2696064048287714,1,12
2024-12-04,XLK,0,0.018285530875641998,0.01812036099666514,0.011833094705522903,0.008570570682007013,0.022439193548340786,0.027944223997851347,0.009134144526116135,0.005714090788142312,0.9440459110473458,0.35034805096442745,2,12
2024-12-05,XLK,1,-0.005059610968331296,-0.005072454139186888,0.008598319036720535,0.008940205371420104,0.010130315976217608,0.018929437511151948,0.006022832599136812,-0.0034890813619548287,-0.4798892988929889,-0.26816477845045117,3,12
2024-12-06,XLK,0,0.0038763914053940862,0.003868897560039386,0.008598500172019397,0.008656963710297125,0.008010754131651865,0.019691772198215496,0.007531300897946683,0.002122059264138189,0.1802412202908832,-0.08973264607067422,4,12
2024-12-09,XLK,0,-0.006518692762919942,-0.00654003222808619,0.009876851281726896,0.009164942937235321,-0.0013355537033620246,0.01061860175422158,0.008918893756246538,-0.0027923570981413454,0.20711730936851902,0.08482615554162964,0,12
2024-12-10,XLK,1,-0.013875556763705665,-0.013972722164538709,0.01232724393652173,0.010524215408290355,-0.01449332387639135,-0.004396728317309306,0.016396894875546426,-0.010525915017006645,0.39863552611921715,0.515287211830527,1,12
2024-12-11,XLK,0,0.014494530778852655,0.014390489218291336,0.010905369363245867,0.011317692065650321,0.0012632273153998508,0.00807315751936133,0.01316123449002077,0.00651748274002725,-0.22651855016734312,0.1344036469688228,2,12
2024-12-12,XLK,1,-0.00559799004219963,-0.005613717510727589,0.010952886154392865,0.010341325747793511,-0.002773432283727173,-0.00028558228406583286,0.006937475532623746,0.0007988666512436388,-0.1693288528816056,-0.06801085612025404,3,12
2024-12-13,XLK,1,0.004285184383510332,0.004276029126235592,0.011004681383276895,0.010111274530020337,0.0030041889839753644,0.0017600629196861117,0.01652927530088747,-0.004704761672421272,0.20210024659887504,0.05871299934112595,4,12
2024-12-16,XLK,0,0.009997925875158353,0.00994827726210712,0.011564688534783213,0.010151957609301552,0.01119080198726885,0.009453204440760477,0.011697809934111687,0.008689847199827981,0.08823326034343659,0.1515028828424534,0,12
2024-12-17,XLK,0,-0.00604706656970988,-0.006065424120394347,0.009187112798587551,0.010473098082883004,0.0016946843074430173,0.002016742141665695,0.008801571134008807,0.0010428398800963277,-0.1374197784508504,-0.036908458415019774,1,12
2024-12-18,XLK,1,-0.032252707841127104,-0.032784287607474205,0.016210008082135737,0.013239392374245549,-0.024808119290305353,-0.026688124106825084,0.04049171590122515,-0.03550806940223934,1.078232044198895,0.8671367084865638,2,12
2024-12-19,XLK,1,0.001076489498525346,0.0010759104991917567,0.01651540198725089,0.01330982765749223,-0.019195074450870542,-0.02260094920241118,0.013512353309771751,-0.008994034763240967,-0.2093553570584621,0.3600463395796918,3,12
2024-12-20,XLK,1,0.014925429480387331,0.014815141302579882,0.01850967531038122,0.014365980412415007,-0.001954089989872343,-0.005973546220580217,0.03321639620329668,0.021870005507199603,0.11517252716051218,0.3990959422392959,4,12
2024-12-23,XLK,1,0.01059524677291046,0.010539510493257076,0.018611827531785596,0.014774966578459716,0.011169472132760205,0.004901284850339138,0.013460286458333333,0.0077037347056878305,-0.46576168524871353,-0.25213570997114865,0,12
2024-12-24,XLK,1,0.010333063245287377,0.01028004208184008,0.01922771468009528,0.014267075826210321,0.020800629602705456,0.013161261770693766,0.008287274998800921,0.006738659897415107,-0.41638447839064896,-0.5348209519506251,1,12
2024-12-26,XLK,0,0.0006652039593439962,0.0006649828092584187,0.00633872829310645,0.013595321642507237,0.013880888720348317,0.013104828468707197,0.010760768644333313,0.0038789120615524393,0.5366828555464822,-0.27399950048631516,3,12
2024-12-27,XLK,0,-0.013295107403285877,-0.013384278585942155,0.011304124914581486,0.01420202865011141,-0.004112908528542958,-0.00030112146828986663,0.017693607967274313,-0.006608950444009239,0.22033898305084754,-0.12739490420383182,4,12
2024-12-30,XLK,0,-0.012716250471969004,-0.012797794007909147,0.011768956883549214,0.01464649534235998,-0.015865629981766438,-0.011270101587170123,0.01606629289598817,0.001880111283601708,-0.08892555922258893,-0.19917322572911866,0,12
2024-12-31,XLK,0,-0.008316608348040044,-0.008351384281350072,0.010074579425760254,0.014162187612475795,-0.01948209897174813,-0.015955437056051736,0.014929223582633343,-0.011016104509237925,0.17996578788488637,-0.05446702144815352,1,12
2025-01-02,XLK,1,-0.00236537691686467,-0.002368178840119306,0.006206066045519023,0.014136541100862808,-0.014688090618741212,-0.015108017650257488,0.022358787675018525,-0.010197983373545326,0.36087067752526325,0.22947756881900205,3,1
2025-01-03,XLK,1,0.01629509722914757,0.01616375701253503,0.012201807199780314,0.011018070914618296,0.005587724503591351,-0.0007094943673356946,0.013153979743122251,0.010111832625748041,-0.28582394686134127,-0.05052692964552008,4,1
2025-01-06,XLK,0,0.012725399342553567,0.012645111857771951,0.012821934596573716,0.011545670340747584,0.017290731898303324,0.00916640052699913,0.01363026323906639,0.0013001071775694524,-0.015596209528823346,-0.020366732154551426,0,1
2025-01-07,XLK,0,-0.020062789824076943,-0.020266780619228264,0.015034525871742888,0.012731879440145664,-0.002685515709344277,-0.010405165576425124,0.028583335876464843,-0.025166638692220054,0.11491409853599843,0.15416022698438336,1,1
2025-01-08,XLK,0,-0.0003419419834054249,-0.0003420004588958747,0.01438645178883862,0.012116869492177773,-0.004181158933929341,-0.008987213759457768,0.012409332210321162,-0.002643902418710021,0.0016988447855459388,0.1294117116832898,2,1
2025-01-10,XLK,0,-0.02180606072716318,-0.022047326691579272,0.017824182624307492,0.012810688576464526,-0.023242689090980706,-0.025746702273370614,0.017414286016646994,-0.011407827372469075,0.16381013188611115,0.21817202145255887,4,1
2025-01-13,XLK,1,-0.007081037494960363,-0.0071062270233941405,0.014342183010930857,0.012668729085314233,-0.02299295164216386,-0.02703951543227967,0.01274993468750394,0.009151477133440987,-0.08656071593889836,0.07343608340888497,0,1
2025-01-14,XLK,1,0.0026411994082544688,0.0026377175705682987,0.011180311971576215,0.012608863938785584,-0.01106353565788043,-0.020387188335665662,0.015726044610828556,-0.00506728844743953,-0.32242867867867864,-0.26146487759272863,1,1
2025-01-15,XLK,0,0.01988937642147004,0.019694166925811274,0.01516040603440501,0.014243804773226133,0.01007065103127558,3.437503544878595e-05,0.01238792684558187,0.006150639749546208,0.4494612337608377,0.043630358560333704,2,1
2025-01-16,XLK,1,-0.007705858286805589,-0.007735701825015262,0.015395118926577193,0.014209463137350366,0.005242075615545572,-0.006808027933326355,0.016568472987290205,-0.01571437693601838,-0.487033462648346,-0.44233685828849234,3,1
2025-01-17,XLK,1,0.01566158575056331,0.015540208780018716,0.012726041681261529,0.01510164820458421,0.016261207546418355,0.007817640178526819,0.007926364021666882,-0.002343829554139829,0.25597943521347144,-0.25283127590257304,4,1
2025-01-21,XLK,1,0.008329463450356123,0.008294964906856883,0.01090041238550273,0.014400294687274745,0.01686887968041484,0.01607661871804389,0.01438973515941631,0.004981047179469123,0.00023729718506215747,-0.23246757089563275,1,1
2025-01-22,XLK,1,0.022578989146536443,0.02232785695017281,0.012135149844400407,0.015634894079894338,0.02776004984582614,0.0378392669156129,0.012706346023543626,0.008944616048687305,0.5189051332997241,0.1492197403996096,2,1
2025-01-23,XLK,0,0.001781398258799749,0.001779813450758283,0.011796366016498073,0.013744148197872933,0.02130287892180549,0.03618643512292641,0.010729311896326105,0.009560424817736047,-0.257658290868623,-0.1232564628187598,3,1
2025-01-24,XLK,0,-0.010421008091164974,-0.01047568700062218,0.012732863860865973,0.014402419766763836,0.0032028751207768824,0.023012445060047293,0.01669553558078726,-0.013521307422452888,-0.1310820051549103,-0.20694588470253872,4,1
2025-01-27,XLK,1,-0.049017947017531927,-0.050260088347240384,0.027159794346555556,0.020682715131261215,-0.040711875177590895,-0.026630020856392322,0.02410532182473434,-0.00441856023600189,2.133603729039288,1.241879984668389,0,1
2025-01-28,XLK,0,0.026673124690524963,0.026323598580567875,0.030502729207373618,0.022160841796531053,-0.013111188643311844,-0.003429343902821458,0.032604431062821175,0.019772156462960624,-0.4561567885016614,0.2113017249910718,1,1
2025-01-29,XLK,1,-0.008132179332470901,-0.00816542587003699,0.027322591301600394,0.022442520175987673,-0.013091210703365608,-0.013208854211098187,0.01629637152554653,-0.006175431974643633,-0.19631280748805569,-0.04528412555410444,2,1
2025-01-30,XLK,0,0.0018555119338254933,0.0018537925980606218,0.027329123926146958,0.02154880767749109,-0.003065912949919314,-0.011327338083177096,0.013962718635596599,0.0036311603823186434,-0.02318232044198898,-0.05114879238875403,3,1
2025-01-31,XLK,0,-0.005857765298327378,-0.005874989301187128,0.02729624326116355,0.021481669447101136,-0.0016263979793846861,-0.017248488337300416,0.02364184373679556,-0.01502156891970991,0.21510825546933332,0.09008654283301931,4,1
2025-02-03,XLK,1,-0.013474245789776962,-0.013565847210241344,0.015785063752942228,0.021146709818755185,-0.015189492161008511,-0.027837034874887756,0.020336714222212456,0.008861320456546761,0.2803068387048726,0.30295307481691314,0,2
2025-02-04,XLK,1,0.014404917934393469,0.014302152810516944,0.010814813795430783,0.021577482615546734,0.0013005283403046963,-0.011689565505312638,0.012867657984868767,0.010941876955307869,-0.3913094060845791,-0.2189441863068914,1,2
2025-02-05,XLK,1,0.0138973367847115,0.013801654268846164,0.012211775793518145,0.020634463772436825,0.013064020976616408,0.0051418620811787275,0.01635018270418027,0.012976339670052697,-0.35517010703363916,-0.47250230132841864,2,2
2025-02-06,XLK,0,0.0027327835163613035,0.002729056252480433,0.012212516951501487,0.020660260216266595,0.013500092415943854,0.010921564339436696,0.009223295783729293,0.002732821140853627,0.2612078547610226,-0.3294975762243465,3,2
2025-02-07,XLK,1,-0.008559430499028187,-0.008596272807693595,0.012715344891544118,0.020591573175961716,0.0030847733326839766,0.005072381269728199,0.020654891853380496,-0.012554039657319877,0.2562867215041129,-0.1734907857481084,4,2
2025-02-10,XLK,1,0.014603627291454924,0.014498021239129244,0.010242821664906207,0.013106576105056094,0.01031617412784902,0.01595633290783094,0.00946050109118612,0.006647905626218326,-0.2921382471237489,-0.31844790475246987,0,2
2025-02-11,XLK,0,0.00046563939219446127,0.0004655310158137027,0.009750117419831717,0.010360443140030944,0.006181924954548057,0.015254812918492178,0.010770076794754058,0.006044860358470788,0.06640018499554023,-0.23163527132336492,1,2
2025-02-12,XLK,1,-0.002158052075690753,-0.0021603840256547713,0.008497553697980042,0.009926077866154775,0.0026189621966377086,0.011291317532350797,0.014420603477903702,0.01210303572626073,0.3251758000061955,0.024244949168450436,2,2
2025-02-13,XLK,1,0.01416341268975696,0.014064048683452235,0.01028887197245076,0.010670136896761067,0.013089362544534078,0.022549460445101754,0.014392117412064481,0.012360303509347009,-0.08485670204310625,-0.05118989047530176,3,2
2025-02-14,XLK,1,0.003386789137617363,0.0033810668836906643,0.007820373397517389,0.010205697412152314,0.010399961277036018,0.022009984137794758,0.006904895589746498,0.004226625704967082,-0.41797792990701954,-0.4030292629631862,4,2
2025-02-18,XLK,1,0.009126130324200732,0.009084738835673178,0.006621812757561656,0.008230599176718789,0.014546154579886617,0.02502449799414208,0.008706131773408286,0.003938464084407209,0.32192231731402243,-0.12195036629128975,1,2
2025-02-19,XLK,0,8.265428164411226e-05,8.265086596725979e-05,0.006689201757615417,0.007884261996411578,0.009680760729828375,0.02027233436460074,0.012154295129292832,0.0011988643055295433,-0.06968791500664007,-0.14881013857921377,2,2
2025-02-20,XLK,0,-0.00317951470585065,-0.003184580102584711,0.006969158889062551,0.007530077202037936,0.0018009814395119061,0.013944269359682293,0.014093836350983055,-0.0022318383671991846,0.06837728846222468,-0.09867678273043401,3,2
2025-02-21,XLK,0,-0.027090904725949994,-0.027464628422754878,0.013931168523325387,0.01215970252324525,-0.021855985262347,-0.013540958531830571,0.028283923935301672,-0.027372870330052517,0.5127768313458263,0.31883876491367036,4,2
2025-02-24,XLK,0,-0.014305725124162616,-0.014409038508764738,0.013980372495213151,0.012735684777499954,-0.02900690530562189,-0.027117685918569112,0.02213928767380025,-0.01811012085235397,-0.17775128069245716,0.10214966244113799,0,2
2025-02-25,XLK,1,-0.01295845887907665,-0.01304315216592844,0.010682502046681835,0.012071197400939126,-0.030488471192503308,-0.036603322942037164,0.01852652887257815,-0.010864902256103929,0.40093452924432027,0.4500617071191113,1,2
2025-02-26,XLK,0,0.010896815116080871,0.010837872629910983,0.014145014848890138,0.012853028271688268,-0.010537051689738064,-0.02391197752889196,0.017118079949045233,0.0010834236186348862,-0.2686512804784542,0.04346946143158781,2,2
2025-02-27,XLK,1,-0.0364070992339488,-0.03708637567614481,0.01785367220646833,0.01679740302153471,-0.030936612878527447,-0.05416095658982878,0.04309822932739853,-0.04163436837014436,0.3236180641102928,0.35258920392759774,3,2
2025-02-28,XLK,0,0.013208196891820068,0.013121729215125555,0.020482623022263616,0.016674613640072732,-0.010086577313343392,-0.03608539415480516,0.027347793938103535,0.01778059707803033,0.4031881188118811,0.7493476452276269,4,2
2025-03-03,XLK,0,-0.030417185732432794,-0.030889388383195993,0.022868093489208846,0.01799646008514214,-0.029255051431359758,-0.05681860369978864,0.044554196197237064,-0.035378729481172905,-0.11684847800623754,0.4067350466543933,0,3
2025-03-04,XLK,1,-0.0007773993187737416,-0.0007777016503229817,0.02327064329354105,0.017133559441955878,-0.021311625631548536,-0.0478348166352629,0.03731861778220798,0.006680474212646847,0.41584506479602434,0.7602989558003146,1,3
2025-03-05,XLK,0,0.01405043954630636,0.013952647074156665,0.0239668804127316,0.01856500166961384,0.0008945485109859153,-0.02570606456375668,0.027602828703065543,0.010904346784849535,-0.32673099712205855,0.1150759085284474,2,3
2025-03-06,XLK,1,-0.027756618246242315,-0.028149113113951074,0.021605710771696193,0.019362917940394374,-0.02054219855005235,-0.04179846069480253,0.02796973525910094,-0.007372620366862006,0.37725253541195203,0.3991611163997828,3,3
2025-03-07,XLK,0,0.014483328586530009,0.014379447015665292,0.021899640294083093,0.02001360227351882,-5.6275040627440376e-08,-0.020807973405230995,0.030022733234425763,0.015662012110728728,-0.3145447906523856,-0.058618810573718205,4,3
2025-03-10,XLK,0,-0.042509323895445705,-0.04343929572456062,0.025611743974722014,0.022932230004675078,-0.03418322219242731,-0.05298742145694124,0.03519742901301093,-0.023200453703586307,0.9143242715343503,0.6119549826632118,0,3
2025-03-11,XLK,1,-0.004062127959381656,-0.004070400812352659,0.025405370484959486,0.022969425730045737,-0.02905384000691591,-0.04817146041163778,0.0269402730431596,-0.0010066953322120198,-0.3120796965002922,0.07358806030645404,1,3
2025-03-12,XLK,0,0.01573896344671799,0.015616390403797809,0.025799182175036465,0.02347919278459836,-0.004598911624168811,-0.024583533486439935,0.02060159568437814,-0.002074309124715786,-0.2596407960735667,-0.22398100514444008,2,3
2025-03-13,XLK,1,-0.018990889749961104,-0.019173532762607692,0.024453503591920236,0.021757381165160062,-0.016323509465256514,-0.03647883127296292,0.022220055052222694,-0.016155794493678884,0.12761346251912298,-0.13884349247192185,3,3
2025-03-14,XLK,1,0.030241727276341335,0.029793461382994657,0.028591022296712464,0.02403678806891139,0.017860384772865556,-0.0019732673322852,0.018300247239086173,0.016921748626143283,-0.1891464104013567,-0.2810725199694122,4,3
2025-03-17,XLK,0,0.006964526779292823,0.006940386481685046,0.018769841019929817,0.02250253101927713,0.01895731978142967,0.006498793882681264,0.01782295336686598,0.007765300884798465,0.010756115050593484,-0.2608098403306137,0,3
2025-03-18,XLK,1,-0.015225363379405277,-0.01534245929672906,0.020815213393852276,0.022927782812737628,-0.00010371216666893446,-0.005876197526600291,0.012856475355164555,-0.008181393407831989,0.13181854012297012,-0.1235737644378454,1,3
2025-03-19,XLK,0,0.013009640130583255,0.012925741638426302,0.020454738564596012,0.02284547770323727,0.00982995765606054,0.010209714477903198,0.02382285894486378,0.007831542515125514,-0.23052948653213312,-0.30931925913538705,2,3
2025-03-20,XLK,1,-0.007119290425789737,-0.007144753498518952,0.01774438091600914,0.02121559773635274,-0.002720156276532437,0.003980482896205562,0.01684944608879614,0.004282974805295497,-0.19159142850677713,-0.3979572405727546,3,3
2025-03-21,XLK,1,0.0027182531020000233,0.0027145653333846553,0.011265168301540009,0.02059428307371001,-2.799180845880489e-05,0.008883640284965688,0.02045367090748809,0.015375880193596609,0.45907742260538553,-0.1153264553488238,4,3
2025-03-24,XLK,1,0.018938612303175395,0.01876150934756371,0.014030690043717467,0.015732275717167395,0.01645679565407865,0.023760736533130045,0.007276349713119446,0.002256633943729403,-0.21344025169298064,-0.21516418938966153,0,3
2025-03-25,XLK,0,0.0033083819087540434,0.0033029212539670283,0.010081254705744214,0.015471567981398182,0.01359729622149941,0.022187623600182782,0.005793344406695233,0.003954207497496216,-0.08760761932635786,-0.2297286167277519,1,3
2025-03-26,XLK,0,-0.022303728587038107,-0.022556218108793047,0.015175404328203277,0.017115968758078182,-0.008039634247084426,-0.0016256540357166838,0.02554206976143631,-0.01929436369697872,0.05228688283568128,-0.162655253904879,2,3
2025-03-27,XLK,0,-0.009228009956060323,-0.009270851806969738,0.015419095644456255,0.016086716377139695,-0.015825183427681577,-0.012784190362628345,0.013347805744867035,-0.0024054794611248135,-0.16451162199923786,-0.2543715469143556,3,3
2025-03-28,XLK,1,-0.024254152998316125,-0.0245531291419141,0.01813505799761718,0.01467411923655294,-0.033213102587302146,-0.033486982615540395,0.026519660348542324,-0.019153075942950508,0.6217580346012344,0.2006978445607519,4,3
2025-03-31,XLK,1,0.00048444194073016256,0.0004843246366164067,0.012662944676730264,0.01430804983212592,-0.022533688459881795,-0.0291210525726755,0.03067364265778941,0.018246360442428132,0.33291461997075267,0.5303201198512191,0,3
2025-04-01,XLK,1,0.007313129214099767,0.007286517946977433,0.013820430334201838,0.014111383487729732,-0.005631827864771122,-0.0202757874774242,0.020373443386154197,0.011329387287587436,-0.3332723820240523,0.04282533704107849,1,4
2025-04-02,XLK,0,0.007404280128856522,0.007377003008948613,0.013370920439352802,0.013562218356756028,0.005528483420522479,-0.010690048134858743,0.03121643626530763,0.021997826616189067,-0.019851901858610632,0.017050815326250968,2,4
2025-04-03,XLK,0,-0.06824801720848439,-0.07068861259550197,0.03224720079539822,0.024968534234890618,-0.0482249338794154,-0.07040635927633232,0.028221913223699623,-0.021354502222272875,1.0933491175204475,0.8763094636359778,3,4
2025-04-04,XLK,1,-0.06587103016925944,-0.06814076695536286,0.03961396366875327,0.030407475642418046,-0.08960661220985,-0.11853838079732715,0.04409430244688406,-0.035793614752604556,0.7379006138375643,1.6607822579883447,4,4
2025-04-07,XLK,0,0.005976916978166935,0.0059591260645639466,0.040520919778514526,0.029033630373227724,-0.06262130926960974,-0.09837912830659268,0.1106728486877249,0.048762444379081615,0.3180987202925045,1.7268287667711921,0,4
2025-04-08,XLK,1,-0.020331470361771742,-0.020540999594932607,0.03715033449233192,0.02818788914633878,-0.05437118573658761,-0.09962126809331584,0.0861842160655513,-0.05549423475313822,-0.42072095121392883,0.4202783396465619,1,4
2025-04-09,XLK,0,0.1342569673426599,0.12597778223000855,0.08281060837685646,0.05592372269505027,0.07902397845683873,0.0262063914975732,0.1394225416956352,0.1319266724132117,0.43304121434714893,0.7542658166493241,2,4
2025-04-10,XLK,1,-0.046551586043384274,-0.04766995718118405,0.07900771925503897,0.05758778175035334,0.02973116297952516,-0.013049671107699945,0.05318771092746304,-0.01259848061688139,-0.4661194740029414,-0.11849099457013734,3,4
2025-04-11,XLK,1,0.02047640075292234,0.02026957781950145,0.06946158810217838,0.0578337967163598,0.0333204513377956,0.011282910314043493,0.037487074606013165,0.025594686469745703,-0.26962263768761774,-0.36678139926945774,4,4
2025-04-14,XLK,1,0.009125352025500577,0.009083967575296725,0.06933082160379493,0.057947929928571576,0.02491632052917181,0.02381016671363234,0.032420561774144256,-0.021222475979905255,-0.1746353097786899,-0.4719983110190924,0,4
2025-04-15,XLK,0,0.0036470492895617213,0.0036404149309632317,0.06667431393403794,0.057896533796360464,0.00683620543097585,0.03128929975182104,0.012271196183407492,0.002095067423494075,-0.3951816135210511,-0.677392181778752,1,4
2025-04-16,XLK,0,-0.03474538749446554,-0.035363365288696436,0.029276367452604795,0.05866407901542373,-0.01835614624097348,0.003503537706882387,0.036010273887068414,-0.008132973595348465,0.8364444444444445,-0.41780164465399394,2,4
2025-04-17,XLK,0,-0.005414979604893233,-0.005429693748851605,0.020873823415521412,0.05450020994426623,-0.022176782474999213,-0.000704769276442474,0.016692318047537572,-0.012493611895948655,-0.43423281703775407,-0.6522838510558192,3,4
2025-04-21,XLK,1,-0.025821704019375114,-0.026160936670615698,0.018931743057051326,0.05043728495055781,-0.03720401560701525,-0.029279667791385355,0.02686892634910978,-0.010168024343319784,0.19952411506790724,-0.5284846077290817,0,4
2025-04-22,XLK,1,0.02437723690179605,0.024084854188298088,0.02357284621600873,0.05084887321837001,-0.005888405543035047,-0.01021870105997802,0.022586421585631636,0.010925526723959392,0.03782289878975642,-0.3994252725312256,1,4
2025-04-23,XLK,1,0.028992965451110075,0.028580620532246748,0.02875045318159548,0.05041185907119793,0.02595447999018141,0.008977018957502914,0.023618901657316484,-0.00900722120067675,0.4403616527789709,-0.05978388865836015,2,4
2025-04-24,XLK,1,0.03731569448397476,0.036636313471308135,0.02653555818002891,0.028675453939911322,0.0516858065871566,0.045791190516298874,0.03020155197269761,0.027201295230741586,-0.3054168095543396,-0.18979367870366992,3,4
2025-04-25,XLK,0,0.014798277495977619,0.014689851358791195,0.024717556308521647,0.02341937169424413,0.05045955540920488,0.05370366787983083,0.020750940142871318,0.017870239274146226,-0.3003756574004508,-0.3594729880844524,4,4
2025-04-28,XLK,1,-0.0016308841386929451,-0.00163221547793313,0.014931932247100446,0.023075651726847956,0.027772070248877068,0.046810530827489316,0.02022090065700008,-0.0003361770723132493,-0.14482081492390775,-0.4000693088700287,0,4
2025-04-29,XLK,1,0.004660571084934784,0.004649744249972443,0.01628364602069074,0.02303149848974678,0.0158672204505923,0.046981550034389086,0.013711177863860929,0.00951094083070045,0.6404276693455797,0.014270597865510659,1,4
2025-04-30,XLK,1,0.004160590530695174,0.004151959206567746,0.015408946187328994,0.023029665721091164,0.008404534984067347,0.046579412201716464,0.033904077086694615,0.02429384650026332,0.11585232492016972,0.09528430290721879,2,4
2025-05-01,XLK,1,0.014668770488454497,0.01456222474092872,0.007195504881008295,0.01848600542272075,0.015762037530510087,0.05189616203324432,0.017197998151535936,-0.007037632941916753,0.1302455947784158,0.26080663287840156,3,5
2025-05-02,XLK,0,0.016709662571881445,0.01657159211127901,0.0077228198199102305,0.017799088155787336,0.024780900797986893,0.057077552288095745,0.012575949631056524,0.005197434166955039,-0.29545296892341844,-0.11791845516858057,4,5
2025-05-05,XLK,0,-0.005309071067007953,-0.005323214265177789,0.008918149967398417,0.013685232573838987,0.012319202718547029,0.037501413340514045,0.010989525542964203,0.003306201228717986,-0.16841017057621777,-0.2483854246616789,0,5
2025-05-06,XLK,1,-0.00830774659157818,-0.008342448246984269,0.01132237200091844,0.014759088830881006,-0.00038357797497401425,0.018480151584822968,0.01710169121245122,0.00664281399509772,0.1777712002367915,-0.10122739572557293,1,5
2025-05-07,XLK,1,0.010015508305486476,0.009965685493192211,0.01159296366617882,0.013277908480215402,0.004141161062267029,0.020040730377746563,0.02129453405133743,0.010015441606155561,0.026538664522128164,-0.01928913047653802,2,5
2025-05-08,XLK,0,0.009545289120539202,0.009500020687217337,0.010784284411296674,0.00876809010702158,0.009199334297181228,0.023757772786220377,0.018031695295245145,-0.000367065070772568,0.06548828555340669,0.05267740741726157,3,5
2025-05-09,XLK,1,-0.0012391886198912516,-0.0012399570489938228,0.00845186986003162,0.008426022549553037,0.007025128769691413,0.01812126756571697,0.01261199877449972,-0.005666195645792489,-0.15789715546160565,-0.12215358599661319,4,5
2025-05-12,XLK,1,0.046415484216762115,0.04537049921907599,0.021092179476175865,0.015434614145708564,0.04196224123840042,0.05571119416079395,0.014283848992679777,0.0038354499412096344,0.8387721691678036,0.4745808699000915,0,5
2025-05-13,XLK,1,0.021607314800293542,0.021377185851800817,0.018187636012794776,0.015814785119872003,0.04632959356968236,0.06688803943071275,0.022405086120478326,0.01794149644701654,-0.05349378997195475,0.3426313773201257,1,5
2025-05-14,XLK,1,0.006491402729200901,0.006470424311801004,0.01860254806017711,0.015722530026688563,0.03604690061107019,0.06204537394643461,0.009798504467656571,0.001797091082452106,-0.19668892860502307,0.07804916021990183,2,5
2025-05-15,XLK,1,0.0013666732298793782,0.0013657401820381665,0.019701133552922176,0.01594440858526823,0.02245964878122919,0.0532723752524209,0.013699228863028877,0.006828121333518297,-0.06943793911007023,0.02471197302507311,3,5
2025-05-16,XLK,0,0.0018766682504662846,0.001874909508644329,0.019102055590042938,0.01591282147695285,0.00915966191642359,0.04665354642190689,0.009991097472202387,-0.0013605174741057624,-0.14940648462732264,-0.12825737449812147,4,5
2025-05-19,XLK,0,-0.0014474452900959944,-0.0014484938509751188,0.009189145140987415,0.015590919358241924,0.001802417077298113,0.03632321611385292,0.016161116250781912,0.013525213497441473,0.4624734947482618,0.20858140681606097,0,5
2025-05-20,XLK,0,-0.0037519326427822852,-0.00375898879706682,0.0038596041184089038,0.015099737005123315,-0.0028506562447684347,0.023391610645963068,0.007765296005063176,0.0024883171314392595,-0.134013318722077,0.022499935304972407,1,5
2025-05-21,XLK,1,-0.018787099936703577,-0.018965819452983368,0.008492075106276784,0.017464946219281376,-0.017517370866925508,-0.0017241554874669607,0.02747537898625819,-0.00950404781772879,0.8147802048047346,0.6804271643039472,2,5
2025-05-22,XLK,0,0.0002616341350822893,0.0002615999148414261,0.008325397921454312,0.017514492408916966,-0.012937615939022318,-0.006424881354507472,0.011203592450707605,-0.00021798270147285664,-0.3900319680748353,0.000940031616044612,3,5
2025-05-23,XLK,1,-0.011031662230287509,-0.011092962260458528,0.0078944648815362,0.018180531530757486,-0.016989573851693196,-0.021290779978502372,0.014155700449157527,0.006478772644929376,0.05557509672880756,0.014818171365963417,4,5
2025-05-27,XLK,0,0.023764397734306275,0.023486419807182912,0.016088230388366667,0.013032573874516546,0.008425259433948673,2.581523978695266e-05,0.01280714159565573,0.008075022314505416,0.18363878707097636,0.1938086363842597,1,5
2025-05-28,XLK,1,-0.004134297112653895,-0.004142866947279167,0.016100085292201843,0.011142278066413863,0.00638023302551094,-0.0035163529500761292,0.010796669871616269,-0.005333750245884547,-0.24064637819881196,-0.07823534336784299,2,5
2025-05-29,XLK,0,0.0016865059350568146,0.0016850853808803024,0.013078639790645807,0.010906518229839932,0.006019704085336475,-0.0007592559910937213,0.019340517934276963,-0.013248702980209012,0.29868757646535427,0.15979048647002148,3,5
2025-05-30,XLK,1,-0.003108419359016845,-0.0031132605293340276,0.013282908707358683,0.010889520858472,0.001526718309230013,-0.0023417467443741513,0.018184202816931113,-0.002634764163332047,-0.036954566865070815,0.08150304398144437,4,5
2025-06-02,XLK,1,0.008834561369241767,0.008795764963993591,0.01146879472794026,0.011339890745982502,0.005021818576078196,0.007316449722235552,0.013330403928565016,0.011506703696781164,-0.045590632873869885,-0.005789806852043444,0,6
2025-06-03,XLK,1,0.015024776249583427,0.01491302229394087,0.00816075164331746,0.012379490379775229,0.016394739010640036,0.0216118036080013,0.015176235223730707,0.013675737445465658,0.11131471876261756,0.08437623591342813,1,6
2025-06-04,XLK,0,0.001480211428735334,0.0014791169956609451,0.0071428341053559625,0.012272269660040464,0.01305681523598956,0.02174223993574942,0.008067532854573654,0.0002112061320287751,-0.23847852212067855,-0.17812227120336255,2,6
2025-06-05,XLK,1,-0.0028294169411565706,-0.0028334273077232908,0.00787983155661825,0.01022204370117529,0.006315839618310726,0.015848835306095488,0.018778975637335528,-0.005768400493421053,0.45746476805637104,0.2233029147895731,3,6
2025-06-06,XLK,1,0.009443961463516004,0.009399646049681465,0.007052758165904964,0.010360721963712882,0.009409757039212208,0.02147865195613563,0.007466188543869546,-0.00020973554376803826,-0.4317981517387254,-0.292128398779694,4,6
2025-06-09,XLK,1,0.0049085150803520605,0.004896507596784616,0.006930154561617075,0.008933944384535117,0.00874271775709845,0.02092743220458071,0.007940131011715324,0.0010029900952735376,0.22984710835364508,-0.12321413902702572,0,6
2025-06-10,XLK,0,0.005594274503276653,0.005578684665198175,0.004626032905035468,0.006253895315117232,0.010623540117817187,0.02285897457227115,0.01102342197626194,0.0057622013126674195,-0.11431814496513704,-0.19563965284777396,1,6
2025-06-11,XLK,1,-0.0022003756891265658,-0.0022028000727356556,0.005313237227777694,0.006010208857519739,0.005413152121314768,0.016679524831205716,0.013791619856509871,-0.0045972276843287965,-0.023597379877130842,-0.20690156577373275,2,6
2025-06-12,XLK,0,0.009278661148137246,0.009235878810044618,0.004728702831641257,0.0061790057617680605,0.009303807678330722,0.021386162226629812,0.01198553815507017,0.009488593373802876,0.16779865827742824,-0.05187681096908092,3,6
2025-06-13,XLK,1,-0.014016619243846451,-0.01411577973843503,0.009222922250918848,0.00829867408184708,-0.00551357107749928,0.003579301581092764,0.013763776807492896,-0.002460778909776807,0.17692499821594243,0.1187102332080694,4,6
2025-06-16,XLK,0,0.016180885699163206,0.0160513704150409,0.011581143148459089,0.009104336611861595,0.007636844074192739,0.015518541944313569,0.013091699798403373,0.010099300401550751,0.05096333126165331,0.16596174059281066,0,6
2025-06-17,XLK,1,-0.007076936618417684,-0.0071020969098309905,0.012230769976689333,0.008887997473383986,0.00013265751480329158,0.006284111181957597,0.012313014110123918,-0.002892310287930356,-0.24093118518411683,-0.08584481231218188,1,6
2025-06-18,XLK,0,0.0012016955372688987,0.0012009740791105727,0.012141946993394196,0.008890509015623568,0.0002815165961689292,0.0054766436751636505,0.011367863909592985,-0.0012401432235801429,0.05136146844775502,-0.0402827982876689,2,6
2025-06-20,XLK,1,-0.004428748201398602,-0.004438584158107162,0.011359759836725433,0.009001698148248832,-0.0024717293450321476,-0.0008101148000064784,0.016001936752958402,-0.007959780281493726,0.038369781312127316,0.036027344644586234,4,6
2025-06-23,XLK,1,0.011401739046554171,0.011337229107149405,0.010040560010503364,0.009203311198033911,0.00547218970470742,0.008520165721789263,0.01805473104972443,0.010400199472575821,0.0684385497711173,0.07540915827794392,0,6
2025-06-24,XLK,1,0.017951239648203998,0.017792018796701115,0.010616199571462278,0.010483216806846564,0.0196364488212446,0.023180298734074123,0.010107991301588667,0.007703278347794407,-0.07718498004398466,-0.009581257102893592,1,6
2025-06-25,XLK,1,0.00853421272889876,0.008498002208449762,0.00874460239411758,0.010592600281581785,0.02123798147709599,0.02813464908246921,0.0057138183829601105,0.0033397787573861792,-0.18542906067399867,-0.18895831685517672,2,6
2025-06-26,XLK,0,0.006897925061967403,0.006874243218238263,0.008163138698879522,0.010420493050306337,0.02004418501887195,0.030498476805736807,0.007945085173735267,0.002395520823217971,0.22319745140107927,-0.022444529503151345,3,6
2025-06-27,XLK,1,-0.001194856569920133,-0.0011955709801672043,0.0069653848704603226,0.010423488599340733,0.010102244329224241,0.025646276316619643,0.012234366756920308,-0.0038927337737400696,0.08045427164168517,0.0472600504885714,4,6
2025-06-30,XLK,0,0.00980971593630553,0.009761913040583714,0.0068474263776645335,0.008510818228978036,0.01157658329160749,0.029620078118738125,0.00857808498428279,0.0010277681368594605,0.095813587393208,0.14591532099724436,0,6
2025-07-01,XLK,1,-0.008924704243708503,-0.00896476796600787,0.007937032872575663,0.00884648474558672,-0.00043018592025279023,0.016985674905314774,0.014658097516369407,-0.005744382215198738,0.13315176727620992,0.2844154963023271,1,7
2025-07-02,XLK,1,0.010559047123067211,0.010503689724940202,0.008330345223003499,0.008260491290700231,0.006700204806556531,0.022462456311969747,0.014500238384296942,0.013102176349278892,-0.21093708731709893,0.001384317327094431,2,7
2025-07-03,XLK,0,0.013169299868196482,0.01308333851675858,0.009388120708172588,0.00848386512042236,0.015210762254968868,0.029391475788734578,0.011098106234681373,0.007686241000306373,-0.40479657244230227,-0.3835519085901289,3,7
2025-07-07,XLK,1,-0.00793891555008619,-0.007970596526608809,0.010819239542378045,0.009035339518799299,0.0038592295537815957,0.015209047271045772,0.011173246300353198,-0.004102055110952147,0.6253514790237318,0.0013355991747348028,0,7
2025-07-08,XLK,1,0.00537428938946416,0.005359899430422033,0.010326240145297054,0.008835754718094377,0.0068277632656714715,0.015243182897463292,0.006048556125380011,0.00011706383420617144,0.35935229395889556,0.3218046630555462,1,7
2025-07-09,XLK,0,0.006008682209838856,0.005990702067580678,0.008143550611046844,0.0076867573347299024,0.007447471318206889,0.017076803719447087,0.011197470790573724,0.00244935589166023,-0.17700061087354912,0.07336164957899083,2,7
2025-07-10,XLK,0,-0.0032966355172174833,-0.0033020813920874303,0.008319328169395892,0.007859111432709958,0.0014965580061465644,0.010681867141492996,0.011877615621618398,-0.0057646544176812335,-0.2277014906909136,-0.17624006030207118,3,7
2025-07-11,XLK,0,-0.004397294136100571,-0.004406990670076105,0.0062170198804280714,0.008053339459068264,-0.002043917709813048,0.004349490650328525,0.0074679531714578785,0.00035193774872122025,-0.07504555192919926,-0.22496032105551023,4,7
2025-07-14,XLK,1,-0.0008208511522246331,-0.0008211882350073196,0.0048533427326314165,0.008038136739530839,-0.003422829491983248,0.0016102628857090906,0.012028806718697929,0.0016456318742123835,-0.12055417252949452,-0.294291764305331,0,7
2025-07-15,XLK,1,0.00887982288897815,0.008840629113347376,0.005867462020158401,0.007941966939089823,0.004158277753846917,0.008654855674733009,0.005452028801835161,-0.002745307665621172,0.9269679515581155,0.3333367396991498,1,7
2025-07-16,XLK,1,0.0031016620926447303,0.003096861862010414,0.005407072978390555,0.006979425596058318,0.006583092315068928,0.008729923497602377,0.01569762710453004,0.0027519048646438954,0.13576036277703274,0.48108108108108105,2,7
2025-07-17,XLK,0,0.009083633742486663,0.009042625689184902,0.0059322981036615844,0.006817084306404397,0.012511939340615008,0.014948577610639058,0.011427656476820742,0.007875873026981702,-0.3277136076839158,-0.004329148545262784,3,7
2025-07-18,XLK,1,-0.0006511811990326244,-0.0006513933095968483,0.004881188151707978,0.005838169518210719,0.007912184170311809,0.012740287889610569,0.00747917069883927,-0.004464561249546126,-0.14002509410288577,-0.1657605608659667,4,7
2025-07-21,XLK,0,0.0013033284733052763,0.0013024798780030267,0.004437869359800648,0.004813490811679377,0.004885453361707981,0.011582385280122676,0.00815531412261201,0.00019150896680269762,-0.10061278085789316,-0.23533663348323486,0,7
2025-07-22,XLK,1,-0.009263908736323767,-0.00930708560344673,0.006661857609926177,0.005925593602244232,-0.0051125827827049886,0.0012341364421777357,0.016319883798676812,-0.008504774282974867,0.45445893625765144,0.13341435089594067,1,7
2025-07-23,XLK,1,0.005718482225478327,0.0057021937733114925,0.006990923585035585,0.005898960644551307,-0.000637326900348012,0.006002275497028808,0.01036689659130616,0.0031216183301164897,-0.24961334840283145,-0.12863206683728268,2,7
2025-07-24,XLK,1,0.004226010512582201,0.004217106008360005,0.005876811984890426,0.005773335663327728,0.003331739890470642,0.008534676010881315,0.0075881674178032345,0.0017630091808872683,0.2048990269327573,0.030591609555661314,3,7
2025-07-25,XLK,1,0.0022953643042424865,0.002292733979864181,0.005909423181205803,0.00535869383810152,0.004786260552617216,0.00846056274243967,0.007194538671988411,0.002602245157607392,-0.341919142077042,-0.3146015061293572,4,7
2025-07-28,XLK,1,0.007977307805979494,0.007945657298533249,0.006732228125223767,0.005494003911561922,0.010592573078949119,0.013213690067833461,0.00646405472671455,0.0041446305120557145,0.43934016495876027,-0.04133442093522666,0,7
2025-07-29,XLK,1,3.8057838864791194e-05,3.805711468363171e-05,0.0030583075431529936,0.005193609747398901,0.006563364896059021,0.010855391314997354,0.013656789059229592,-0.0064333767253971245,0.1928700423699381,0.16211598321829745,1,7
2025-07-30,XLK,0,0.0022340725593816835,0.0022315807298767254,0.002979337035955882,0.005187511255372275,0.0054474300915543505,0.010803879758668922,0.011272007125578156,0.001172589795813769,0.014236844020671047,0.21831503112541095,2,7
2025-07-31,XLK,0,-0.007329552847843757,-0.0073565459996869365,0.005526781270889772,0.00539378568548721,-0.0029447018923923762,0.0027517775283001367,0.02443945401992587,-0.019663517552417676,0.17795989838244375,0.3812719105586382,3,7
2025-08-01,XLK,1,-0.02158026881542985,-0.02181652802534817,0.01138440087750388,0.008886483268188344,-0.02080501896943232,-0.017455423012865623,0.016122835011087692,-0.010812673179149971,0.18420411346135102,0.5186839218578603,4,8
2025-08-04,XLK,0,0.02030564671907853,0.02010223605514838,0.015237480161996044,0.011254100244170305,0.0004423896107490499,0.0020898030570020154,0.01098310613423454,0.01079046751675415,-0.3632575367836197,-0.056075678676782426,0,8
2025-08-05,XLK,1,-0.008273205137730555,-0.00830761803409441,0.015510491192956957,0.011162959928963758,-0.004820554758271256,-0.006697831354375516,0.015080152979700698,-0.011927427379619831,-0.09703482265492447,-0.13263484672099335,1,8
2025-08-06,XLK,1,0.011263807944777104,0.011200843630869706,0.016738925368849005,0.011577652595514897,0.007645756431230888,0.0034329946211870688,0.01225180512820032,0.010293016576564581,-0.09028274874731568,-0.2114032012360656,2,8
2025-08-07,XLK,1,0.000912421725445034,0.0009120057217701927,0.01637679300890325,0.011526046926404646,0.008140395452651106,0.0036211602406153176,0.01996389705716154,-0.010113551132774866,0.014851972066489694,-0.18809350695132965,3,8
2025-08-08,XLK,0,0.00998920127238545,0.009939638986491417,0.010889861566844886,0.011889183673011686,0.011356590456280902,0.012130290765114626,0.009951585042229571,0.006205595035616351,0.06762938553983333,-0.15326516901951925,4,8
2025-08-11,XLK,1,-0.006769131993003885,-0.006792146484525752,0.009105072802856372,0.011918410989132825,0.003114276889833345,0.005263735854145635,0.012944505894285042,-0.006133602569379116,-0.1443744439804644,-0.26367053838437815,0,8
2025-08-12,XLK,1,0.015485453377104053,0.01536677734397962,0.008977387060855688,0.012875162865751452,0.012426527132111786,0.01923243992780077,0.0162371817320381,0.010435461830148708,0.1833768328134615,-0.11068410141923135,1,8
2025-08-13,XLK,0,0.0003728901546031782,0.00037282064834798234,0.008752848445969772,0.012878813255365287,0.008798033968054675,0.018207937648201167,0.010083040933555488,-0.005375193336814678,0.25429898330613776,0.11497374788405068,2,8
2025-08-14,XLK,0,-0.00216170548273098,-0.0021640453406917004,0.00912389139276957,0.01258833030708882,0.0032676533299340615,0.01408655264600478,0.008690793100318289,0.002921890779656351,0.10680333376220497,0.24327154070477008,3,8
2025-08-15,XLK,1,-0.0075821883465942985,-0.007611079266903964,0.009325184853899063,0.010239697737118894,-0.004175114851948103,0.0031185597570675405,0.010210496759568916,-0.00624596230188171,-0.1363436749244401,0.12872296608395617,4,8
2025-08-18,XLK,0,0.002145114251753455,0.002142816779151069,0.008559472820941738,0.008331978952001868,-0.0036446931007432237,0.0037621151195674774,0.0052757449592002615,0.0033914681879800967,-0.08520025124876618,0.0338049782993739,0,8
2025-08-19,XLK,0,-0.017463423772838826,-0.01761770821953146,0.007905090853231952,0.00989472413676335,-0.01619250238629988,-0.014324357618802797,0.019160708743399774,-0.017094406135205808,0.41959162320783405,0.39461938863843327,1,8
2025-08-20,XLK,0,-0.006765494933462346,-0.006788484644163262,0.007329847914946713,0.009368221341104847,-0.016591337134316375,-0.019811216512232832,0.01961984704490175,-0.004253469450904599,0.32804744630621285,0.6783020364443939,2,8
2025-08-21,XLK,1,-0.003617394577363209,-0.003623953170583505,0.007147778593583892,0.009365121359702367,-0.013563378630206069,-0.021740692124686545,0.009528590421539793,-0.0011958859545325527,-0.3431985501339738,0.06488003351694549,3,8
2025-08-22,XLK,0,0.01355687325615862,0.013465801029775903,0.01143155756032299,0.0099093643365981,0.002314726118050503,-0.007165602732692844,0.024049805139668392,0.014654171880169747,-0.09192928719485627,-0.051288099169221946,4,8
2025-08-25,XLK,1,-0.0022484064057630704,-0.0022509378666590862,0.011157651029806355,0.00973266071930331,0.003464564399249248,-0.008538913576441653,0.008993620045749037,-0.0022103467160139423,-0.22275370747310264,-0.2690017297607734,0,8
2025-08-26,XLK,1,0.004583013849450701,0.004572543818821551,0.008103035073952,0.008190712207221125,0.0069751630684580235,-0.00203753428253195,0.006525439934113239,0.0037397864223614376,0.036401728427392976,-0.242014854620898,1,8
2025-08-27,XLK,1,0.005398759627287086,0.005384238564901445,0.006885027477356632,0.008495433291176427,0.00885827554015095,0.0048218078239397055,0.010140959934219547,0.004405802060321853,0.04129591192130677,-0.19725112113238896,2,8
2025-08-28,XLK,0,0.007903099435979444,0.007872033516322041,0.005722838646523911,0.008979610406179901,0.010946103505401927,0.013221157542121942,0.013823217495931009,0.006685121443875582,0.0729724576638413,-0.11966312747627184,3,8
2025-08-29,XLK,0,-0.015344740494779407,-0.015463689420995408,0.009395597021435585,0.009951530005112695,-0.004589229917894566,-0.0010923500219980342,0.014809598921022986,-0.011003440343233922,0.41198326413905617,0.20774228493576197,4,8
2025-09-02,XLK,1,-0.010097292950388193,-0.010148616390337928,0.010471435585294769,0.010245008707791749,-0.013120495492244921,-0.008737587021366844,0.014584421865837239,0.007718824922306301,0.04260577077088534,0.20914187149633467,1,9
2025-09-03,XLK,1,0.0059663064733370685,0.005948578545423189,0.010688726022421978,0.009026382015606854,-0.00596377425876049,-0.0027206816705399595,0.009458894705767686,0.0008424969041832443,-0.1420717656095688,0.04940384390817454,2,9
2025-09-04,XLK,1,0.004936005215861794,0.004923863081483404,0.010618702554152228,0.008817512958586068,0.00032007094077246556,0.0011360422409389948,0.013562312877871649,0.009067219456773506,0.5602752516531726,0.6228387005796281,3,9
2025-09-05,XLK,1,0.0008374294811577254,0.0008370790327267841,0.00949378838533302,0.008663686186938857,0.003972120560177483,0.0004680667072320954,0.019009574367675055,-0.008561911098117126,0.5805700607441777,1.219371399301299,4,9
2025-09-08,XLK,1,0.007494539348050999,0.007466594822077788,0.007107896755766422,0.007909358900262686,0.009660827266525285,0.0070424022023611865,0.006093006087808953,0.0022328048732037547,-0.4669335974980421,0.1385148794523432,0,9
2025-09-09,XLK,1,0.0019257338273472868,0.0019238819790245998,0.002783414178283917,0.007831993106042778,0.007349866873351596,0.007636800235123475,0.00813805874777215,-0.0003014734601599143,-0.058425763767269934,0.02291477066731784,1,9
2025-09-10,XLK,1,0.018127662729256144,0.017965315697216155,0.006919021150261367,0.009454418468153694,0.01880339956389765,0.023136499703720004,0.011488367505108153,-0.0020686253787078135,0.341110824076466,0.2718481614029862,2,9
2025-09-11,XLK,0,0.0033685469878788066,0.0033628861424608303,0.007051151210568393,0.009412082215713047,0.015784291145213958,0.024019461307972723,0.0059224419091149835,-0.0029060457133889264,-0.09739108994806833,0.08478060570142754,3,9
2025-09-12,XLK,1,-0.0006641224653129996,-0.0006643430923247706,0.0073694611745659935,0.009255419151630218,0.009044410813124681,0.021664291458420637,0.005743731677234146,-0.002650961725047639,-0.33364348761374696,-0.2878055367255349,4,9
2025-09-15,XLK,0,0.00900775249041752,0.008967424682309932,0.007473922101975694,0.0072780653866497845,0.01173425756972013,0.026658117030193162,0.008845947138258545,0.007408535563422819,0.04200561099652833,-0.25375941401673585,0,9
2025-09-16,XLK,0,-0.0034757781291223644,-0.0034818326795109655,0.008582077444704423,0.006039738789561187,0.0029975693395387637,0.01828174480105149,0.007665654352767814,-0.005767537942833488,-0.011470371281042557,-0.2549899284148418,1,9
2025-09-17,XLK,1,-0.0034512268122456335,-0.0034571960335485485,0.005299532954623734,0.006542706503464518,-0.0014053971670204835,0.010957633632377783,0.01432820405416587,-0.0027922030890484514,0.1782929346947406,-0.1354256210338427,2,9
2025-09-18,XLK,1,0.017278980756541662,0.017131396809692667,0.009140988788527562,0.007818479353835547,0.012081138659706614,0.02328832551127502,0.012038543050150495,0.004255256803826868,0.10206558795900489,-0.031652848107135534,3,9
2025-09-19,XLK,1,0.010140490964887006,0.010089421144899191,0.009116903951365812,0.00781568333743404,0.016353814175354087,0.02754922944966265,0.010280294306434868,0.006096029918959943,-0.24957620219704446,-0.1870347217538818,4,9
2025-09-22,XLK,0,0.014711223321056455,0.014604062970080989,0.009924022185601596,0.008290322177329295,0.024063923594315195,0.03572384532354711,0.017436657235090903,0.0162143083393467,0.006406820328253904,-0.16100016917035243,0,9
2025-09-23,XLK,0,-0.00863220389206476,-0.008669677171253554,0.011441930740679349,0.009543094813627678,0.0092278032789197,0.02108851277848456,0.013285153030626884,-0.007262507077468508,0.04344628183017152,-0.11083783234708033,1,9
2025-09-24,XLK,0,-0.006173884383875117,-0.006193021616099692,0.01205319241971053,0.009093713334017046,-0.002326969404153223,0.011582423691695043,0.015446475848080093,-0.00882660417679276,-0.18141270265671716,-0.21948602305792753,2,9
2025-09-25,XLK,1,-0.0017593685744752285,-0.0017609180810680414,0.010262119741479822,0.00922743833419863,-0.005674076794372485,0.007136530595891477,0.01608929764780418,0.007392406899874672,0.5848563581025907,0.2520892982186571,3,9
2025-09-26,XLK,1,0.0030215491083462886,0.0030169934033903445,0.00923315351984972,0.009151512258014286,-0.002867958020367878,0.007148419328350641,0.009737662860029033,0.0019403829270865614,-0.22555926106343915,-0.03554495734791785,4,9
2025-09-29,XLK,1,0.005343474253670655,0.0053292485490761266,0.005915239311193587,0.00895852718707077,0.004133514715415121,0.009845255704392208,0.007987522223835182,-0.00039229734767817645,-0.025801378976654132,-0.059548206664214454,0,9
2025-09-30,XLK,1,0.005457859467187021,0.005443019324659737,0.005043445851809632,0.00871636794162567,0.008429178039195184,0.011770574668410916,0.008561425923101534,0.005457849151298197,0.13085910823596603,0.05043170164030486,1,9
2025-10-01,XLK,1,0.009792142660784098,0.009744510327818645,0.0042106470377378915,0.0085311646018791,0.013856728747485336,0.016736870231022216,0.015976074359195642,0.014977467685399284,-0.04413896086784663,0.013048279682130737,2,10
2025-10-02,XLK,0,0.005410752844478228,0.0053961673101321495,0.0024563106850634775,0.007366523586784173,0.013450854835864279,0.018456505420344715,0.00856334301931222,-0.0038639098896949974,0.011291582429700409,0.04438694952270117,3,10
2025-10-03,XLK,1,-0.0050321551678135235,-0.005044859097313115,0.005496823147690135,0.007461662016190719,0.004168786744843889,0.011115458604851192,0.01445434834979523,-0.005935382051995379,-0.00850759322572947,0.024639955676017067,4,10
2025-10-06,XLK,0,0.010115211650206124,0.010064395288371664,0.006124578779672952,0.0067100526726288565,0.00915116064014132,0.019554477475508314,0.0068962789409884205,-0.0033268348461334917,0.02792988887615988,0.03998581331763207,0,10
2025-10-07,XLK,1,-0.006675910360360415,-0.006698293926001853,0.008067272294816224,0.006394697361653583,-0.00026592813352155353,0.010791546690333664,0.018437757090919226,-0.01176142955034498,-0.13135253209700426,-0.09205175428480228,1,10
2025-10-08,XLK,0,0.017537050990329428,0.017385051421357822,0.01022039013138216,0.007369371768807531,0.012963005618109369,0.024097227888985273,0.015750540697440814,0.015191751620973252,-0.09947140181160352,-0.18505703753156655,2,10
2025-10-09,XLK,0,-0.0016856346179577875,-0.0016870568985121182,0.010511137808561766,0.007362645865110099,0.008416199702601102,0.017995588637583104,0.007330688672596672,-0.0012389363800497212,-0.1459203009018507,-0.263978960654361,3,10
2025-10-10,XLK,1,-0.04069605648206531,-0.04154731633802289,0.022482249189992483,0.016063246128476476,-0.028347849439901318,-0.02327863587674328,0.04490903912600997,-0.04270823910602941,2.717834086776653,1.3345382783915398,4,10
2025-10-13,XLK,0,0.024354421936435777,0.02406258190557775,0.0254656312608758,0.017802439838958527,-0.002992654807088657,-0.0011872507567105561,0.010571452426802777,0.0015453321547737292,-0.5057633719651999,0.11909880401344308,0,10
2025-10-14,XLK,1,-0.012834497639319986,-0.012917571376083181,0.02592735583273291,0.01832358154843063,-0.01291057334057033,-0.013885637553710528,0.02181720075411808,0.0002843232488583153,0.22361827293194847,0.3111284046692606,1,10
2025-10-15,XLK,1,0.009910739210480246,0.009861949928362534,0.024633849755117437,0.018330640064054552,0.0013595009694784554,-0.004000868176118777,0.020248017068291876,-0.004063629569231318,-0.22329059829059827,0.0011935365405801868,2,10
2025-10-16,XLK,1,0.0007387289212534842,0.0007384561953491797,0.024719183980424095,0.018237858691110942,0.006132061209189299,-0.0026886010393651905,0.017635717427375148,-0.006425689885354728,0.10644008864435284,0.07907965538314765,3,10
2025-10-17,XLK,1,0.0017574212298505643,0.0017558787720624025,0.013649365522217623,0.018173629356949196,0.003203103160758225,-0.0010374598027766968,0.017113344928041663,0.007743449489751545,0.10124232718356918,0.14536155418194618,4,10
2025-10-20,XLK,1,0.011157478769491691,0.011095693258805994,0.00959224477752453,0.0182393494634813,0.012244294191539717,0.009899599407378945,0.010291697098360203,0.0054074369025894796,-0.45886577086501823,-0.3684663171666712,0,10
2025-10-21,XLK,0,0.0005205258904290577,0.0005203904638211299,0.0052583471068680075,0.018072261956095504,0.007935155148057538,0.009484295890644256,0.008402426402212787,0.0011457468875271364,-0.09426882623938804,-0.4198133387529499,1,10
2025-10-22,XLK,1,-0.009884209812443867,-0.009933382907354016,0.007456731983428555,0.017363525922831337,-0.0028570849563199774,0.0013292891196374779,0.0240796733186398,-0.009437567403443326,0.6573521649418577,-0.06735769950152748,2,10
2025-10-23,XLK,1,0.012609804796118507,0.012530963299721698,0.009114793888942872,0.01794062319535991,0.006496578960787369,0.014350772783063848,0.01821567944834194,0.016598098610080277,-0.42463519147621986,-0.46323100415607243,3,10
2025-10-24,XLK,1,0.0155315954341404,0.015412214734149998,0.010529391437403855,0.011509914168674761,0.016065742596958144,0.024644084626657126,0.008547008547008548,0.0036922617855235044,0.20432091517520168,-0.2517838366217203,4,10
2025-10-27,XLK,1,0.018461813646944547,0.018293463244440034,0.0118499813230115,0.010540973354789082,0.027138506051916256,0.038547902878870666,0.006852564532322491,0.0043667710435453125,0.056227192958021144,-0.18040316793332123,0,10
2025-10-28,XLK,1,0.009899550142334457,0.009850870602542194,0.011203983378977296,0.008586128448108462,0.027690012603440728,0.04143166424475453,0.01238143141808156,0.00502572536760755,-0.007371266565569967,-0.13052517776206907,1,10
2025-10-29,XLK,0,0.007186412672635978,0.007160713459067658,0.004457004920268027,0.008529021381317914,0.022107060917970767,0.04179082220069352,0.013521479987300201,-0.0018707164469407807,0.42848982411392744,0.23797068179280156,2,10
2025-10-30,XLK,1,-0.012297296454256368,-0.012373533858331953,0.012063667196954847,0.010358128029532013,0.001927922155720685,0.02341259026476128,0.012136187117161567,-0.006646756906797155,-0.10636932605481209,0.13201212436783538,3,10
2025-10-31,XLK,1,0.0009652541119316016,0.000964788553744711,0.011460356048688761,0.010392853327510472,-0.0018325646091026382,0.01896054781020684,0.015490119303388183,-0.009030454916269776,-0.15166557397521152,0.015395538283322852,4,10
2025-11-03,XLK,0,0.0040907662813138845,0.0040824218459452055,0.008648000245983386,0.010197426722479032,0.0003180500006478848,0.01839385387363901,0.013045168951530775,-0.005435478685447973,-0.1423103816288227,-0.1300723384453829,0,11
2025-11-04,XLK,1,-0.026398534645713734,-0.026753232221325973,0.013941487450996765,0.014195180262033159,-0.020885354947223544,-0.010359654200955082,0.016697525672544806,-0.008466890410758657,0.19587230756028484,0.013716998700316285,1,11
2025-11-05,XLK,0,0.003912424978886664,0.003904791348471548,0.013269662698867356,0.013566546999640904,-0.011099050938232269,-0.009688590760322024,0.015370491306775699,0.005691441734486682,-0.1360793178094315,-0.0895914599179517,2,11
2025-11-06,XLK,0,-0.02009566440551558,-0.020300328822665747,0.014594991221199519,0.014968380816676594,-0.023622696841409607,-0.029612358157987684,0.02467581676111351,-0.01853231805569194,0.7164393991832214,0.44539842971304666,3,11
2025-11-07,XLK,1,-0.003458320245661617,-0.0034643140581271936,0.014078090705946239,0.01396786446639688,-0.018702455008681507,-0.031206134020158816,0.023126041460645428,0.005127493837192889,0.030228975618411535,0.39793289571892276,4,11
2025-11-10,XLK,0,0.025576179816996225,0.025254581307097013,0.020605654698209956,0.015236596244965251,0.010787520613996682,-0.005267616814195852,0.014660215569739498,0.007568788105354784,-0.2842055818687126,-0.016160948803396802,0,11
2025-11-11,XLK,1,-0.008527061626420918,-0.00856362501697383,0.017004487492136965,0.01487356041073322,0.002806419280883876,-0.010769708687983992,0.010388949970940836,-0.0019414702388111304,-0.1867398722547905,-0.19909179133173416,1,11
2025-11-12,XLK,0,0.003105722395603694,0.003100909602030022,0.016955693264773995,0.014619756647271389,0.006727094618904861,-0.004265148512504924,0.011202862161786138,-0.00521213724998665,-0.11380080152774419,-0.2569120396578205,2,11
2025-11-13,XLK,1,-0.024938875916574954,-0.025255118581696046,0.018417501808240134,0.015967412323784718,-0.01664831414202117,-0.02453723031503907,0.02617351145625586,-0.019467642210108327,0.6985704746873862,0.24004289724823913,3,11
2025-11-14,XLK,0,0.005443393427992493,0.005428631706993592,0.018627858028935677,0.016201196609075003,-0.011288775219476355,-0.015026679796168452,0.03722005572360294,0.0243512492028869,0.22531247487246375,0.43123252675969037,4,11
2025-11-17,XLK,0,-0.015651503829826607,-0.015775281856148737,0.012745059043949706,0.016290886602508298,-0.018757165414789334,-0.024349905180936493,0.025293399586427765,-0.006340856476408186,-0.10040977630005543,0.21948977473782016,0,11
2025-11-18,XLK,1,-0.01625306029443563,-0.01638659010104071,0.013265432205005985,0.015163418532700357,-0.025277194126924862,-0.035259376400664344,0.021942506398391844,-0.007681651706516386,0.4892402960033069,0.6525653536720826,1,11
2025-11-19,XLK,0,0.006952567050640512,0.006928509400260907,0.014264747682407704,0.015392678009858137,-0.009539119098221138,-0.023786100793950937,0.020749001247825055,0.006880535788300629,-0.24705831129107747,0.1744531149188755,2,11
2025-11-20,XLK,1,-0.031391177769560685,-0.031894440825663395,0.016235368442173954,0.016974267593955126,-0.03076342803693799,-0.048809045981222154,0.05910805944769809,-0.05319373926751443,1.0438833632105475,1.1153259181456643,3,11
2025-11-21,XLK,1,0.003858207934828828,0.0038507841394990194,0.015865270164873057,0.017247374990724967,-0.01655156550939807,-0.040120273008495744,0.034335968972826036,0.0022010494867259174,-0.2049943591539084,0.5678529979578399,4,11
2025-11-24,XLK,1,0.023828571300556822,0.02354910176325742,0.021487015474183118,0.016906565930997278,0.009739589380484803,-0.01175472758134799,0.021196978289402365,0.016979285795046463,-0.55237438555128,-0.30265951843699934,0,11
2025-11-25,XLK,1,0.002681424475435179,0.002677835870443346,0.020103412842447085,0.017044057021431486,0.011402914546076781,-0.004691572545612477,0.0283859156616321,0.011577967376296213,0.05856455716330111,-0.2779130203704495,1,11
2025-11-26,XLK,1,0.011837683310055969,0.011768166014992865,0.02056709639559514,0.017674038944797382,0.021305688962857783,0.010727711330718703,0.012016787518517622,3.52742221254332e-05,-0.3729263873372326,-0.5474737894005861,2,11
2025-11-28,XLK,1,0.008598242910552889,0.008561488551646512,0.008481232510545047,0.016249589846872855,0.019759604256223362,0.01955254326800171,0.009353694410426328,0.006470202919677323,-0.49155612779590985,-0.7570842962769043,4,11
2025-12-01,XLK,1,0.0004541846572829744,0.00045408154665071976,0.00921823785064485,0.0161397838962375,0.01075172228404786,0.020670045553153216,0.016370251520226295,0.010266735947798835,0.8913754011954889,-0.515274589440226,0,12
2025-12-02,XLK,1,0.01030204102221255,0.010249336663517461,0.004952399977482773,0.015508533406343183,0.014297609223558494,0.02910885738031732,0.012980217856505848,0.004060607678232271,0.22359223452119625,-0.3861492080352401,1,12
2025-12-03,XLK,1,0.0023851052146832696,0.0023822653659033577,0.005015006182421981,0.014117087017903594,0.009967690307151944,0.027557220255204795,0.012955925895813897,0.007259452525872897,-0.26056364908709206,-0.4967170042035509,2,12
2025-12-04,XLK,1,0.0037242701967947767,0.003717352273368668,0.004187647286728416,0.014077669830337461,0.008607495081248029,0.0277060988913711,0.008953805564418594,0.0023762050754311116,-0.14006469818982725,-0.5313446552322365,3,12
2025-12-05,XLK,1,0.007317764758932643,0.007291119827002035,0.003952211172594146,0.006840009910902508,0.011097200584713418,0.027589258165960917,0.011079919586884559,0.002667391913958843,-0.3368817032175444,-0.5942459819455379,4,12
2025-12-08,XLK,1,0.007026009710353165,0.007001442310861528,0.0031396299395213454,0.006725061444975403,0.011982329866078167,0.026869914111937065,0.009903050847176954,0.001356658868396638,0.248159324079662,-0.3468704604307459,0,12
2025-12-09,XLK,1,0.002641673034714076,0.002638189949269787,0.0023862981909113998,0.0038369677117183892,0.009989331232793885,0.02376824774501629,0.008755214593425858,0.004615229750724777,-0.15648873416497433,-0.3852748565418165,1,12
2025-12-10,XLK,0,0.0047966082825379175,0.0047851412111095115,0.002040590381522079,0.003708416514309125,0.009687465098376036,0.022666657913265942,0.016250212315058604,0.007041731118837336,0.28415637270356253,-0.11429788554693798,2,12
2025-12-11,XLK,0,-0.005109913551208822,-0.0051230138059601416,0.0050847697124189566,0.00448818811870618,0.0012179249800121639,0.013205113296732351,0.02053586510674097,0.006187975501269802,0.09018982044615065,0.0011005722155728037,3,12
2025-12-12,XLK,0,-0.02892473319531441,-0.029351298963012695,0.014709710587027108,0.011152583407442712,-0.023898136904820788,-0.01649216996361036,0.025997054993530538,-0.022117870872473744,0.5224427543426857,0.4075592476714496,4,12
2025-12-15,XLK,1,-0.009673589303721752,-0.009720682421146876,0.013446316420397616,0.01160402143172138,-0.026289459856767117,-0.025422540131340265,0.018072293611985323,-0.014679373660616507,-0.27451389075652854,0.04143120905933095,0,12
2025-12-16,XLK,0,0.001827079878616189,0.0018254127984578261,0.013300588994564714,0.011017945027577558,-0.017166498597250723,-0.022242357193694273,0.011768008779152824,0.00458032471080773,5.5605497530253345e-05,0.09350014490961889,1,12
2025-12-17,XLK,1,-0.02223626334350748,-0.02248721619284577,0.01256891670199451,0.012700867338645113,-0.026483796945096394,-0.04029470246821387,0.024663599940897854,-0.02333241173327312,0.6846324217627815,0.7273942703042731,2,12
2025-12-18,XLK,1,0.015424426675986869,0.015306679452158356,0.01793058927532073,0.013954341543588692,-0.0025088416335853347,-0.022803951797477517,0.011490235977720404,-0.002255796721006069,-0.3223112763838999,0.1453394321414625,3,12
2025-12-19,XLK,1,0.02161935203778942,0.021388968428538213,0.01793729465697654,0.015715808798913957,0.01775086243967383,-0.000297221673937087,0.01437679953445657,0.014096429043044147,0.1579934250578352,0.2383604499656684,4,12
2025-12-22,XLK,1,0.00539532489827943,0.005380822273761687,0.016845956514853513,0.015628486262858954,0.01882445269101929,0.00666230171207749,0.009314435049087614,-0.00582145658999232,-0.37862315030947924,-0.23444360385382013,0,12
2025-12-23,XLK,1,0.005442255197975143,0.005427499638625655,0.01678506938024873,0.01573417265543954,0.019210218478891372,0.013438070072778308,0.011192448913262,0.008359758250356512,-0.14872807264933163,-0.3514839785320494,1,12
2025-12-24,XLK,1,0.002398174163551703,0.002395303133130078,0.008126837412626618,0.01565162003486602,0.011593400598723935,0.017426057403120643,0.005624578928468522,0.0034982494623210254,-0.5128211924040234,-0.6690245393415422,2,12
2025-12-26,XLK,0,0.00157205333201893,0.001570818949686803,0.008199985582196432,0.015617465345632572,0.005943785880227814,0.019887902627024445,0.005047338048525676,-0.0005456778577288873,0.37445257459946135,-0.5249171902898034,4,12
2025-12-29,XLK,0,-0.004504192183036992,-0.004514366619889465,0.004062176526156292,0.01226607142924482,-0.0006302984456546534,0.01360262705565951,0.009219205644376482,0.0035774956438704812,0.9438936056521998,-0.03044594965422076,0,12
2025-12-30,XLK,0,-0.0031534798617282034,-0.0031584625573248815,0.004106611833823017,0.011755424530985418,-0.004122940460259739,0.008076800178412391,0.006033524766525368,-0.003016814693130438,-0.34970424442340386,-0.34085620378826575,1,12
